ISO-10303-21;
HEADER;
FILE_DESCRIPTION(('Open CASCADE Model'),'2;1');
FILE_NAME('Open CASCADE Shape Model','2026-09-18T15:25:17',('Author'),(
    'Open CASCADE'),'Open CASCADE STEP processor 8.0','Open CASCADE 8.0'
  ,'Unknown');
FILE_SCHEMA(('AUTOMOTIVE_DESIGN { 1 0 10303 214 1 1 1 1 }'));
ENDSEC;
DATA;
#1 = APPLICATION_PROTOCOL_DEFINITION('international standard',
  'automotive_design',2000,#2);
#2 = APPLICATION_CONTEXT(
  'core data for automotive mechanical design processes');
#3 = SHAPE_DEFINITION_REPRESENTATION(#4,#10);
#4 = PRODUCT_DEFINITION_SHAPE('','',#5);
#5 = PRODUCT_DEFINITION('design','',#6,#9);
#6 = PRODUCT_DEFINITION_FORMATION('','',#7);
#7 = PRODUCT('Open CASCADE STEP translator 8.0 1',
  'Open CASCADE STEP translator 8.0 1','',(#8));
#8 = PRODUCT_CONTEXT('',#2,'mechanical');
#9 = PRODUCT_DEFINITION_CONTEXT('part definition',#2,'design');
#10 = ADVANCED_BREP_SHAPE_REPRESENTATION('',(#11,#15),#2905);
#11 = AXIS2_PLACEMENT_3D('',#12,#13,#14);
#12 = CARTESIAN_POINT('',(0.,0.,0.));
#13 = DIRECTION('',(0.,0.,1.));
#14 = DIRECTION('',(1.,0.,-0.));
#15 = MANIFOLD_SOLID_BREP('',#16);
#16 = CLOSED_SHELL('',(#17,#125,#192,#259,#1366,#2194,#2218,#2242,#2266,
    #2290,#2314,#2338,#2362,#2387,#2411,#2436,#2460,#2485,#2509,#2534,
    #2541,#2567,#2593,#2619,#2645,#2671,#2697,#2723,#2749,#2775,#2801,
    #2827,#2853,#2879));
#17 = ADVANCED_FACE('',(#18),#31,.T.);
#18 = FACE_BOUND('',#19,.T.);
#19 = EDGE_LOOP('',(#20,#52,#77,#102));
#20 = ORIENTED_EDGE('',*,*,#21,.T.);
#21 = EDGE_CURVE('',#22,#24,#26,.T.);
#22 = VERTEX_POINT('',#23);
#23 = CARTESIAN_POINT('',(156.58,-82.97,-4.5E-02));
#24 = VERTEX_POINT('',#25);
#25 = CARTESIAN_POINT('',(156.58,-82.97,1.555));
#26 = SURFACE_CURVE('',#27,(#30,#41),.PCURVE_S1.);
#27 = B_SPLINE_CURVE_WITH_KNOTS('',1,(#28,#29),.UNSPECIFIED.,.F.,.F.,(2,
    2),(0.,1.51),.PIECEWISE_BEZIER_KNOTS.);
#28 = CARTESIAN_POINT('',(156.58,-82.97,-4.5E-02));
#29 = CARTESIAN_POINT('',(156.58,-82.97,1.555));
#30 = PCURVE('',#31,#36);
#31 = B_SPLINE_SURFACE_WITH_KNOTS('',1,1,(
    (#32,#33)
    ,(#34,#35
    )),.UNSPECIFIED.,.F.,.F.,.F.,(2,2),(2,2),(0.,8.505),(-1.51,0.),
  .PIECEWISE_BEZIER_KNOTS.);
#32 = CARTESIAN_POINT('',(156.58,-82.97,1.555));
#33 = CARTESIAN_POINT('',(156.58,-82.97,-4.5E-02));
#34 = CARTESIAN_POINT('',(165.085,-82.97,1.555));
#35 = CARTESIAN_POINT('',(165.085,-82.97,-4.5E-02));
#36 = DEFINITIONAL_REPRESENTATION('',(#37),#40);
#37 = B_SPLINE_CURVE_WITH_KNOTS('',1,(#38,#39),.UNSPECIFIED.,.F.,.F.,(2,
    2),(0.,1.51),.PIECEWISE_BEZIER_KNOTS.);
#38 = CARTESIAN_POINT('',(0.,0.));
#39 = CARTESIAN_POINT('',(0.,-1.51));
#40 = ( GEOMETRIC_REPRESENTATION_CONTEXT(2) 
PARAMETRIC_REPRESENTATION_CONTEXT() REPRESENTATION_CONTEXT('2D SPACE',''
  ) );
#41 = PCURVE('',#42,#47);
#42 = B_SPLINE_SURFACE_WITH_KNOTS('',1,1,(
    (#43,#44)
    ,(#45,#46
    )),.UNSPECIFIED.,.F.,.F.,.F.,(2,2),(2,2),(0.,3.69),(-1.51,0.),
  .PIECEWISE_BEZIER_KNOTS.);
#43 = CARTESIAN_POINT('',(156.58,-79.28,1.555));
#44 = CARTESIAN_POINT('',(156.58,-79.28,-4.5E-02));
#45 = CARTESIAN_POINT('',(156.58,-82.97,1.555));
#46 = CARTESIAN_POINT('',(156.58,-82.97,-4.5E-02));
#47 = DEFINITIONAL_REPRESENTATION('',(#48),#51);
#48 = B_SPLINE_CURVE_WITH_KNOTS('',1,(#49,#50),.UNSPECIFIED.,.F.,.F.,(2,
    2),(0.,1.51),.PIECEWISE_BEZIER_KNOTS.);
#49 = CARTESIAN_POINT('',(3.69,0.));
#50 = CARTESIAN_POINT('',(3.69,-1.51));
#51 = ( GEOMETRIC_REPRESENTATION_CONTEXT(2) 
PARAMETRIC_REPRESENTATION_CONTEXT() REPRESENTATION_CONTEXT('2D SPACE',''
  ) );
#52 = ORIENTED_EDGE('',*,*,#53,.T.);
#53 = EDGE_CURVE('',#24,#54,#56,.T.);
#54 = VERTEX_POINT('',#55);
#55 = CARTESIAN_POINT('',(165.085,-82.97,1.555));
#56 = SURFACE_CURVE('',#57,(#60,#66),.PCURVE_S1.);
#57 = B_SPLINE_CURVE_WITH_KNOTS('',1,(#58,#59),.UNSPECIFIED.,.F.,.F.,(2,
    2),(0.,8.505),.PIECEWISE_BEZIER_KNOTS.);
#58 = CARTESIAN_POINT('',(156.58,-82.97,1.555));
#59 = CARTESIAN_POINT('',(165.085,-82.97,1.555));
#60 = PCURVE('',#31,#61);
#61 = DEFINITIONAL_REPRESENTATION('',(#62),#65);
#62 = B_SPLINE_CURVE_WITH_KNOTS('',1,(#63,#64),.UNSPECIFIED.,.F.,.F.,(2,
    2),(0.,8.505),.PIECEWISE_BEZIER_KNOTS.);
#63 = CARTESIAN_POINT('',(0.,-1.51));
#64 = CARTESIAN_POINT('',(8.505,-1.51));
#65 = ( GEOMETRIC_REPRESENTATION_CONTEXT(2) 
PARAMETRIC_REPRESENTATION_CONTEXT() REPRESENTATION_CONTEXT('2D SPACE',''
  ) );
#66 = PCURVE('',#67,#72);
#67 = B_SPLINE_SURFACE_WITH_KNOTS('',1,1,(
    (#68,#69)
    ,(#70,#71
    )),.UNSPECIFIED.,.F.,.F.,.F.,(2,2),(2,2),(120.1,183.1),(-98.12,
    -79.28),.PIECEWISE_BEZIER_KNOTS.);
#68 = CARTESIAN_POINT('',(120.1,-98.12,1.555));
#69 = CARTESIAN_POINT('',(120.1,-79.28,1.555));
#70 = CARTESIAN_POINT('',(183.1,-98.12,1.555));
#71 = CARTESIAN_POINT('',(183.1,-79.28,1.555));
#72 = DEFINITIONAL_REPRESENTATION('',(#73),#76);
#73 = B_SPLINE_CURVE_WITH_KNOTS('',1,(#74,#75),.UNSPECIFIED.,.F.,.F.,(2,
    2),(0.,8.505),.PIECEWISE_BEZIER_KNOTS.);
#74 = CARTESIAN_POINT('',(156.58,-82.97));
#75 = CARTESIAN_POINT('',(165.085,-82.97));
#76 = ( GEOMETRIC_REPRESENTATION_CONTEXT(2) 
PARAMETRIC_REPRESENTATION_CONTEXT() REPRESENTATION_CONTEXT('2D SPACE',''
  ) );
#77 = ORIENTED_EDGE('',*,*,#78,.F.);
#78 = EDGE_CURVE('',#79,#54,#81,.T.);
#79 = VERTEX_POINT('',#80);
#80 = CARTESIAN_POINT('',(165.085,-82.97,-4.5E-02));
#81 = SURFACE_CURVE('',#82,(#85,#91),.PCURVE_S1.);
#82 = B_SPLINE_CURVE_WITH_KNOTS('',1,(#83,#84),.UNSPECIFIED.,.F.,.F.,(2,
    2),(0.,1.51),.PIECEWISE_BEZIER_KNOTS.);
#83 = CARTESIAN_POINT('',(165.085,-82.97,-4.5E-02));
#84 = CARTESIAN_POINT('',(165.085,-82.97,1.555));
#85 = PCURVE('',#31,#86);
#86 = DEFINITIONAL_REPRESENTATION('',(#87),#90);
#87 = B_SPLINE_CURVE_WITH_KNOTS('',1,(#88,#89),.UNSPECIFIED.,.F.,.F.,(2,
    2),(0.,1.51),.PIECEWISE_BEZIER_KNOTS.);
#88 = CARTESIAN_POINT('',(8.505,0.));
#89 = CARTESIAN_POINT('',(8.505,-1.51));
#90 = ( GEOMETRIC_REPRESENTATION_CONTEXT(2) 
PARAMETRIC_REPRESENTATION_CONTEXT() REPRESENTATION_CONTEXT('2D SPACE',''
  ) );
#91 = PCURVE('',#92,#97);
#92 = B_SPLINE_SURFACE_WITH_KNOTS('',1,1,(
    (#93,#94)
    ,(#95,#96
    )),.UNSPECIFIED.,.F.,.F.,.F.,(2,2),(2,2),(0.,6.83),(-1.51,0.),
  .PIECEWISE_BEZIER_KNOTS.);
#93 = CARTESIAN_POINT('',(165.085,-82.97,1.555));
#94 = CARTESIAN_POINT('',(165.085,-82.97,-4.5E-02));
#95 = CARTESIAN_POINT('',(165.085,-89.8,1.555));
#96 = CARTESIAN_POINT('',(165.085,-89.8,-4.5E-02));
#97 = DEFINITIONAL_REPRESENTATION('',(#98),#101);
#98 = B_SPLINE_CURVE_WITH_KNOTS('',1,(#99,#100),.UNSPECIFIED.,.F.,.F.,(2
    ,2),(0.,1.51),.PIECEWISE_BEZIER_KNOTS.);
#99 = CARTESIAN_POINT('',(0.,0.));
#100 = CARTESIAN_POINT('',(0.,-1.51));
#101 = ( GEOMETRIC_REPRESENTATION_CONTEXT(2) 
PARAMETRIC_REPRESENTATION_CONTEXT() REPRESENTATION_CONTEXT('2D SPACE',''
  ) );
#102 = ORIENTED_EDGE('',*,*,#103,.F.);
#103 = EDGE_CURVE('',#22,#79,#104,.T.);
#104 = SURFACE_CURVE('',#105,(#108,#114),.PCURVE_S1.);
#105 = B_SPLINE_CURVE_WITH_KNOTS('',1,(#106,#107),.UNSPECIFIED.,.F.,.F.,
  (2,2),(0.,8.505),.PIECEWISE_BEZIER_KNOTS.);
#106 = CARTESIAN_POINT('',(156.58,-82.97,-4.5E-02));
#107 = CARTESIAN_POINT('',(165.085,-82.97,-4.5E-02));
#108 = PCURVE('',#31,#109);
#109 = DEFINITIONAL_REPRESENTATION('',(#110),#113);
#110 = B_SPLINE_CURVE_WITH_KNOTS('',1,(#111,#112),.UNSPECIFIED.,.F.,.F.,
  (2,2),(0.,8.505),.PIECEWISE_BEZIER_KNOTS.);
#111 = CARTESIAN_POINT('',(0.,0.));
#112 = CARTESIAN_POINT('',(8.505,0.));
#113 = ( GEOMETRIC_REPRESENTATION_CONTEXT(2) 
PARAMETRIC_REPRESENTATION_CONTEXT() REPRESENTATION_CONTEXT('2D SPACE',''
  ) );
#114 = PCURVE('',#115,#120);
#115 = B_SPLINE_SURFACE_WITH_KNOTS('',1,1,(
    (#116,#117)
    ,(#118,#119
    )),.UNSPECIFIED.,.F.,.F.,.F.,(2,2),(2,2),(120.1,183.1),(-98.12,
    -79.28),.PIECEWISE_BEZIER_KNOTS.);
#116 = CARTESIAN_POINT('',(120.1,-98.12,-4.5E-02));
#117 = CARTESIAN_POINT('',(120.1,-79.28,-4.5E-02));
#118 = CARTESIAN_POINT('',(183.1,-98.12,-4.5E-02));
#119 = CARTESIAN_POINT('',(183.1,-79.28,-4.5E-02));
#120 = DEFINITIONAL_REPRESENTATION('',(#121),#124);
#121 = B_SPLINE_CURVE_WITH_KNOTS('',1,(#122,#123),.UNSPECIFIED.,.F.,.F.,
  (2,2),(0.,8.505),.PIECEWISE_BEZIER_KNOTS.);
#122 = CARTESIAN_POINT('',(156.58,-82.97));
#123 = CARTESIAN_POINT('',(165.085,-82.97));
#124 = ( GEOMETRIC_REPRESENTATION_CONTEXT(2) 
PARAMETRIC_REPRESENTATION_CONTEXT() REPRESENTATION_CONTEXT('2D SPACE',''
  ) );
#125 = ADVANCED_FACE('',(#126),#42,.T.);
#126 = FACE_BOUND('',#127,.T.);
#127 = EDGE_LOOP('',(#128,#155,#173,#174));
#128 = ORIENTED_EDGE('',*,*,#129,.T.);
#129 = EDGE_CURVE('',#130,#132,#134,.T.);
#130 = VERTEX_POINT('',#131);
#131 = CARTESIAN_POINT('',(156.58,-79.28,-4.5E-02));
#132 = VERTEX_POINT('',#133);
#133 = CARTESIAN_POINT('',(156.58,-79.28,1.555));
#134 = SURFACE_CURVE('',#135,(#138,#144),.PCURVE_S1.);
#135 = B_SPLINE_CURVE_WITH_KNOTS('',1,(#136,#137),.UNSPECIFIED.,.F.,.F.,
  (2,2),(0.,1.51),.PIECEWISE_BEZIER_KNOTS.);
#136 = CARTESIAN_POINT('',(156.58,-79.28,-4.5E-02));
#137 = CARTESIAN_POINT('',(156.58,-79.28,1.555));
#138 = PCURVE('',#42,#139);
#139 = DEFINITIONAL_REPRESENTATION('',(#140),#143);
#140 = B_SPLINE_CURVE_WITH_KNOTS('',1,(#141,#142),.UNSPECIFIED.,.F.,.F.,
  (2,2),(0.,1.51),.PIECEWISE_BEZIER_KNOTS.);
#141 = CARTESIAN_POINT('',(0.,0.));
#142 = CARTESIAN_POINT('',(0.,-1.51));
#143 = ( GEOMETRIC_REPRESENTATION_CONTEXT(2) 
PARAMETRIC_REPRESENTATION_CONTEXT() REPRESENTATION_CONTEXT('2D SPACE',''
  ) );
#144 = PCURVE('',#145,#150);
#145 = B_SPLINE_SURFACE_WITH_KNOTS('',1,1,(
    (#146,#147)
    ,(#148,#149
    )),.UNSPECIFIED.,.F.,.F.,.F.,(2,2),(2,2),(0.,4.52),(-1.51,0.),
  .PIECEWISE_BEZIER_KNOTS.);
#146 = CARTESIAN_POINT('',(152.06,-79.28,1.555));
#147 = CARTESIAN_POINT('',(152.06,-79.28,-4.5E-02));
#148 = CARTESIAN_POINT('',(156.58,-79.28,1.555));
#149 = CARTESIAN_POINT('',(156.58,-79.28,-4.5E-02));
#150 = DEFINITIONAL_REPRESENTATION('',(#151),#154);
#151 = B_SPLINE_CURVE_WITH_KNOTS('',1,(#152,#153),.UNSPECIFIED.,.F.,.F.,
  (2,2),(0.,1.51),.PIECEWISE_BEZIER_KNOTS.);
#152 = CARTESIAN_POINT('',(4.52,0.));
#153 = CARTESIAN_POINT('',(4.52,-1.51));
#154 = ( GEOMETRIC_REPRESENTATION_CONTEXT(2) 
PARAMETRIC_REPRESENTATION_CONTEXT() REPRESENTATION_CONTEXT('2D SPACE',''
  ) );
#155 = ORIENTED_EDGE('',*,*,#156,.T.);
#156 = EDGE_CURVE('',#132,#24,#157,.T.);
#157 = SURFACE_CURVE('',#158,(#161,#167),.PCURVE_S1.);
#158 = B_SPLINE_CURVE_WITH_KNOTS('',1,(#159,#160),.UNSPECIFIED.,.F.,.F.,
  (2,2),(0.,3.69),.PIECEWISE_BEZIER_KNOTS.);
#159 = CARTESIAN_POINT('',(156.58,-79.28,1.555));
#160 = CARTESIAN_POINT('',(156.58,-82.97,1.555));
#161 = PCURVE('',#42,#162);
#162 = DEFINITIONAL_REPRESENTATION('',(#163),#166);
#163 = B_SPLINE_CURVE_WITH_KNOTS('',1,(#164,#165),.UNSPECIFIED.,.F.,.F.,
  (2,2),(0.,3.69),.PIECEWISE_BEZIER_KNOTS.);
#164 = CARTESIAN_POINT('',(0.,-1.51));
#165 = CARTESIAN_POINT('',(3.69,-1.51));
#166 = ( GEOMETRIC_REPRESENTATION_CONTEXT(2) 
PARAMETRIC_REPRESENTATION_CONTEXT() REPRESENTATION_CONTEXT('2D SPACE',''
  ) );
#167 = PCURVE('',#67,#168);
#168 = DEFINITIONAL_REPRESENTATION('',(#169),#172);
#169 = B_SPLINE_CURVE_WITH_KNOTS('',1,(#170,#171),.UNSPECIFIED.,.F.,.F.,
  (2,2),(0.,3.69),.PIECEWISE_BEZIER_KNOTS.);
#170 = CARTESIAN_POINT('',(156.58,-79.28));
#171 = CARTESIAN_POINT('',(156.58,-82.97));
#172 = ( GEOMETRIC_REPRESENTATION_CONTEXT(2) 
PARAMETRIC_REPRESENTATION_CONTEXT() REPRESENTATION_CONTEXT('2D SPACE',''
  ) );
#173 = ORIENTED_EDGE('',*,*,#21,.F.);
#174 = ORIENTED_EDGE('',*,*,#175,.F.);
#175 = EDGE_CURVE('',#130,#22,#176,.T.);
#176 = SURFACE_CURVE('',#177,(#180,#186),.PCURVE_S1.);
#177 = B_SPLINE_CURVE_WITH_KNOTS('',1,(#178,#179),.UNSPECIFIED.,.F.,.F.,
  (2,2),(0.,3.69),.PIECEWISE_BEZIER_KNOTS.);
#178 = CARTESIAN_POINT('',(156.58,-79.28,-4.5E-02));
#179 = CARTESIAN_POINT('',(156.58,-82.97,-4.5E-02));
#180 = PCURVE('',#42,#181);
#181 = DEFINITIONAL_REPRESENTATION('',(#182),#185);
#182 = B_SPLINE_CURVE_WITH_KNOTS('',1,(#183,#184),.UNSPECIFIED.,.F.,.F.,
  (2,2),(0.,3.69),.PIECEWISE_BEZIER_KNOTS.);
#183 = CARTESIAN_POINT('',(0.,0.));
#184 = CARTESIAN_POINT('',(3.69,0.));
#185 = ( GEOMETRIC_REPRESENTATION_CONTEXT(2) 
PARAMETRIC_REPRESENTATION_CONTEXT() REPRESENTATION_CONTEXT('2D SPACE',''
  ) );
#186 = PCURVE('',#115,#187);
#187 = DEFINITIONAL_REPRESENTATION('',(#188),#191);
#188 = B_SPLINE_CURVE_WITH_KNOTS('',1,(#189,#190),.UNSPECIFIED.,.F.,.F.,
  (2,2),(0.,3.69),.PIECEWISE_BEZIER_KNOTS.);
#189 = CARTESIAN_POINT('',(156.58,-79.28));
#190 = CARTESIAN_POINT('',(156.58,-82.97));
#191 = ( GEOMETRIC_REPRESENTATION_CONTEXT(2) 
PARAMETRIC_REPRESENTATION_CONTEXT() REPRESENTATION_CONTEXT('2D SPACE',''
  ) );
#192 = ADVANCED_FACE('',(#193),#92,.T.);
#193 = FACE_BOUND('',#194,.T.);
#194 = EDGE_LOOP('',(#195,#196,#216,#241));
#195 = ORIENTED_EDGE('',*,*,#78,.T.);
#196 = ORIENTED_EDGE('',*,*,#197,.T.);
#197 = EDGE_CURVE('',#54,#198,#200,.T.);
#198 = VERTEX_POINT('',#199);
#199 = CARTESIAN_POINT('',(165.085,-89.8,1.555));
#200 = SURFACE_CURVE('',#201,(#204,#210),.PCURVE_S1.);
#201 = B_SPLINE_CURVE_WITH_KNOTS('',1,(#202,#203),.UNSPECIFIED.,.F.,.F.,
  (2,2),(0.,6.83),.PIECEWISE_BEZIER_KNOTS.);
#202 = CARTESIAN_POINT('',(165.085,-82.97,1.555));
#203 = CARTESIAN_POINT('',(165.085,-89.8,1.555));
#204 = PCURVE('',#92,#205);
#205 = DEFINITIONAL_REPRESENTATION('',(#206),#209);
#206 = B_SPLINE_CURVE_WITH_KNOTS('',1,(#207,#208),.UNSPECIFIED.,.F.,.F.,
  (2,2),(0.,6.83),.PIECEWISE_BEZIER_KNOTS.);
#207 = CARTESIAN_POINT('',(0.,-1.51));
#208 = CARTESIAN_POINT('',(6.83,-1.51));
#209 = ( GEOMETRIC_REPRESENTATION_CONTEXT(2) 
PARAMETRIC_REPRESENTATION_CONTEXT() REPRESENTATION_CONTEXT('2D SPACE',''
  ) );
#210 = PCURVE('',#67,#211);
#211 = DEFINITIONAL_REPRESENTATION('',(#212),#215);
#212 = B_SPLINE_CURVE_WITH_KNOTS('',1,(#213,#214),.UNSPECIFIED.,.F.,.F.,
  (2,2),(0.,6.83),.PIECEWISE_BEZIER_KNOTS.);
#213 = CARTESIAN_POINT('',(165.085,-82.97));
#214 = CARTESIAN_POINT('',(165.085,-89.8));
#215 = ( GEOMETRIC_REPRESENTATION_CONTEXT(2) 
PARAMETRIC_REPRESENTATION_CONTEXT() REPRESENTATION_CONTEXT('2D SPACE',''
  ) );
#216 = ORIENTED_EDGE('',*,*,#217,.F.);
#217 = EDGE_CURVE('',#218,#198,#220,.T.);
#218 = VERTEX_POINT('',#219);
#219 = CARTESIAN_POINT('',(165.085,-89.8,-4.5E-02));
#220 = SURFACE_CURVE('',#221,(#224,#230),.PCURVE_S1.);
#221 = B_SPLINE_CURVE_WITH_KNOTS('',1,(#222,#223),.UNSPECIFIED.,.F.,.F.,
  (2,2),(0.,1.51),.PIECEWISE_BEZIER_KNOTS.);
#222 = CARTESIAN_POINT('',(165.085,-89.8,-4.5E-02));
#223 = CARTESIAN_POINT('',(165.085,-89.8,1.555));
#224 = PCURVE('',#92,#225);
#225 = DEFINITIONAL_REPRESENTATION('',(#226),#229);
#226 = B_SPLINE_CURVE_WITH_KNOTS('',1,(#227,#228),.UNSPECIFIED.,.F.,.F.,
  (2,2),(0.,1.51),.PIECEWISE_BEZIER_KNOTS.);
#227 = CARTESIAN_POINT('',(6.83,0.));
#228 = CARTESIAN_POINT('',(6.83,-1.51));
#229 = ( GEOMETRIC_REPRESENTATION_CONTEXT(2) 
PARAMETRIC_REPRESENTATION_CONTEXT() REPRESENTATION_CONTEXT('2D SPACE',''
  ) );
#230 = PCURVE('',#231,#236);
#231 = B_SPLINE_SURFACE_WITH_KNOTS('',1,1,(
    (#232,#233)
    ,(#234,#235
    )),.UNSPECIFIED.,.F.,.F.,.F.,(2,2),(2,2),(0.,1.415),(-1.51,0.),
  .PIECEWISE_BEZIER_KNOTS.);
#232 = CARTESIAN_POINT('',(165.085,-89.8,1.555));
#233 = CARTESIAN_POINT('',(165.085,-89.8,-4.5E-02));
#234 = CARTESIAN_POINT('',(166.5,-89.8,1.555));
#235 = CARTESIAN_POINT('',(166.5,-89.8,-4.5E-02));
#236 = DEFINITIONAL_REPRESENTATION('',(#237),#240);
#237 = B_SPLINE_CURVE_WITH_KNOTS('',1,(#238,#239),.UNSPECIFIED.,.F.,.F.,
  (2,2),(0.,1.51),.PIECEWISE_BEZIER_KNOTS.);
#238 = CARTESIAN_POINT('',(0.,0.));
#239 = CARTESIAN_POINT('',(0.,-1.51));
#240 = ( GEOMETRIC_REPRESENTATION_CONTEXT(2) 
PARAMETRIC_REPRESENTATION_CONTEXT() REPRESENTATION_CONTEXT('2D SPACE',''
  ) );
#241 = ORIENTED_EDGE('',*,*,#242,.F.);
#242 = EDGE_CURVE('',#79,#218,#243,.T.);
#243 = SURFACE_CURVE('',#244,(#247,#253),.PCURVE_S1.);
#244 = B_SPLINE_CURVE_WITH_KNOTS('',1,(#245,#246),.UNSPECIFIED.,.F.,.F.,
  (2,2),(0.,6.83),.PIECEWISE_BEZIER_KNOTS.);
#245 = CARTESIAN_POINT('',(165.085,-82.97,-4.5E-02));
#246 = CARTESIAN_POINT('',(165.085,-89.8,-4.5E-02));
#247 = PCURVE('',#92,#248);
#248 = DEFINITIONAL_REPRESENTATION('',(#249),#252);
#249 = B_SPLINE_CURVE_WITH_KNOTS('',1,(#250,#251),.UNSPECIFIED.,.F.,.F.,
  (2,2),(0.,6.83),.PIECEWISE_BEZIER_KNOTS.);
#250 = CARTESIAN_POINT('',(0.,0.));
#251 = CARTESIAN_POINT('',(6.83,0.));
#252 = ( GEOMETRIC_REPRESENTATION_CONTEXT(2) 
PARAMETRIC_REPRESENTATION_CONTEXT() REPRESENTATION_CONTEXT('2D SPACE',''
  ) );
#253 = PCURVE('',#115,#254);
#254 = DEFINITIONAL_REPRESENTATION('',(#255),#258);
#255 = B_SPLINE_CURVE_WITH_KNOTS('',1,(#256,#257),.UNSPECIFIED.,.F.,.F.,
  (2,2),(0.,6.83),.PIECEWISE_BEZIER_KNOTS.);
#256 = CARTESIAN_POINT('',(165.085,-82.97));
#257 = CARTESIAN_POINT('',(165.085,-89.8));
#258 = ( GEOMETRIC_REPRESENTATION_CONTEXT(2) 
PARAMETRIC_REPRESENTATION_CONTEXT() REPRESENTATION_CONTEXT('2D SPACE',''
  ) );
#259 = ADVANCED_FACE('',(#260,#638,#690,#742,#794,#846,#898,#950,#1002,
    #1054,#1106,#1158,#1210,#1262,#1314),#115,.F.);
#260 = FACE_BOUND('',#261,.F.);
#261 = EDGE_LOOP('',(#262,#263,#264,#284,#309,#334,#359,#384,#409,#434,
    #459,#489,#514,#544,#569,#594,#619,#637));
#262 = ORIENTED_EDGE('',*,*,#103,.F.);
#263 = ORIENTED_EDGE('',*,*,#175,.F.);
#264 = ORIENTED_EDGE('',*,*,#265,.F.);
#265 = EDGE_CURVE('',#266,#130,#268,.T.);
#266 = VERTEX_POINT('',#267);
#267 = CARTESIAN_POINT('',(152.06,-79.28,-4.5E-02));
#268 = SURFACE_CURVE('',#269,(#272,#278),.PCURVE_S1.);
#269 = B_SPLINE_CURVE_WITH_KNOTS('',1,(#270,#271),.UNSPECIFIED.,.F.,.F.,
  (2,2),(0.,4.52),.PIECEWISE_BEZIER_KNOTS.);
#270 = CARTESIAN_POINT('',(152.06,-79.28,-4.5E-02));
#271 = CARTESIAN_POINT('',(156.58,-79.28,-4.5E-02));
#272 = PCURVE('',#115,#273);
#273 = DEFINITIONAL_REPRESENTATION('',(#274),#277);
#274 = B_SPLINE_CURVE_WITH_KNOTS('',1,(#275,#276),.UNSPECIFIED.,.F.,.F.,
  (2,2),(0.,4.52),.PIECEWISE_BEZIER_KNOTS.);
#275 = CARTESIAN_POINT('',(152.06,-79.28));
#276 = CARTESIAN_POINT('',(156.58,-79.28));
#277 = ( GEOMETRIC_REPRESENTATION_CONTEXT(2) 
PARAMETRIC_REPRESENTATION_CONTEXT() REPRESENTATION_CONTEXT('2D SPACE',''
  ) );
#278 = PCURVE('',#145,#279);
#279 = DEFINITIONAL_REPRESENTATION('',(#280),#283);
#280 = B_SPLINE_CURVE_WITH_KNOTS('',1,(#281,#282),.UNSPECIFIED.,.F.,.F.,
  (2,2),(0.,4.52),.PIECEWISE_BEZIER_KNOTS.);
#281 = CARTESIAN_POINT('',(0.,0.));
#282 = CARTESIAN_POINT('',(4.52,0.));
#283 = ( GEOMETRIC_REPRESENTATION_CONTEXT(2) 
PARAMETRIC_REPRESENTATION_CONTEXT() REPRESENTATION_CONTEXT('2D SPACE',''
  ) );
#284 = ORIENTED_EDGE('',*,*,#285,.F.);
#285 = EDGE_CURVE('',#286,#266,#288,.T.);
#286 = VERTEX_POINT('',#287);
#287 = CARTESIAN_POINT('',(152.06,-83.01,-4.5E-02));
#288 = SURFACE_CURVE('',#289,(#292,#298),.PCURVE_S1.);
#289 = B_SPLINE_CURVE_WITH_KNOTS('',1,(#290,#291),.UNSPECIFIED.,.F.,.F.,
  (2,2),(0.,3.73),.PIECEWISE_BEZIER_KNOTS.);
#290 = CARTESIAN_POINT('',(152.06,-83.01,-4.5E-02));
#291 = CARTESIAN_POINT('',(152.06,-79.28,-4.5E-02));
#292 = PCURVE('',#115,#293);
#293 = DEFINITIONAL_REPRESENTATION('',(#294),#297);
#294 = B_SPLINE_CURVE_WITH_KNOTS('',1,(#295,#296),.UNSPECIFIED.,.F.,.F.,
  (2,2),(0.,3.73),.PIECEWISE_BEZIER_KNOTS.);
#295 = CARTESIAN_POINT('',(152.06,-83.01));
#296 = CARTESIAN_POINT('',(152.06,-79.28));
#297 = ( GEOMETRIC_REPRESENTATION_CONTEXT(2) 
PARAMETRIC_REPRESENTATION_CONTEXT() REPRESENTATION_CONTEXT('2D SPACE',''
  ) );
#298 = PCURVE('',#299,#304);
#299 = B_SPLINE_SURFACE_WITH_KNOTS('',1,1,(
    (#300,#301)
    ,(#302,#303
    )),.UNSPECIFIED.,.F.,.F.,.F.,(2,2),(2,2),(0.,3.73),(-1.51,0.),
  .PIECEWISE_BEZIER_KNOTS.);
#300 = CARTESIAN_POINT('',(152.06,-83.01,1.555));
#301 = CARTESIAN_POINT('',(152.06,-83.01,-4.5E-02));
#302 = CARTESIAN_POINT('',(152.06,-79.28,1.555));
#303 = CARTESIAN_POINT('',(152.06,-79.28,-4.5E-02));
#304 = DEFINITIONAL_REPRESENTATION('',(#305),#308);
#305 = B_SPLINE_CURVE_WITH_KNOTS('',1,(#306,#307),.UNSPECIFIED.,.F.,.F.,
  (2,2),(0.,3.73),.PIECEWISE_BEZIER_KNOTS.);
#306 = CARTESIAN_POINT('',(0.,0.));
#307 = CARTESIAN_POINT('',(3.73,0.));
#308 = ( GEOMETRIC_REPRESENTATION_CONTEXT(2) 
PARAMETRIC_REPRESENTATION_CONTEXT() REPRESENTATION_CONTEXT('2D SPACE',''
  ) );
#309 = ORIENTED_EDGE('',*,*,#310,.F.);
#310 = EDGE_CURVE('',#311,#286,#313,.T.);
#311 = VERTEX_POINT('',#312);
#312 = CARTESIAN_POINT('',(141.01,-83.01,-4.5E-02));
#313 = SURFACE_CURVE('',#314,(#317,#323),.PCURVE_S1.);
#314 = B_SPLINE_CURVE_WITH_KNOTS('',1,(#315,#316),.UNSPECIFIED.,.F.,.F.,
  (2,2),(0.,11.05),.PIECEWISE_BEZIER_KNOTS.);
#315 = CARTESIAN_POINT('',(141.01,-83.01,-4.5E-02));
#316 = CARTESIAN_POINT('',(152.06,-83.01,-4.5E-02));
#317 = PCURVE('',#115,#318);
#318 = DEFINITIONAL_REPRESENTATION('',(#319),#322);
#319 = B_SPLINE_CURVE_WITH_KNOTS('',1,(#320,#321),.UNSPECIFIED.,.F.,.F.,
  (2,2),(0.,11.05),.PIECEWISE_BEZIER_KNOTS.);
#320 = CARTESIAN_POINT('',(141.01,-83.01));
#321 = CARTESIAN_POINT('',(152.06,-83.01));
#322 = ( GEOMETRIC_REPRESENTATION_CONTEXT(2) 
PARAMETRIC_REPRESENTATION_CONTEXT() REPRESENTATION_CONTEXT('2D SPACE',''
  ) );
#323 = PCURVE('',#324,#329);
#324 = B_SPLINE_SURFACE_WITH_KNOTS('',1,1,(
    (#325,#326)
    ,(#327,#328
    )),.UNSPECIFIED.,.F.,.F.,.F.,(2,2),(2,2),(0.,11.05),(-1.51,0.),
  .PIECEWISE_BEZIER_KNOTS.);
#325 = CARTESIAN_POINT('',(141.01,-83.01,1.555));
#326 = CARTESIAN_POINT('',(141.01,-83.01,-4.5E-02));
#327 = CARTESIAN_POINT('',(152.06,-83.01,1.555));
#328 = CARTESIAN_POINT('',(152.06,-83.01,-4.5E-02));
#329 = DEFINITIONAL_REPRESENTATION('',(#330),#333);
#330 = B_SPLINE_CURVE_WITH_KNOTS('',1,(#331,#332),.UNSPECIFIED.,.F.,.F.,
  (2,2),(0.,11.05),.PIECEWISE_BEZIER_KNOTS.);
#331 = CARTESIAN_POINT('',(0.,0.));
#332 = CARTESIAN_POINT('',(11.05,0.));
#333 = ( GEOMETRIC_REPRESENTATION_CONTEXT(2) 
PARAMETRIC_REPRESENTATION_CONTEXT() REPRESENTATION_CONTEXT('2D SPACE',''
  ) );
#334 = ORIENTED_EDGE('',*,*,#335,.F.);
#335 = EDGE_CURVE('',#336,#311,#338,.T.);
#336 = VERTEX_POINT('',#337);
#337 = CARTESIAN_POINT('',(141.01,-89.79,-4.5E-02));
#338 = SURFACE_CURVE('',#339,(#342,#348),.PCURVE_S1.);
#339 = B_SPLINE_CURVE_WITH_KNOTS('',1,(#340,#341),.UNSPECIFIED.,.F.,.F.,
  (2,2),(0.,6.78),.PIECEWISE_BEZIER_KNOTS.);
#340 = CARTESIAN_POINT('',(141.01,-89.79,-4.5E-02));
#341 = CARTESIAN_POINT('',(141.01,-83.01,-4.5E-02));
#342 = PCURVE('',#115,#343);
#343 = DEFINITIONAL_REPRESENTATION('',(#344),#347);
#344 = B_SPLINE_CURVE_WITH_KNOTS('',1,(#345,#346),.UNSPECIFIED.,.F.,.F.,
  (2,2),(0.,6.78),.PIECEWISE_BEZIER_KNOTS.);
#345 = CARTESIAN_POINT('',(141.01,-89.79));
#346 = CARTESIAN_POINT('',(141.01,-83.01));
#347 = ( GEOMETRIC_REPRESENTATION_CONTEXT(2) 
PARAMETRIC_REPRESENTATION_CONTEXT() REPRESENTATION_CONTEXT('2D SPACE',''
  ) );
#348 = PCURVE('',#349,#354);
#349 = B_SPLINE_SURFACE_WITH_KNOTS('',1,1,(
    (#350,#351)
    ,(#352,#353
    )),.UNSPECIFIED.,.F.,.F.,.F.,(2,2),(2,2),(0.,6.78),(-1.51,0.),
  .PIECEWISE_BEZIER_KNOTS.);
#350 = CARTESIAN_POINT('',(141.01,-89.79,1.555));
#351 = CARTESIAN_POINT('',(141.01,-89.79,-4.5E-02));
#352 = CARTESIAN_POINT('',(141.01,-83.01,1.555));
#353 = CARTESIAN_POINT('',(141.01,-83.01,-4.5E-02));
#354 = DEFINITIONAL_REPRESENTATION('',(#355),#358);
#355 = B_SPLINE_CURVE_WITH_KNOTS('',1,(#356,#357),.UNSPECIFIED.,.F.,.F.,
  (2,2),(0.,6.78),.PIECEWISE_BEZIER_KNOTS.);
#356 = CARTESIAN_POINT('',(0.,0.));
#357 = CARTESIAN_POINT('',(6.78,0.));
#358 = ( GEOMETRIC_REPRESENTATION_CONTEXT(2) 
PARAMETRIC_REPRESENTATION_CONTEXT() REPRESENTATION_CONTEXT('2D SPACE',''
  ) );
#359 = ORIENTED_EDGE('',*,*,#360,.F.);
#360 = EDGE_CURVE('',#361,#336,#363,.T.);
#361 = VERTEX_POINT('',#362);
#362 = CARTESIAN_POINT('',(120.1,-89.79,-4.5E-02));
#363 = SURFACE_CURVE('',#364,(#367,#373),.PCURVE_S1.);
#364 = B_SPLINE_CURVE_WITH_KNOTS('',1,(#365,#366),.UNSPECIFIED.,.F.,.F.,
  (2,2),(0.,20.91),.PIECEWISE_BEZIER_KNOTS.);
#365 = CARTESIAN_POINT('',(120.1,-89.79,-4.5E-02));
#366 = CARTESIAN_POINT('',(141.01,-89.79,-4.5E-02));
#367 = PCURVE('',#115,#368);
#368 = DEFINITIONAL_REPRESENTATION('',(#369),#372);
#369 = B_SPLINE_CURVE_WITH_KNOTS('',1,(#370,#371),.UNSPECIFIED.,.F.,.F.,
  (2,2),(0.,20.91),.PIECEWISE_BEZIER_KNOTS.);
#370 = CARTESIAN_POINT('',(120.1,-89.79));
#371 = CARTESIAN_POINT('',(141.01,-89.79));
#372 = ( GEOMETRIC_REPRESENTATION_CONTEXT(2) 
PARAMETRIC_REPRESENTATION_CONTEXT() REPRESENTATION_CONTEXT('2D SPACE',''
  ) );
#373 = PCURVE('',#374,#379);
#374 = B_SPLINE_SURFACE_WITH_KNOTS('',1,1,(
    (#375,#376)
    ,(#377,#378
    )),.UNSPECIFIED.,.F.,.F.,.F.,(2,2),(2,2),(0.,20.91),(-1.51,0.),
  .PIECEWISE_BEZIER_KNOTS.);
#375 = CARTESIAN_POINT('',(120.1,-89.79,1.555));
#376 = CARTESIAN_POINT('',(120.1,-89.79,-4.5E-02));
#377 = CARTESIAN_POINT('',(141.01,-89.79,1.555));
#378 = CARTESIAN_POINT('',(141.01,-89.79,-4.5E-02));
#379 = DEFINITIONAL_REPRESENTATION('',(#380),#383);
#380 = B_SPLINE_CURVE_WITH_KNOTS('',1,(#381,#382),.UNSPECIFIED.,.F.,.F.,
  (2,2),(0.,20.91),.PIECEWISE_BEZIER_KNOTS.);
#381 = CARTESIAN_POINT('',(0.,0.));
#382 = CARTESIAN_POINT('',(20.91,0.));
#383 = ( GEOMETRIC_REPRESENTATION_CONTEXT(2) 
PARAMETRIC_REPRESENTATION_CONTEXT() REPRESENTATION_CONTEXT('2D SPACE',''
  ) );
#384 = ORIENTED_EDGE('',*,*,#385,.F.);
#385 = EDGE_CURVE('',#386,#361,#388,.T.);
#386 = VERTEX_POINT('',#387);
#387 = CARTESIAN_POINT('',(120.1,-98.12,-4.5E-02));
#388 = SURFACE_CURVE('',#389,(#392,#398),.PCURVE_S1.);
#389 = B_SPLINE_CURVE_WITH_KNOTS('',1,(#390,#391),.UNSPECIFIED.,.F.,.F.,
  (2,2),(0.,8.33),.PIECEWISE_BEZIER_KNOTS.);
#390 = CARTESIAN_POINT('',(120.1,-98.12,-4.5E-02));
#391 = CARTESIAN_POINT('',(120.1,-89.79,-4.5E-02));
#392 = PCURVE('',#115,#393);
#393 = DEFINITIONAL_REPRESENTATION('',(#394),#397);
#394 = B_SPLINE_CURVE_WITH_KNOTS('',1,(#395,#396),.UNSPECIFIED.,.F.,.F.,
  (2,2),(0.,8.33),.PIECEWISE_BEZIER_KNOTS.);
#395 = CARTESIAN_POINT('',(120.1,-98.12));
#396 = CARTESIAN_POINT('',(120.1,-89.79));
#397 = ( GEOMETRIC_REPRESENTATION_CONTEXT(2) 
PARAMETRIC_REPRESENTATION_CONTEXT() REPRESENTATION_CONTEXT('2D SPACE',''
  ) );
#398 = PCURVE('',#399,#404);
#399 = B_SPLINE_SURFACE_WITH_KNOTS('',1,1,(
    (#400,#401)
    ,(#402,#403
    )),.UNSPECIFIED.,.F.,.F.,.F.,(2,2),(2,2),(0.,8.33),(-1.51,0.),
  .PIECEWISE_BEZIER_KNOTS.);
#400 = CARTESIAN_POINT('',(120.1,-98.12,1.555));
#401 = CARTESIAN_POINT('',(120.1,-98.12,-4.5E-02));
#402 = CARTESIAN_POINT('',(120.1,-89.79,1.555));
#403 = CARTESIAN_POINT('',(120.1,-89.79,-4.5E-02));
#404 = DEFINITIONAL_REPRESENTATION('',(#405),#408);
#405 = B_SPLINE_CURVE_WITH_KNOTS('',1,(#406,#407),.UNSPECIFIED.,.F.,.F.,
  (2,2),(0.,8.33),.PIECEWISE_BEZIER_KNOTS.);
#406 = CARTESIAN_POINT('',(0.,0.));
#407 = CARTESIAN_POINT('',(8.33,0.));
#408 = ( GEOMETRIC_REPRESENTATION_CONTEXT(2) 
PARAMETRIC_REPRESENTATION_CONTEXT() REPRESENTATION_CONTEXT('2D SPACE',''
  ) );
#409 = ORIENTED_EDGE('',*,*,#410,.F.);
#410 = EDGE_CURVE('',#411,#386,#413,.T.);
#411 = VERTEX_POINT('',#412);
#412 = CARTESIAN_POINT('',(166.5,-98.12,-4.5E-02));
#413 = SURFACE_CURVE('',#414,(#417,#423),.PCURVE_S1.);
#414 = B_SPLINE_CURVE_WITH_KNOTS('',1,(#415,#416),.UNSPECIFIED.,.F.,.F.,
  (2,2),(0.,46.4),.PIECEWISE_BEZIER_KNOTS.);
#415 = CARTESIAN_POINT('',(166.5,-98.12,-4.5E-02));
#416 = CARTESIAN_POINT('',(120.1,-98.12,-4.5E-02));
#417 = PCURVE('',#115,#418);
#418 = DEFINITIONAL_REPRESENTATION('',(#419),#422);
#419 = B_SPLINE_CURVE_WITH_KNOTS('',1,(#420,#421),.UNSPECIFIED.,.F.,.F.,
  (2,2),(0.,46.4),.PIECEWISE_BEZIER_KNOTS.);
#420 = CARTESIAN_POINT('',(166.5,-98.12));
#421 = CARTESIAN_POINT('',(120.1,-98.12));
#422 = ( GEOMETRIC_REPRESENTATION_CONTEXT(2) 
PARAMETRIC_REPRESENTATION_CONTEXT() REPRESENTATION_CONTEXT('2D SPACE',''
  ) );
#423 = PCURVE('',#424,#429);
#424 = B_SPLINE_SURFACE_WITH_KNOTS('',1,1,(
    (#425,#426)
    ,(#427,#428
    )),.UNSPECIFIED.,.F.,.F.,.F.,(2,2),(2,2),(0.,46.4),(-1.51,0.),
  .PIECEWISE_BEZIER_KNOTS.);
#425 = CARTESIAN_POINT('',(166.5,-98.12,1.555));
#426 = CARTESIAN_POINT('',(166.5,-98.12,-4.5E-02));
#427 = CARTESIAN_POINT('',(120.1,-98.12,1.555));
#428 = CARTESIAN_POINT('',(120.1,-98.12,-4.5E-02));
#429 = DEFINITIONAL_REPRESENTATION('',(#430),#433);
#430 = B_SPLINE_CURVE_WITH_KNOTS('',1,(#431,#432),.UNSPECIFIED.,.F.,.F.,
  (2,2),(0.,46.4),.PIECEWISE_BEZIER_KNOTS.);
#431 = CARTESIAN_POINT('',(0.,-0.));
#432 = CARTESIAN_POINT('',(46.4,0.));
#433 = ( GEOMETRIC_REPRESENTATION_CONTEXT(2) 
PARAMETRIC_REPRESENTATION_CONTEXT() REPRESENTATION_CONTEXT('2D SPACE',''
  ) );
#434 = ORIENTED_EDGE('',*,*,#435,.F.);
#435 = EDGE_CURVE('',#436,#411,#438,.T.);
#436 = VERTEX_POINT('',#437);
#437 = CARTESIAN_POINT('',(182.6,-98.12,-4.5E-02));
#438 = SURFACE_CURVE('',#439,(#442,#448),.PCURVE_S1.);
#439 = B_SPLINE_CURVE_WITH_KNOTS('',1,(#440,#441),.UNSPECIFIED.,.F.,.F.,
  (2,2),(0.,16.1),.PIECEWISE_BEZIER_KNOTS.);
#440 = CARTESIAN_POINT('',(182.6,-98.12,-4.5E-02));
#441 = CARTESIAN_POINT('',(166.5,-98.12,-4.5E-02));
#442 = PCURVE('',#115,#443);
#443 = DEFINITIONAL_REPRESENTATION('',(#444),#447);
#444 = B_SPLINE_CURVE_WITH_KNOTS('',1,(#445,#446),.UNSPECIFIED.,.F.,.F.,
  (2,2),(0.,16.1),.PIECEWISE_BEZIER_KNOTS.);
#445 = CARTESIAN_POINT('',(182.6,-98.12));
#446 = CARTESIAN_POINT('',(166.5,-98.12));
#447 = ( GEOMETRIC_REPRESENTATION_CONTEXT(2) 
PARAMETRIC_REPRESENTATION_CONTEXT() REPRESENTATION_CONTEXT('2D SPACE',''
  ) );
#448 = PCURVE('',#449,#454);
#449 = B_SPLINE_SURFACE_WITH_KNOTS('',1,1,(
    (#450,#451)
    ,(#452,#453
    )),.UNSPECIFIED.,.F.,.F.,.F.,(2,2),(2,2),(0.,16.1),(-1.51,0.),
  .PIECEWISE_BEZIER_KNOTS.);
#450 = CARTESIAN_POINT('',(182.6,-98.12,1.555));
#451 = CARTESIAN_POINT('',(182.6,-98.12,-4.5E-02));
#452 = CARTESIAN_POINT('',(166.5,-98.12,1.555));
#453 = CARTESIAN_POINT('',(166.5,-98.12,-4.5E-02));
#454 = DEFINITIONAL_REPRESENTATION('',(#455),#458);
#455 = B_SPLINE_CURVE_WITH_KNOTS('',1,(#456,#457),.UNSPECIFIED.,.F.,.F.,
  (2,2),(0.,16.1),.PIECEWISE_BEZIER_KNOTS.);
#456 = CARTESIAN_POINT('',(0.,-0.));
#457 = CARTESIAN_POINT('',(16.1,0.));
#458 = ( GEOMETRIC_REPRESENTATION_CONTEXT(2) 
PARAMETRIC_REPRESENTATION_CONTEXT() REPRESENTATION_CONTEXT('2D SPACE',''
  ) );
#459 = ORIENTED_EDGE('',*,*,#460,.F.);
#460 = EDGE_CURVE('',#461,#436,#463,.T.);
#461 = VERTEX_POINT('',#462);
#462 = CARTESIAN_POINT('',(183.1,-97.62,-4.5E-02));
#463 = SURFACE_CURVE('',#464,(#468,#475),.PCURVE_S1.);
#464 = ( BOUNDED_CURVE() B_SPLINE_CURVE(2,(#465,#466,#467),
.UNSPECIFIED.,.F.,.F.) B_SPLINE_CURVE_WITH_KNOTS((3,3),(0.,
1.570790992503),.PIECEWISE_BEZIER_KNOTS.) CURVE() 
GEOMETRIC_REPRESENTATION_ITEM() RATIONAL_B_SPLINE_CURVE((1.,
0.707108667141,1.)) REPRESENTATION_ITEM('') );
#465 = CARTESIAN_POINT('',(183.09999999999,-97.61999999999,-4.5E-02));
#466 = CARTESIAN_POINT('',(183.09999866642,-98.11999866642,-4.5E-02));
#467 = CARTESIAN_POINT('',(182.6,-98.11999999999,-4.5E-02));
#468 = PCURVE('',#115,#469);
#469 = DEFINITIONAL_REPRESENTATION('',(#470),#474);
#470 = ( BOUNDED_CURVE() B_SPLINE_CURVE(2,(#471,#472,#473),
.UNSPECIFIED.,.F.,.F.) B_SPLINE_CURVE_WITH_KNOTS((3,3),(0.,
1.570790992503),.PIECEWISE_BEZIER_KNOTS.) CURVE() 
GEOMETRIC_REPRESENTATION_ITEM() RATIONAL_B_SPLINE_CURVE((1.,
0.707108667141,1.)) REPRESENTATION_ITEM('') );
#471 = CARTESIAN_POINT('',(183.09999999999,-97.61999999999));
#472 = CARTESIAN_POINT('',(183.09999866642,-98.11999866642));
#473 = CARTESIAN_POINT('',(182.6,-98.11999999999));
#474 = ( GEOMETRIC_REPRESENTATION_CONTEXT(2) 
PARAMETRIC_REPRESENTATION_CONTEXT() REPRESENTATION_CONTEXT('2D SPACE',''
  ) );
#475 = PCURVE('',#476,#483);
#476 = ( BOUNDED_SURFACE() B_SPLINE_SURFACE(2,1,(
    (#477,#478)
    ,(#479,#480)
,(#481,#482
    )),.UNSPECIFIED.,.F.,.F.,.F.) B_SPLINE_SURFACE_WITH_KNOTS((3,3),(2,2
    ),(0.,1.570790992503),(-1.51,0.),.PIECEWISE_BEZIER_KNOTS.) 
GEOMETRIC_REPRESENTATION_ITEM() RATIONAL_B_SPLINE_SURFACE((
    (1.,1.)
    ,(0.707108667141,0.707108667141)
,(1.,1.))) REPRESENTATION_ITEM('') SURFACE() );
#477 = CARTESIAN_POINT('',(183.09999999999,-97.61999999999,1.555));
#478 = CARTESIAN_POINT('',(183.09999999999,-97.61999999999,-4.5E-02));
#479 = CARTESIAN_POINT('',(183.09999866642,-98.11999866642,1.555));
#480 = CARTESIAN_POINT('',(183.09999866642,-98.11999866642,-4.5E-02));
#481 = CARTESIAN_POINT('',(182.6,-98.11999999999,1.555));
#482 = CARTESIAN_POINT('',(182.6,-98.11999999999,-4.5E-02));
#483 = DEFINITIONAL_REPRESENTATION('',(#484),#488);
#484 = B_SPLINE_CURVE_WITH_KNOTS('',2,(#485,#486,#487),.UNSPECIFIED.,.F.
  ,.F.,(3,3),(1.518439611836E-11,1.570790992503),
  .PIECEWISE_BEZIER_KNOTS.);
#485 = CARTESIAN_POINT('',(1.524753273111E-11,1.110223024631E-16));
#486 = CARTESIAN_POINT('',(0.785395496259,-1.786976326607E-16));
#487 = CARTESIAN_POINT('',(1.570790992503,1.110223024625E-16));
#488 = ( GEOMETRIC_REPRESENTATION_CONTEXT(2) 
PARAMETRIC_REPRESENTATION_CONTEXT() REPRESENTATION_CONTEXT('2D SPACE',''
  ) );
#489 = ORIENTED_EDGE('',*,*,#490,.F.);
#490 = EDGE_CURVE('',#491,#461,#493,.T.);
#491 = VERTEX_POINT('',#492);
#492 = CARTESIAN_POINT('',(183.1,-93.5,-4.5E-02));
#493 = SURFACE_CURVE('',#494,(#497,#503),.PCURVE_S1.);
#494 = B_SPLINE_CURVE_WITH_KNOTS('',1,(#495,#496),.UNSPECIFIED.,.F.,.F.,
  (2,2),(0.,4.12),.PIECEWISE_BEZIER_KNOTS.);
#495 = CARTESIAN_POINT('',(183.1,-93.5,-4.5E-02));
#496 = CARTESIAN_POINT('',(183.1,-97.62,-4.5E-02));
#497 = PCURVE('',#115,#498);
#498 = DEFINITIONAL_REPRESENTATION('',(#499),#502);
#499 = B_SPLINE_CURVE_WITH_KNOTS('',1,(#500,#501),.UNSPECIFIED.,.F.,.F.,
  (2,2),(0.,4.12),.PIECEWISE_BEZIER_KNOTS.);
#500 = CARTESIAN_POINT('',(183.1,-93.5));
#501 = CARTESIAN_POINT('',(183.1,-97.62));
#502 = ( GEOMETRIC_REPRESENTATION_CONTEXT(2) 
PARAMETRIC_REPRESENTATION_CONTEXT() REPRESENTATION_CONTEXT('2D SPACE',''
  ) );
#503 = PCURVE('',#504,#509);
#504 = B_SPLINE_SURFACE_WITH_KNOTS('',1,1,(
    (#505,#506)
    ,(#507,#508
    )),.UNSPECIFIED.,.F.,.F.,.F.,(2,2),(2,2),(0.,4.12),(-1.51,0.),
  .PIECEWISE_BEZIER_KNOTS.);
#505 = CARTESIAN_POINT('',(183.1,-93.5,1.555));
#506 = CARTESIAN_POINT('',(183.1,-93.5,-4.5E-02));
#507 = CARTESIAN_POINT('',(183.1,-97.62,1.555));
#508 = CARTESIAN_POINT('',(183.1,-97.62,-4.5E-02));
#509 = DEFINITIONAL_REPRESENTATION('',(#510),#513);
#510 = B_SPLINE_CURVE_WITH_KNOTS('',1,(#511,#512),.UNSPECIFIED.,.F.,.F.,
  (2,2),(0.,4.12),.PIECEWISE_BEZIER_KNOTS.);
#511 = CARTESIAN_POINT('',(0.,0.));
#512 = CARTESIAN_POINT('',(4.12,0.));
#513 = ( GEOMETRIC_REPRESENTATION_CONTEXT(2) 
PARAMETRIC_REPRESENTATION_CONTEXT() REPRESENTATION_CONTEXT('2D SPACE',''
  ) );
#514 = ORIENTED_EDGE('',*,*,#515,.F.);
#515 = EDGE_CURVE('',#516,#491,#518,.T.);
#516 = VERTEX_POINT('',#517);
#517 = CARTESIAN_POINT('',(182.6,-93.,-4.5E-02));
#518 = SURFACE_CURVE('',#519,(#523,#530),.PCURVE_S1.);
#519 = ( BOUNDED_CURVE() B_SPLINE_CURVE(2,(#520,#521,#522),
.UNSPECIFIED.,.F.,.F.) B_SPLINE_CURVE_WITH_KNOTS((3,3),(0.,
1.570790992523),.PIECEWISE_BEZIER_KNOTS.) CURVE() 
GEOMETRIC_REPRESENTATION_ITEM() RATIONAL_B_SPLINE_CURVE((1.,
0.707108667134,1.)) REPRESENTATION_ITEM('') );
#520 = CARTESIAN_POINT('',(182.59999999999,-92.99999999999,-4.5E-02));
#521 = CARTESIAN_POINT('',(183.09999866643,-93.00000133356,-4.5E-02));
#522 = CARTESIAN_POINT('',(183.09999999999,-93.5,-4.5E-02));
#523 = PCURVE('',#115,#524);
#524 = DEFINITIONAL_REPRESENTATION('',(#525),#529);
#525 = ( BOUNDED_CURVE() B_SPLINE_CURVE(2,(#526,#527,#528),
.UNSPECIFIED.,.F.,.F.) B_SPLINE_CURVE_WITH_KNOTS((3,3),(0.,
1.570790992523),.PIECEWISE_BEZIER_KNOTS.) CURVE() 
GEOMETRIC_REPRESENTATION_ITEM() RATIONAL_B_SPLINE_CURVE((1.,
0.707108667134,1.)) REPRESENTATION_ITEM('') );
#526 = CARTESIAN_POINT('',(182.59999999999,-92.99999999999));
#527 = CARTESIAN_POINT('',(183.09999866643,-93.00000133356));
#528 = CARTESIAN_POINT('',(183.09999999999,-93.5));
#529 = ( GEOMETRIC_REPRESENTATION_CONTEXT(2) 
PARAMETRIC_REPRESENTATION_CONTEXT() REPRESENTATION_CONTEXT('2D SPACE',''
  ) );
#530 = PCURVE('',#531,#538);
#531 = ( BOUNDED_SURFACE() B_SPLINE_SURFACE(2,1,(
    (#532,#533)
    ,(#534,#535)
,(#536,#537
    )),.UNSPECIFIED.,.F.,.F.,.F.) B_SPLINE_SURFACE_WITH_KNOTS((3,3),(2,2
    ),(0.,1.570790992523),(-1.51,0.),.PIECEWISE_BEZIER_KNOTS.) 
GEOMETRIC_REPRESENTATION_ITEM() RATIONAL_B_SPLINE_SURFACE((
    (1.,1.)
    ,(0.707108667134,0.707108667134)
,(1.,1.))) REPRESENTATION_ITEM('') SURFACE() );
#532 = CARTESIAN_POINT('',(182.59999999999,-92.99999999999,1.555));
#533 = CARTESIAN_POINT('',(182.59999999999,-92.99999999999,-4.5E-02));
#534 = CARTESIAN_POINT('',(183.09999866643,-93.00000133356,1.555));
#535 = CARTESIAN_POINT('',(183.09999866643,-93.00000133356,-4.5E-02));
#536 = CARTESIAN_POINT('',(183.09999999999,-93.5,1.555));
#537 = CARTESIAN_POINT('',(183.09999999999,-93.5,-4.5E-02));
#538 = DEFINITIONAL_REPRESENTATION('',(#539),#543);
#539 = B_SPLINE_CURVE_WITH_KNOTS('',2,(#540,#541,#542),.UNSPECIFIED.,.F.
  ,.F.,(3,3),(1.521602395272E-11,1.570790992523),
  .PIECEWISE_BEZIER_KNOTS.);
#540 = CARTESIAN_POINT('',(1.527916073387E-11,0.));
#541 = CARTESIAN_POINT('',(0.785395496269,-8.136722672709E-31));
#542 = CARTESIAN_POINT('',(1.570790992523,0.));
#543 = ( GEOMETRIC_REPRESENTATION_CONTEXT(2) 
PARAMETRIC_REPRESENTATION_CONTEXT() REPRESENTATION_CONTEXT('2D SPACE',''
  ) );
#544 = ORIENTED_EDGE('',*,*,#545,.F.);
#545 = EDGE_CURVE('',#546,#516,#548,.T.);
#546 = VERTEX_POINT('',#547);
#547 = CARTESIAN_POINT('',(167.,-93.,-4.5E-02));
#548 = SURFACE_CURVE('',#549,(#552,#558),.PCURVE_S1.);
#549 = B_SPLINE_CURVE_WITH_KNOTS('',1,(#550,#551),.UNSPECIFIED.,.F.,.F.,
  (2,2),(0.,15.6),.PIECEWISE_BEZIER_KNOTS.);
#550 = CARTESIAN_POINT('',(167.,-93.,-4.5E-02));
#551 = CARTESIAN_POINT('',(182.6,-93.,-4.5E-02));
#552 = PCURVE('',#115,#553);
#553 = DEFINITIONAL_REPRESENTATION('',(#554),#557);
#554 = B_SPLINE_CURVE_WITH_KNOTS('',1,(#555,#556),.UNSPECIFIED.,.F.,.F.,
  (2,2),(0.,15.6),.PIECEWISE_BEZIER_KNOTS.);
#555 = CARTESIAN_POINT('',(167.,-93.));
#556 = CARTESIAN_POINT('',(182.6,-93.));
#557 = ( GEOMETRIC_REPRESENTATION_CONTEXT(2) 
PARAMETRIC_REPRESENTATION_CONTEXT() REPRESENTATION_CONTEXT('2D SPACE',''
  ) );
#558 = PCURVE('',#559,#564);
#559 = B_SPLINE_SURFACE_WITH_KNOTS('',1,1,(
    (#560,#561)
    ,(#562,#563
    )),.UNSPECIFIED.,.F.,.F.,.F.,(2,2),(2,2),(0.,15.6),(-1.51,0.),
  .PIECEWISE_BEZIER_KNOTS.);
#560 = CARTESIAN_POINT('',(167.,-93.,1.555));
#561 = CARTESIAN_POINT('',(167.,-93.,-4.5E-02));
#562 = CARTESIAN_POINT('',(182.6,-93.,1.555));
#563 = CARTESIAN_POINT('',(182.6,-93.,-4.5E-02));
#564 = DEFINITIONAL_REPRESENTATION('',(#565),#568);
#565 = B_SPLINE_CURVE_WITH_KNOTS('',1,(#566,#567),.UNSPECIFIED.,.F.,.F.,
  (2,2),(0.,15.6),.PIECEWISE_BEZIER_KNOTS.);
#566 = CARTESIAN_POINT('',(0.,0.));
#567 = CARTESIAN_POINT('',(15.6,0.));
#568 = ( GEOMETRIC_REPRESENTATION_CONTEXT(2) 
PARAMETRIC_REPRESENTATION_CONTEXT() REPRESENTATION_CONTEXT('2D SPACE',''
  ) );
#569 = ORIENTED_EDGE('',*,*,#570,.F.);
#570 = EDGE_CURVE('',#571,#546,#573,.T.);
#571 = VERTEX_POINT('',#572);
#572 = CARTESIAN_POINT('',(166.5,-92.5,-4.5E-02));
#573 = SURFACE_CURVE('',#574,(#577,#583),.PCURVE_S1.);
#574 = B_SPLINE_CURVE_WITH_KNOTS('',1,(#575,#576),.UNSPECIFIED.,.F.,.F.,
  (2,2),(0.,0.707106781187),.PIECEWISE_BEZIER_KNOTS.);
#575 = CARTESIAN_POINT('',(166.5,-92.5,-4.5E-02));
#576 = CARTESIAN_POINT('',(167.,-93.,-4.5E-02));
#577 = PCURVE('',#115,#578);
#578 = DEFINITIONAL_REPRESENTATION('',(#579),#582);
#579 = B_SPLINE_CURVE_WITH_KNOTS('',1,(#580,#581),.UNSPECIFIED.,.F.,.F.,
  (2,2),(0.,0.707106781187),.PIECEWISE_BEZIER_KNOTS.);
#580 = CARTESIAN_POINT('',(166.5,-92.5));
#581 = CARTESIAN_POINT('',(167.,-93.));
#582 = ( GEOMETRIC_REPRESENTATION_CONTEXT(2) 
PARAMETRIC_REPRESENTATION_CONTEXT() REPRESENTATION_CONTEXT('2D SPACE',''
  ) );
#583 = PCURVE('',#584,#589);
#584 = B_SPLINE_SURFACE_WITH_KNOTS('',1,1,(
    (#585,#586)
    ,(#587,#588
    )),.UNSPECIFIED.,.F.,.F.,.F.,(2,2),(2,2),(0.,0.707106781187),(-1.51,
    0.),.PIECEWISE_BEZIER_KNOTS.);
#585 = CARTESIAN_POINT('',(166.5,-92.5,1.555));
#586 = CARTESIAN_POINT('',(166.5,-92.5,-4.5E-02));
#587 = CARTESIAN_POINT('',(167.,-93.,1.555));
#588 = CARTESIAN_POINT('',(167.,-93.,-4.5E-02));
#589 = DEFINITIONAL_REPRESENTATION('',(#590),#593);
#590 = B_SPLINE_CURVE_WITH_KNOTS('',1,(#591,#592),.UNSPECIFIED.,.F.,.F.,
  (2,2),(0.,0.707106781187),.PIECEWISE_BEZIER_KNOTS.);
#591 = CARTESIAN_POINT('',(0.,0.));
#592 = CARTESIAN_POINT('',(0.707106781187,0.));
#593 = ( GEOMETRIC_REPRESENTATION_CONTEXT(2) 
PARAMETRIC_REPRESENTATION_CONTEXT() REPRESENTATION_CONTEXT('2D SPACE',''
  ) );
#594 = ORIENTED_EDGE('',*,*,#595,.F.);
#595 = EDGE_CURVE('',#596,#571,#598,.T.);
#596 = VERTEX_POINT('',#597);
#597 = CARTESIAN_POINT('',(166.5,-89.8,-4.5E-02));
#598 = SURFACE_CURVE('',#599,(#602,#608),.PCURVE_S1.);
#599 = B_SPLINE_CURVE_WITH_KNOTS('',1,(#600,#601),.UNSPECIFIED.,.F.,.F.,
  (2,2),(0.,2.7),.PIECEWISE_BEZIER_KNOTS.);
#600 = CARTESIAN_POINT('',(166.5,-89.8,-4.5E-02));
#601 = CARTESIAN_POINT('',(166.5,-92.5,-4.5E-02));
#602 = PCURVE('',#115,#603);
#603 = DEFINITIONAL_REPRESENTATION('',(#604),#607);
#604 = B_SPLINE_CURVE_WITH_KNOTS('',1,(#605,#606),.UNSPECIFIED.,.F.,.F.,
  (2,2),(0.,2.7),.PIECEWISE_BEZIER_KNOTS.);
#605 = CARTESIAN_POINT('',(166.5,-89.8));
#606 = CARTESIAN_POINT('',(166.5,-92.5));
#607 = ( GEOMETRIC_REPRESENTATION_CONTEXT(2) 
PARAMETRIC_REPRESENTATION_CONTEXT() REPRESENTATION_CONTEXT('2D SPACE',''
  ) );
#608 = PCURVE('',#609,#614);
#609 = B_SPLINE_SURFACE_WITH_KNOTS('',1,1,(
    (#610,#611)
    ,(#612,#613
    )),.UNSPECIFIED.,.F.,.F.,.F.,(2,2),(2,2),(0.,2.7),(-1.51,0.),
  .PIECEWISE_BEZIER_KNOTS.);
#610 = CARTESIAN_POINT('',(166.5,-89.8,1.555));
#611 = CARTESIAN_POINT('',(166.5,-89.8,-4.5E-02));
#612 = CARTESIAN_POINT('',(166.5,-92.5,1.555));
#613 = CARTESIAN_POINT('',(166.5,-92.5,-4.5E-02));
#614 = DEFINITIONAL_REPRESENTATION('',(#615),#618);
#615 = B_SPLINE_CURVE_WITH_KNOTS('',1,(#616,#617),.UNSPECIFIED.,.F.,.F.,
  (2,2),(0.,2.7),.PIECEWISE_BEZIER_KNOTS.);
#616 = CARTESIAN_POINT('',(0.,0.));
#617 = CARTESIAN_POINT('',(2.7,0.));
#618 = ( GEOMETRIC_REPRESENTATION_CONTEXT(2) 
PARAMETRIC_REPRESENTATION_CONTEXT() REPRESENTATION_CONTEXT('2D SPACE',''
  ) );
#619 = ORIENTED_EDGE('',*,*,#620,.F.);
#620 = EDGE_CURVE('',#218,#596,#621,.T.);
#621 = SURFACE_CURVE('',#622,(#625,#631),.PCURVE_S1.);
#622 = B_SPLINE_CURVE_WITH_KNOTS('',1,(#623,#624),.UNSPECIFIED.,.F.,.F.,
  (2,2),(0.,1.415),.PIECEWISE_BEZIER_KNOTS.);
#623 = CARTESIAN_POINT('',(165.085,-89.8,-4.5E-02));
#624 = CARTESIAN_POINT('',(166.5,-89.8,-4.5E-02));
#625 = PCURVE('',#115,#626);
#626 = DEFINITIONAL_REPRESENTATION('',(#627),#630);
#627 = B_SPLINE_CURVE_WITH_KNOTS('',1,(#628,#629),.UNSPECIFIED.,.F.,.F.,
  (2,2),(0.,1.415),.PIECEWISE_BEZIER_KNOTS.);
#628 = CARTESIAN_POINT('',(165.085,-89.8));
#629 = CARTESIAN_POINT('',(166.5,-89.8));
#630 = ( GEOMETRIC_REPRESENTATION_CONTEXT(2) 
PARAMETRIC_REPRESENTATION_CONTEXT() REPRESENTATION_CONTEXT('2D SPACE',''
  ) );
#631 = PCURVE('',#231,#632);
#632 = DEFINITIONAL_REPRESENTATION('',(#633),#636);
#633 = B_SPLINE_CURVE_WITH_KNOTS('',1,(#634,#635),.UNSPECIFIED.,.F.,.F.,
  (2,2),(0.,1.415),.PIECEWISE_BEZIER_KNOTS.);
#634 = CARTESIAN_POINT('',(0.,0.));
#635 = CARTESIAN_POINT('',(1.415,0.));
#636 = ( GEOMETRIC_REPRESENTATION_CONTEXT(2) 
PARAMETRIC_REPRESENTATION_CONTEXT() REPRESENTATION_CONTEXT('2D SPACE',''
  ) );
#637 = ORIENTED_EDGE('',*,*,#242,.F.);
#638 = FACE_BOUND('',#639,.F.);
#639 = EDGE_LOOP('',(#640));
#640 = ORIENTED_EDGE('',*,*,#641,.T.);
#641 = EDGE_CURVE('',#642,#642,#644,.T.);
#642 = VERTEX_POINT('',#643);
#643 = CARTESIAN_POINT('',(144.26,-86.15,-4.5E-02));
#644 = SURFACE_CURVE('',#645,(#653,#664),.PCURVE_S1.);
#645 = ( BOUNDED_CURVE() B_SPLINE_CURVE(2,(#646,#647,#648,#649,#650,#651
,#652),.UNSPECIFIED.,.T.,.F.) B_SPLINE_CURVE_WITH_KNOTS((1,2,2,2,2,1),(
    -2.094395102393,0.,2.094395102393,4.188790204786,6.28318530718,
8.377580409573),.UNSPECIFIED.) CURVE() GEOMETRIC_REPRESENTATION_ITEM() 
RATIONAL_B_SPLINE_CURVE((1.,0.5,1.,0.5,1.,0.5,1.)) REPRESENTATION_ITEM(
  '') );
#646 = CARTESIAN_POINT('',(144.26,-86.15,-4.5E-02));
#647 = CARTESIAN_POINT('',(143.39397459621,-86.15,-4.5E-02));
#648 = CARTESIAN_POINT('',(143.8269872981,-85.4,-4.5E-02));
#649 = CARTESIAN_POINT('',(144.26,-84.65,-4.5E-02));
#650 = CARTESIAN_POINT('',(144.69301270189,-85.4,-4.5E-02));
#651 = CARTESIAN_POINT('',(145.12602540378,-86.15,-4.5E-02));
#652 = CARTESIAN_POINT('',(144.26,-86.15,-4.5E-02));
#653 = PCURVE('',#115,#654);
#654 = DEFINITIONAL_REPRESENTATION('',(#655),#663);
#655 = ( BOUNDED_CURVE() B_SPLINE_CURVE(2,(#656,#657,#658,#659,#660,#661
,#662),.UNSPECIFIED.,.T.,.F.) B_SPLINE_CURVE_WITH_KNOTS((3,2,2,3),(0.,
    2.094395102393,4.188790204786,6.28318530718),
.PIECEWISE_BEZIER_KNOTS.) CURVE() GEOMETRIC_REPRESENTATION_ITEM() 
RATIONAL_B_SPLINE_CURVE((1.,0.5,1.,0.5,1.,0.5,1.)) REPRESENTATION_ITEM(
  '') );
#656 = CARTESIAN_POINT('',(144.26,-86.15));
#657 = CARTESIAN_POINT('',(143.39397459621,-86.15));
#658 = CARTESIAN_POINT('',(143.8269872981,-85.4));
#659 = CARTESIAN_POINT('',(144.26,-84.65));
#660 = CARTESIAN_POINT('',(144.69301270189,-85.4));
#661 = CARTESIAN_POINT('',(145.12602540378,-86.15));
#662 = CARTESIAN_POINT('',(144.26,-86.15));
#663 = ( GEOMETRIC_REPRESENTATION_CONTEXT(2) 
PARAMETRIC_REPRESENTATION_CONTEXT() REPRESENTATION_CONTEXT('2D SPACE',''
  ) );
#664 = PCURVE('',#665,#680);
#665 = ( BOUNDED_SURFACE() B_SPLINE_SURFACE(2,1,(
    (#666,#667)
    ,(#668,#669)
    ,(#670,#671)
    ,(#672,#673)
    ,(#674,#675)
    ,(#676,#677)
,(#678,#679
    )),.UNSPECIFIED.,.T.,.F.,.F.) B_SPLINE_SURFACE_WITH_KNOTS((1,2,2,2,2
    ,1),(2,2),(-2.094395102393,0.,2.094395102393,4.188790204786,
    6.28318530718,8.377580409573),(-1.556,-4.6E-02),.UNSPECIFIED.) 
GEOMETRIC_REPRESENTATION_ITEM() RATIONAL_B_SPLINE_SURFACE((
    (1.,1.)
    ,(0.5,0.5)
    ,(1.,1.)
    ,(0.5,0.5)
    ,(1.,1.)
    ,(0.5,0.5)
,(1.,1.))) REPRESENTATION_ITEM('') SURFACE() );
#666 = CARTESIAN_POINT('',(144.26,-86.15,1.555));
#667 = CARTESIAN_POINT('',(144.26,-86.15,-4.5E-02));
#668 = CARTESIAN_POINT('',(143.39397459621,-86.15,1.555));
#669 = CARTESIAN_POINT('',(143.39397459621,-86.15,-4.5E-02));
#670 = CARTESIAN_POINT('',(143.8269872981,-85.4,1.555));
#671 = CARTESIAN_POINT('',(143.8269872981,-85.4,-4.5E-02));
#672 = CARTESIAN_POINT('',(144.26,-84.65,1.555));
#673 = CARTESIAN_POINT('',(144.26,-84.65,-4.5E-02));
#674 = CARTESIAN_POINT('',(144.69301270189,-85.4,1.555));
#675 = CARTESIAN_POINT('',(144.69301270189,-85.4,-4.5E-02));
#676 = CARTESIAN_POINT('',(145.12602540378,-86.15,1.555));
#677 = CARTESIAN_POINT('',(145.12602540378,-86.15,-4.5E-02));
#678 = CARTESIAN_POINT('',(144.26,-86.15,1.555));
#679 = CARTESIAN_POINT('',(144.26,-86.15,-4.5E-02));
#680 = DEFINITIONAL_REPRESENTATION('',(#681),#689);
#681 = B_SPLINE_CURVE_WITH_KNOTS('',2,(#682,#683,#684,#685,#686,#687,
    #688),.UNSPECIFIED.,.F.,.F.,(3,2,2,3),(0.,2.094395102393,
    4.188790204786,6.28318530718),.PIECEWISE_BEZIER_KNOTS.);
#682 = CARTESIAN_POINT('',(0.,-4.6E-02));
#683 = CARTESIAN_POINT('',(1.047197551196,-4.6E-02));
#684 = CARTESIAN_POINT('',(2.094395102393,-4.6E-02));
#685 = CARTESIAN_POINT('',(3.14159265359,-4.6E-02));
#686 = CARTESIAN_POINT('',(4.188790204786,-4.6E-02));
#687 = CARTESIAN_POINT('',(5.235987755983,-4.6E-02));
#688 = CARTESIAN_POINT('',(6.28318530718,-4.6E-02));
#689 = ( GEOMETRIC_REPRESENTATION_CONTEXT(2) 
PARAMETRIC_REPRESENTATION_CONTEXT() REPRESENTATION_CONTEXT('2D SPACE',''
  ) );
#690 = FACE_BOUND('',#691,.F.);
#691 = EDGE_LOOP('',(#692));
#692 = ORIENTED_EDGE('',*,*,#693,.T.);
#693 = EDGE_CURVE('',#694,#694,#696,.T.);
#694 = VERTEX_POINT('',#695);
#695 = CARTESIAN_POINT('',(146.8,-86.15,-4.5E-02));
#696 = SURFACE_CURVE('',#697,(#705,#716),.PCURVE_S1.);
#697 = ( BOUNDED_CURVE() B_SPLINE_CURVE(2,(#698,#699,#700,#701,#702,#703
,#704),.UNSPECIFIED.,.T.,.F.) B_SPLINE_CURVE_WITH_KNOTS((1,2,2,2,2,1),(
    -2.094395102393,0.,2.094395102393,4.188790204786,6.28318530718,
8.377580409573),.UNSPECIFIED.) CURVE() GEOMETRIC_REPRESENTATION_ITEM() 
RATIONAL_B_SPLINE_CURVE((1.,0.5,1.,0.5,1.,0.5,1.)) REPRESENTATION_ITEM(
  '') );
#698 = CARTESIAN_POINT('',(146.8,-86.15,-4.5E-02));
#699 = CARTESIAN_POINT('',(145.93397459621,-86.15,-4.5E-02));
#700 = CARTESIAN_POINT('',(146.3669872981,-85.4,-4.5E-02));
#701 = CARTESIAN_POINT('',(146.8,-84.65,-4.5E-02));
#702 = CARTESIAN_POINT('',(147.23301270189,-85.4,-4.5E-02));
#703 = CARTESIAN_POINT('',(147.66602540378,-86.15,-4.5E-02));
#704 = CARTESIAN_POINT('',(146.8,-86.15,-4.5E-02));
#705 = PCURVE('',#115,#706);
#706 = DEFINITIONAL_REPRESENTATION('',(#707),#715);
#707 = ( BOUNDED_CURVE() B_SPLINE_CURVE(2,(#708,#709,#710,#711,#712,#713
,#714),.UNSPECIFIED.,.T.,.F.) B_SPLINE_CURVE_WITH_KNOTS((3,2,2,3),(0.,
    2.094395102393,4.188790204786,6.28318530718),
.PIECEWISE_BEZIER_KNOTS.) CURVE() GEOMETRIC_REPRESENTATION_ITEM() 
RATIONAL_B_SPLINE_CURVE((1.,0.5,1.,0.5,1.,0.5,1.)) REPRESENTATION_ITEM(
  '') );
#708 = CARTESIAN_POINT('',(146.8,-86.15));
#709 = CARTESIAN_POINT('',(145.93397459621,-86.15));
#710 = CARTESIAN_POINT('',(146.3669872981,-85.4));
#711 = CARTESIAN_POINT('',(146.8,-84.65));
#712 = CARTESIAN_POINT('',(147.23301270189,-85.4));
#713 = CARTESIAN_POINT('',(147.66602540378,-86.15));
#714 = CARTESIAN_POINT('',(146.8,-86.15));
#715 = ( GEOMETRIC_REPRESENTATION_CONTEXT(2) 
PARAMETRIC_REPRESENTATION_CONTEXT() REPRESENTATION_CONTEXT('2D SPACE',''
  ) );
#716 = PCURVE('',#717,#732);
#717 = ( BOUNDED_SURFACE() B_SPLINE_SURFACE(2,1,(
    (#718,#719)
    ,(#720,#721)
    ,(#722,#723)
    ,(#724,#725)
    ,(#726,#727)
    ,(#728,#729)
,(#730,#731
    )),.UNSPECIFIED.,.T.,.F.,.F.) B_SPLINE_SURFACE_WITH_KNOTS((1,2,2,2,2
    ,1),(2,2),(-2.094395102393,0.,2.094395102393,4.188790204786,
    6.28318530718,8.377580409573),(-1.556,-4.6E-02),.UNSPECIFIED.) 
GEOMETRIC_REPRESENTATION_ITEM() RATIONAL_B_SPLINE_SURFACE((
    (1.,1.)
    ,(0.5,0.5)
    ,(1.,1.)
    ,(0.5,0.5)
    ,(1.,1.)
    ,(0.5,0.5)
,(1.,1.))) REPRESENTATION_ITEM('') SURFACE() );
#718 = CARTESIAN_POINT('',(146.8,-86.15,1.555));
#719 = CARTESIAN_POINT('',(146.8,-86.15,-4.5E-02));
#720 = CARTESIAN_POINT('',(145.93397459621,-86.15,1.555));
#721 = CARTESIAN_POINT('',(145.93397459621,-86.15,-4.5E-02));
#722 = CARTESIAN_POINT('',(146.3669872981,-85.4,1.555));
#723 = CARTESIAN_POINT('',(146.3669872981,-85.4,-4.5E-02));
#724 = CARTESIAN_POINT('',(146.8,-84.65,1.555));
#725 = CARTESIAN_POINT('',(146.8,-84.65,-4.5E-02));
#726 = CARTESIAN_POINT('',(147.23301270189,-85.4,1.555));
#727 = CARTESIAN_POINT('',(147.23301270189,-85.4,-4.5E-02));
#728 = CARTESIAN_POINT('',(147.66602540378,-86.15,1.555));
#729 = CARTESIAN_POINT('',(147.66602540378,-86.15,-4.5E-02));
#730 = CARTESIAN_POINT('',(146.8,-86.15,1.555));
#731 = CARTESIAN_POINT('',(146.8,-86.15,-4.5E-02));
#732 = DEFINITIONAL_REPRESENTATION('',(#733),#741);
#733 = B_SPLINE_CURVE_WITH_KNOTS('',2,(#734,#735,#736,#737,#738,#739,
    #740),.UNSPECIFIED.,.F.,.F.,(3,2,2,3),(0.,2.094395102393,
    4.188790204786,6.28318530718),.PIECEWISE_BEZIER_KNOTS.);
#734 = CARTESIAN_POINT('',(0.,-4.6E-02));
#735 = CARTESIAN_POINT('',(1.047197551197,-4.6E-02));
#736 = CARTESIAN_POINT('',(2.094395102393,-4.6E-02));
#737 = CARTESIAN_POINT('',(3.14159265359,-4.6E-02));
#738 = CARTESIAN_POINT('',(4.188790204786,-4.6E-02));
#739 = CARTESIAN_POINT('',(5.235987755983,-4.6E-02));
#740 = CARTESIAN_POINT('',(6.28318530718,-4.6E-02));
#741 = ( GEOMETRIC_REPRESENTATION_CONTEXT(2) 
PARAMETRIC_REPRESENTATION_CONTEXT() REPRESENTATION_CONTEXT('2D SPACE',''
  ) );
#742 = FACE_BOUND('',#743,.F.);
#743 = EDGE_LOOP('',(#744));
#744 = ORIENTED_EDGE('',*,*,#745,.T.);
#745 = EDGE_CURVE('',#746,#746,#748,.T.);
#746 = VERTEX_POINT('',#747);
#747 = CARTESIAN_POINT('',(149.34,-86.15,-4.5E-02));
#748 = SURFACE_CURVE('',#749,(#757,#768),.PCURVE_S1.);
#749 = ( BOUNDED_CURVE() B_SPLINE_CURVE(2,(#750,#751,#752,#753,#754,#755
,#756),.UNSPECIFIED.,.T.,.F.) B_SPLINE_CURVE_WITH_KNOTS((1,2,2,2,2,1),(
    -2.094395102393,0.,2.094395102393,4.188790204786,6.28318530718,
8.377580409573),.UNSPECIFIED.) CURVE() GEOMETRIC_REPRESENTATION_ITEM() 
RATIONAL_B_SPLINE_CURVE((1.,0.5,1.,0.5,1.,0.5,1.)) REPRESENTATION_ITEM(
  '') );
#750 = CARTESIAN_POINT('',(149.34,-86.15,-4.5E-02));
#751 = CARTESIAN_POINT('',(148.47397459621,-86.15,-4.5E-02));
#752 = CARTESIAN_POINT('',(148.9069872981,-85.4,-4.5E-02));
#753 = CARTESIAN_POINT('',(149.34,-84.65,-4.5E-02));
#754 = CARTESIAN_POINT('',(149.77301270189,-85.4,-4.5E-02));
#755 = CARTESIAN_POINT('',(150.20602540378,-86.15,-4.5E-02));
#756 = CARTESIAN_POINT('',(149.34,-86.15,-4.5E-02));
#757 = PCURVE('',#115,#758);
#758 = DEFINITIONAL_REPRESENTATION('',(#759),#767);
#759 = ( BOUNDED_CURVE() B_SPLINE_CURVE(2,(#760,#761,#762,#763,#764,#765
,#766),.UNSPECIFIED.,.T.,.F.) B_SPLINE_CURVE_WITH_KNOTS((3,2,2,3),(0.,
    2.094395102393,4.188790204786,6.28318530718),
.PIECEWISE_BEZIER_KNOTS.) CURVE() GEOMETRIC_REPRESENTATION_ITEM() 
RATIONAL_B_SPLINE_CURVE((1.,0.5,1.,0.5,1.,0.5,1.)) REPRESENTATION_ITEM(
  '') );
#760 = CARTESIAN_POINT('',(149.34,-86.15));
#761 = CARTESIAN_POINT('',(148.47397459621,-86.15));
#762 = CARTESIAN_POINT('',(148.9069872981,-85.4));
#763 = CARTESIAN_POINT('',(149.34,-84.65));
#764 = CARTESIAN_POINT('',(149.77301270189,-85.4));
#765 = CARTESIAN_POINT('',(150.20602540378,-86.15));
#766 = CARTESIAN_POINT('',(149.34,-86.15));
#767 = ( GEOMETRIC_REPRESENTATION_CONTEXT(2) 
PARAMETRIC_REPRESENTATION_CONTEXT() REPRESENTATION_CONTEXT('2D SPACE',''
  ) );
#768 = PCURVE('',#769,#784);
#769 = ( BOUNDED_SURFACE() B_SPLINE_SURFACE(2,1,(
    (#770,#771)
    ,(#772,#773)
    ,(#774,#775)
    ,(#776,#777)
    ,(#778,#779)
    ,(#780,#781)
,(#782,#783
    )),.UNSPECIFIED.,.T.,.F.,.F.) B_SPLINE_SURFACE_WITH_KNOTS((1,2,2,2,2
    ,1),(2,2),(-2.094395102393,0.,2.094395102393,4.188790204786,
    6.28318530718,8.377580409573),(-1.556,-4.6E-02),.UNSPECIFIED.) 
GEOMETRIC_REPRESENTATION_ITEM() RATIONAL_B_SPLINE_SURFACE((
    (1.,1.)
    ,(0.5,0.5)
    ,(1.,1.)
    ,(0.5,0.5)
    ,(1.,1.)
    ,(0.5,0.5)
,(1.,1.))) REPRESENTATION_ITEM('') SURFACE() );
#770 = CARTESIAN_POINT('',(149.34,-86.15,1.555));
#771 = CARTESIAN_POINT('',(149.34,-86.15,-4.5E-02));
#772 = CARTESIAN_POINT('',(148.47397459621,-86.15,1.555));
#773 = CARTESIAN_POINT('',(148.47397459621,-86.15,-4.5E-02));
#774 = CARTESIAN_POINT('',(148.9069872981,-85.4,1.555));
#775 = CARTESIAN_POINT('',(148.9069872981,-85.4,-4.5E-02));
#776 = CARTESIAN_POINT('',(149.34,-84.65,1.555));
#777 = CARTESIAN_POINT('',(149.34,-84.65,-4.5E-02));
#778 = CARTESIAN_POINT('',(149.77301270189,-85.4,1.555));
#779 = CARTESIAN_POINT('',(149.77301270189,-85.4,-4.5E-02));
#780 = CARTESIAN_POINT('',(150.20602540378,-86.15,1.555));
#781 = CARTESIAN_POINT('',(150.20602540378,-86.15,-4.5E-02));
#782 = CARTESIAN_POINT('',(149.34,-86.15,1.555));
#783 = CARTESIAN_POINT('',(149.34,-86.15,-4.5E-02));
#784 = DEFINITIONAL_REPRESENTATION('',(#785),#793);
#785 = B_SPLINE_CURVE_WITH_KNOTS('',2,(#786,#787,#788,#789,#790,#791,
    #792),.UNSPECIFIED.,.F.,.F.,(3,2,2,3),(0.,2.094395102393,
    4.188790204786,6.28318530718),.PIECEWISE_BEZIER_KNOTS.);
#786 = CARTESIAN_POINT('',(0.,-4.6E-02));
#787 = CARTESIAN_POINT('',(1.047197551197,-4.6E-02));
#788 = CARTESIAN_POINT('',(2.094395102393,-4.6E-02));
#789 = CARTESIAN_POINT('',(3.14159265359,-4.6E-02));
#790 = CARTESIAN_POINT('',(4.188790204786,-4.6E-02));
#791 = CARTESIAN_POINT('',(5.235987755983,-4.6E-02));
#792 = CARTESIAN_POINT('',(6.28318530718,-4.6E-02));
#793 = ( GEOMETRIC_REPRESENTATION_CONTEXT(2) 
PARAMETRIC_REPRESENTATION_CONTEXT() REPRESENTATION_CONTEXT('2D SPACE',''
  ) );
#794 = FACE_BOUND('',#795,.F.);
#795 = EDGE_LOOP('',(#796));
#796 = ORIENTED_EDGE('',*,*,#797,.T.);
#797 = EDGE_CURVE('',#798,#798,#800,.T.);
#798 = VERTEX_POINT('',#799);
#799 = CARTESIAN_POINT('',(151.88,-86.15,-4.5E-02));
#800 = SURFACE_CURVE('',#801,(#809,#820),.PCURVE_S1.);
#801 = ( BOUNDED_CURVE() B_SPLINE_CURVE(2,(#802,#803,#804,#805,#806,#807
,#808),.UNSPECIFIED.,.T.,.F.) B_SPLINE_CURVE_WITH_KNOTS((1,2,2,2,2,1),(
    -2.094395102393,0.,2.094395102393,4.188790204786,6.28318530718,
8.377580409573),.UNSPECIFIED.) CURVE() GEOMETRIC_REPRESENTATION_ITEM() 
RATIONAL_B_SPLINE_CURVE((1.,0.5,1.,0.5,1.,0.5,1.)) REPRESENTATION_ITEM(
  '') );
#802 = CARTESIAN_POINT('',(151.88,-86.15,-4.5E-02));
#803 = CARTESIAN_POINT('',(151.01397459621,-86.15,-4.5E-02));
#804 = CARTESIAN_POINT('',(151.4469872981,-85.4,-4.5E-02));
#805 = CARTESIAN_POINT('',(151.88,-84.65,-4.5E-02));
#806 = CARTESIAN_POINT('',(152.31301270189,-85.4,-4.5E-02));
#807 = CARTESIAN_POINT('',(152.74602540378,-86.15,-4.5E-02));
#808 = CARTESIAN_POINT('',(151.88,-86.15,-4.5E-02));
#809 = PCURVE('',#115,#810);
#810 = DEFINITIONAL_REPRESENTATION('',(#811),#819);
#811 = ( BOUNDED_CURVE() B_SPLINE_CURVE(2,(#812,#813,#814,#815,#816,#817
,#818),.UNSPECIFIED.,.T.,.F.) B_SPLINE_CURVE_WITH_KNOTS((3,2,2,3),(0.,
    2.094395102393,4.188790204786,6.28318530718),
.PIECEWISE_BEZIER_KNOTS.) CURVE() GEOMETRIC_REPRESENTATION_ITEM() 
RATIONAL_B_SPLINE_CURVE((1.,0.5,1.,0.5,1.,0.5,1.)) REPRESENTATION_ITEM(
  '') );
#812 = CARTESIAN_POINT('',(151.88,-86.15));
#813 = CARTESIAN_POINT('',(151.01397459621,-86.15));
#814 = CARTESIAN_POINT('',(151.4469872981,-85.4));
#815 = CARTESIAN_POINT('',(151.88,-84.65));
#816 = CARTESIAN_POINT('',(152.31301270189,-85.4));
#817 = CARTESIAN_POINT('',(152.74602540378,-86.15));
#818 = CARTESIAN_POINT('',(151.88,-86.15));
#819 = ( GEOMETRIC_REPRESENTATION_CONTEXT(2) 
PARAMETRIC_REPRESENTATION_CONTEXT() REPRESENTATION_CONTEXT('2D SPACE',''
  ) );
#820 = PCURVE('',#821,#836);
#821 = ( BOUNDED_SURFACE() B_SPLINE_SURFACE(2,1,(
    (#822,#823)
    ,(#824,#825)
    ,(#826,#827)
    ,(#828,#829)
    ,(#830,#831)
    ,(#832,#833)
,(#834,#835
    )),.UNSPECIFIED.,.T.,.F.,.F.) B_SPLINE_SURFACE_WITH_KNOTS((1,2,2,2,2
    ,1),(2,2),(-2.094395102393,0.,2.094395102393,4.188790204786,
    6.28318530718,8.377580409573),(-1.556,-4.6E-02),.UNSPECIFIED.) 
GEOMETRIC_REPRESENTATION_ITEM() RATIONAL_B_SPLINE_SURFACE((
    (1.,1.)
    ,(0.5,0.5)
    ,(1.,1.)
    ,(0.5,0.5)
    ,(1.,1.)
    ,(0.5,0.5)
,(1.,1.))) REPRESENTATION_ITEM('') SURFACE() );
#822 = CARTESIAN_POINT('',(151.88,-86.15,1.555));
#823 = CARTESIAN_POINT('',(151.88,-86.15,-4.5E-02));
#824 = CARTESIAN_POINT('',(151.01397459621,-86.15,1.555));
#825 = CARTESIAN_POINT('',(151.01397459621,-86.15,-4.5E-02));
#826 = CARTESIAN_POINT('',(151.4469872981,-85.4,1.555));
#827 = CARTESIAN_POINT('',(151.4469872981,-85.4,-4.5E-02));
#828 = CARTESIAN_POINT('',(151.88,-84.65,1.555));
#829 = CARTESIAN_POINT('',(151.88,-84.65,-4.5E-02));
#830 = CARTESIAN_POINT('',(152.31301270189,-85.4,1.555));
#831 = CARTESIAN_POINT('',(152.31301270189,-85.4,-4.5E-02));
#832 = CARTESIAN_POINT('',(152.74602540378,-86.15,1.555));
#833 = CARTESIAN_POINT('',(152.74602540378,-86.15,-4.5E-02));
#834 = CARTESIAN_POINT('',(151.88,-86.15,1.555));
#835 = CARTESIAN_POINT('',(151.88,-86.15,-4.5E-02));
#836 = DEFINITIONAL_REPRESENTATION('',(#837),#845);
#837 = B_SPLINE_CURVE_WITH_KNOTS('',2,(#838,#839,#840,#841,#842,#843,
    #844),.UNSPECIFIED.,.F.,.F.,(3,2,2,3),(0.,2.094395102393,
    4.188790204786,6.28318530718),.PIECEWISE_BEZIER_KNOTS.);
#838 = CARTESIAN_POINT('',(0.,-4.6E-02));
#839 = CARTESIAN_POINT('',(1.047197551197,-4.6E-02));
#840 = CARTESIAN_POINT('',(2.094395102393,-4.6E-02));
#841 = CARTESIAN_POINT('',(3.14159265359,-4.6E-02));
#842 = CARTESIAN_POINT('',(4.188790204786,-4.6E-02));
#843 = CARTESIAN_POINT('',(5.235987755983,-4.6E-02));
#844 = CARTESIAN_POINT('',(6.28318530718,-4.6E-02));
#845 = ( GEOMETRIC_REPRESENTATION_CONTEXT(2) 
PARAMETRIC_REPRESENTATION_CONTEXT() REPRESENTATION_CONTEXT('2D SPACE',''
  ) );
#846 = FACE_BOUND('',#847,.F.);
#847 = EDGE_LOOP('',(#848));
#848 = ORIENTED_EDGE('',*,*,#849,.T.);
#849 = EDGE_CURVE('',#850,#850,#852,.T.);
#850 = VERTEX_POINT('',#851);
#851 = CARTESIAN_POINT('',(156.92,-86.47,-4.5E-02));
#852 = SURFACE_CURVE('',#853,(#861,#872),.PCURVE_S1.);
#853 = ( BOUNDED_CURVE() B_SPLINE_CURVE(2,(#854,#855,#856,#857,#858,#859
,#860),.UNSPECIFIED.,.T.,.F.) B_SPLINE_CURVE_WITH_KNOTS((1,2,2,2,2,1),(
    -2.094395102393,0.,2.094395102393,4.188790204786,6.28318530718,
8.377580409573),.UNSPECIFIED.) CURVE() GEOMETRIC_REPRESENTATION_ITEM() 
RATIONAL_B_SPLINE_CURVE((1.,0.5,1.,0.5,1.,0.5,1.)) REPRESENTATION_ITEM(
  '') );
#854 = CARTESIAN_POINT('',(156.92,-86.47,-4.5E-02));
#855 = CARTESIAN_POINT('',(156.35708348754,-86.47,-4.5E-02));
#856 = CARTESIAN_POINT('',(156.63854174377,-85.9825,-4.5E-02));
#857 = CARTESIAN_POINT('',(156.92,-85.495,-4.5E-02));
#858 = CARTESIAN_POINT('',(157.20145825623,-85.9825,-4.5E-02));
#859 = CARTESIAN_POINT('',(157.48291651246,-86.47,-4.5E-02));
#860 = CARTESIAN_POINT('',(156.92,-86.47,-4.5E-02));
#861 = PCURVE('',#115,#862);
#862 = DEFINITIONAL_REPRESENTATION('',(#863),#871);
#863 = ( BOUNDED_CURVE() B_SPLINE_CURVE(2,(#864,#865,#866,#867,#868,#869
,#870),.UNSPECIFIED.,.T.,.F.) B_SPLINE_CURVE_WITH_KNOTS((3,2,2,3),(0.,
    2.094395102393,4.188790204786,6.28318530718),
.PIECEWISE_BEZIER_KNOTS.) CURVE() GEOMETRIC_REPRESENTATION_ITEM() 
RATIONAL_B_SPLINE_CURVE((1.,0.5,1.,0.5,1.,0.5,1.)) REPRESENTATION_ITEM(
  '') );
#864 = CARTESIAN_POINT('',(156.92,-86.47));
#865 = CARTESIAN_POINT('',(156.35708348754,-86.47));
#866 = CARTESIAN_POINT('',(156.63854174377,-85.9825));
#867 = CARTESIAN_POINT('',(156.92,-85.495));
#868 = CARTESIAN_POINT('',(157.20145825623,-85.9825));
#869 = CARTESIAN_POINT('',(157.48291651246,-86.47));
#870 = CARTESIAN_POINT('',(156.92,-86.47));
#871 = ( GEOMETRIC_REPRESENTATION_CONTEXT(2) 
PARAMETRIC_REPRESENTATION_CONTEXT() REPRESENTATION_CONTEXT('2D SPACE',''
  ) );
#872 = PCURVE('',#873,#888);
#873 = ( BOUNDED_SURFACE() B_SPLINE_SURFACE(2,1,(
    (#874,#875)
    ,(#876,#877)
    ,(#878,#879)
    ,(#880,#881)
    ,(#882,#883)
    ,(#884,#885)
,(#886,#887
    )),.UNSPECIFIED.,.T.,.F.,.F.) B_SPLINE_SURFACE_WITH_KNOTS((1,2,2,2,2
    ,1),(2,2),(-2.094395102393,0.,2.094395102393,4.188790204786,
    6.28318530718,8.377580409573),(-1.556,-4.6E-02),.UNSPECIFIED.) 
GEOMETRIC_REPRESENTATION_ITEM() RATIONAL_B_SPLINE_SURFACE((
    (1.,1.)
    ,(0.5,0.5)
    ,(1.,1.)
    ,(0.5,0.5)
    ,(1.,1.)
    ,(0.5,0.5)
,(1.,1.))) REPRESENTATION_ITEM('') SURFACE() );
#874 = CARTESIAN_POINT('',(156.92,-86.47,1.555));
#875 = CARTESIAN_POINT('',(156.92,-86.47,-4.5E-02));
#876 = CARTESIAN_POINT('',(156.35708348754,-86.47,1.555));
#877 = CARTESIAN_POINT('',(156.35708348754,-86.47,-4.5E-02));
#878 = CARTESIAN_POINT('',(156.63854174377,-85.9825,1.555));
#879 = CARTESIAN_POINT('',(156.63854174377,-85.9825,-4.5E-02));
#880 = CARTESIAN_POINT('',(156.92,-85.495,1.555));
#881 = CARTESIAN_POINT('',(156.92,-85.495,-4.5E-02));
#882 = CARTESIAN_POINT('',(157.20145825623,-85.9825,1.555));
#883 = CARTESIAN_POINT('',(157.20145825623,-85.9825,-4.5E-02));
#884 = CARTESIAN_POINT('',(157.48291651246,-86.47,1.555));
#885 = CARTESIAN_POINT('',(157.48291651246,-86.47,-4.5E-02));
#886 = CARTESIAN_POINT('',(156.92,-86.47,1.555));
#887 = CARTESIAN_POINT('',(156.92,-86.47,-4.5E-02));
#888 = DEFINITIONAL_REPRESENTATION('',(#889),#897);
#889 = B_SPLINE_CURVE_WITH_KNOTS('',2,(#890,#891,#892,#893,#894,#895,
    #896),.UNSPECIFIED.,.F.,.F.,(3,2,2,3),(0.,2.094395102393,
    4.188790204786,6.28318530718),.PIECEWISE_BEZIER_KNOTS.);
#890 = CARTESIAN_POINT('',(0.,-4.6E-02));
#891 = CARTESIAN_POINT('',(1.047197551197,-4.6E-02));
#892 = CARTESIAN_POINT('',(2.094395102393,-4.6E-02));
#893 = CARTESIAN_POINT('',(3.14159265359,-4.6E-02));
#894 = CARTESIAN_POINT('',(4.188790204786,-4.6E-02));
#895 = CARTESIAN_POINT('',(5.235987755983,-4.6E-02));
#896 = CARTESIAN_POINT('',(6.28318530718,-4.6E-02));
#897 = ( GEOMETRIC_REPRESENTATION_CONTEXT(2) 
PARAMETRIC_REPRESENTATION_CONTEXT() REPRESENTATION_CONTEXT('2D SPACE',''
  ) );
#898 = FACE_BOUND('',#899,.F.);
#899 = EDGE_LOOP('',(#900));
#900 = ORIENTED_EDGE('',*,*,#901,.T.);
#901 = EDGE_CURVE('',#902,#902,#904,.T.);
#902 = VERTEX_POINT('',#903);
#903 = CARTESIAN_POINT('',(158.19,-86.47,-4.5E-02));
#904 = SURFACE_CURVE('',#905,(#913,#924),.PCURVE_S1.);
#905 = ( BOUNDED_CURVE() B_SPLINE_CURVE(2,(#906,#907,#908,#909,#910,#911
,#912),.UNSPECIFIED.,.T.,.F.) B_SPLINE_CURVE_WITH_KNOTS((1,2,2,2,2,1),(
    -2.094395102393,0.,2.094395102393,4.188790204786,6.28318530718,
8.377580409573),.UNSPECIFIED.) CURVE() GEOMETRIC_REPRESENTATION_ITEM() 
RATIONAL_B_SPLINE_CURVE((1.,0.5,1.,0.5,1.,0.5,1.)) REPRESENTATION_ITEM(
  '') );
#906 = CARTESIAN_POINT('',(158.19,-86.47,-4.5E-02));
#907 = CARTESIAN_POINT('',(157.62708348754,-86.47,-4.5E-02));
#908 = CARTESIAN_POINT('',(157.90854174377,-85.9825,-4.5E-02));
#909 = CARTESIAN_POINT('',(158.19,-85.495,-4.5E-02));
#910 = CARTESIAN_POINT('',(158.47145825623,-85.9825,-4.5E-02));
#911 = CARTESIAN_POINT('',(158.75291651246,-86.47,-4.5E-02));
#912 = CARTESIAN_POINT('',(158.19,-86.47,-4.5E-02));
#913 = PCURVE('',#115,#914);
#914 = DEFINITIONAL_REPRESENTATION('',(#915),#923);
#915 = ( BOUNDED_CURVE() B_SPLINE_CURVE(2,(#916,#917,#918,#919,#920,#921
,#922),.UNSPECIFIED.,.T.,.F.) B_SPLINE_CURVE_WITH_KNOTS((3,2,2,3),(0.,
    2.094395102393,4.188790204786,6.28318530718),
.PIECEWISE_BEZIER_KNOTS.) CURVE() GEOMETRIC_REPRESENTATION_ITEM() 
RATIONAL_B_SPLINE_CURVE((1.,0.5,1.,0.5,1.,0.5,1.)) REPRESENTATION_ITEM(
  '') );
#916 = CARTESIAN_POINT('',(158.19,-86.47));
#917 = CARTESIAN_POINT('',(157.62708348754,-86.47));
#918 = CARTESIAN_POINT('',(157.90854174377,-85.9825));
#919 = CARTESIAN_POINT('',(158.19,-85.495));
#920 = CARTESIAN_POINT('',(158.47145825623,-85.9825));
#921 = CARTESIAN_POINT('',(158.75291651246,-86.47));
#922 = CARTESIAN_POINT('',(158.19,-86.47));
#923 = ( GEOMETRIC_REPRESENTATION_CONTEXT(2) 
PARAMETRIC_REPRESENTATION_CONTEXT() REPRESENTATION_CONTEXT('2D SPACE',''
  ) );
#924 = PCURVE('',#925,#940);
#925 = ( BOUNDED_SURFACE() B_SPLINE_SURFACE(2,1,(
    (#926,#927)
    ,(#928,#929)
    ,(#930,#931)
    ,(#932,#933)
    ,(#934,#935)
    ,(#936,#937)
,(#938,#939
    )),.UNSPECIFIED.,.T.,.F.,.F.) B_SPLINE_SURFACE_WITH_KNOTS((1,2,2,2,2
    ,1),(2,2),(-2.094395102393,0.,2.094395102393,4.188790204786,
    6.28318530718,8.377580409573),(-1.556,-4.6E-02),.UNSPECIFIED.) 
GEOMETRIC_REPRESENTATION_ITEM() RATIONAL_B_SPLINE_SURFACE((
    (1.,1.)
    ,(0.5,0.5)
    ,(1.,1.)
    ,(0.5,0.5)
    ,(1.,1.)
    ,(0.5,0.5)
,(1.,1.))) REPRESENTATION_ITEM('') SURFACE() );
#926 = CARTESIAN_POINT('',(158.19,-86.47,1.555));
#927 = CARTESIAN_POINT('',(158.19,-86.47,-4.5E-02));
#928 = CARTESIAN_POINT('',(157.62708348754,-86.47,1.555));
#929 = CARTESIAN_POINT('',(157.62708348754,-86.47,-4.5E-02));
#930 = CARTESIAN_POINT('',(157.90854174377,-85.9825,1.555));
#931 = CARTESIAN_POINT('',(157.90854174377,-85.9825,-4.5E-02));
#932 = CARTESIAN_POINT('',(158.19,-85.495,1.555));
#933 = CARTESIAN_POINT('',(158.19,-85.495,-4.5E-02));
#934 = CARTESIAN_POINT('',(158.47145825623,-85.9825,1.555));
#935 = CARTESIAN_POINT('',(158.47145825623,-85.9825,-4.5E-02));
#936 = CARTESIAN_POINT('',(158.75291651246,-86.47,1.555));
#937 = CARTESIAN_POINT('',(158.75291651246,-86.47,-4.5E-02));
#938 = CARTESIAN_POINT('',(158.19,-86.47,1.555));
#939 = CARTESIAN_POINT('',(158.19,-86.47,-4.5E-02));
#940 = DEFINITIONAL_REPRESENTATION('',(#941),#949);
#941 = B_SPLINE_CURVE_WITH_KNOTS('',2,(#942,#943,#944,#945,#946,#947,
    #948),.UNSPECIFIED.,.F.,.F.,(3,2,2,3),(0.,2.094395102393,
    4.188790204786,6.28318530718),.PIECEWISE_BEZIER_KNOTS.);
#942 = CARTESIAN_POINT('',(0.,-4.6E-02));
#943 = CARTESIAN_POINT('',(1.047197551196,-4.6E-02));
#944 = CARTESIAN_POINT('',(2.094395102393,-4.6E-02));
#945 = CARTESIAN_POINT('',(3.14159265359,-4.6E-02));
#946 = CARTESIAN_POINT('',(4.188790204786,-4.6E-02));
#947 = CARTESIAN_POINT('',(5.235987755983,-4.6E-02));
#948 = CARTESIAN_POINT('',(6.28318530718,-4.6E-02));
#949 = ( GEOMETRIC_REPRESENTATION_CONTEXT(2) 
PARAMETRIC_REPRESENTATION_CONTEXT() REPRESENTATION_CONTEXT('2D SPACE',''
  ) );
#950 = FACE_BOUND('',#951,.F.);
#951 = EDGE_LOOP('',(#952));
#952 = ORIENTED_EDGE('',*,*,#953,.T.);
#953 = EDGE_CURVE('',#954,#954,#956,.T.);
#954 = VERTEX_POINT('',#955);
#955 = CARTESIAN_POINT('',(159.46,-86.47,-4.5E-02));
#956 = SURFACE_CURVE('',#957,(#965,#976),.PCURVE_S1.);
#957 = ( BOUNDED_CURVE() B_SPLINE_CURVE(2,(#958,#959,#960,#961,#962,#963
,#964),.UNSPECIFIED.,.T.,.F.) B_SPLINE_CURVE_WITH_KNOTS((1,2,2,2,2,1),(
    -2.094395102393,0.,2.094395102393,4.188790204786,6.28318530718,
8.377580409573),.UNSPECIFIED.) CURVE() GEOMETRIC_REPRESENTATION_ITEM() 
RATIONAL_B_SPLINE_CURVE((1.,0.5,1.,0.5,1.,0.5,1.)) REPRESENTATION_ITEM(
  '') );
#958 = CARTESIAN_POINT('',(159.46,-86.47,-4.5E-02));
#959 = CARTESIAN_POINT('',(158.89708348754,-86.47,-4.5E-02));
#960 = CARTESIAN_POINT('',(159.17854174377,-85.9825,-4.5E-02));
#961 = CARTESIAN_POINT('',(159.46,-85.495,-4.5E-02));
#962 = CARTESIAN_POINT('',(159.74145825623,-85.9825,-4.5E-02));
#963 = CARTESIAN_POINT('',(160.02291651246,-86.47,-4.5E-02));
#964 = CARTESIAN_POINT('',(159.46,-86.47,-4.5E-02));
#965 = PCURVE('',#115,#966);
#966 = DEFINITIONAL_REPRESENTATION('',(#967),#975);
#967 = ( BOUNDED_CURVE() B_SPLINE_CURVE(2,(#968,#969,#970,#971,#972,#973
,#974),.UNSPECIFIED.,.T.,.F.) B_SPLINE_CURVE_WITH_KNOTS((3,2,2,3),(0.,
    2.094395102393,4.188790204786,6.28318530718),
.PIECEWISE_BEZIER_KNOTS.) CURVE() GEOMETRIC_REPRESENTATION_ITEM() 
RATIONAL_B_SPLINE_CURVE((1.,0.5,1.,0.5,1.,0.5,1.)) REPRESENTATION_ITEM(
  '') );
#968 = CARTESIAN_POINT('',(159.46,-86.47));
#969 = CARTESIAN_POINT('',(158.89708348754,-86.47));
#970 = CARTESIAN_POINT('',(159.17854174377,-85.9825));
#971 = CARTESIAN_POINT('',(159.46,-85.495));
#972 = CARTESIAN_POINT('',(159.74145825623,-85.9825));
#973 = CARTESIAN_POINT('',(160.02291651246,-86.47));
#974 = CARTESIAN_POINT('',(159.46,-86.47));
#975 = ( GEOMETRIC_REPRESENTATION_CONTEXT(2) 
PARAMETRIC_REPRESENTATION_CONTEXT() REPRESENTATION_CONTEXT('2D SPACE',''
  ) );
#976 = PCURVE('',#977,#992);
#977 = ( BOUNDED_SURFACE() B_SPLINE_SURFACE(2,1,(
    (#978,#979)
    ,(#980,#981)
    ,(#982,#983)
    ,(#984,#985)
    ,(#986,#987)
    ,(#988,#989)
,(#990,#991
    )),.UNSPECIFIED.,.T.,.F.,.F.) B_SPLINE_SURFACE_WITH_KNOTS((1,2,2,2,2
    ,1),(2,2),(-2.094395102393,0.,2.094395102393,4.188790204786,
    6.28318530718,8.377580409573),(-1.556,-4.6E-02),.UNSPECIFIED.) 
GEOMETRIC_REPRESENTATION_ITEM() RATIONAL_B_SPLINE_SURFACE((
    (1.,1.)
    ,(0.5,0.5)
    ,(1.,1.)
    ,(0.5,0.5)
    ,(1.,1.)
    ,(0.5,0.5)
,(1.,1.))) REPRESENTATION_ITEM('') SURFACE() );
#978 = CARTESIAN_POINT('',(159.46,-86.47,1.555));
#979 = CARTESIAN_POINT('',(159.46,-86.47,-4.5E-02));
#980 = CARTESIAN_POINT('',(158.89708348754,-86.47,1.555));
#981 = CARTESIAN_POINT('',(158.89708348754,-86.47,-4.5E-02));
#982 = CARTESIAN_POINT('',(159.17854174377,-85.9825,1.555));
#983 = CARTESIAN_POINT('',(159.17854174377,-85.9825,-4.5E-02));
#984 = CARTESIAN_POINT('',(159.46,-85.495,1.555));
#985 = CARTESIAN_POINT('',(159.46,-85.495,-4.5E-02));
#986 = CARTESIAN_POINT('',(159.74145825623,-85.9825,1.555));
#987 = CARTESIAN_POINT('',(159.74145825623,-85.9825,-4.5E-02));
#988 = CARTESIAN_POINT('',(160.02291651246,-86.47,1.555));
#989 = CARTESIAN_POINT('',(160.02291651246,-86.47,-4.5E-02));
#990 = CARTESIAN_POINT('',(159.46,-86.47,1.555));
#991 = CARTESIAN_POINT('',(159.46,-86.47,-4.5E-02));
#992 = DEFINITIONAL_REPRESENTATION('',(#993),#1001);
#993 = B_SPLINE_CURVE_WITH_KNOTS('',2,(#994,#995,#996,#997,#998,#999,
    #1000),.UNSPECIFIED.,.F.,.F.,(3,2,2,3),(0.,2.094395102393,
    4.188790204786,6.28318530718),.PIECEWISE_BEZIER_KNOTS.);
#994 = CARTESIAN_POINT('',(0.,-4.6E-02));
#995 = CARTESIAN_POINT('',(1.047197551197,-4.6E-02));
#996 = CARTESIAN_POINT('',(2.094395102393,-4.6E-02));
#997 = CARTESIAN_POINT('',(3.14159265359,-4.6E-02));
#998 = CARTESIAN_POINT('',(4.188790204786,-4.6E-02));
#999 = CARTESIAN_POINT('',(5.235987755983,-4.6E-02));
#1000 = CARTESIAN_POINT('',(6.28318530718,-4.6E-02));
#1001 = ( GEOMETRIC_REPRESENTATION_CONTEXT(2) 
PARAMETRIC_REPRESENTATION_CONTEXT() REPRESENTATION_CONTEXT('2D SPACE',''
  ) );
#1002 = FACE_BOUND('',#1003,.F.);
#1003 = EDGE_LOOP('',(#1004));
#1004 = ORIENTED_EDGE('',*,*,#1005,.T.);
#1005 = EDGE_CURVE('',#1006,#1006,#1008,.T.);
#1006 = VERTEX_POINT('',#1007);
#1007 = CARTESIAN_POINT('',(160.73,-86.47,-4.5E-02));
#1008 = SURFACE_CURVE('',#1009,(#1017,#1028),.PCURVE_S1.);
#1009 = ( BOUNDED_CURVE() B_SPLINE_CURVE(2,(#1010,#1011,#1012,#1013,
#1014,#1015,#1016),.UNSPECIFIED.,.T.,.F.) B_SPLINE_CURVE_WITH_KNOTS((1,2
    ,2,2,2,1),(-2.094395102393,0.,2.094395102393,4.188790204786,
6.28318530718,8.377580409573),.UNSPECIFIED.) CURVE() 
GEOMETRIC_REPRESENTATION_ITEM() RATIONAL_B_SPLINE_CURVE((1.,0.5,1.,0.5,
1.,0.5,1.)) REPRESENTATION_ITEM('') );
#1010 = CARTESIAN_POINT('',(160.73,-86.47,-4.5E-02));
#1011 = CARTESIAN_POINT('',(160.16708348754,-86.47,-4.5E-02));
#1012 = CARTESIAN_POINT('',(160.44854174377,-85.9825,-4.5E-02));
#1013 = CARTESIAN_POINT('',(160.73,-85.495,-4.5E-02));
#1014 = CARTESIAN_POINT('',(161.01145825623,-85.9825,-4.5E-02));
#1015 = CARTESIAN_POINT('',(161.29291651246,-86.47,-4.5E-02));
#1016 = CARTESIAN_POINT('',(160.73,-86.47,-4.5E-02));
#1017 = PCURVE('',#115,#1018);
#1018 = DEFINITIONAL_REPRESENTATION('',(#1019),#1027);
#1019 = ( BOUNDED_CURVE() B_SPLINE_CURVE(2,(#1020,#1021,#1022,#1023,
#1024,#1025,#1026),.UNSPECIFIED.,.T.,.F.) B_SPLINE_CURVE_WITH_KNOTS((3,2
    ,2,3),(0.,2.094395102393,4.188790204786,6.28318530718),
.PIECEWISE_BEZIER_KNOTS.) CURVE() GEOMETRIC_REPRESENTATION_ITEM() 
RATIONAL_B_SPLINE_CURVE((1.,0.5,1.,0.5,1.,0.5,1.)) REPRESENTATION_ITEM(
  '') );
#1020 = CARTESIAN_POINT('',(160.73,-86.47));
#1021 = CARTESIAN_POINT('',(160.16708348754,-86.47));
#1022 = CARTESIAN_POINT('',(160.44854174377,-85.9825));
#1023 = CARTESIAN_POINT('',(160.73,-85.495));
#1024 = CARTESIAN_POINT('',(161.01145825623,-85.9825));
#1025 = CARTESIAN_POINT('',(161.29291651246,-86.47));
#1026 = CARTESIAN_POINT('',(160.73,-86.47));
#1027 = ( GEOMETRIC_REPRESENTATION_CONTEXT(2) 
PARAMETRIC_REPRESENTATION_CONTEXT() REPRESENTATION_CONTEXT('2D SPACE',''
  ) );
#1028 = PCURVE('',#1029,#1044);
#1029 = ( BOUNDED_SURFACE() B_SPLINE_SURFACE(2,1,(
    (#1030,#1031)
    ,(#1032,#1033)
    ,(#1034,#1035)
    ,(#1036,#1037)
    ,(#1038,#1039)
    ,(#1040,#1041)
    ,(#1042,#1043
)),.UNSPECIFIED.,.T.,.F.,.F.) B_SPLINE_SURFACE_WITH_KNOTS((1,2,2,2,2,1),
  (2,2),(-2.094395102393,0.,2.094395102393,4.188790204786,6.28318530718,
    8.377580409573),(-1.556,-4.6E-02),.UNSPECIFIED.) 
GEOMETRIC_REPRESENTATION_ITEM() RATIONAL_B_SPLINE_SURFACE((
    (1.,1.)
    ,(0.5,0.5)
    ,(1.,1.)
    ,(0.5,0.5)
    ,(1.,1.)
    ,(0.5,0.5)
,(1.,1.))) REPRESENTATION_ITEM('') SURFACE() );
#1030 = CARTESIAN_POINT('',(160.73,-86.47,1.555));
#1031 = CARTESIAN_POINT('',(160.73,-86.47,-4.5E-02));
#1032 = CARTESIAN_POINT('',(160.16708348754,-86.47,1.555));
#1033 = CARTESIAN_POINT('',(160.16708348754,-86.47,-4.5E-02));
#1034 = CARTESIAN_POINT('',(160.44854174377,-85.9825,1.555));
#1035 = CARTESIAN_POINT('',(160.44854174377,-85.9825,-4.5E-02));
#1036 = CARTESIAN_POINT('',(160.73,-85.495,1.555));
#1037 = CARTESIAN_POINT('',(160.73,-85.495,-4.5E-02));
#1038 = CARTESIAN_POINT('',(161.01145825623,-85.9825,1.555));
#1039 = CARTESIAN_POINT('',(161.01145825623,-85.9825,-4.5E-02));
#1040 = CARTESIAN_POINT('',(161.29291651246,-86.47,1.555));
#1041 = CARTESIAN_POINT('',(161.29291651246,-86.47,-4.5E-02));
#1042 = CARTESIAN_POINT('',(160.73,-86.47,1.555));
#1043 = CARTESIAN_POINT('',(160.73,-86.47,-4.5E-02));
#1044 = DEFINITIONAL_REPRESENTATION('',(#1045),#1053);
#1045 = B_SPLINE_CURVE_WITH_KNOTS('',2,(#1046,#1047,#1048,#1049,#1050,
    #1051,#1052),.UNSPECIFIED.,.F.,.F.,(3,2,2,3),(0.,2.094395102393,
    4.188790204786,6.28318530718),.PIECEWISE_BEZIER_KNOTS.);
#1046 = CARTESIAN_POINT('',(0.,-4.6E-02));
#1047 = CARTESIAN_POINT('',(1.047197551197,-4.6E-02));
#1048 = CARTESIAN_POINT('',(2.094395102393,-4.6E-02));
#1049 = CARTESIAN_POINT('',(3.14159265359,-4.6E-02));
#1050 = CARTESIAN_POINT('',(4.188790204786,-4.6E-02));
#1051 = CARTESIAN_POINT('',(5.235987755983,-4.6E-02));
#1052 = CARTESIAN_POINT('',(6.28318530718,-4.6E-02));
#1053 = ( GEOMETRIC_REPRESENTATION_CONTEXT(2) 
PARAMETRIC_REPRESENTATION_CONTEXT() REPRESENTATION_CONTEXT('2D SPACE',''
  ) );
#1054 = FACE_BOUND('',#1055,.F.);
#1055 = EDGE_LOOP('',(#1056));
#1056 = ORIENTED_EDGE('',*,*,#1057,.T.);
#1057 = EDGE_CURVE('',#1058,#1058,#1060,.T.);
#1058 = VERTEX_POINT('',#1059);
#1059 = CARTESIAN_POINT('',(162.,-86.47,-4.5E-02));
#1060 = SURFACE_CURVE('',#1061,(#1069,#1080),.PCURVE_S1.);
#1061 = ( BOUNDED_CURVE() B_SPLINE_CURVE(2,(#1062,#1063,#1064,#1065,
#1066,#1067,#1068),.UNSPECIFIED.,.T.,.F.) B_SPLINE_CURVE_WITH_KNOTS((1,2
    ,2,2,2,1),(-2.094395102393,0.,2.094395102393,4.188790204786,
6.28318530718,8.377580409573),.UNSPECIFIED.) CURVE() 
GEOMETRIC_REPRESENTATION_ITEM() RATIONAL_B_SPLINE_CURVE((1.,0.5,1.,0.5,
1.,0.5,1.)) REPRESENTATION_ITEM('') );
#1062 = CARTESIAN_POINT('',(162.,-86.47,-4.5E-02));
#1063 = CARTESIAN_POINT('',(161.43708348754,-86.47,-4.5E-02));
#1064 = CARTESIAN_POINT('',(161.71854174377,-85.9825,-4.5E-02));
#1065 = CARTESIAN_POINT('',(162.,-85.495,-4.5E-02));
#1066 = CARTESIAN_POINT('',(162.28145825623,-85.9825,-4.5E-02));
#1067 = CARTESIAN_POINT('',(162.56291651246,-86.47,-4.5E-02));
#1068 = CARTESIAN_POINT('',(162.,-86.47,-4.5E-02));
#1069 = PCURVE('',#115,#1070);
#1070 = DEFINITIONAL_REPRESENTATION('',(#1071),#1079);
#1071 = ( BOUNDED_CURVE() B_SPLINE_CURVE(2,(#1072,#1073,#1074,#1075,
#1076,#1077,#1078),.UNSPECIFIED.,.T.,.F.) B_SPLINE_CURVE_WITH_KNOTS((3,2
    ,2,3),(0.,2.094395102393,4.188790204786,6.28318530718),
.PIECEWISE_BEZIER_KNOTS.) CURVE() GEOMETRIC_REPRESENTATION_ITEM() 
RATIONAL_B_SPLINE_CURVE((1.,0.5,1.,0.5,1.,0.5,1.)) REPRESENTATION_ITEM(
  '') );
#1072 = CARTESIAN_POINT('',(162.,-86.47));
#1073 = CARTESIAN_POINT('',(161.43708348754,-86.47));
#1074 = CARTESIAN_POINT('',(161.71854174377,-85.9825));
#1075 = CARTESIAN_POINT('',(162.,-85.495));
#1076 = CARTESIAN_POINT('',(162.28145825623,-85.9825));
#1077 = CARTESIAN_POINT('',(162.56291651246,-86.47));
#1078 = CARTESIAN_POINT('',(162.,-86.47));
#1079 = ( GEOMETRIC_REPRESENTATION_CONTEXT(2) 
PARAMETRIC_REPRESENTATION_CONTEXT() REPRESENTATION_CONTEXT('2D SPACE',''
  ) );
#1080 = PCURVE('',#1081,#1096);
#1081 = ( BOUNDED_SURFACE() B_SPLINE_SURFACE(2,1,(
    (#1082,#1083)
    ,(#1084,#1085)
    ,(#1086,#1087)
    ,(#1088,#1089)
    ,(#1090,#1091)
    ,(#1092,#1093)
    ,(#1094,#1095
)),.UNSPECIFIED.,.T.,.F.,.F.) B_SPLINE_SURFACE_WITH_KNOTS((1,2,2,2,2,1),
  (2,2),(-2.094395102393,0.,2.094395102393,4.188790204786,6.28318530718,
    8.377580409573),(-1.556,-4.6E-02),.UNSPECIFIED.) 
GEOMETRIC_REPRESENTATION_ITEM() RATIONAL_B_SPLINE_SURFACE((
    (1.,1.)
    ,(0.5,0.5)
    ,(1.,1.)
    ,(0.5,0.5)
    ,(1.,1.)
    ,(0.5,0.5)
,(1.,1.))) REPRESENTATION_ITEM('') SURFACE() );
#1082 = CARTESIAN_POINT('',(162.,-86.47,1.555));
#1083 = CARTESIAN_POINT('',(162.,-86.47,-4.5E-02));
#1084 = CARTESIAN_POINT('',(161.43708348754,-86.47,1.555));
#1085 = CARTESIAN_POINT('',(161.43708348754,-86.47,-4.5E-02));
#1086 = CARTESIAN_POINT('',(161.71854174377,-85.9825,1.555));
#1087 = CARTESIAN_POINT('',(161.71854174377,-85.9825,-4.5E-02));
#1088 = CARTESIAN_POINT('',(162.,-85.495,1.555));
#1089 = CARTESIAN_POINT('',(162.,-85.495,-4.5E-02));
#1090 = CARTESIAN_POINT('',(162.28145825623,-85.9825,1.555));
#1091 = CARTESIAN_POINT('',(162.28145825623,-85.9825,-4.5E-02));
#1092 = CARTESIAN_POINT('',(162.56291651246,-86.47,1.555));
#1093 = CARTESIAN_POINT('',(162.56291651246,-86.47,-4.5E-02));
#1094 = CARTESIAN_POINT('',(162.,-86.47,1.555));
#1095 = CARTESIAN_POINT('',(162.,-86.47,-4.5E-02));
#1096 = DEFINITIONAL_REPRESENTATION('',(#1097),#1105);
#1097 = B_SPLINE_CURVE_WITH_KNOTS('',2,(#1098,#1099,#1100,#1101,#1102,
    #1103,#1104),.UNSPECIFIED.,.F.,.F.,(3,2,2,3),(0.,2.094395102393,
    4.188790204786,6.28318530718),.PIECEWISE_BEZIER_KNOTS.);
#1098 = CARTESIAN_POINT('',(0.,-4.6E-02));
#1099 = CARTESIAN_POINT('',(1.047197551196,-4.6E-02));
#1100 = CARTESIAN_POINT('',(2.094395102393,-4.6E-02));
#1101 = CARTESIAN_POINT('',(3.14159265359,-4.6E-02));
#1102 = CARTESIAN_POINT('',(4.188790204786,-4.6E-02));
#1103 = CARTESIAN_POINT('',(5.235987755983,-4.6E-02));
#1104 = CARTESIAN_POINT('',(6.28318530718,-4.6E-02));
#1105 = ( GEOMETRIC_REPRESENTATION_CONTEXT(2) 
PARAMETRIC_REPRESENTATION_CONTEXT() REPRESENTATION_CONTEXT('2D SPACE',''
  ) );
#1106 = FACE_BOUND('',#1107,.F.);
#1107 = EDGE_LOOP('',(#1108));
#1108 = ORIENTED_EDGE('',*,*,#1109,.T.);
#1109 = EDGE_CURVE('',#1110,#1110,#1112,.T.);
#1110 = VERTEX_POINT('',#1111);
#1111 = CARTESIAN_POINT('',(156.92,-85.2,-4.5E-02));
#1112 = SURFACE_CURVE('',#1113,(#1121,#1132),.PCURVE_S1.);
#1113 = ( BOUNDED_CURVE() B_SPLINE_CURVE(2,(#1114,#1115,#1116,#1117,
#1118,#1119,#1120),.UNSPECIFIED.,.T.,.F.) B_SPLINE_CURVE_WITH_KNOTS((1,2
    ,2,2,2,1),(-2.094395102393,0.,2.094395102393,4.188790204786,
6.28318530718,8.377580409573),.UNSPECIFIED.) CURVE() 
GEOMETRIC_REPRESENTATION_ITEM() RATIONAL_B_SPLINE_CURVE((1.,0.5,1.,0.5,
1.,0.5,1.)) REPRESENTATION_ITEM('') );
#1114 = CARTESIAN_POINT('',(156.92,-85.2,-4.5E-02));
#1115 = CARTESIAN_POINT('',(156.35708348754,-85.2,-4.5E-02));
#1116 = CARTESIAN_POINT('',(156.63854174377,-84.7125,-4.5E-02));
#1117 = CARTESIAN_POINT('',(156.92,-84.225,-4.5E-02));
#1118 = CARTESIAN_POINT('',(157.20145825623,-84.7125,-4.5E-02));
#1119 = CARTESIAN_POINT('',(157.48291651246,-85.2,-4.5E-02));
#1120 = CARTESIAN_POINT('',(156.92,-85.2,-4.5E-02));
#1121 = PCURVE('',#115,#1122);
#1122 = DEFINITIONAL_REPRESENTATION('',(#1123),#1131);
#1123 = ( BOUNDED_CURVE() B_SPLINE_CURVE(2,(#1124,#1125,#1126,#1127,
#1128,#1129,#1130),.UNSPECIFIED.,.T.,.F.) B_SPLINE_CURVE_WITH_KNOTS((3,2
    ,2,3),(0.,2.094395102393,4.188790204786,6.28318530718),
.PIECEWISE_BEZIER_KNOTS.) CURVE() GEOMETRIC_REPRESENTATION_ITEM() 
RATIONAL_B_SPLINE_CURVE((1.,0.5,1.,0.5,1.,0.5,1.)) REPRESENTATION_ITEM(
  '') );
#1124 = CARTESIAN_POINT('',(156.92,-85.2));
#1125 = CARTESIAN_POINT('',(156.35708348754,-85.2));
#1126 = CARTESIAN_POINT('',(156.63854174377,-84.7125));
#1127 = CARTESIAN_POINT('',(156.92,-84.225));
#1128 = CARTESIAN_POINT('',(157.20145825623,-84.7125));
#1129 = CARTESIAN_POINT('',(157.48291651246,-85.2));
#1130 = CARTESIAN_POINT('',(156.92,-85.2));
#1131 = ( GEOMETRIC_REPRESENTATION_CONTEXT(2) 
PARAMETRIC_REPRESENTATION_CONTEXT() REPRESENTATION_CONTEXT('2D SPACE',''
  ) );
#1132 = PCURVE('',#1133,#1148);
#1133 = ( BOUNDED_SURFACE() B_SPLINE_SURFACE(2,1,(
    (#1134,#1135)
    ,(#1136,#1137)
    ,(#1138,#1139)
    ,(#1140,#1141)
    ,(#1142,#1143)
    ,(#1144,#1145)
    ,(#1146,#1147
)),.UNSPECIFIED.,.T.,.F.,.F.) B_SPLINE_SURFACE_WITH_KNOTS((1,2,2,2,2,1),
  (2,2),(-2.094395102393,0.,2.094395102393,4.188790204786,6.28318530718,
    8.377580409573),(-1.556,-4.6E-02),.UNSPECIFIED.) 
GEOMETRIC_REPRESENTATION_ITEM() RATIONAL_B_SPLINE_SURFACE((
    (1.,1.)
    ,(0.5,0.5)
    ,(1.,1.)
    ,(0.5,0.5)
    ,(1.,1.)
    ,(0.5,0.5)
,(1.,1.))) REPRESENTATION_ITEM('') SURFACE() );
#1134 = CARTESIAN_POINT('',(156.92,-85.2,1.555));
#1135 = CARTESIAN_POINT('',(156.92,-85.2,-4.5E-02));
#1136 = CARTESIAN_POINT('',(156.35708348754,-85.2,1.555));
#1137 = CARTESIAN_POINT('',(156.35708348754,-85.2,-4.5E-02));
#1138 = CARTESIAN_POINT('',(156.63854174377,-84.7125,1.555));
#1139 = CARTESIAN_POINT('',(156.63854174377,-84.7125,-4.5E-02));
#1140 = CARTESIAN_POINT('',(156.92,-84.225,1.555));
#1141 = CARTESIAN_POINT('',(156.92,-84.225,-4.5E-02));
#1142 = CARTESIAN_POINT('',(157.20145825623,-84.7125,1.555));
#1143 = CARTESIAN_POINT('',(157.20145825623,-84.7125,-4.5E-02));
#1144 = CARTESIAN_POINT('',(157.48291651246,-85.2,1.555));
#1145 = CARTESIAN_POINT('',(157.48291651246,-85.2,-4.5E-02));
#1146 = CARTESIAN_POINT('',(156.92,-85.2,1.555));
#1147 = CARTESIAN_POINT('',(156.92,-85.2,-4.5E-02));
#1148 = DEFINITIONAL_REPRESENTATION('',(#1149),#1157);
#1149 = B_SPLINE_CURVE_WITH_KNOTS('',2,(#1150,#1151,#1152,#1153,#1154,
    #1155,#1156),.UNSPECIFIED.,.F.,.F.,(3,2,2,3),(0.,2.094395102393,
    4.188790204786,6.28318530718),.PIECEWISE_BEZIER_KNOTS.);
#1150 = CARTESIAN_POINT('',(0.,-4.6E-02));
#1151 = CARTESIAN_POINT('',(1.047197551197,-4.6E-02));
#1152 = CARTESIAN_POINT('',(2.094395102393,-4.6E-02));
#1153 = CARTESIAN_POINT('',(3.14159265359,-4.6E-02));
#1154 = CARTESIAN_POINT('',(4.188790204786,-4.6E-02));
#1155 = CARTESIAN_POINT('',(5.235987755983,-4.6E-02));
#1156 = CARTESIAN_POINT('',(6.28318530718,-4.6E-02));
#1157 = ( GEOMETRIC_REPRESENTATION_CONTEXT(2) 
PARAMETRIC_REPRESENTATION_CONTEXT() REPRESENTATION_CONTEXT('2D SPACE',''
  ) );
#1158 = FACE_BOUND('',#1159,.F.);
#1159 = EDGE_LOOP('',(#1160));
#1160 = ORIENTED_EDGE('',*,*,#1161,.T.);
#1161 = EDGE_CURVE('',#1162,#1162,#1164,.T.);
#1162 = VERTEX_POINT('',#1163);
#1163 = CARTESIAN_POINT('',(158.19,-85.2,-4.5E-02));
#1164 = SURFACE_CURVE('',#1165,(#1173,#1184),.PCURVE_S1.);
#1165 = ( BOUNDED_CURVE() B_SPLINE_CURVE(2,(#1166,#1167,#1168,#1169,
#1170,#1171,#1172),.UNSPECIFIED.,.T.,.F.) B_SPLINE_CURVE_WITH_KNOTS((1,2
    ,2,2,2,1),(-2.094395102393,0.,2.094395102393,4.188790204786,
6.28318530718,8.377580409573),.UNSPECIFIED.) CURVE() 
GEOMETRIC_REPRESENTATION_ITEM() RATIONAL_B_SPLINE_CURVE((1.,0.5,1.,0.5,
1.,0.5,1.)) REPRESENTATION_ITEM('') );
#1166 = CARTESIAN_POINT('',(158.19,-85.2,-4.5E-02));
#1167 = CARTESIAN_POINT('',(157.62708348754,-85.2,-4.5E-02));
#1168 = CARTESIAN_POINT('',(157.90854174377,-84.7125,-4.5E-02));
#1169 = CARTESIAN_POINT('',(158.19,-84.225,-4.5E-02));
#1170 = CARTESIAN_POINT('',(158.47145825623,-84.7125,-4.5E-02));
#1171 = CARTESIAN_POINT('',(158.75291651246,-85.2,-4.5E-02));
#1172 = CARTESIAN_POINT('',(158.19,-85.2,-4.5E-02));
#1173 = PCURVE('',#115,#1174);
#1174 = DEFINITIONAL_REPRESENTATION('',(#1175),#1183);
#1175 = ( BOUNDED_CURVE() B_SPLINE_CURVE(2,(#1176,#1177,#1178,#1179,
#1180,#1181,#1182),.UNSPECIFIED.,.T.,.F.) B_SPLINE_CURVE_WITH_KNOTS((3,2
    ,2,3),(0.,2.094395102393,4.188790204786,6.28318530718),
.PIECEWISE_BEZIER_KNOTS.) CURVE() GEOMETRIC_REPRESENTATION_ITEM() 
RATIONAL_B_SPLINE_CURVE((1.,0.5,1.,0.5,1.,0.5,1.)) REPRESENTATION_ITEM(
  '') );
#1176 = CARTESIAN_POINT('',(158.19,-85.2));
#1177 = CARTESIAN_POINT('',(157.62708348754,-85.2));
#1178 = CARTESIAN_POINT('',(157.90854174377,-84.7125));
#1179 = CARTESIAN_POINT('',(158.19,-84.225));
#1180 = CARTESIAN_POINT('',(158.47145825623,-84.7125));
#1181 = CARTESIAN_POINT('',(158.75291651246,-85.2));
#1182 = CARTESIAN_POINT('',(158.19,-85.2));
#1183 = ( GEOMETRIC_REPRESENTATION_CONTEXT(2) 
PARAMETRIC_REPRESENTATION_CONTEXT() REPRESENTATION_CONTEXT('2D SPACE',''
  ) );
#1184 = PCURVE('',#1185,#1200);
#1185 = ( BOUNDED_SURFACE() B_SPLINE_SURFACE(2,1,(
    (#1186,#1187)
    ,(#1188,#1189)
    ,(#1190,#1191)
    ,(#1192,#1193)
    ,(#1194,#1195)
    ,(#1196,#1197)
    ,(#1198,#1199
)),.UNSPECIFIED.,.T.,.F.,.F.) B_SPLINE_SURFACE_WITH_KNOTS((1,2,2,2,2,1),
  (2,2),(-2.094395102393,0.,2.094395102393,4.188790204786,6.28318530718,
    8.377580409573),(-1.556,-4.6E-02),.UNSPECIFIED.) 
GEOMETRIC_REPRESENTATION_ITEM() RATIONAL_B_SPLINE_SURFACE((
    (1.,1.)
    ,(0.5,0.5)
    ,(1.,1.)
    ,(0.5,0.5)
    ,(1.,1.)
    ,(0.5,0.5)
,(1.,1.))) REPRESENTATION_ITEM('') SURFACE() );
#1186 = CARTESIAN_POINT('',(158.19,-85.2,1.555));
#1187 = CARTESIAN_POINT('',(158.19,-85.2,-4.5E-02));
#1188 = CARTESIAN_POINT('',(157.62708348754,-85.2,1.555));
#1189 = CARTESIAN_POINT('',(157.62708348754,-85.2,-4.5E-02));
#1190 = CARTESIAN_POINT('',(157.90854174377,-84.7125,1.555));
#1191 = CARTESIAN_POINT('',(157.90854174377,-84.7125,-4.5E-02));
#1192 = CARTESIAN_POINT('',(158.19,-84.225,1.555));
#1193 = CARTESIAN_POINT('',(158.19,-84.225,-4.5E-02));
#1194 = CARTESIAN_POINT('',(158.47145825623,-84.7125,1.555));
#1195 = CARTESIAN_POINT('',(158.47145825623,-84.7125,-4.5E-02));
#1196 = CARTESIAN_POINT('',(158.75291651246,-85.2,1.555));
#1197 = CARTESIAN_POINT('',(158.75291651246,-85.2,-4.5E-02));
#1198 = CARTESIAN_POINT('',(158.19,-85.2,1.555));
#1199 = CARTESIAN_POINT('',(158.19,-85.2,-4.5E-02));
#1200 = DEFINITIONAL_REPRESENTATION('',(#1201),#1209);
#1201 = B_SPLINE_CURVE_WITH_KNOTS('',2,(#1202,#1203,#1204,#1205,#1206,
    #1207,#1208),.UNSPECIFIED.,.F.,.F.,(3,2,2,3),(0.,2.094395102393,
    4.188790204786,6.28318530718),.PIECEWISE_BEZIER_KNOTS.);
#1202 = CARTESIAN_POINT('',(0.,-4.6E-02));
#1203 = CARTESIAN_POINT('',(1.047197551197,-4.6E-02));
#1204 = CARTESIAN_POINT('',(2.094395102393,-4.6E-02));
#1205 = CARTESIAN_POINT('',(3.14159265359,-4.6E-02));
#1206 = CARTESIAN_POINT('',(4.188790204786,-4.6E-02));
#1207 = CARTESIAN_POINT('',(5.235987755983,-4.6E-02));
#1208 = CARTESIAN_POINT('',(6.28318530718,-4.6E-02));
#1209 = ( GEOMETRIC_REPRESENTATION_CONTEXT(2) 
PARAMETRIC_REPRESENTATION_CONTEXT() REPRESENTATION_CONTEXT('2D SPACE',''
  ) );
#1210 = FACE_BOUND('',#1211,.F.);
#1211 = EDGE_LOOP('',(#1212));
#1212 = ORIENTED_EDGE('',*,*,#1213,.T.);
#1213 = EDGE_CURVE('',#1214,#1214,#1216,.T.);
#1214 = VERTEX_POINT('',#1215);
#1215 = CARTESIAN_POINT('',(159.46,-85.2,-4.5E-02));
#1216 = SURFACE_CURVE('',#1217,(#1225,#1236),.PCURVE_S1.);
#1217 = ( BOUNDED_CURVE() B_SPLINE_CURVE(2,(#1218,#1219,#1220,#1221,
#1222,#1223,#1224),.UNSPECIFIED.,.T.,.F.) B_SPLINE_CURVE_WITH_KNOTS((1,2
    ,2,2,2,1),(-2.094395102393,0.,2.094395102393,4.188790204786,
6.28318530718,8.377580409573),.UNSPECIFIED.) CURVE() 
GEOMETRIC_REPRESENTATION_ITEM() RATIONAL_B_SPLINE_CURVE((1.,0.5,1.,0.5,
1.,0.5,1.)) REPRESENTATION_ITEM('') );
#1218 = CARTESIAN_POINT('',(159.46,-85.2,-4.5E-02));
#1219 = CARTESIAN_POINT('',(158.89708348754,-85.2,-4.5E-02));
#1220 = CARTESIAN_POINT('',(159.17854174377,-84.7125,-4.5E-02));
#1221 = CARTESIAN_POINT('',(159.46,-84.225,-4.5E-02));
#1222 = CARTESIAN_POINT('',(159.74145825623,-84.7125,-4.5E-02));
#1223 = CARTESIAN_POINT('',(160.02291651246,-85.2,-4.5E-02));
#1224 = CARTESIAN_POINT('',(159.46,-85.2,-4.5E-02));
#1225 = PCURVE('',#115,#1226);
#1226 = DEFINITIONAL_REPRESENTATION('',(#1227),#1235);
#1227 = ( BOUNDED_CURVE() B_SPLINE_CURVE(2,(#1228,#1229,#1230,#1231,
#1232,#1233,#1234),.UNSPECIFIED.,.T.,.F.) B_SPLINE_CURVE_WITH_KNOTS((3,2
    ,2,3),(0.,2.094395102393,4.188790204786,6.28318530718),
.PIECEWISE_BEZIER_KNOTS.) CURVE() GEOMETRIC_REPRESENTATION_ITEM() 
RATIONAL_B_SPLINE_CURVE((1.,0.5,1.,0.5,1.,0.5,1.)) REPRESENTATION_ITEM(
  '') );
#1228 = CARTESIAN_POINT('',(159.46,-85.2));
#1229 = CARTESIAN_POINT('',(158.89708348754,-85.2));
#1230 = CARTESIAN_POINT('',(159.17854174377,-84.7125));
#1231 = CARTESIAN_POINT('',(159.46,-84.225));
#1232 = CARTESIAN_POINT('',(159.74145825623,-84.7125));
#1233 = CARTESIAN_POINT('',(160.02291651246,-85.2));
#1234 = CARTESIAN_POINT('',(159.46,-85.2));
#1235 = ( GEOMETRIC_REPRESENTATION_CONTEXT(2) 
PARAMETRIC_REPRESENTATION_CONTEXT() REPRESENTATION_CONTEXT('2D SPACE',''
  ) );
#1236 = PCURVE('',#1237,#1252);
#1237 = ( BOUNDED_SURFACE() B_SPLINE_SURFACE(2,1,(
    (#1238,#1239)
    ,(#1240,#1241)
    ,(#1242,#1243)
    ,(#1244,#1245)
    ,(#1246,#1247)
    ,(#1248,#1249)
    ,(#1250,#1251
)),.UNSPECIFIED.,.T.,.F.,.F.) B_SPLINE_SURFACE_WITH_KNOTS((1,2,2,2,2,1),
  (2,2),(-2.094395102393,0.,2.094395102393,4.188790204786,6.28318530718,
    8.377580409573),(-1.556,-4.6E-02),.UNSPECIFIED.) 
GEOMETRIC_REPRESENTATION_ITEM() RATIONAL_B_SPLINE_SURFACE((
    (1.,1.)
    ,(0.5,0.5)
    ,(1.,1.)
    ,(0.5,0.5)
    ,(1.,1.)
    ,(0.5,0.5)
,(1.,1.))) REPRESENTATION_ITEM('') SURFACE() );
#1238 = CARTESIAN_POINT('',(159.46,-85.2,1.555));
#1239 = CARTESIAN_POINT('',(159.46,-85.2,-4.5E-02));
#1240 = CARTESIAN_POINT('',(158.89708348754,-85.2,1.555));
#1241 = CARTESIAN_POINT('',(158.89708348754,-85.2,-4.5E-02));
#1242 = CARTESIAN_POINT('',(159.17854174377,-84.7125,1.555));
#1243 = CARTESIAN_POINT('',(159.17854174377,-84.7125,-4.5E-02));
#1244 = CARTESIAN_POINT('',(159.46,-84.225,1.555));
#1245 = CARTESIAN_POINT('',(159.46,-84.225,-4.5E-02));
#1246 = CARTESIAN_POINT('',(159.74145825623,-84.7125,1.555));
#1247 = CARTESIAN_POINT('',(159.74145825623,-84.7125,-4.5E-02));
#1248 = CARTESIAN_POINT('',(160.02291651246,-85.2,1.555));
#1249 = CARTESIAN_POINT('',(160.02291651246,-85.2,-4.5E-02));
#1250 = CARTESIAN_POINT('',(159.46,-85.2,1.555));
#1251 = CARTESIAN_POINT('',(159.46,-85.2,-4.5E-02));
#1252 = DEFINITIONAL_REPRESENTATION('',(#1253),#1261);
#1253 = B_SPLINE_CURVE_WITH_KNOTS('',2,(#1254,#1255,#1256,#1257,#1258,
    #1259,#1260),.UNSPECIFIED.,.F.,.F.,(3,2,2,3),(0.,2.094395102393,
    4.188790204786,6.28318530718),.PIECEWISE_BEZIER_KNOTS.);
#1254 = CARTESIAN_POINT('',(0.,-4.6E-02));
#1255 = CARTESIAN_POINT('',(1.047197551197,-4.6E-02));
#1256 = CARTESIAN_POINT('',(2.094395102393,-4.6E-02));
#1257 = CARTESIAN_POINT('',(3.14159265359,-4.6E-02));
#1258 = CARTESIAN_POINT('',(4.188790204786,-4.6E-02));
#1259 = CARTESIAN_POINT('',(5.235987755983,-4.6E-02));
#1260 = CARTESIAN_POINT('',(6.28318530718,-4.6E-02));
#1261 = ( GEOMETRIC_REPRESENTATION_CONTEXT(2) 
PARAMETRIC_REPRESENTATION_CONTEXT() REPRESENTATION_CONTEXT('2D SPACE',''
  ) );
#1262 = FACE_BOUND('',#1263,.F.);
#1263 = EDGE_LOOP('',(#1264));
#1264 = ORIENTED_EDGE('',*,*,#1265,.T.);
#1265 = EDGE_CURVE('',#1266,#1266,#1268,.T.);
#1266 = VERTEX_POINT('',#1267);
#1267 = CARTESIAN_POINT('',(160.73,-85.2,-4.5E-02));
#1268 = SURFACE_CURVE('',#1269,(#1277,#1288),.PCURVE_S1.);
#1269 = ( BOUNDED_CURVE() B_SPLINE_CURVE(2,(#1270,#1271,#1272,#1273,
#1274,#1275,#1276),.UNSPECIFIED.,.T.,.F.) B_SPLINE_CURVE_WITH_KNOTS((1,2
    ,2,2,2,1),(-2.094395102393,0.,2.094395102393,4.188790204786,
6.28318530718,8.377580409573),.UNSPECIFIED.) CURVE() 
GEOMETRIC_REPRESENTATION_ITEM() RATIONAL_B_SPLINE_CURVE((1.,0.5,1.,0.5,
1.,0.5,1.)) REPRESENTATION_ITEM('') );
#1270 = CARTESIAN_POINT('',(160.73,-85.2,-4.5E-02));
#1271 = CARTESIAN_POINT('',(160.16708348754,-85.2,-4.5E-02));
#1272 = CARTESIAN_POINT('',(160.44854174377,-84.7125,-4.5E-02));
#1273 = CARTESIAN_POINT('',(160.73,-84.225,-4.5E-02));
#1274 = CARTESIAN_POINT('',(161.01145825623,-84.7125,-4.5E-02));
#1275 = CARTESIAN_POINT('',(161.29291651246,-85.2,-4.5E-02));
#1276 = CARTESIAN_POINT('',(160.73,-85.2,-4.5E-02));
#1277 = PCURVE('',#115,#1278);
#1278 = DEFINITIONAL_REPRESENTATION('',(#1279),#1287);
#1279 = ( BOUNDED_CURVE() B_SPLINE_CURVE(2,(#1280,#1281,#1282,#1283,
#1284,#1285,#1286),.UNSPECIFIED.,.T.,.F.) B_SPLINE_CURVE_WITH_KNOTS((3,2
    ,2,3),(0.,2.094395102393,4.188790204786,6.28318530718),
.PIECEWISE_BEZIER_KNOTS.) CURVE() GEOMETRIC_REPRESENTATION_ITEM() 
RATIONAL_B_SPLINE_CURVE((1.,0.5,1.,0.5,1.,0.5,1.)) REPRESENTATION_ITEM(
  '') );
#1280 = CARTESIAN_POINT('',(160.73,-85.2));
#1281 = CARTESIAN_POINT('',(160.16708348754,-85.2));
#1282 = CARTESIAN_POINT('',(160.44854174377,-84.7125));
#1283 = CARTESIAN_POINT('',(160.73,-84.225));
#1284 = CARTESIAN_POINT('',(161.01145825623,-84.7125));
#1285 = CARTESIAN_POINT('',(161.29291651246,-85.2));
#1286 = CARTESIAN_POINT('',(160.73,-85.2));
#1287 = ( GEOMETRIC_REPRESENTATION_CONTEXT(2) 
PARAMETRIC_REPRESENTATION_CONTEXT() REPRESENTATION_CONTEXT('2D SPACE',''
  ) );
#1288 = PCURVE('',#1289,#1304);
#1289 = ( BOUNDED_SURFACE() B_SPLINE_SURFACE(2,1,(
    (#1290,#1291)
    ,(#1292,#1293)
    ,(#1294,#1295)
    ,(#1296,#1297)
    ,(#1298,#1299)
    ,(#1300,#1301)
    ,(#1302,#1303
)),.UNSPECIFIED.,.T.,.F.,.F.) B_SPLINE_SURFACE_WITH_KNOTS((1,2,2,2,2,1),
  (2,2),(-2.094395102393,0.,2.094395102393,4.188790204786,6.28318530718,
    8.377580409573),(-1.556,-4.6E-02),.UNSPECIFIED.) 
GEOMETRIC_REPRESENTATION_ITEM() RATIONAL_B_SPLINE_SURFACE((
    (1.,1.)
    ,(0.5,0.5)
    ,(1.,1.)
    ,(0.5,0.5)
    ,(1.,1.)
    ,(0.5,0.5)
,(1.,1.))) REPRESENTATION_ITEM('') SURFACE() );
#1290 = CARTESIAN_POINT('',(160.73,-85.2,1.555));
#1291 = CARTESIAN_POINT('',(160.73,-85.2,-4.5E-02));
#1292 = CARTESIAN_POINT('',(160.16708348754,-85.2,1.555));
#1293 = CARTESIAN_POINT('',(160.16708348754,-85.2,-4.5E-02));
#1294 = CARTESIAN_POINT('',(160.44854174377,-84.7125,1.555));
#1295 = CARTESIAN_POINT('',(160.44854174377,-84.7125,-4.5E-02));
#1296 = CARTESIAN_POINT('',(160.73,-84.225,1.555));
#1297 = CARTESIAN_POINT('',(160.73,-84.225,-4.5E-02));
#1298 = CARTESIAN_POINT('',(161.01145825623,-84.7125,1.555));
#1299 = CARTESIAN_POINT('',(161.01145825623,-84.7125,-4.5E-02));
#1300 = CARTESIAN_POINT('',(161.29291651246,-85.2,1.555));
#1301 = CARTESIAN_POINT('',(161.29291651246,-85.2,-4.5E-02));
#1302 = CARTESIAN_POINT('',(160.73,-85.2,1.555));
#1303 = CARTESIAN_POINT('',(160.73,-85.2,-4.5E-02));
#1304 = DEFINITIONAL_REPRESENTATION('',(#1305),#1313);
#1305 = B_SPLINE_CURVE_WITH_KNOTS('',2,(#1306,#1307,#1308,#1309,#1310,
    #1311,#1312),.UNSPECIFIED.,.F.,.F.,(3,2,2,3),(0.,2.094395102393,
    4.188790204786,6.28318530718),.PIECEWISE_BEZIER_KNOTS.);
#1306 = CARTESIAN_POINT('',(0.,-4.6E-02));
#1307 = CARTESIAN_POINT('',(1.047197551197,-4.6E-02));
#1308 = CARTESIAN_POINT('',(2.094395102393,-4.6E-02));
#1309 = CARTESIAN_POINT('',(3.14159265359,-4.6E-02));
#1310 = CARTESIAN_POINT('',(4.188790204786,-4.6E-02));
#1311 = CARTESIAN_POINT('',(5.235987755983,-4.6E-02));
#1312 = CARTESIAN_POINT('',(6.28318530718,-4.6E-02));
#1313 = ( GEOMETRIC_REPRESENTATION_CONTEXT(2) 
PARAMETRIC_REPRESENTATION_CONTEXT() REPRESENTATION_CONTEXT('2D SPACE',''
  ) );
#1314 = FACE_BOUND('',#1315,.F.);
#1315 = EDGE_LOOP('',(#1316));
#1316 = ORIENTED_EDGE('',*,*,#1317,.T.);
#1317 = EDGE_CURVE('',#1318,#1318,#1320,.T.);
#1318 = VERTEX_POINT('',#1319);
#1319 = CARTESIAN_POINT('',(162.,-85.2,-4.5E-02));
#1320 = SURFACE_CURVE('',#1321,(#1329,#1340),.PCURVE_S1.);
#1321 = ( BOUNDED_CURVE() B_SPLINE_CURVE(2,(#1322,#1323,#1324,#1325,
#1326,#1327,#1328),.UNSPECIFIED.,.T.,.F.) B_SPLINE_CURVE_WITH_KNOTS((1,2
    ,2,2,2,1),(-2.094395102393,0.,2.094395102393,4.188790204786,
6.28318530718,8.377580409573),.UNSPECIFIED.) CURVE() 
GEOMETRIC_REPRESENTATION_ITEM() RATIONAL_B_SPLINE_CURVE((1.,0.5,1.,0.5,
1.,0.5,1.)) REPRESENTATION_ITEM('') );
#1322 = CARTESIAN_POINT('',(162.,-85.2,-4.5E-02));
#1323 = CARTESIAN_POINT('',(161.43708348754,-85.2,-4.5E-02));
#1324 = CARTESIAN_POINT('',(161.71854174377,-84.7125,-4.5E-02));
#1325 = CARTESIAN_POINT('',(162.,-84.225,-4.5E-02));
#1326 = CARTESIAN_POINT('',(162.28145825623,-84.7125,-4.5E-02));
#1327 = CARTESIAN_POINT('',(162.56291651246,-85.2,-4.5E-02));
#1328 = CARTESIAN_POINT('',(162.,-85.2,-4.5E-02));
#1329 = PCURVE('',#115,#1330);
#1330 = DEFINITIONAL_REPRESENTATION('',(#1331),#1339);
#1331 = ( BOUNDED_CURVE() B_SPLINE_CURVE(2,(#1332,#1333,#1334,#1335,
#1336,#1337,#1338),.UNSPECIFIED.,.T.,.F.) B_SPLINE_CURVE_WITH_KNOTS((3,2
    ,2,3),(0.,2.094395102393,4.188790204786,6.28318530718),
.PIECEWISE_BEZIER_KNOTS.) CURVE() GEOMETRIC_REPRESENTATION_ITEM() 
RATIONAL_B_SPLINE_CURVE((1.,0.5,1.,0.5,1.,0.5,1.)) REPRESENTATION_ITEM(
  '') );
#1332 = CARTESIAN_POINT('',(162.,-85.2));
#1333 = CARTESIAN_POINT('',(161.43708348754,-85.2));
#1334 = CARTESIAN_POINT('',(161.71854174377,-84.7125));
#1335 = CARTESIAN_POINT('',(162.,-84.225));
#1336 = CARTESIAN_POINT('',(162.28145825623,-84.7125));
#1337 = CARTESIAN_POINT('',(162.56291651246,-85.2));
#1338 = CARTESIAN_POINT('',(162.,-85.2));
#1339 = ( GEOMETRIC_REPRESENTATION_CONTEXT(2) 
PARAMETRIC_REPRESENTATION_CONTEXT() REPRESENTATION_CONTEXT('2D SPACE',''
  ) );
#1340 = PCURVE('',#1341,#1356);
#1341 = ( BOUNDED_SURFACE() B_SPLINE_SURFACE(2,1,(
    (#1342,#1343)
    ,(#1344,#1345)
    ,(#1346,#1347)
    ,(#1348,#1349)
    ,(#1350,#1351)
    ,(#1352,#1353)
    ,(#1354,#1355
)),.UNSPECIFIED.,.T.,.F.,.F.) B_SPLINE_SURFACE_WITH_KNOTS((1,2,2,2,2,1),
  (2,2),(-2.094395102393,0.,2.094395102393,4.188790204786,6.28318530718,
    8.377580409573),(-1.556,-4.6E-02),.UNSPECIFIED.) 
GEOMETRIC_REPRESENTATION_ITEM() RATIONAL_B_SPLINE_SURFACE((
    (1.,1.)
    ,(0.5,0.5)
    ,(1.,1.)
    ,(0.5,0.5)
    ,(1.,1.)
    ,(0.5,0.5)
,(1.,1.))) REPRESENTATION_ITEM('') SURFACE() );
#1342 = CARTESIAN_POINT('',(162.,-85.2,1.555));
#1343 = CARTESIAN_POINT('',(162.,-85.2,-4.5E-02));
#1344 = CARTESIAN_POINT('',(161.43708348754,-85.2,1.555));
#1345 = CARTESIAN_POINT('',(161.43708348754,-85.2,-4.5E-02));
#1346 = CARTESIAN_POINT('',(161.71854174377,-84.7125,1.555));
#1347 = CARTESIAN_POINT('',(161.71854174377,-84.7125,-4.5E-02));
#1348 = CARTESIAN_POINT('',(162.,-84.225,1.555));
#1349 = CARTESIAN_POINT('',(162.,-84.225,-4.5E-02));
#1350 = CARTESIAN_POINT('',(162.28145825623,-84.7125,1.555));
#1351 = CARTESIAN_POINT('',(162.28145825623,-84.7125,-4.5E-02));
#1352 = CARTESIAN_POINT('',(162.56291651246,-85.2,1.555));
#1353 = CARTESIAN_POINT('',(162.56291651246,-85.2,-4.5E-02));
#1354 = CARTESIAN_POINT('',(162.,-85.2,1.555));
#1355 = CARTESIAN_POINT('',(162.,-85.2,-4.5E-02));
#1356 = DEFINITIONAL_REPRESENTATION('',(#1357),#1365);
#1357 = B_SPLINE_CURVE_WITH_KNOTS('',2,(#1358,#1359,#1360,#1361,#1362,
    #1363,#1364),.UNSPECIFIED.,.F.,.F.,(3,2,2,3),(0.,2.094395102393,
    4.188790204786,6.28318530718),.PIECEWISE_BEZIER_KNOTS.);
#1358 = CARTESIAN_POINT('',(0.,-4.6E-02));
#1359 = CARTESIAN_POINT('',(1.047197551197,-4.6E-02));
#1360 = CARTESIAN_POINT('',(2.094395102393,-4.6E-02));
#1361 = CARTESIAN_POINT('',(3.14159265359,-4.6E-02));
#1362 = CARTESIAN_POINT('',(4.188790204786,-4.6E-02));
#1363 = CARTESIAN_POINT('',(5.235987755983,-4.6E-02));
#1364 = CARTESIAN_POINT('',(6.28318530718,-4.6E-02));
#1365 = ( GEOMETRIC_REPRESENTATION_CONTEXT(2) 
PARAMETRIC_REPRESENTATION_CONTEXT() REPRESENTATION_CONTEXT('2D SPACE',''
  ) );
#1366 = ADVANCED_FACE('',(#1367,#1676,#1713,#1750,#1787,#1824,#1861,
    #1898,#1935,#1972,#2009,#2046,#2083,#2120,#2157),#67,.T.);
#1367 = FACE_BOUND('',#1368,.T.);
#1368 = EDGE_LOOP('',(#1369,#1370,#1371,#1391,#1411,#1431,#1451,#1471,
    #1491,#1511,#1531,#1554,#1574,#1597,#1617,#1637,#1657,#1675));
#1369 = ORIENTED_EDGE('',*,*,#53,.F.);
#1370 = ORIENTED_EDGE('',*,*,#156,.F.);
#1371 = ORIENTED_EDGE('',*,*,#1372,.F.);
#1372 = EDGE_CURVE('',#1373,#132,#1375,.T.);
#1373 = VERTEX_POINT('',#1374);
#1374 = CARTESIAN_POINT('',(152.06,-79.28,1.555));
#1375 = SURFACE_CURVE('',#1376,(#1379,#1385),.PCURVE_S1.);
#1376 = B_SPLINE_CURVE_WITH_KNOTS('',1,(#1377,#1378),.UNSPECIFIED.,.F.,
  .F.,(2,2),(0.,4.52),.PIECEWISE_BEZIER_KNOTS.);
#1377 = CARTESIAN_POINT('',(152.06,-79.28,1.555));
#1378 = CARTESIAN_POINT('',(156.58,-79.28,1.555));
#1379 = PCURVE('',#67,#1380);
#1380 = DEFINITIONAL_REPRESENTATION('',(#1381),#1384);
#1381 = B_SPLINE_CURVE_WITH_KNOTS('',1,(#1382,#1383),.UNSPECIFIED.,.F.,
  .F.,(2,2),(0.,4.52),.PIECEWISE_BEZIER_KNOTS.);
#1382 = CARTESIAN_POINT('',(152.06,-79.28));
#1383 = CARTESIAN_POINT('',(156.58,-79.28));
#1384 = ( GEOMETRIC_REPRESENTATION_CONTEXT(2) 
PARAMETRIC_REPRESENTATION_CONTEXT() REPRESENTATION_CONTEXT('2D SPACE',''
  ) );
#1385 = PCURVE('',#145,#1386);
#1386 = DEFINITIONAL_REPRESENTATION('',(#1387),#1390);
#1387 = B_SPLINE_CURVE_WITH_KNOTS('',1,(#1388,#1389),.UNSPECIFIED.,.F.,
  .F.,(2,2),(0.,4.52),.PIECEWISE_BEZIER_KNOTS.);
#1388 = CARTESIAN_POINT('',(0.,-1.51));
#1389 = CARTESIAN_POINT('',(4.52,-1.51));
#1390 = ( GEOMETRIC_REPRESENTATION_CONTEXT(2) 
PARAMETRIC_REPRESENTATION_CONTEXT() REPRESENTATION_CONTEXT('2D SPACE',''
  ) );
#1391 = ORIENTED_EDGE('',*,*,#1392,.F.);
#1392 = EDGE_CURVE('',#1393,#1373,#1395,.T.);
#1393 = VERTEX_POINT('',#1394);
#1394 = CARTESIAN_POINT('',(152.06,-83.01,1.555));
#1395 = SURFACE_CURVE('',#1396,(#1399,#1405),.PCURVE_S1.);
#1396 = B_SPLINE_CURVE_WITH_KNOTS('',1,(#1397,#1398),.UNSPECIFIED.,.F.,
  .F.,(2,2),(0.,3.73),.PIECEWISE_BEZIER_KNOTS.);
#1397 = CARTESIAN_POINT('',(152.06,-83.01,1.555));
#1398 = CARTESIAN_POINT('',(152.06,-79.28,1.555));
#1399 = PCURVE('',#67,#1400);
#1400 = DEFINITIONAL_REPRESENTATION('',(#1401),#1404);
#1401 = B_SPLINE_CURVE_WITH_KNOTS('',1,(#1402,#1403),.UNSPECIFIED.,.F.,
  .F.,(2,2),(0.,3.73),.PIECEWISE_BEZIER_KNOTS.);
#1402 = CARTESIAN_POINT('',(152.06,-83.01));
#1403 = CARTESIAN_POINT('',(152.06,-79.28));
#1404 = ( GEOMETRIC_REPRESENTATION_CONTEXT(2) 
PARAMETRIC_REPRESENTATION_CONTEXT() REPRESENTATION_CONTEXT('2D SPACE',''
  ) );
#1405 = PCURVE('',#299,#1406);
#1406 = DEFINITIONAL_REPRESENTATION('',(#1407),#1410);
#1407 = B_SPLINE_CURVE_WITH_KNOTS('',1,(#1408,#1409),.UNSPECIFIED.,.F.,
  .F.,(2,2),(0.,3.73),.PIECEWISE_BEZIER_KNOTS.);
#1408 = CARTESIAN_POINT('',(0.,-1.51));
#1409 = CARTESIAN_POINT('',(3.73,-1.51));
#1410 = ( GEOMETRIC_REPRESENTATION_CONTEXT(2) 
PARAMETRIC_REPRESENTATION_CONTEXT() REPRESENTATION_CONTEXT('2D SPACE',''
  ) );
#1411 = ORIENTED_EDGE('',*,*,#1412,.F.);
#1412 = EDGE_CURVE('',#1413,#1393,#1415,.T.);
#1413 = VERTEX_POINT('',#1414);
#1414 = CARTESIAN_POINT('',(141.01,-83.01,1.555));
#1415 = SURFACE_CURVE('',#1416,(#1419,#1425),.PCURVE_S1.);
#1416 = B_SPLINE_CURVE_WITH_KNOTS('',1,(#1417,#1418),.UNSPECIFIED.,.F.,
  .F.,(2,2),(0.,11.05),.PIECEWISE_BEZIER_KNOTS.);
#1417 = CARTESIAN_POINT('',(141.01,-83.01,1.555));
#1418 = CARTESIAN_POINT('',(152.06,-83.01,1.555));
#1419 = PCURVE('',#67,#1420);
#1420 = DEFINITIONAL_REPRESENTATION('',(#1421),#1424);
#1421 = B_SPLINE_CURVE_WITH_KNOTS('',1,(#1422,#1423),.UNSPECIFIED.,.F.,
  .F.,(2,2),(0.,11.05),.PIECEWISE_BEZIER_KNOTS.);
#1422 = CARTESIAN_POINT('',(141.01,-83.01));
#1423 = CARTESIAN_POINT('',(152.06,-83.01));
#1424 = ( GEOMETRIC_REPRESENTATION_CONTEXT(2) 
PARAMETRIC_REPRESENTATION_CONTEXT() REPRESENTATION_CONTEXT('2D SPACE',''
  ) );
#1425 = PCURVE('',#324,#1426);
#1426 = DEFINITIONAL_REPRESENTATION('',(#1427),#1430);
#1427 = B_SPLINE_CURVE_WITH_KNOTS('',1,(#1428,#1429),.UNSPECIFIED.,.F.,
  .F.,(2,2),(0.,11.05),.PIECEWISE_BEZIER_KNOTS.);
#1428 = CARTESIAN_POINT('',(0.,-1.51));
#1429 = CARTESIAN_POINT('',(11.05,-1.51));
#1430 = ( GEOMETRIC_REPRESENTATION_CONTEXT(2) 
PARAMETRIC_REPRESENTATION_CONTEXT() REPRESENTATION_CONTEXT('2D SPACE',''
  ) );
#1431 = ORIENTED_EDGE('',*,*,#1432,.F.);
#1432 = EDGE_CURVE('',#1433,#1413,#1435,.T.);
#1433 = VERTEX_POINT('',#1434);
#1434 = CARTESIAN_POINT('',(141.01,-89.79,1.555));
#1435 = SURFACE_CURVE('',#1436,(#1439,#1445),.PCURVE_S1.);
#1436 = B_SPLINE_CURVE_WITH_KNOTS('',1,(#1437,#1438),.UNSPECIFIED.,.F.,
  .F.,(2,2),(0.,6.78),.PIECEWISE_BEZIER_KNOTS.);
#1437 = CARTESIAN_POINT('',(141.01,-89.79,1.555));
#1438 = CARTESIAN_POINT('',(141.01,-83.01,1.555));
#1439 = PCURVE('',#67,#1440);
#1440 = DEFINITIONAL_REPRESENTATION('',(#1441),#1444);
#1441 = B_SPLINE_CURVE_WITH_KNOTS('',1,(#1442,#1443),.UNSPECIFIED.,.F.,
  .F.,(2,2),(0.,6.78),.PIECEWISE_BEZIER_KNOTS.);
#1442 = CARTESIAN_POINT('',(141.01,-89.79));
#1443 = CARTESIAN_POINT('',(141.01,-83.01));
#1444 = ( GEOMETRIC_REPRESENTATION_CONTEXT(2) 
PARAMETRIC_REPRESENTATION_CONTEXT() REPRESENTATION_CONTEXT('2D SPACE',''
  ) );
#1445 = PCURVE('',#349,#1446);
#1446 = DEFINITIONAL_REPRESENTATION('',(#1447),#1450);
#1447 = B_SPLINE_CURVE_WITH_KNOTS('',1,(#1448,#1449),.UNSPECIFIED.,.F.,
  .F.,(2,2),(0.,6.78),.PIECEWISE_BEZIER_KNOTS.);
#1448 = CARTESIAN_POINT('',(0.,-1.51));
#1449 = CARTESIAN_POINT('',(6.78,-1.51));
#1450 = ( GEOMETRIC_REPRESENTATION_CONTEXT(2) 
PARAMETRIC_REPRESENTATION_CONTEXT() REPRESENTATION_CONTEXT('2D SPACE',''
  ) );
#1451 = ORIENTED_EDGE('',*,*,#1452,.F.);
#1452 = EDGE_CURVE('',#1453,#1433,#1455,.T.);
#1453 = VERTEX_POINT('',#1454);
#1454 = CARTESIAN_POINT('',(120.1,-89.79,1.555));
#1455 = SURFACE_CURVE('',#1456,(#1459,#1465),.PCURVE_S1.);
#1456 = B_SPLINE_CURVE_WITH_KNOTS('',1,(#1457,#1458),.UNSPECIFIED.,.F.,
  .F.,(2,2),(0.,20.91),.PIECEWISE_BEZIER_KNOTS.);
#1457 = CARTESIAN_POINT('',(120.1,-89.79,1.555));
#1458 = CARTESIAN_POINT('',(141.01,-89.79,1.555));
#1459 = PCURVE('',#67,#1460);
#1460 = DEFINITIONAL_REPRESENTATION('',(#1461),#1464);
#1461 = B_SPLINE_CURVE_WITH_KNOTS('',1,(#1462,#1463),.UNSPECIFIED.,.F.,
  .F.,(2,2),(0.,20.91),.PIECEWISE_BEZIER_KNOTS.);
#1462 = CARTESIAN_POINT('',(120.1,-89.79));
#1463 = CARTESIAN_POINT('',(141.01,-89.79));
#1464 = ( GEOMETRIC_REPRESENTATION_CONTEXT(2) 
PARAMETRIC_REPRESENTATION_CONTEXT() REPRESENTATION_CONTEXT('2D SPACE',''
  ) );
#1465 = PCURVE('',#374,#1466);
#1466 = DEFINITIONAL_REPRESENTATION('',(#1467),#1470);
#1467 = B_SPLINE_CURVE_WITH_KNOTS('',1,(#1468,#1469),.UNSPECIFIED.,.F.,
  .F.,(2,2),(0.,20.91),.PIECEWISE_BEZIER_KNOTS.);
#1468 = CARTESIAN_POINT('',(0.,-1.51));
#1469 = CARTESIAN_POINT('',(20.91,-1.51));
#1470 = ( GEOMETRIC_REPRESENTATION_CONTEXT(2) 
PARAMETRIC_REPRESENTATION_CONTEXT() REPRESENTATION_CONTEXT('2D SPACE',''
  ) );
#1471 = ORIENTED_EDGE('',*,*,#1472,.F.);
#1472 = EDGE_CURVE('',#1473,#1453,#1475,.T.);
#1473 = VERTEX_POINT('',#1474);
#1474 = CARTESIAN_POINT('',(120.1,-98.12,1.555));
#1475 = SURFACE_CURVE('',#1476,(#1479,#1485),.PCURVE_S1.);
#1476 = B_SPLINE_CURVE_WITH_KNOTS('',1,(#1477,#1478),.UNSPECIFIED.,.F.,
  .F.,(2,2),(0.,8.33),.PIECEWISE_BEZIER_KNOTS.);
#1477 = CARTESIAN_POINT('',(120.1,-98.12,1.555));
#1478 = CARTESIAN_POINT('',(120.1,-89.79,1.555));
#1479 = PCURVE('',#67,#1480);
#1480 = DEFINITIONAL_REPRESENTATION('',(#1481),#1484);
#1481 = B_SPLINE_CURVE_WITH_KNOTS('',1,(#1482,#1483),.UNSPECIFIED.,.F.,
  .F.,(2,2),(0.,8.33),.PIECEWISE_BEZIER_KNOTS.);
#1482 = CARTESIAN_POINT('',(120.1,-98.12));
#1483 = CARTESIAN_POINT('',(120.1,-89.79));
#1484 = ( GEOMETRIC_REPRESENTATION_CONTEXT(2) 
PARAMETRIC_REPRESENTATION_CONTEXT() REPRESENTATION_CONTEXT('2D SPACE',''
  ) );
#1485 = PCURVE('',#399,#1486);
#1486 = DEFINITIONAL_REPRESENTATION('',(#1487),#1490);
#1487 = B_SPLINE_CURVE_WITH_KNOTS('',1,(#1488,#1489),.UNSPECIFIED.,.F.,
  .F.,(2,2),(0.,8.33),.PIECEWISE_BEZIER_KNOTS.);
#1488 = CARTESIAN_POINT('',(0.,-1.51));
#1489 = CARTESIAN_POINT('',(8.33,-1.51));
#1490 = ( GEOMETRIC_REPRESENTATION_CONTEXT(2) 
PARAMETRIC_REPRESENTATION_CONTEXT() REPRESENTATION_CONTEXT('2D SPACE',''
  ) );
#1491 = ORIENTED_EDGE('',*,*,#1492,.F.);
#1492 = EDGE_CURVE('',#1493,#1473,#1495,.T.);
#1493 = VERTEX_POINT('',#1494);
#1494 = CARTESIAN_POINT('',(166.5,-98.12,1.555));
#1495 = SURFACE_CURVE('',#1496,(#1499,#1505),.PCURVE_S1.);
#1496 = B_SPLINE_CURVE_WITH_KNOTS('',1,(#1497,#1498),.UNSPECIFIED.,.F.,
  .F.,(2,2),(0.,46.4),.PIECEWISE_BEZIER_KNOTS.);
#1497 = CARTESIAN_POINT('',(166.5,-98.12,1.555));
#1498 = CARTESIAN_POINT('',(120.1,-98.12,1.555));
#1499 = PCURVE('',#67,#1500);
#1500 = DEFINITIONAL_REPRESENTATION('',(#1501),#1504);
#1501 = B_SPLINE_CURVE_WITH_KNOTS('',1,(#1502,#1503),.UNSPECIFIED.,.F.,
  .F.,(2,2),(0.,46.4),.PIECEWISE_BEZIER_KNOTS.);
#1502 = CARTESIAN_POINT('',(166.5,-98.12));
#1503 = CARTESIAN_POINT('',(120.1,-98.12));
#1504 = ( GEOMETRIC_REPRESENTATION_CONTEXT(2) 
PARAMETRIC_REPRESENTATION_CONTEXT() REPRESENTATION_CONTEXT('2D SPACE',''
  ) );
#1505 = PCURVE('',#424,#1506);
#1506 = DEFINITIONAL_REPRESENTATION('',(#1507),#1510);
#1507 = B_SPLINE_CURVE_WITH_KNOTS('',1,(#1508,#1509),.UNSPECIFIED.,.F.,
  .F.,(2,2),(0.,46.4),.PIECEWISE_BEZIER_KNOTS.);
#1508 = CARTESIAN_POINT('',(0.,-1.51));
#1509 = CARTESIAN_POINT('',(46.4,-1.51));
#1510 = ( GEOMETRIC_REPRESENTATION_CONTEXT(2) 
PARAMETRIC_REPRESENTATION_CONTEXT() REPRESENTATION_CONTEXT('2D SPACE',''
  ) );
#1511 = ORIENTED_EDGE('',*,*,#1512,.F.);
#1512 = EDGE_CURVE('',#1513,#1493,#1515,.T.);
#1513 = VERTEX_POINT('',#1514);
#1514 = CARTESIAN_POINT('',(182.6,-98.12,1.555));
#1515 = SURFACE_CURVE('',#1516,(#1519,#1525),.PCURVE_S1.);
#1516 = B_SPLINE_CURVE_WITH_KNOTS('',1,(#1517,#1518),.UNSPECIFIED.,.F.,
  .F.,(2,2),(0.,16.1),.PIECEWISE_BEZIER_KNOTS.);
#1517 = CARTESIAN_POINT('',(182.6,-98.12,1.555));
#1518 = CARTESIAN_POINT('',(166.5,-98.12,1.555));
#1519 = PCURVE('',#67,#1520);
#1520 = DEFINITIONAL_REPRESENTATION('',(#1521),#1524);
#1521 = B_SPLINE_CURVE_WITH_KNOTS('',1,(#1522,#1523),.UNSPECIFIED.,.F.,
  .F.,(2,2),(0.,16.1),.PIECEWISE_BEZIER_KNOTS.);
#1522 = CARTESIAN_POINT('',(182.6,-98.12));
#1523 = CARTESIAN_POINT('',(166.5,-98.12));
#1524 = ( GEOMETRIC_REPRESENTATION_CONTEXT(2) 
PARAMETRIC_REPRESENTATION_CONTEXT() REPRESENTATION_CONTEXT('2D SPACE',''
  ) );
#1525 = PCURVE('',#449,#1526);
#1526 = DEFINITIONAL_REPRESENTATION('',(#1527),#1530);
#1527 = B_SPLINE_CURVE_WITH_KNOTS('',1,(#1528,#1529),.UNSPECIFIED.,.F.,
  .F.,(2,2),(0.,16.1),.PIECEWISE_BEZIER_KNOTS.);
#1528 = CARTESIAN_POINT('',(0.,-1.51));
#1529 = CARTESIAN_POINT('',(16.1,-1.51));
#1530 = ( GEOMETRIC_REPRESENTATION_CONTEXT(2) 
PARAMETRIC_REPRESENTATION_CONTEXT() REPRESENTATION_CONTEXT('2D SPACE',''
  ) );
#1531 = ORIENTED_EDGE('',*,*,#1532,.F.);
#1532 = EDGE_CURVE('',#1533,#1513,#1535,.T.);
#1533 = VERTEX_POINT('',#1534);
#1534 = CARTESIAN_POINT('',(183.1,-97.62,1.555));
#1535 = SURFACE_CURVE('',#1536,(#1540,#1547),.PCURVE_S1.);
#1536 = ( BOUNDED_CURVE() B_SPLINE_CURVE(2,(#1537,#1538,#1539),
.UNSPECIFIED.,.F.,.F.) B_SPLINE_CURVE_WITH_KNOTS((3,3),(0.,
1.570790992503),.PIECEWISE_BEZIER_KNOTS.) CURVE() 
GEOMETRIC_REPRESENTATION_ITEM() RATIONAL_B_SPLINE_CURVE((1.,
0.707108667141,1.)) REPRESENTATION_ITEM('') );
#1537 = CARTESIAN_POINT('',(183.09999999999,-97.61999999999,1.555));
#1538 = CARTESIAN_POINT('',(183.09999866642,-98.11999866642,1.555));
#1539 = CARTESIAN_POINT('',(182.6,-98.11999999999,1.555));
#1540 = PCURVE('',#67,#1541);
#1541 = DEFINITIONAL_REPRESENTATION('',(#1542),#1546);
#1542 = ( BOUNDED_CURVE() B_SPLINE_CURVE(2,(#1543,#1544,#1545),
.UNSPECIFIED.,.F.,.F.) B_SPLINE_CURVE_WITH_KNOTS((3,3),(0.,
1.570790992503),.PIECEWISE_BEZIER_KNOTS.) CURVE() 
GEOMETRIC_REPRESENTATION_ITEM() RATIONAL_B_SPLINE_CURVE((1.,
0.707108667141,1.)) REPRESENTATION_ITEM('') );
#1543 = CARTESIAN_POINT('',(183.09999999999,-97.61999999999));
#1544 = CARTESIAN_POINT('',(183.09999866642,-98.11999866642));
#1545 = CARTESIAN_POINT('',(182.6,-98.11999999999));
#1546 = ( GEOMETRIC_REPRESENTATION_CONTEXT(2) 
PARAMETRIC_REPRESENTATION_CONTEXT() REPRESENTATION_CONTEXT('2D SPACE',''
  ) );
#1547 = PCURVE('',#476,#1548);
#1548 = DEFINITIONAL_REPRESENTATION('',(#1549),#1553);
#1549 = B_SPLINE_CURVE_WITH_KNOTS('',2,(#1550,#1551,#1552),
  .UNSPECIFIED.,.F.,.F.,(3,3),(1.518439611836E-11,1.570790992503),
  .PIECEWISE_BEZIER_KNOTS.);
#1550 = CARTESIAN_POINT('',(1.524753273111E-11,-1.51));
#1551 = CARTESIAN_POINT('',(0.785395496259,-1.51));
#1552 = CARTESIAN_POINT('',(1.570790992503,-1.51));
#1553 = ( GEOMETRIC_REPRESENTATION_CONTEXT(2) 
PARAMETRIC_REPRESENTATION_CONTEXT() REPRESENTATION_CONTEXT('2D SPACE',''
  ) );
#1554 = ORIENTED_EDGE('',*,*,#1555,.F.);
#1555 = EDGE_CURVE('',#1556,#1533,#1558,.T.);
#1556 = VERTEX_POINT('',#1557);
#1557 = CARTESIAN_POINT('',(183.1,-93.5,1.555));
#1558 = SURFACE_CURVE('',#1559,(#1562,#1568),.PCURVE_S1.);
#1559 = B_SPLINE_CURVE_WITH_KNOTS('',1,(#1560,#1561),.UNSPECIFIED.,.F.,
  .F.,(2,2),(0.,4.12),.PIECEWISE_BEZIER_KNOTS.);
#1560 = CARTESIAN_POINT('',(183.1,-93.5,1.555));
#1561 = CARTESIAN_POINT('',(183.1,-97.62,1.555));
#1562 = PCURVE('',#67,#1563);
#1563 = DEFINITIONAL_REPRESENTATION('',(#1564),#1567);
#1564 = B_SPLINE_CURVE_WITH_KNOTS('',1,(#1565,#1566),.UNSPECIFIED.,.F.,
  .F.,(2,2),(0.,4.12),.PIECEWISE_BEZIER_KNOTS.);
#1565 = CARTESIAN_POINT('',(183.1,-93.5));
#1566 = CARTESIAN_POINT('',(183.1,-97.62));
#1567 = ( GEOMETRIC_REPRESENTATION_CONTEXT(2) 
PARAMETRIC_REPRESENTATION_CONTEXT() REPRESENTATION_CONTEXT('2D SPACE',''
  ) );
#1568 = PCURVE('',#504,#1569);
#1569 = DEFINITIONAL_REPRESENTATION('',(#1570),#1573);
#1570 = B_SPLINE_CURVE_WITH_KNOTS('',1,(#1571,#1572),.UNSPECIFIED.,.F.,
  .F.,(2,2),(0.,4.12),.PIECEWISE_BEZIER_KNOTS.);
#1571 = CARTESIAN_POINT('',(0.,-1.51));
#1572 = CARTESIAN_POINT('',(4.12,-1.51));
#1573 = ( GEOMETRIC_REPRESENTATION_CONTEXT(2) 
PARAMETRIC_REPRESENTATION_CONTEXT() REPRESENTATION_CONTEXT('2D SPACE',''
  ) );
#1574 = ORIENTED_EDGE('',*,*,#1575,.F.);
#1575 = EDGE_CURVE('',#1576,#1556,#1578,.T.);
#1576 = VERTEX_POINT('',#1577);
#1577 = CARTESIAN_POINT('',(182.6,-93.,1.555));
#1578 = SURFACE_CURVE('',#1579,(#1583,#1590),.PCURVE_S1.);
#1579 = ( BOUNDED_CURVE() B_SPLINE_CURVE(2,(#1580,#1581,#1582),
.UNSPECIFIED.,.F.,.F.) B_SPLINE_CURVE_WITH_KNOTS((3,3),(0.,
1.570790992523),.PIECEWISE_BEZIER_KNOTS.) CURVE() 
GEOMETRIC_REPRESENTATION_ITEM() RATIONAL_B_SPLINE_CURVE((1.,
0.707108667134,1.)) REPRESENTATION_ITEM('') );
#1580 = CARTESIAN_POINT('',(182.59999999999,-92.99999999999,1.555));
#1581 = CARTESIAN_POINT('',(183.09999866643,-93.00000133356,1.555));
#1582 = CARTESIAN_POINT('',(183.09999999999,-93.5,1.555));
#1583 = PCURVE('',#67,#1584);
#1584 = DEFINITIONAL_REPRESENTATION('',(#1585),#1589);
#1585 = ( BOUNDED_CURVE() B_SPLINE_CURVE(2,(#1586,#1587,#1588),
.UNSPECIFIED.,.F.,.F.) B_SPLINE_CURVE_WITH_KNOTS((3,3),(0.,
1.570790992523),.PIECEWISE_BEZIER_KNOTS.) CURVE() 
GEOMETRIC_REPRESENTATION_ITEM() RATIONAL_B_SPLINE_CURVE((1.,
0.707108667134,1.)) REPRESENTATION_ITEM('') );
#1586 = CARTESIAN_POINT('',(182.59999999999,-92.99999999999));
#1587 = CARTESIAN_POINT('',(183.09999866643,-93.00000133356));
#1588 = CARTESIAN_POINT('',(183.09999999999,-93.5));
#1589 = ( GEOMETRIC_REPRESENTATION_CONTEXT(2) 
PARAMETRIC_REPRESENTATION_CONTEXT() REPRESENTATION_CONTEXT('2D SPACE',''
  ) );
#1590 = PCURVE('',#531,#1591);
#1591 = DEFINITIONAL_REPRESENTATION('',(#1592),#1596);
#1592 = B_SPLINE_CURVE_WITH_KNOTS('',2,(#1593,#1594,#1595),
  .UNSPECIFIED.,.F.,.F.,(3,3),(1.521602395272E-11,1.570790992523),
  .PIECEWISE_BEZIER_KNOTS.);
#1593 = CARTESIAN_POINT('',(1.527916073387E-11,-1.51));
#1594 = CARTESIAN_POINT('',(0.785395496269,-1.51));
#1595 = CARTESIAN_POINT('',(1.570790992523,-1.51));
#1596 = ( GEOMETRIC_REPRESENTATION_CONTEXT(2) 
PARAMETRIC_REPRESENTATION_CONTEXT() REPRESENTATION_CONTEXT('2D SPACE',''
  ) );
#1597 = ORIENTED_EDGE('',*,*,#1598,.F.);
#1598 = EDGE_CURVE('',#1599,#1576,#1601,.T.);
#1599 = VERTEX_POINT('',#1600);
#1600 = CARTESIAN_POINT('',(167.,-93.,1.555));
#1601 = SURFACE_CURVE('',#1602,(#1605,#1611),.PCURVE_S1.);
#1602 = B_SPLINE_CURVE_WITH_KNOTS('',1,(#1603,#1604),.UNSPECIFIED.,.F.,
  .F.,(2,2),(0.,15.6),.PIECEWISE_BEZIER_KNOTS.);
#1603 = CARTESIAN_POINT('',(167.,-93.,1.555));
#1604 = CARTESIAN_POINT('',(182.6,-93.,1.555));
#1605 = PCURVE('',#67,#1606);
#1606 = DEFINITIONAL_REPRESENTATION('',(#1607),#1610);
#1607 = B_SPLINE_CURVE_WITH_KNOTS('',1,(#1608,#1609),.UNSPECIFIED.,.F.,
  .F.,(2,2),(0.,15.6),.PIECEWISE_BEZIER_KNOTS.);
#1608 = CARTESIAN_POINT('',(167.,-93.));
#1609 = CARTESIAN_POINT('',(182.6,-93.));
#1610 = ( GEOMETRIC_REPRESENTATION_CONTEXT(2) 
PARAMETRIC_REPRESENTATION_CONTEXT() REPRESENTATION_CONTEXT('2D SPACE',''
  ) );
#1611 = PCURVE('',#559,#1612);
#1612 = DEFINITIONAL_REPRESENTATION('',(#1613),#1616);
#1613 = B_SPLINE_CURVE_WITH_KNOTS('',1,(#1614,#1615),.UNSPECIFIED.,.F.,
  .F.,(2,2),(0.,15.6),.PIECEWISE_BEZIER_KNOTS.);
#1614 = CARTESIAN_POINT('',(0.,-1.51));
#1615 = CARTESIAN_POINT('',(15.6,-1.51));
#1616 = ( GEOMETRIC_REPRESENTATION_CONTEXT(2) 
PARAMETRIC_REPRESENTATION_CONTEXT() REPRESENTATION_CONTEXT('2D SPACE',''
  ) );
#1617 = ORIENTED_EDGE('',*,*,#1618,.F.);
#1618 = EDGE_CURVE('',#1619,#1599,#1621,.T.);
#1619 = VERTEX_POINT('',#1620);
#1620 = CARTESIAN_POINT('',(166.5,-92.5,1.555));
#1621 = SURFACE_CURVE('',#1622,(#1625,#1631),.PCURVE_S1.);
#1622 = B_SPLINE_CURVE_WITH_KNOTS('',1,(#1623,#1624),.UNSPECIFIED.,.F.,
  .F.,(2,2),(0.,0.707106781187),.PIECEWISE_BEZIER_KNOTS.);
#1623 = CARTESIAN_POINT('',(166.5,-92.5,1.555));
#1624 = CARTESIAN_POINT('',(167.,-93.,1.555));
#1625 = PCURVE('',#67,#1626);
#1626 = DEFINITIONAL_REPRESENTATION('',(#1627),#1630);
#1627 = B_SPLINE_CURVE_WITH_KNOTS('',1,(#1628,#1629),.UNSPECIFIED.,.F.,
  .F.,(2,2),(0.,0.707106781187),.PIECEWISE_BEZIER_KNOTS.);
#1628 = CARTESIAN_POINT('',(166.5,-92.5));
#1629 = CARTESIAN_POINT('',(167.,-93.));
#1630 = ( GEOMETRIC_REPRESENTATION_CONTEXT(2) 
PARAMETRIC_REPRESENTATION_CONTEXT() REPRESENTATION_CONTEXT('2D SPACE',''
  ) );
#1631 = PCURVE('',#584,#1632);
#1632 = DEFINITIONAL_REPRESENTATION('',(#1633),#1636);
#1633 = B_SPLINE_CURVE_WITH_KNOTS('',1,(#1634,#1635),.UNSPECIFIED.,.F.,
  .F.,(2,2),(0.,0.707106781187),.PIECEWISE_BEZIER_KNOTS.);
#1634 = CARTESIAN_POINT('',(0.,-1.51));
#1635 = CARTESIAN_POINT('',(0.707106781187,-1.51));
#1636 = ( GEOMETRIC_REPRESENTATION_CONTEXT(2) 
PARAMETRIC_REPRESENTATION_CONTEXT() REPRESENTATION_CONTEXT('2D SPACE',''
  ) );
#1637 = ORIENTED_EDGE('',*,*,#1638,.F.);
#1638 = EDGE_CURVE('',#1639,#1619,#1641,.T.);
#1639 = VERTEX_POINT('',#1640);
#1640 = CARTESIAN_POINT('',(166.5,-89.8,1.555));
#1641 = SURFACE_CURVE('',#1642,(#1645,#1651),.PCURVE_S1.);
#1642 = B_SPLINE_CURVE_WITH_KNOTS('',1,(#1643,#1644),.UNSPECIFIED.,.F.,
  .F.,(2,2),(0.,2.7),.PIECEWISE_BEZIER_KNOTS.);
#1643 = CARTESIAN_POINT('',(166.5,-89.8,1.555));
#1644 = CARTESIAN_POINT('',(166.5,-92.5,1.555));
#1645 = PCURVE('',#67,#1646);
#1646 = DEFINITIONAL_REPRESENTATION('',(#1647),#1650);
#1647 = B_SPLINE_CURVE_WITH_KNOTS('',1,(#1648,#1649),.UNSPECIFIED.,.F.,
  .F.,(2,2),(0.,2.7),.PIECEWISE_BEZIER_KNOTS.);
#1648 = CARTESIAN_POINT('',(166.5,-89.8));
#1649 = CARTESIAN_POINT('',(166.5,-92.5));
#1650 = ( GEOMETRIC_REPRESENTATION_CONTEXT(2) 
PARAMETRIC_REPRESENTATION_CONTEXT() REPRESENTATION_CONTEXT('2D SPACE',''
  ) );
#1651 = PCURVE('',#609,#1652);
#1652 = DEFINITIONAL_REPRESENTATION('',(#1653),#1656);
#1653 = B_SPLINE_CURVE_WITH_KNOTS('',1,(#1654,#1655),.UNSPECIFIED.,.F.,
  .F.,(2,2),(0.,2.7),.PIECEWISE_BEZIER_KNOTS.);
#1654 = CARTESIAN_POINT('',(0.,-1.51));
#1655 = CARTESIAN_POINT('',(2.7,-1.51));
#1656 = ( GEOMETRIC_REPRESENTATION_CONTEXT(2) 
PARAMETRIC_REPRESENTATION_CONTEXT() REPRESENTATION_CONTEXT('2D SPACE',''
  ) );
#1657 = ORIENTED_EDGE('',*,*,#1658,.F.);
#1658 = EDGE_CURVE('',#198,#1639,#1659,.T.);
#1659 = SURFACE_CURVE('',#1660,(#1663,#1669),.PCURVE_S1.);
#1660 = B_SPLINE_CURVE_WITH_KNOTS('',1,(#1661,#1662),.UNSPECIFIED.,.F.,
  .F.,(2,2),(0.,1.415),.PIECEWISE_BEZIER_KNOTS.);
#1661 = CARTESIAN_POINT('',(165.085,-89.8,1.555));
#1662 = CARTESIAN_POINT('',(166.5,-89.8,1.555));
#1663 = PCURVE('',#67,#1664);
#1664 = DEFINITIONAL_REPRESENTATION('',(#1665),#1668);
#1665 = B_SPLINE_CURVE_WITH_KNOTS('',1,(#1666,#1667),.UNSPECIFIED.,.F.,
  .F.,(2,2),(0.,1.415),.PIECEWISE_BEZIER_KNOTS.);
#1666 = CARTESIAN_POINT('',(165.085,-89.8));
#1667 = CARTESIAN_POINT('',(166.5,-89.8));
#1668 = ( GEOMETRIC_REPRESENTATION_CONTEXT(2) 
PARAMETRIC_REPRESENTATION_CONTEXT() REPRESENTATION_CONTEXT('2D SPACE',''
  ) );
#1669 = PCURVE('',#231,#1670);
#1670 = DEFINITIONAL_REPRESENTATION('',(#1671),#1674);
#1671 = B_SPLINE_CURVE_WITH_KNOTS('',1,(#1672,#1673),.UNSPECIFIED.,.F.,
  .F.,(2,2),(0.,1.415),.PIECEWISE_BEZIER_KNOTS.);
#1672 = CARTESIAN_POINT('',(0.,-1.51));
#1673 = CARTESIAN_POINT('',(1.415,-1.51));
#1674 = ( GEOMETRIC_REPRESENTATION_CONTEXT(2) 
PARAMETRIC_REPRESENTATION_CONTEXT() REPRESENTATION_CONTEXT('2D SPACE',''
  ) );
#1675 = ORIENTED_EDGE('',*,*,#197,.F.);
#1676 = FACE_BOUND('',#1677,.T.);
#1677 = EDGE_LOOP('',(#1678));
#1678 = ORIENTED_EDGE('',*,*,#1679,.T.);
#1679 = EDGE_CURVE('',#1680,#1680,#1682,.T.);
#1680 = VERTEX_POINT('',#1681);
#1681 = CARTESIAN_POINT('',(144.26,-86.15,1.555));
#1682 = SURFACE_CURVE('',#1683,(#1691,#1702),.PCURVE_S1.);
#1683 = ( BOUNDED_CURVE() B_SPLINE_CURVE(2,(#1684,#1685,#1686,#1687,
#1688,#1689,#1690),.UNSPECIFIED.,.T.,.F.) B_SPLINE_CURVE_WITH_KNOTS((1,2
    ,2,2,2,1),(-2.094395102393,0.,2.094395102393,4.188790204786,
6.28318530718,8.377580409573),.UNSPECIFIED.) CURVE() 
GEOMETRIC_REPRESENTATION_ITEM() RATIONAL_B_SPLINE_CURVE((1.,0.5,1.,0.5,
1.,0.5,1.)) REPRESENTATION_ITEM('') );
#1684 = CARTESIAN_POINT('',(144.26,-86.15,1.555));
#1685 = CARTESIAN_POINT('',(143.39397459621,-86.15,1.555));
#1686 = CARTESIAN_POINT('',(143.8269872981,-85.4,1.555));
#1687 = CARTESIAN_POINT('',(144.26,-84.65,1.555));
#1688 = CARTESIAN_POINT('',(144.69301270189,-85.4,1.555));
#1689 = CARTESIAN_POINT('',(145.12602540378,-86.15,1.555));
#1690 = CARTESIAN_POINT('',(144.26,-86.15,1.555));
#1691 = PCURVE('',#67,#1692);
#1692 = DEFINITIONAL_REPRESENTATION('',(#1693),#1701);
#1693 = ( BOUNDED_CURVE() B_SPLINE_CURVE(2,(#1694,#1695,#1696,#1697,
#1698,#1699,#1700),.UNSPECIFIED.,.T.,.F.) B_SPLINE_CURVE_WITH_KNOTS((3,2
    ,2,3),(0.,2.094395102393,4.188790204786,6.28318530718),
.PIECEWISE_BEZIER_KNOTS.) CURVE() GEOMETRIC_REPRESENTATION_ITEM() 
RATIONAL_B_SPLINE_CURVE((1.,0.5,1.,0.5,1.,0.5,1.)) REPRESENTATION_ITEM(
  '') );
#1694 = CARTESIAN_POINT('',(144.26,-86.15));
#1695 = CARTESIAN_POINT('',(143.39397459621,-86.15));
#1696 = CARTESIAN_POINT('',(143.8269872981,-85.4));
#1697 = CARTESIAN_POINT('',(144.26,-84.65));
#1698 = CARTESIAN_POINT('',(144.69301270189,-85.4));
#1699 = CARTESIAN_POINT('',(145.12602540378,-86.15));
#1700 = CARTESIAN_POINT('',(144.26,-86.15));
#1701 = ( GEOMETRIC_REPRESENTATION_CONTEXT(2) 
PARAMETRIC_REPRESENTATION_CONTEXT() REPRESENTATION_CONTEXT('2D SPACE',''
  ) );
#1702 = PCURVE('',#665,#1703);
#1703 = DEFINITIONAL_REPRESENTATION('',(#1704),#1712);
#1704 = B_SPLINE_CURVE_WITH_KNOTS('',2,(#1705,#1706,#1707,#1708,#1709,
    #1710,#1711),.UNSPECIFIED.,.F.,.F.,(3,2,2,3),(0.,2.094395102393,
    4.188790204786,6.28318530718),.PIECEWISE_BEZIER_KNOTS.);
#1705 = CARTESIAN_POINT('',(0.,-1.556));
#1706 = CARTESIAN_POINT('',(1.047197551196,-1.556));
#1707 = CARTESIAN_POINT('',(2.094395102393,-1.556));
#1708 = CARTESIAN_POINT('',(3.14159265359,-1.556));
#1709 = CARTESIAN_POINT('',(4.188790204786,-1.556));
#1710 = CARTESIAN_POINT('',(5.235987755983,-1.556));
#1711 = CARTESIAN_POINT('',(6.28318530718,-1.556));
#1712 = ( GEOMETRIC_REPRESENTATION_CONTEXT(2) 
PARAMETRIC_REPRESENTATION_CONTEXT() REPRESENTATION_CONTEXT('2D SPACE',''
  ) );
#1713 = FACE_BOUND('',#1714,.T.);
#1714 = EDGE_LOOP('',(#1715));
#1715 = ORIENTED_EDGE('',*,*,#1716,.T.);
#1716 = EDGE_CURVE('',#1717,#1717,#1719,.T.);
#1717 = VERTEX_POINT('',#1718);
#1718 = CARTESIAN_POINT('',(146.8,-86.15,1.555));
#1719 = SURFACE_CURVE('',#1720,(#1728,#1739),.PCURVE_S1.);
#1720 = ( BOUNDED_CURVE() B_SPLINE_CURVE(2,(#1721,#1722,#1723,#1724,
#1725,#1726,#1727),.UNSPECIFIED.,.T.,.F.) B_SPLINE_CURVE_WITH_KNOTS((1,2
    ,2,2,2,1),(-2.094395102393,0.,2.094395102393,4.188790204786,
6.28318530718,8.377580409573),.UNSPECIFIED.) CURVE() 
GEOMETRIC_REPRESENTATION_ITEM() RATIONAL_B_SPLINE_CURVE((1.,0.5,1.,0.5,
1.,0.5,1.)) REPRESENTATION_ITEM('') );
#1721 = CARTESIAN_POINT('',(146.8,-86.15,1.555));
#1722 = CARTESIAN_POINT('',(145.93397459621,-86.15,1.555));
#1723 = CARTESIAN_POINT('',(146.3669872981,-85.4,1.555));
#1724 = CARTESIAN_POINT('',(146.8,-84.65,1.555));
#1725 = CARTESIAN_POINT('',(147.23301270189,-85.4,1.555));
#1726 = CARTESIAN_POINT('',(147.66602540378,-86.15,1.555));
#1727 = CARTESIAN_POINT('',(146.8,-86.15,1.555));
#1728 = PCURVE('',#67,#1729);
#1729 = DEFINITIONAL_REPRESENTATION('',(#1730),#1738);
#1730 = ( BOUNDED_CURVE() B_SPLINE_CURVE(2,(#1731,#1732,#1733,#1734,
#1735,#1736,#1737),.UNSPECIFIED.,.T.,.F.) B_SPLINE_CURVE_WITH_KNOTS((3,2
    ,2,3),(0.,2.094395102393,4.188790204786,6.28318530718),
.PIECEWISE_BEZIER_KNOTS.) CURVE() GEOMETRIC_REPRESENTATION_ITEM() 
RATIONAL_B_SPLINE_CURVE((1.,0.5,1.,0.5,1.,0.5,1.)) REPRESENTATION_ITEM(
  '') );
#1731 = CARTESIAN_POINT('',(146.8,-86.15));
#1732 = CARTESIAN_POINT('',(145.93397459621,-86.15));
#1733 = CARTESIAN_POINT('',(146.3669872981,-85.4));
#1734 = CARTESIAN_POINT('',(146.8,-84.65));
#1735 = CARTESIAN_POINT('',(147.23301270189,-85.4));
#1736 = CARTESIAN_POINT('',(147.66602540378,-86.15));
#1737 = CARTESIAN_POINT('',(146.8,-86.15));
#1738 = ( GEOMETRIC_REPRESENTATION_CONTEXT(2) 
PARAMETRIC_REPRESENTATION_CONTEXT() REPRESENTATION_CONTEXT('2D SPACE',''
  ) );
#1739 = PCURVE('',#717,#1740);
#1740 = DEFINITIONAL_REPRESENTATION('',(#1741),#1749);
#1741 = B_SPLINE_CURVE_WITH_KNOTS('',2,(#1742,#1743,#1744,#1745,#1746,
    #1747,#1748),.UNSPECIFIED.,.F.,.F.,(3,2,2,3),(0.,2.094395102393,
    4.188790204786,6.28318530718),.PIECEWISE_BEZIER_KNOTS.);
#1742 = CARTESIAN_POINT('',(0.,-1.556));
#1743 = CARTESIAN_POINT('',(1.047197551196,-1.556));
#1744 = CARTESIAN_POINT('',(2.094395102393,-1.556));
#1745 = CARTESIAN_POINT('',(3.14159265359,-1.556));
#1746 = CARTESIAN_POINT('',(4.188790204786,-1.556));
#1747 = CARTESIAN_POINT('',(5.235987755983,-1.556));
#1748 = CARTESIAN_POINT('',(6.28318530718,-1.556));
#1749 = ( GEOMETRIC_REPRESENTATION_CONTEXT(2) 
PARAMETRIC_REPRESENTATION_CONTEXT() REPRESENTATION_CONTEXT('2D SPACE',''
  ) );
#1750 = FACE_BOUND('',#1751,.T.);
#1751 = EDGE_LOOP('',(#1752));
#1752 = ORIENTED_EDGE('',*,*,#1753,.T.);
#1753 = EDGE_CURVE('',#1754,#1754,#1756,.T.);
#1754 = VERTEX_POINT('',#1755);
#1755 = CARTESIAN_POINT('',(149.34,-86.15,1.555));
#1756 = SURFACE_CURVE('',#1757,(#1765,#1776),.PCURVE_S1.);
#1757 = ( BOUNDED_CURVE() B_SPLINE_CURVE(2,(#1758,#1759,#1760,#1761,
#1762,#1763,#1764),.UNSPECIFIED.,.T.,.F.) B_SPLINE_CURVE_WITH_KNOTS((1,2
    ,2,2,2,1),(-2.094395102393,0.,2.094395102393,4.188790204786,
6.28318530718,8.377580409573),.UNSPECIFIED.) CURVE() 
GEOMETRIC_REPRESENTATION_ITEM() RATIONAL_B_SPLINE_CURVE((1.,0.5,1.,0.5,
1.,0.5,1.)) REPRESENTATION_ITEM('') );
#1758 = CARTESIAN_POINT('',(149.34,-86.15,1.555));
#1759 = CARTESIAN_POINT('',(148.47397459621,-86.15,1.555));
#1760 = CARTESIAN_POINT('',(148.9069872981,-85.4,1.555));
#1761 = CARTESIAN_POINT('',(149.34,-84.65,1.555));
#1762 = CARTESIAN_POINT('',(149.77301270189,-85.4,1.555));
#1763 = CARTESIAN_POINT('',(150.20602540378,-86.15,1.555));
#1764 = CARTESIAN_POINT('',(149.34,-86.15,1.555));
#1765 = PCURVE('',#67,#1766);
#1766 = DEFINITIONAL_REPRESENTATION('',(#1767),#1775);
#1767 = ( BOUNDED_CURVE() B_SPLINE_CURVE(2,(#1768,#1769,#1770,#1771,
#1772,#1773,#1774),.UNSPECIFIED.,.T.,.F.) B_SPLINE_CURVE_WITH_KNOTS((3,2
    ,2,3),(0.,2.094395102393,4.188790204786,6.28318530718),
.PIECEWISE_BEZIER_KNOTS.) CURVE() GEOMETRIC_REPRESENTATION_ITEM() 
RATIONAL_B_SPLINE_CURVE((1.,0.5,1.,0.5,1.,0.5,1.)) REPRESENTATION_ITEM(
  '') );
#1768 = CARTESIAN_POINT('',(149.34,-86.15));
#1769 = CARTESIAN_POINT('',(148.47397459621,-86.15));
#1770 = CARTESIAN_POINT('',(148.9069872981,-85.4));
#1771 = CARTESIAN_POINT('',(149.34,-84.65));
#1772 = CARTESIAN_POINT('',(149.77301270189,-85.4));
#1773 = CARTESIAN_POINT('',(150.20602540378,-86.15));
#1774 = CARTESIAN_POINT('',(149.34,-86.15));
#1775 = ( GEOMETRIC_REPRESENTATION_CONTEXT(2) 
PARAMETRIC_REPRESENTATION_CONTEXT() REPRESENTATION_CONTEXT('2D SPACE',''
  ) );
#1776 = PCURVE('',#769,#1777);
#1777 = DEFINITIONAL_REPRESENTATION('',(#1778),#1786);
#1778 = B_SPLINE_CURVE_WITH_KNOTS('',2,(#1779,#1780,#1781,#1782,#1783,
    #1784,#1785),.UNSPECIFIED.,.F.,.F.,(3,2,2,3),(0.,2.094395102393,
    4.188790204786,6.28318530718),.PIECEWISE_BEZIER_KNOTS.);
#1779 = CARTESIAN_POINT('',(0.,-1.556));
#1780 = CARTESIAN_POINT('',(1.047197551197,-1.556));
#1781 = CARTESIAN_POINT('',(2.094395102393,-1.556));
#1782 = CARTESIAN_POINT('',(3.14159265359,-1.556));
#1783 = CARTESIAN_POINT('',(4.188790204786,-1.556));
#1784 = CARTESIAN_POINT('',(5.235987755983,-1.556));
#1785 = CARTESIAN_POINT('',(6.28318530718,-1.556));
#1786 = ( GEOMETRIC_REPRESENTATION_CONTEXT(2) 
PARAMETRIC_REPRESENTATION_CONTEXT() REPRESENTATION_CONTEXT('2D SPACE',''
  ) );
#1787 = FACE_BOUND('',#1788,.T.);
#1788 = EDGE_LOOP('',(#1789));
#1789 = ORIENTED_EDGE('',*,*,#1790,.T.);
#1790 = EDGE_CURVE('',#1791,#1791,#1793,.T.);
#1791 = VERTEX_POINT('',#1792);
#1792 = CARTESIAN_POINT('',(151.88,-86.15,1.555));
#1793 = SURFACE_CURVE('',#1794,(#1802,#1813),.PCURVE_S1.);
#1794 = ( BOUNDED_CURVE() B_SPLINE_CURVE(2,(#1795,#1796,#1797,#1798,
#1799,#1800,#1801),.UNSPECIFIED.,.T.,.F.) B_SPLINE_CURVE_WITH_KNOTS((1,2
    ,2,2,2,1),(-2.094395102393,0.,2.094395102393,4.188790204786,
6.28318530718,8.377580409573),.UNSPECIFIED.) CURVE() 
GEOMETRIC_REPRESENTATION_ITEM() RATIONAL_B_SPLINE_CURVE((1.,0.5,1.,0.5,
1.,0.5,1.)) REPRESENTATION_ITEM('') );
#1795 = CARTESIAN_POINT('',(151.88,-86.15,1.555));
#1796 = CARTESIAN_POINT('',(151.01397459621,-86.15,1.555));
#1797 = CARTESIAN_POINT('',(151.4469872981,-85.4,1.555));
#1798 = CARTESIAN_POINT('',(151.88,-84.65,1.555));
#1799 = CARTESIAN_POINT('',(152.31301270189,-85.4,1.555));
#1800 = CARTESIAN_POINT('',(152.74602540378,-86.15,1.555));
#1801 = CARTESIAN_POINT('',(151.88,-86.15,1.555));
#1802 = PCURVE('',#67,#1803);
#1803 = DEFINITIONAL_REPRESENTATION('',(#1804),#1812);
#1804 = ( BOUNDED_CURVE() B_SPLINE_CURVE(2,(#1805,#1806,#1807,#1808,
#1809,#1810,#1811),.UNSPECIFIED.,.T.,.F.) B_SPLINE_CURVE_WITH_KNOTS((3,2
    ,2,3),(0.,2.094395102393,4.188790204786,6.28318530718),
.PIECEWISE_BEZIER_KNOTS.) CURVE() GEOMETRIC_REPRESENTATION_ITEM() 
RATIONAL_B_SPLINE_CURVE((1.,0.5,1.,0.5,1.,0.5,1.)) REPRESENTATION_ITEM(
  '') );
#1805 = CARTESIAN_POINT('',(151.88,-86.15));
#1806 = CARTESIAN_POINT('',(151.01397459621,-86.15));
#1807 = CARTESIAN_POINT('',(151.4469872981,-85.4));
#1808 = CARTESIAN_POINT('',(151.88,-84.65));
#1809 = CARTESIAN_POINT('',(152.31301270189,-85.4));
#1810 = CARTESIAN_POINT('',(152.74602540378,-86.15));
#1811 = CARTESIAN_POINT('',(151.88,-86.15));
#1812 = ( GEOMETRIC_REPRESENTATION_CONTEXT(2) 
PARAMETRIC_REPRESENTATION_CONTEXT() REPRESENTATION_CONTEXT('2D SPACE',''
  ) );
#1813 = PCURVE('',#821,#1814);
#1814 = DEFINITIONAL_REPRESENTATION('',(#1815),#1823);
#1815 = B_SPLINE_CURVE_WITH_KNOTS('',2,(#1816,#1817,#1818,#1819,#1820,
    #1821,#1822),.UNSPECIFIED.,.F.,.F.,(3,2,2,3),(0.,2.094395102393,
    4.188790204786,6.28318530718),.PIECEWISE_BEZIER_KNOTS.);
#1816 = CARTESIAN_POINT('',(0.,-1.556));
#1817 = CARTESIAN_POINT('',(1.047197551197,-1.556));
#1818 = CARTESIAN_POINT('',(2.094395102393,-1.556));
#1819 = CARTESIAN_POINT('',(3.14159265359,-1.556));
#1820 = CARTESIAN_POINT('',(4.188790204786,-1.556));
#1821 = CARTESIAN_POINT('',(5.235987755983,-1.556));
#1822 = CARTESIAN_POINT('',(6.28318530718,-1.556));
#1823 = ( GEOMETRIC_REPRESENTATION_CONTEXT(2) 
PARAMETRIC_REPRESENTATION_CONTEXT() REPRESENTATION_CONTEXT('2D SPACE',''
  ) );
#1824 = FACE_BOUND('',#1825,.T.);
#1825 = EDGE_LOOP('',(#1826));
#1826 = ORIENTED_EDGE('',*,*,#1827,.T.);
#1827 = EDGE_CURVE('',#1828,#1828,#1830,.T.);
#1828 = VERTEX_POINT('',#1829);
#1829 = CARTESIAN_POINT('',(156.92,-86.47,1.555));
#1830 = SURFACE_CURVE('',#1831,(#1839,#1850),.PCURVE_S1.);
#1831 = ( BOUNDED_CURVE() B_SPLINE_CURVE(2,(#1832,#1833,#1834,#1835,
#1836,#1837,#1838),.UNSPECIFIED.,.T.,.F.) B_SPLINE_CURVE_WITH_KNOTS((1,2
    ,2,2,2,1),(-2.094395102393,0.,2.094395102393,4.188790204786,
6.28318530718,8.377580409573),.UNSPECIFIED.) CURVE() 
GEOMETRIC_REPRESENTATION_ITEM() RATIONAL_B_SPLINE_CURVE((1.,0.5,1.,0.5,
1.,0.5,1.)) REPRESENTATION_ITEM('') );
#1832 = CARTESIAN_POINT('',(156.92,-86.47,1.555));
#1833 = CARTESIAN_POINT('',(156.35708348754,-86.47,1.555));
#1834 = CARTESIAN_POINT('',(156.63854174377,-85.9825,1.555));
#1835 = CARTESIAN_POINT('',(156.92,-85.495,1.555));
#1836 = CARTESIAN_POINT('',(157.20145825623,-85.9825,1.555));
#1837 = CARTESIAN_POINT('',(157.48291651246,-86.47,1.555));
#1838 = CARTESIAN_POINT('',(156.92,-86.47,1.555));
#1839 = PCURVE('',#67,#1840);
#1840 = DEFINITIONAL_REPRESENTATION('',(#1841),#1849);
#1841 = ( BOUNDED_CURVE() B_SPLINE_CURVE(2,(#1842,#1843,#1844,#1845,
#1846,#1847,#1848),.UNSPECIFIED.,.T.,.F.) B_SPLINE_CURVE_WITH_KNOTS((3,2
    ,2,3),(0.,2.094395102393,4.188790204786,6.28318530718),
.PIECEWISE_BEZIER_KNOTS.) CURVE() GEOMETRIC_REPRESENTATION_ITEM() 
RATIONAL_B_SPLINE_CURVE((1.,0.5,1.,0.5,1.,0.5,1.)) REPRESENTATION_ITEM(
  '') );
#1842 = CARTESIAN_POINT('',(156.92,-86.47));
#1843 = CARTESIAN_POINT('',(156.35708348754,-86.47));
#1844 = CARTESIAN_POINT('',(156.63854174377,-85.9825));
#1845 = CARTESIAN_POINT('',(156.92,-85.495));
#1846 = CARTESIAN_POINT('',(157.20145825623,-85.9825));
#1847 = CARTESIAN_POINT('',(157.48291651246,-86.47));
#1848 = CARTESIAN_POINT('',(156.92,-86.47));
#1849 = ( GEOMETRIC_REPRESENTATION_CONTEXT(2) 
PARAMETRIC_REPRESENTATION_CONTEXT() REPRESENTATION_CONTEXT('2D SPACE',''
  ) );
#1850 = PCURVE('',#873,#1851);
#1851 = DEFINITIONAL_REPRESENTATION('',(#1852),#1860);
#1852 = B_SPLINE_CURVE_WITH_KNOTS('',2,(#1853,#1854,#1855,#1856,#1857,
    #1858,#1859),.UNSPECIFIED.,.F.,.F.,(3,2,2,3),(0.,2.094395102393,
    4.188790204786,6.28318530718),.PIECEWISE_BEZIER_KNOTS.);
#1853 = CARTESIAN_POINT('',(0.,-1.556));
#1854 = CARTESIAN_POINT('',(1.047197551197,-1.556));
#1855 = CARTESIAN_POINT('',(2.094395102393,-1.556));
#1856 = CARTESIAN_POINT('',(3.14159265359,-1.556));
#1857 = CARTESIAN_POINT('',(4.188790204786,-1.556));
#1858 = CARTESIAN_POINT('',(5.235987755983,-1.556));
#1859 = CARTESIAN_POINT('',(6.28318530718,-1.556));
#1860 = ( GEOMETRIC_REPRESENTATION_CONTEXT(2) 
PARAMETRIC_REPRESENTATION_CONTEXT() REPRESENTATION_CONTEXT('2D SPACE',''
  ) );
#1861 = FACE_BOUND('',#1862,.T.);
#1862 = EDGE_LOOP('',(#1863));
#1863 = ORIENTED_EDGE('',*,*,#1864,.T.);
#1864 = EDGE_CURVE('',#1865,#1865,#1867,.T.);
#1865 = VERTEX_POINT('',#1866);
#1866 = CARTESIAN_POINT('',(158.19,-86.47,1.555));
#1867 = SURFACE_CURVE('',#1868,(#1876,#1887),.PCURVE_S1.);
#1868 = ( BOUNDED_CURVE() B_SPLINE_CURVE(2,(#1869,#1870,#1871,#1872,
#1873,#1874,#1875),.UNSPECIFIED.,.T.,.F.) B_SPLINE_CURVE_WITH_KNOTS((1,2
    ,2,2,2,1),(-2.094395102393,0.,2.094395102393,4.188790204786,
6.28318530718,8.377580409573),.UNSPECIFIED.) CURVE() 
GEOMETRIC_REPRESENTATION_ITEM() RATIONAL_B_SPLINE_CURVE((1.,0.5,1.,0.5,
1.,0.5,1.)) REPRESENTATION_ITEM('') );
#1869 = CARTESIAN_POINT('',(158.19,-86.47,1.555));
#1870 = CARTESIAN_POINT('',(157.62708348754,-86.47,1.555));
#1871 = CARTESIAN_POINT('',(157.90854174377,-85.9825,1.555));
#1872 = CARTESIAN_POINT('',(158.19,-85.495,1.555));
#1873 = CARTESIAN_POINT('',(158.47145825623,-85.9825,1.555));
#1874 = CARTESIAN_POINT('',(158.75291651246,-86.47,1.555));
#1875 = CARTESIAN_POINT('',(158.19,-86.47,1.555));
#1876 = PCURVE('',#67,#1877);
#1877 = DEFINITIONAL_REPRESENTATION('',(#1878),#1886);
#1878 = ( BOUNDED_CURVE() B_SPLINE_CURVE(2,(#1879,#1880,#1881,#1882,
#1883,#1884,#1885),.UNSPECIFIED.,.T.,.F.) B_SPLINE_CURVE_WITH_KNOTS((3,2
    ,2,3),(0.,2.094395102393,4.188790204786,6.28318530718),
.PIECEWISE_BEZIER_KNOTS.) CURVE() GEOMETRIC_REPRESENTATION_ITEM() 
RATIONAL_B_SPLINE_CURVE((1.,0.5,1.,0.5,1.,0.5,1.)) REPRESENTATION_ITEM(
  '') );
#1879 = CARTESIAN_POINT('',(158.19,-86.47));
#1880 = CARTESIAN_POINT('',(157.62708348754,-86.47));
#1881 = CARTESIAN_POINT('',(157.90854174377,-85.9825));
#1882 = CARTESIAN_POINT('',(158.19,-85.495));
#1883 = CARTESIAN_POINT('',(158.47145825623,-85.9825));
#1884 = CARTESIAN_POINT('',(158.75291651246,-86.47));
#1885 = CARTESIAN_POINT('',(158.19,-86.47));
#1886 = ( GEOMETRIC_REPRESENTATION_CONTEXT(2) 
PARAMETRIC_REPRESENTATION_CONTEXT() REPRESENTATION_CONTEXT('2D SPACE',''
  ) );
#1887 = PCURVE('',#925,#1888);
#1888 = DEFINITIONAL_REPRESENTATION('',(#1889),#1897);
#1889 = B_SPLINE_CURVE_WITH_KNOTS('',2,(#1890,#1891,#1892,#1893,#1894,
    #1895,#1896),.UNSPECIFIED.,.F.,.F.,(3,2,2,3),(0.,2.094395102393,
    4.188790204786,6.28318530718),.PIECEWISE_BEZIER_KNOTS.);
#1890 = CARTESIAN_POINT('',(0.,-1.556));
#1891 = CARTESIAN_POINT('',(1.047197551196,-1.556));
#1892 = CARTESIAN_POINT('',(2.094395102393,-1.556));
#1893 = CARTESIAN_POINT('',(3.14159265359,-1.556));
#1894 = CARTESIAN_POINT('',(4.188790204786,-1.556));
#1895 = CARTESIAN_POINT('',(5.235987755983,-1.556));
#1896 = CARTESIAN_POINT('',(6.28318530718,-1.556));
#1897 = ( GEOMETRIC_REPRESENTATION_CONTEXT(2) 
PARAMETRIC_REPRESENTATION_CONTEXT() REPRESENTATION_CONTEXT('2D SPACE',''
  ) );
#1898 = FACE_BOUND('',#1899,.T.);
#1899 = EDGE_LOOP('',(#1900));
#1900 = ORIENTED_EDGE('',*,*,#1901,.T.);
#1901 = EDGE_CURVE('',#1902,#1902,#1904,.T.);
#1902 = VERTEX_POINT('',#1903);
#1903 = CARTESIAN_POINT('',(159.46,-86.47,1.555));
#1904 = SURFACE_CURVE('',#1905,(#1913,#1924),.PCURVE_S1.);
#1905 = ( BOUNDED_CURVE() B_SPLINE_CURVE(2,(#1906,#1907,#1908,#1909,
#1910,#1911,#1912),.UNSPECIFIED.,.T.,.F.) B_SPLINE_CURVE_WITH_KNOTS((1,2
    ,2,2,2,1),(-2.094395102393,0.,2.094395102393,4.188790204786,
6.28318530718,8.377580409573),.UNSPECIFIED.) CURVE() 
GEOMETRIC_REPRESENTATION_ITEM() RATIONAL_B_SPLINE_CURVE((1.,0.5,1.,0.5,
1.,0.5,1.)) REPRESENTATION_ITEM('') );
#1906 = CARTESIAN_POINT('',(159.46,-86.47,1.555));
#1907 = CARTESIAN_POINT('',(158.89708348754,-86.47,1.555));
#1908 = CARTESIAN_POINT('',(159.17854174377,-85.9825,1.555));
#1909 = CARTESIAN_POINT('',(159.46,-85.495,1.555));
#1910 = CARTESIAN_POINT('',(159.74145825623,-85.9825,1.555));
#1911 = CARTESIAN_POINT('',(160.02291651246,-86.47,1.555));
#1912 = CARTESIAN_POINT('',(159.46,-86.47,1.555));
#1913 = PCURVE('',#67,#1914);
#1914 = DEFINITIONAL_REPRESENTATION('',(#1915),#1923);
#1915 = ( BOUNDED_CURVE() B_SPLINE_CURVE(2,(#1916,#1917,#1918,#1919,
#1920,#1921,#1922),.UNSPECIFIED.,.T.,.F.) B_SPLINE_CURVE_WITH_KNOTS((3,2
    ,2,3),(0.,2.094395102393,4.188790204786,6.28318530718),
.PIECEWISE_BEZIER_KNOTS.) CURVE() GEOMETRIC_REPRESENTATION_ITEM() 
RATIONAL_B_SPLINE_CURVE((1.,0.5,1.,0.5,1.,0.5,1.)) REPRESENTATION_ITEM(
  '') );
#1916 = CARTESIAN_POINT('',(159.46,-86.47));
#1917 = CARTESIAN_POINT('',(158.89708348754,-86.47));
#1918 = CARTESIAN_POINT('',(159.17854174377,-85.9825));
#1919 = CARTESIAN_POINT('',(159.46,-85.495));
#1920 = CARTESIAN_POINT('',(159.74145825623,-85.9825));
#1921 = CARTESIAN_POINT('',(160.02291651246,-86.47));
#1922 = CARTESIAN_POINT('',(159.46,-86.47));
#1923 = ( GEOMETRIC_REPRESENTATION_CONTEXT(2) 
PARAMETRIC_REPRESENTATION_CONTEXT() REPRESENTATION_CONTEXT('2D SPACE',''
  ) );
#1924 = PCURVE('',#977,#1925);
#1925 = DEFINITIONAL_REPRESENTATION('',(#1926),#1934);
#1926 = B_SPLINE_CURVE_WITH_KNOTS('',2,(#1927,#1928,#1929,#1930,#1931,
    #1932,#1933),.UNSPECIFIED.,.F.,.F.,(3,2,2,3),(0.,2.094395102393,
    4.188790204786,6.28318530718),.PIECEWISE_BEZIER_KNOTS.);
#1927 = CARTESIAN_POINT('',(0.,-1.556));
#1928 = CARTESIAN_POINT('',(1.047197551197,-1.556));
#1929 = CARTESIAN_POINT('',(2.094395102393,-1.556));
#1930 = CARTESIAN_POINT('',(3.14159265359,-1.556));
#1931 = CARTESIAN_POINT('',(4.188790204786,-1.556));
#1932 = CARTESIAN_POINT('',(5.235987755983,-1.556));
#1933 = CARTESIAN_POINT('',(6.28318530718,-1.556));
#1934 = ( GEOMETRIC_REPRESENTATION_CONTEXT(2) 
PARAMETRIC_REPRESENTATION_CONTEXT() REPRESENTATION_CONTEXT('2D SPACE',''
  ) );
#1935 = FACE_BOUND('',#1936,.T.);
#1936 = EDGE_LOOP('',(#1937));
#1937 = ORIENTED_EDGE('',*,*,#1938,.T.);
#1938 = EDGE_CURVE('',#1939,#1939,#1941,.T.);
#1939 = VERTEX_POINT('',#1940);
#1940 = CARTESIAN_POINT('',(160.73,-86.47,1.555));
#1941 = SURFACE_CURVE('',#1942,(#1950,#1961),.PCURVE_S1.);
#1942 = ( BOUNDED_CURVE() B_SPLINE_CURVE(2,(#1943,#1944,#1945,#1946,
#1947,#1948,#1949),.UNSPECIFIED.,.T.,.F.) B_SPLINE_CURVE_WITH_KNOTS((1,2
    ,2,2,2,1),(-2.094395102393,0.,2.094395102393,4.188790204786,
6.28318530718,8.377580409573),.UNSPECIFIED.) CURVE() 
GEOMETRIC_REPRESENTATION_ITEM() RATIONAL_B_SPLINE_CURVE((1.,0.5,1.,0.5,
1.,0.5,1.)) REPRESENTATION_ITEM('') );
#1943 = CARTESIAN_POINT('',(160.73,-86.47,1.555));
#1944 = CARTESIAN_POINT('',(160.16708348754,-86.47,1.555));
#1945 = CARTESIAN_POINT('',(160.44854174377,-85.9825,1.555));
#1946 = CARTESIAN_POINT('',(160.73,-85.495,1.555));
#1947 = CARTESIAN_POINT('',(161.01145825623,-85.9825,1.555));
#1948 = CARTESIAN_POINT('',(161.29291651246,-86.47,1.555));
#1949 = CARTESIAN_POINT('',(160.73,-86.47,1.555));
#1950 = PCURVE('',#67,#1951);
#1951 = DEFINITIONAL_REPRESENTATION('',(#1952),#1960);
#1952 = ( BOUNDED_CURVE() B_SPLINE_CURVE(2,(#1953,#1954,#1955,#1956,
#1957,#1958,#1959),.UNSPECIFIED.,.T.,.F.) B_SPLINE_CURVE_WITH_KNOTS((3,2
    ,2,3),(0.,2.094395102393,4.188790204786,6.28318530718),
.PIECEWISE_BEZIER_KNOTS.) CURVE() GEOMETRIC_REPRESENTATION_ITEM() 
RATIONAL_B_SPLINE_CURVE((1.,0.5,1.,0.5,1.,0.5,1.)) REPRESENTATION_ITEM(
  '') );
#1953 = CARTESIAN_POINT('',(160.73,-86.47));
#1954 = CARTESIAN_POINT('',(160.16708348754,-86.47));
#1955 = CARTESIAN_POINT('',(160.44854174377,-85.9825));
#1956 = CARTESIAN_POINT('',(160.73,-85.495));
#1957 = CARTESIAN_POINT('',(161.01145825623,-85.9825));
#1958 = CARTESIAN_POINT('',(161.29291651246,-86.47));
#1959 = CARTESIAN_POINT('',(160.73,-86.47));
#1960 = ( GEOMETRIC_REPRESENTATION_CONTEXT(2) 
PARAMETRIC_REPRESENTATION_CONTEXT() REPRESENTATION_CONTEXT('2D SPACE',''
  ) );
#1961 = PCURVE('',#1029,#1962);
#1962 = DEFINITIONAL_REPRESENTATION('',(#1963),#1971);
#1963 = B_SPLINE_CURVE_WITH_KNOTS('',2,(#1964,#1965,#1966,#1967,#1968,
    #1969,#1970),.UNSPECIFIED.,.F.,.F.,(3,2,2,3),(0.,2.094395102393,
    4.188790204786,6.28318530718),.PIECEWISE_BEZIER_KNOTS.);
#1964 = CARTESIAN_POINT('',(0.,-1.556));
#1965 = CARTESIAN_POINT('',(1.047197551197,-1.556));
#1966 = CARTESIAN_POINT('',(2.094395102393,-1.556));
#1967 = CARTESIAN_POINT('',(3.14159265359,-1.556));
#1968 = CARTESIAN_POINT('',(4.188790204786,-1.556));
#1969 = CARTESIAN_POINT('',(5.235987755983,-1.556));
#1970 = CARTESIAN_POINT('',(6.28318530718,-1.556));
#1971 = ( GEOMETRIC_REPRESENTATION_CONTEXT(2) 
PARAMETRIC_REPRESENTATION_CONTEXT() REPRESENTATION_CONTEXT('2D SPACE',''
  ) );
#1972 = FACE_BOUND('',#1973,.T.);
#1973 = EDGE_LOOP('',(#1974));
#1974 = ORIENTED_EDGE('',*,*,#1975,.T.);
#1975 = EDGE_CURVE('',#1976,#1976,#1978,.T.);
#1976 = VERTEX_POINT('',#1977);
#1977 = CARTESIAN_POINT('',(162.,-86.47,1.555));
#1978 = SURFACE_CURVE('',#1979,(#1987,#1998),.PCURVE_S1.);
#1979 = ( BOUNDED_CURVE() B_SPLINE_CURVE(2,(#1980,#1981,#1982,#1983,
#1984,#1985,#1986),.UNSPECIFIED.,.T.,.F.) B_SPLINE_CURVE_WITH_KNOTS((1,2
    ,2,2,2,1),(-2.094395102393,0.,2.094395102393,4.188790204786,
6.28318530718,8.377580409573),.UNSPECIFIED.) CURVE() 
GEOMETRIC_REPRESENTATION_ITEM() RATIONAL_B_SPLINE_CURVE((1.,0.5,1.,0.5,
1.,0.5,1.)) REPRESENTATION_ITEM('') );
#1980 = CARTESIAN_POINT('',(162.,-86.47,1.555));
#1981 = CARTESIAN_POINT('',(161.43708348754,-86.47,1.555));
#1982 = CARTESIAN_POINT('',(161.71854174377,-85.9825,1.555));
#1983 = CARTESIAN_POINT('',(162.,-85.495,1.555));
#1984 = CARTESIAN_POINT('',(162.28145825623,-85.9825,1.555));
#1985 = CARTESIAN_POINT('',(162.56291651246,-86.47,1.555));
#1986 = CARTESIAN_POINT('',(162.,-86.47,1.555));
#1987 = PCURVE('',#67,#1988);
#1988 = DEFINITIONAL_REPRESENTATION('',(#1989),#1997);
#1989 = ( BOUNDED_CURVE() B_SPLINE_CURVE(2,(#1990,#1991,#1992,#1993,
#1994,#1995,#1996),.UNSPECIFIED.,.T.,.F.) B_SPLINE_CURVE_WITH_KNOTS((3,2
    ,2,3),(0.,2.094395102393,4.188790204786,6.28318530718),
.PIECEWISE_BEZIER_KNOTS.) CURVE() GEOMETRIC_REPRESENTATION_ITEM() 
RATIONAL_B_SPLINE_CURVE((1.,0.5,1.,0.5,1.,0.5,1.)) REPRESENTATION_ITEM(
  '') );
#1990 = CARTESIAN_POINT('',(162.,-86.47));
#1991 = CARTESIAN_POINT('',(161.43708348754,-86.47));
#1992 = CARTESIAN_POINT('',(161.71854174377,-85.9825));
#1993 = CARTESIAN_POINT('',(162.,-85.495));
#1994 = CARTESIAN_POINT('',(162.28145825623,-85.9825));
#1995 = CARTESIAN_POINT('',(162.56291651246,-86.47));
#1996 = CARTESIAN_POINT('',(162.,-86.47));
#1997 = ( GEOMETRIC_REPRESENTATION_CONTEXT(2) 
PARAMETRIC_REPRESENTATION_CONTEXT() REPRESENTATION_CONTEXT('2D SPACE',''
  ) );
#1998 = PCURVE('',#1081,#1999);
#1999 = DEFINITIONAL_REPRESENTATION('',(#2000),#2008);
#2000 = B_SPLINE_CURVE_WITH_KNOTS('',2,(#2001,#2002,#2003,#2004,#2005,
    #2006,#2007),.UNSPECIFIED.,.F.,.F.,(3,2,2,3),(0.,2.094395102393,
    4.188790204786,6.28318530718),.PIECEWISE_BEZIER_KNOTS.);
#2001 = CARTESIAN_POINT('',(0.,-1.556));
#2002 = CARTESIAN_POINT('',(1.047197551196,-1.556));
#2003 = CARTESIAN_POINT('',(2.094395102393,-1.556));
#2004 = CARTESIAN_POINT('',(3.14159265359,-1.556));
#2005 = CARTESIAN_POINT('',(4.188790204786,-1.556));
#2006 = CARTESIAN_POINT('',(5.235987755983,-1.556));
#2007 = CARTESIAN_POINT('',(6.28318530718,-1.556));
#2008 = ( GEOMETRIC_REPRESENTATION_CONTEXT(2) 
PARAMETRIC_REPRESENTATION_CONTEXT() REPRESENTATION_CONTEXT('2D SPACE',''
  ) );
#2009 = FACE_BOUND('',#2010,.T.);
#2010 = EDGE_LOOP('',(#2011));
#2011 = ORIENTED_EDGE('',*,*,#2012,.T.);
#2012 = EDGE_CURVE('',#2013,#2013,#2015,.T.);
#2013 = VERTEX_POINT('',#2014);
#2014 = CARTESIAN_POINT('',(156.92,-85.2,1.555));
#2015 = SURFACE_CURVE('',#2016,(#2024,#2035),.PCURVE_S1.);
#2016 = ( BOUNDED_CURVE() B_SPLINE_CURVE(2,(#2017,#2018,#2019,#2020,
#2021,#2022,#2023),.UNSPECIFIED.,.T.,.F.) B_SPLINE_CURVE_WITH_KNOTS((1,2
    ,2,2,2,1),(-2.094395102393,0.,2.094395102393,4.188790204786,
6.28318530718,8.377580409573),.UNSPECIFIED.) CURVE() 
GEOMETRIC_REPRESENTATION_ITEM() RATIONAL_B_SPLINE_CURVE((1.,0.5,1.,0.5,
1.,0.5,1.)) REPRESENTATION_ITEM('') );
#2017 = CARTESIAN_POINT('',(156.92,-85.2,1.555));
#2018 = CARTESIAN_POINT('',(156.35708348754,-85.2,1.555));
#2019 = CARTESIAN_POINT('',(156.63854174377,-84.7125,1.555));
#2020 = CARTESIAN_POINT('',(156.92,-84.225,1.555));
#2021 = CARTESIAN_POINT('',(157.20145825623,-84.7125,1.555));
#2022 = CARTESIAN_POINT('',(157.48291651246,-85.2,1.555));
#2023 = CARTESIAN_POINT('',(156.92,-85.2,1.555));
#2024 = PCURVE('',#67,#2025);
#2025 = DEFINITIONAL_REPRESENTATION('',(#2026),#2034);
#2026 = ( BOUNDED_CURVE() B_SPLINE_CURVE(2,(#2027,#2028,#2029,#2030,
#2031,#2032,#2033),.UNSPECIFIED.,.T.,.F.) B_SPLINE_CURVE_WITH_KNOTS((3,2
    ,2,3),(0.,2.094395102393,4.188790204786,6.28318530718),
.PIECEWISE_BEZIER_KNOTS.) CURVE() GEOMETRIC_REPRESENTATION_ITEM() 
RATIONAL_B_SPLINE_CURVE((1.,0.5,1.,0.5,1.,0.5,1.)) REPRESENTATION_ITEM(
  '') );
#2027 = CARTESIAN_POINT('',(156.92,-85.2));
#2028 = CARTESIAN_POINT('',(156.35708348754,-85.2));
#2029 = CARTESIAN_POINT('',(156.63854174377,-84.7125));
#2030 = CARTESIAN_POINT('',(156.92,-84.225));
#2031 = CARTESIAN_POINT('',(157.20145825623,-84.7125));
#2032 = CARTESIAN_POINT('',(157.48291651246,-85.2));
#2033 = CARTESIAN_POINT('',(156.92,-85.2));
#2034 = ( GEOMETRIC_REPRESENTATION_CONTEXT(2) 
PARAMETRIC_REPRESENTATION_CONTEXT() REPRESENTATION_CONTEXT('2D SPACE',''
  ) );
#2035 = PCURVE('',#1133,#2036);
#2036 = DEFINITIONAL_REPRESENTATION('',(#2037),#2045);
#2037 = B_SPLINE_CURVE_WITH_KNOTS('',2,(#2038,#2039,#2040,#2041,#2042,
    #2043,#2044),.UNSPECIFIED.,.F.,.F.,(3,2,2,3),(0.,2.094395102393,
    4.188790204786,6.28318530718),.PIECEWISE_BEZIER_KNOTS.);
#2038 = CARTESIAN_POINT('',(0.,-1.556));
#2039 = CARTESIAN_POINT('',(1.047197551197,-1.556));
#2040 = CARTESIAN_POINT('',(2.094395102393,-1.556));
#2041 = CARTESIAN_POINT('',(3.14159265359,-1.556));
#2042 = CARTESIAN_POINT('',(4.188790204786,-1.556));
#2043 = CARTESIAN_POINT('',(5.235987755983,-1.556));
#2044 = CARTESIAN_POINT('',(6.28318530718,-1.556));
#2045 = ( GEOMETRIC_REPRESENTATION_CONTEXT(2) 
PARAMETRIC_REPRESENTATION_CONTEXT() REPRESENTATION_CONTEXT('2D SPACE',''
  ) );
#2046 = FACE_BOUND('',#2047,.T.);
#2047 = EDGE_LOOP('',(#2048));
#2048 = ORIENTED_EDGE('',*,*,#2049,.T.);
#2049 = EDGE_CURVE('',#2050,#2050,#2052,.T.);
#2050 = VERTEX_POINT('',#2051);
#2051 = CARTESIAN_POINT('',(158.19,-85.2,1.555));
#2052 = SURFACE_CURVE('',#2053,(#2061,#2072),.PCURVE_S1.);
#2053 = ( BOUNDED_CURVE() B_SPLINE_CURVE(2,(#2054,#2055,#2056,#2057,
#2058,#2059,#2060),.UNSPECIFIED.,.T.,.F.) B_SPLINE_CURVE_WITH_KNOTS((1,2
    ,2,2,2,1),(-2.094395102393,0.,2.094395102393,4.188790204786,
6.28318530718,8.377580409573),.UNSPECIFIED.) CURVE() 
GEOMETRIC_REPRESENTATION_ITEM() RATIONAL_B_SPLINE_CURVE((1.,0.5,1.,0.5,
1.,0.5,1.)) REPRESENTATION_ITEM('') );
#2054 = CARTESIAN_POINT('',(158.19,-85.2,1.555));
#2055 = CARTESIAN_POINT('',(157.62708348754,-85.2,1.555));
#2056 = CARTESIAN_POINT('',(157.90854174377,-84.7125,1.555));
#2057 = CARTESIAN_POINT('',(158.19,-84.225,1.555));
#2058 = CARTESIAN_POINT('',(158.47145825623,-84.7125,1.555));
#2059 = CARTESIAN_POINT('',(158.75291651246,-85.2,1.555));
#2060 = CARTESIAN_POINT('',(158.19,-85.2,1.555));
#2061 = PCURVE('',#67,#2062);
#2062 = DEFINITIONAL_REPRESENTATION('',(#2063),#2071);
#2063 = ( BOUNDED_CURVE() B_SPLINE_CURVE(2,(#2064,#2065,#2066,#2067,
#2068,#2069,#2070),.UNSPECIFIED.,.T.,.F.) B_SPLINE_CURVE_WITH_KNOTS((3,2
    ,2,3),(0.,2.094395102393,4.188790204786,6.28318530718),
.PIECEWISE_BEZIER_KNOTS.) CURVE() GEOMETRIC_REPRESENTATION_ITEM() 
RATIONAL_B_SPLINE_CURVE((1.,0.5,1.,0.5,1.,0.5,1.)) REPRESENTATION_ITEM(
  '') );
#2064 = CARTESIAN_POINT('',(158.19,-85.2));
#2065 = CARTESIAN_POINT('',(157.62708348754,-85.2));
#2066 = CARTESIAN_POINT('',(157.90854174377,-84.7125));
#2067 = CARTESIAN_POINT('',(158.19,-84.225));
#2068 = CARTESIAN_POINT('',(158.47145825623,-84.7125));
#2069 = CARTESIAN_POINT('',(158.75291651246,-85.2));
#2070 = CARTESIAN_POINT('',(158.19,-85.2));
#2071 = ( GEOMETRIC_REPRESENTATION_CONTEXT(2) 
PARAMETRIC_REPRESENTATION_CONTEXT() REPRESENTATION_CONTEXT('2D SPACE',''
  ) );
#2072 = PCURVE('',#1185,#2073);
#2073 = DEFINITIONAL_REPRESENTATION('',(#2074),#2082);
#2074 = B_SPLINE_CURVE_WITH_KNOTS('',2,(#2075,#2076,#2077,#2078,#2079,
    #2080,#2081),.UNSPECIFIED.,.F.,.F.,(3,2,2,3),(0.,2.094395102393,
    4.188790204786,6.28318530718),.PIECEWISE_BEZIER_KNOTS.);
#2075 = CARTESIAN_POINT('',(0.,-1.556));
#2076 = CARTESIAN_POINT('',(1.047197551197,-1.556));
#2077 = CARTESIAN_POINT('',(2.094395102393,-1.556));
#2078 = CARTESIAN_POINT('',(3.14159265359,-1.556));
#2079 = CARTESIAN_POINT('',(4.188790204786,-1.556));
#2080 = CARTESIAN_POINT('',(5.235987755983,-1.556));
#2081 = CARTESIAN_POINT('',(6.28318530718,-1.556));
#2082 = ( GEOMETRIC_REPRESENTATION_CONTEXT(2) 
PARAMETRIC_REPRESENTATION_CONTEXT() REPRESENTATION_CONTEXT('2D SPACE',''
  ) );
#2083 = FACE_BOUND('',#2084,.T.);
#2084 = EDGE_LOOP('',(#2085));
#2085 = ORIENTED_EDGE('',*,*,#2086,.T.);
#2086 = EDGE_CURVE('',#2087,#2087,#2089,.T.);
#2087 = VERTEX_POINT('',#2088);
#2088 = CARTESIAN_POINT('',(159.46,-85.2,1.555));
#2089 = SURFACE_CURVE('',#2090,(#2098,#2109),.PCURVE_S1.);
#2090 = ( BOUNDED_CURVE() B_SPLINE_CURVE(2,(#2091,#2092,#2093,#2094,
#2095,#2096,#2097),.UNSPECIFIED.,.T.,.F.) B_SPLINE_CURVE_WITH_KNOTS((1,2
    ,2,2,2,1),(-2.094395102393,0.,2.094395102393,4.188790204786,
6.28318530718,8.377580409573),.UNSPECIFIED.) CURVE() 
GEOMETRIC_REPRESENTATION_ITEM() RATIONAL_B_SPLINE_CURVE((1.,0.5,1.,0.5,
1.,0.5,1.)) REPRESENTATION_ITEM('') );
#2091 = CARTESIAN_POINT('',(159.46,-85.2,1.555));
#2092 = CARTESIAN_POINT('',(158.89708348754,-85.2,1.555));
#2093 = CARTESIAN_POINT('',(159.17854174377,-84.7125,1.555));
#2094 = CARTESIAN_POINT('',(159.46,-84.225,1.555));
#2095 = CARTESIAN_POINT('',(159.74145825623,-84.7125,1.555));
#2096 = CARTESIAN_POINT('',(160.02291651246,-85.2,1.555));
#2097 = CARTESIAN_POINT('',(159.46,-85.2,1.555));
#2098 = PCURVE('',#67,#2099);
#2099 = DEFINITIONAL_REPRESENTATION('',(#2100),#2108);
#2100 = ( BOUNDED_CURVE() B_SPLINE_CURVE(2,(#2101,#2102,#2103,#2104,
#2105,#2106,#2107),.UNSPECIFIED.,.T.,.F.) B_SPLINE_CURVE_WITH_KNOTS((3,2
    ,2,3),(0.,2.094395102393,4.188790204786,6.28318530718),
.PIECEWISE_BEZIER_KNOTS.) CURVE() GEOMETRIC_REPRESENTATION_ITEM() 
RATIONAL_B_SPLINE_CURVE((1.,0.5,1.,0.5,1.,0.5,1.)) REPRESENTATION_ITEM(
  '') );
#2101 = CARTESIAN_POINT('',(159.46,-85.2));
#2102 = CARTESIAN_POINT('',(158.89708348754,-85.2));
#2103 = CARTESIAN_POINT('',(159.17854174377,-84.7125));
#2104 = CARTESIAN_POINT('',(159.46,-84.225));
#2105 = CARTESIAN_POINT('',(159.74145825623,-84.7125));
#2106 = CARTESIAN_POINT('',(160.02291651246,-85.2));
#2107 = CARTESIAN_POINT('',(159.46,-85.2));
#2108 = ( GEOMETRIC_REPRESENTATION_CONTEXT(2) 
PARAMETRIC_REPRESENTATION_CONTEXT() REPRESENTATION_CONTEXT('2D SPACE',''
  ) );
#2109 = PCURVE('',#1237,#2110);
#2110 = DEFINITIONAL_REPRESENTATION('',(#2111),#2119);
#2111 = B_SPLINE_CURVE_WITH_KNOTS('',2,(#2112,#2113,#2114,#2115,#2116,
    #2117,#2118),.UNSPECIFIED.,.F.,.F.,(3,2,2,3),(0.,2.094395102393,
    4.188790204786,6.28318530718),.PIECEWISE_BEZIER_KNOTS.);
#2112 = CARTESIAN_POINT('',(0.,-1.556));
#2113 = CARTESIAN_POINT('',(1.047197551197,-1.556));
#2114 = CARTESIAN_POINT('',(2.094395102393,-1.556));
#2115 = CARTESIAN_POINT('',(3.14159265359,-1.556));
#2116 = CARTESIAN_POINT('',(4.188790204786,-1.556));
#2117 = CARTESIAN_POINT('',(5.235987755983,-1.556));
#2118 = CARTESIAN_POINT('',(6.28318530718,-1.556));
#2119 = ( GEOMETRIC_REPRESENTATION_CONTEXT(2) 
PARAMETRIC_REPRESENTATION_CONTEXT() REPRESENTATION_CONTEXT('2D SPACE',''
  ) );
#2120 = FACE_BOUND('',#2121,.T.);
#2121 = EDGE_LOOP('',(#2122));
#2122 = ORIENTED_EDGE('',*,*,#2123,.T.);
#2123 = EDGE_CURVE('',#2124,#2124,#2126,.T.);
#2124 = VERTEX_POINT('',#2125);
#2125 = CARTESIAN_POINT('',(160.73,-85.2,1.555));
#2126 = SURFACE_CURVE('',#2127,(#2135,#2146),.PCURVE_S1.);
#2127 = ( BOUNDED_CURVE() B_SPLINE_CURVE(2,(#2128,#2129,#2130,#2131,
#2132,#2133,#2134),.UNSPECIFIED.,.T.,.F.) B_SPLINE_CURVE_WITH_KNOTS((1,2
    ,2,2,2,1),(-2.094395102393,0.,2.094395102393,4.188790204786,
6.28318530718,8.377580409573),.UNSPECIFIED.) CURVE() 
GEOMETRIC_REPRESENTATION_ITEM() RATIONAL_B_SPLINE_CURVE((1.,0.5,1.,0.5,
1.,0.5,1.)) REPRESENTATION_ITEM('') );
#2128 = CARTESIAN_POINT('',(160.73,-85.2,1.555));
#2129 = CARTESIAN_POINT('',(160.16708348754,-85.2,1.555));
#2130 = CARTESIAN_POINT('',(160.44854174377,-84.7125,1.555));
#2131 = CARTESIAN_POINT('',(160.73,-84.225,1.555));
#2132 = CARTESIAN_POINT('',(161.01145825623,-84.7125,1.555));
#2133 = CARTESIAN_POINT('',(161.29291651246,-85.2,1.555));
#2134 = CARTESIAN_POINT('',(160.73,-85.2,1.555));
#2135 = PCURVE('',#67,#2136);
#2136 = DEFINITIONAL_REPRESENTATION('',(#2137),#2145);
#2137 = ( BOUNDED_CURVE() B_SPLINE_CURVE(2,(#2138,#2139,#2140,#2141,
#2142,#2143,#2144),.UNSPECIFIED.,.T.,.F.) B_SPLINE_CURVE_WITH_KNOTS((3,2
    ,2,3),(0.,2.094395102393,4.188790204786,6.28318530718),
.PIECEWISE_BEZIER_KNOTS.) CURVE() GEOMETRIC_REPRESENTATION_ITEM() 
RATIONAL_B_SPLINE_CURVE((1.,0.5,1.,0.5,1.,0.5,1.)) REPRESENTATION_ITEM(
  '') );
#2138 = CARTESIAN_POINT('',(160.73,-85.2));
#2139 = CARTESIAN_POINT('',(160.16708348754,-85.2));
#2140 = CARTESIAN_POINT('',(160.44854174377,-84.7125));
#2141 = CARTESIAN_POINT('',(160.73,-84.225));
#2142 = CARTESIAN_POINT('',(161.01145825623,-84.7125));
#2143 = CARTESIAN_POINT('',(161.29291651246,-85.2));
#2144 = CARTESIAN_POINT('',(160.73,-85.2));
#2145 = ( GEOMETRIC_REPRESENTATION_CONTEXT(2) 
PARAMETRIC_REPRESENTATION_CONTEXT() REPRESENTATION_CONTEXT('2D SPACE',''
  ) );
#2146 = PCURVE('',#1289,#2147);
#2147 = DEFINITIONAL_REPRESENTATION('',(#2148),#2156);
#2148 = B_SPLINE_CURVE_WITH_KNOTS('',2,(#2149,#2150,#2151,#2152,#2153,
    #2154,#2155),.UNSPECIFIED.,.F.,.F.,(3,2,2,3),(0.,2.094395102393,
    4.188790204786,6.28318530718),.PIECEWISE_BEZIER_KNOTS.);
#2149 = CARTESIAN_POINT('',(0.,-1.556));
#2150 = CARTESIAN_POINT('',(1.047197551197,-1.556));
#2151 = CARTESIAN_POINT('',(2.094395102393,-1.556));
#2152 = CARTESIAN_POINT('',(3.14159265359,-1.556));
#2153 = CARTESIAN_POINT('',(4.188790204786,-1.556));
#2154 = CARTESIAN_POINT('',(5.235987755983,-1.556));
#2155 = CARTESIAN_POINT('',(6.28318530718,-1.556));
#2156 = ( GEOMETRIC_REPRESENTATION_CONTEXT(2) 
PARAMETRIC_REPRESENTATION_CONTEXT() REPRESENTATION_CONTEXT('2D SPACE',''
  ) );
#2157 = FACE_BOUND('',#2158,.T.);
#2158 = EDGE_LOOP('',(#2159));
#2159 = ORIENTED_EDGE('',*,*,#2160,.T.);
#2160 = EDGE_CURVE('',#2161,#2161,#2163,.T.);
#2161 = VERTEX_POINT('',#2162);
#2162 = CARTESIAN_POINT('',(162.,-85.2,1.555));
#2163 = SURFACE_CURVE('',#2164,(#2172,#2183),.PCURVE_S1.);
#2164 = ( BOUNDED_CURVE() B_SPLINE_CURVE(2,(#2165,#2166,#2167,#2168,
#2169,#2170,#2171),.UNSPECIFIED.,.T.,.F.) B_SPLINE_CURVE_WITH_KNOTS((1,2
    ,2,2,2,1),(-2.094395102393,0.,2.094395102393,4.188790204786,
6.28318530718,8.377580409573),.UNSPECIFIED.) CURVE() 
GEOMETRIC_REPRESENTATION_ITEM() RATIONAL_B_SPLINE_CURVE((1.,0.5,1.,0.5,
1.,0.5,1.)) REPRESENTATION_ITEM('') );
#2165 = CARTESIAN_POINT('',(162.,-85.2,1.555));
#2166 = CARTESIAN_POINT('',(161.43708348754,-85.2,1.555));
#2167 = CARTESIAN_POINT('',(161.71854174377,-84.7125,1.555));
#2168 = CARTESIAN_POINT('',(162.,-84.225,1.555));
#2169 = CARTESIAN_POINT('',(162.28145825623,-84.7125,1.555));
#2170 = CARTESIAN_POINT('',(162.56291651246,-85.2,1.555));
#2171 = CARTESIAN_POINT('',(162.,-85.2,1.555));
#2172 = PCURVE('',#67,#2173);
#2173 = DEFINITIONAL_REPRESENTATION('',(#2174),#2182);
#2174 = ( BOUNDED_CURVE() B_SPLINE_CURVE(2,(#2175,#2176,#2177,#2178,
#2179,#2180,#2181),.UNSPECIFIED.,.T.,.F.) B_SPLINE_CURVE_WITH_KNOTS((3,2
    ,2,3),(0.,2.094395102393,4.188790204786,6.28318530718),
.PIECEWISE_BEZIER_KNOTS.) CURVE() GEOMETRIC_REPRESENTATION_ITEM() 
RATIONAL_B_SPLINE_CURVE((1.,0.5,1.,0.5,1.,0.5,1.)) REPRESENTATION_ITEM(
  '') );
#2175 = CARTESIAN_POINT('',(162.,-85.2));
#2176 = CARTESIAN_POINT('',(161.43708348754,-85.2));
#2177 = CARTESIAN_POINT('',(161.71854174377,-84.7125));
#2178 = CARTESIAN_POINT('',(162.,-84.225));
#2179 = CARTESIAN_POINT('',(162.28145825623,-84.7125));
#2180 = CARTESIAN_POINT('',(162.56291651246,-85.2));
#2181 = CARTESIAN_POINT('',(162.,-85.2));
#2182 = ( GEOMETRIC_REPRESENTATION_CONTEXT(2) 
PARAMETRIC_REPRESENTATION_CONTEXT() REPRESENTATION_CONTEXT('2D SPACE',''
  ) );
#2183 = PCURVE('',#1341,#2184);
#2184 = DEFINITIONAL_REPRESENTATION('',(#2185),#2193);
#2185 = B_SPLINE_CURVE_WITH_KNOTS('',2,(#2186,#2187,#2188,#2189,#2190,
    #2191,#2192),.UNSPECIFIED.,.F.,.F.,(3,2,2,3),(0.,2.094395102393,
    4.188790204786,6.28318530718),.PIECEWISE_BEZIER_KNOTS.);
#2186 = CARTESIAN_POINT('',(0.,-1.556));
#2187 = CARTESIAN_POINT('',(1.047197551197,-1.556));
#2188 = CARTESIAN_POINT('',(2.094395102393,-1.556));
#2189 = CARTESIAN_POINT('',(3.14159265359,-1.556));
#2190 = CARTESIAN_POINT('',(4.188790204786,-1.556));
#2191 = CARTESIAN_POINT('',(5.235987755983,-1.556));
#2192 = CARTESIAN_POINT('',(6.28318530718,-1.556));
#2193 = ( GEOMETRIC_REPRESENTATION_CONTEXT(2) 
PARAMETRIC_REPRESENTATION_CONTEXT() REPRESENTATION_CONTEXT('2D SPACE',''
  ) );
#2194 = ADVANCED_FACE('',(#2195),#145,.T.);
#2195 = FACE_BOUND('',#2196,.T.);
#2196 = EDGE_LOOP('',(#2197,#2215,#2216,#2217));
#2197 = ORIENTED_EDGE('',*,*,#2198,.T.);
#2198 = EDGE_CURVE('',#266,#1373,#2199,.T.);
#2199 = SURFACE_CURVE('',#2200,(#2203,#2209),.PCURVE_S1.);
#2200 = B_SPLINE_CURVE_WITH_KNOTS('',1,(#2201,#2202),.UNSPECIFIED.,.F.,
  .F.,(2,2),(0.,1.51),.PIECEWISE_BEZIER_KNOTS.);
#2201 = CARTESIAN_POINT('',(152.06,-79.28,-4.5E-02));
#2202 = CARTESIAN_POINT('',(152.06,-79.28,1.555));
#2203 = PCURVE('',#145,#2204);
#2204 = DEFINITIONAL_REPRESENTATION('',(#2205),#2208);
#2205 = B_SPLINE_CURVE_WITH_KNOTS('',1,(#2206,#2207),.UNSPECIFIED.,.F.,
  .F.,(2,2),(0.,1.51),.PIECEWISE_BEZIER_KNOTS.);
#2206 = CARTESIAN_POINT('',(0.,0.));
#2207 = CARTESIAN_POINT('',(0.,-1.51));
#2208 = ( GEOMETRIC_REPRESENTATION_CONTEXT(2) 
PARAMETRIC_REPRESENTATION_CONTEXT() REPRESENTATION_CONTEXT('2D SPACE',''
  ) );
#2209 = PCURVE('',#299,#2210);
#2210 = DEFINITIONAL_REPRESENTATION('',(#2211),#2214);
#2211 = B_SPLINE_CURVE_WITH_KNOTS('',1,(#2212,#2213),.UNSPECIFIED.,.F.,
  .F.,(2,2),(0.,1.51),.PIECEWISE_BEZIER_KNOTS.);
#2212 = CARTESIAN_POINT('',(3.73,0.));
#2213 = CARTESIAN_POINT('',(3.73,-1.51));
#2214 = ( GEOMETRIC_REPRESENTATION_CONTEXT(2) 
PARAMETRIC_REPRESENTATION_CONTEXT() REPRESENTATION_CONTEXT('2D SPACE',''
  ) );
#2215 = ORIENTED_EDGE('',*,*,#1372,.T.);
#2216 = ORIENTED_EDGE('',*,*,#129,.F.);
#2217 = ORIENTED_EDGE('',*,*,#265,.F.);
#2218 = ADVANCED_FACE('',(#2219),#231,.T.);
#2219 = FACE_BOUND('',#2220,.T.);
#2220 = EDGE_LOOP('',(#2221,#2222,#2223,#2241));
#2221 = ORIENTED_EDGE('',*,*,#217,.T.);
#2222 = ORIENTED_EDGE('',*,*,#1658,.T.);
#2223 = ORIENTED_EDGE('',*,*,#2224,.F.);
#2224 = EDGE_CURVE('',#596,#1639,#2225,.T.);
#2225 = SURFACE_CURVE('',#2226,(#2229,#2235),.PCURVE_S1.);
#2226 = B_SPLINE_CURVE_WITH_KNOTS('',1,(#2227,#2228),.UNSPECIFIED.,.F.,
  .F.,(2,2),(0.,1.51),.PIECEWISE_BEZIER_KNOTS.);
#2227 = CARTESIAN_POINT('',(166.5,-89.8,-4.5E-02));
#2228 = CARTESIAN_POINT('',(166.5,-89.8,1.555));
#2229 = PCURVE('',#231,#2230);
#2230 = DEFINITIONAL_REPRESENTATION('',(#2231),#2234);
#2231 = B_SPLINE_CURVE_WITH_KNOTS('',1,(#2232,#2233),.UNSPECIFIED.,.F.,
  .F.,(2,2),(0.,1.51),.PIECEWISE_BEZIER_KNOTS.);
#2232 = CARTESIAN_POINT('',(1.415,0.));
#2233 = CARTESIAN_POINT('',(1.415,-1.51));
#2234 = ( GEOMETRIC_REPRESENTATION_CONTEXT(2) 
PARAMETRIC_REPRESENTATION_CONTEXT() REPRESENTATION_CONTEXT('2D SPACE',''
  ) );
#2235 = PCURVE('',#609,#2236);
#2236 = DEFINITIONAL_REPRESENTATION('',(#2237),#2240);
#2237 = B_SPLINE_CURVE_WITH_KNOTS('',1,(#2238,#2239),.UNSPECIFIED.,.F.,
  .F.,(2,2),(0.,1.51),.PIECEWISE_BEZIER_KNOTS.);
#2238 = CARTESIAN_POINT('',(0.,0.));
#2239 = CARTESIAN_POINT('',(0.,-1.51));
#2240 = ( GEOMETRIC_REPRESENTATION_CONTEXT(2) 
PARAMETRIC_REPRESENTATION_CONTEXT() REPRESENTATION_CONTEXT('2D SPACE',''
  ) );
#2241 = ORIENTED_EDGE('',*,*,#620,.F.);
#2242 = ADVANCED_FACE('',(#2243),#299,.T.);
#2243 = FACE_BOUND('',#2244,.T.);
#2244 = EDGE_LOOP('',(#2245,#2263,#2264,#2265));
#2245 = ORIENTED_EDGE('',*,*,#2246,.T.);
#2246 = EDGE_CURVE('',#286,#1393,#2247,.T.);
#2247 = SURFACE_CURVE('',#2248,(#2251,#2257),.PCURVE_S1.);
#2248 = B_SPLINE_CURVE_WITH_KNOTS('',1,(#2249,#2250),.UNSPECIFIED.,.F.,
  .F.,(2,2),(0.,1.51),.PIECEWISE_BEZIER_KNOTS.);
#2249 = CARTESIAN_POINT('',(152.06,-83.01,-4.5E-02));
#2250 = CARTESIAN_POINT('',(152.06,-83.01,1.555));
#2251 = PCURVE('',#299,#2252);
#2252 = DEFINITIONAL_REPRESENTATION('',(#2253),#2256);
#2253 = B_SPLINE_CURVE_WITH_KNOTS('',1,(#2254,#2255),.UNSPECIFIED.,.F.,
  .F.,(2,2),(0.,1.51),.PIECEWISE_BEZIER_KNOTS.);
#2254 = CARTESIAN_POINT('',(0.,0.));
#2255 = CARTESIAN_POINT('',(0.,-1.51));
#2256 = ( GEOMETRIC_REPRESENTATION_CONTEXT(2) 
PARAMETRIC_REPRESENTATION_CONTEXT() REPRESENTATION_CONTEXT('2D SPACE',''
  ) );
#2257 = PCURVE('',#324,#2258);
#2258 = DEFINITIONAL_REPRESENTATION('',(#2259),#2262);
#2259 = B_SPLINE_CURVE_WITH_KNOTS('',1,(#2260,#2261),.UNSPECIFIED.,.F.,
  .F.,(2,2),(0.,1.51),.PIECEWISE_BEZIER_KNOTS.);
#2260 = CARTESIAN_POINT('',(11.05,0.));
#2261 = CARTESIAN_POINT('',(11.05,-1.51));
#2262 = ( GEOMETRIC_REPRESENTATION_CONTEXT(2) 
PARAMETRIC_REPRESENTATION_CONTEXT() REPRESENTATION_CONTEXT('2D SPACE',''
  ) );
#2263 = ORIENTED_EDGE('',*,*,#1392,.T.);
#2264 = ORIENTED_EDGE('',*,*,#2198,.F.);
#2265 = ORIENTED_EDGE('',*,*,#285,.F.);
#2266 = ADVANCED_FACE('',(#2267),#609,.T.);
#2267 = FACE_BOUND('',#2268,.T.);
#2268 = EDGE_LOOP('',(#2269,#2270,#2271,#2289));
#2269 = ORIENTED_EDGE('',*,*,#2224,.T.);
#2270 = ORIENTED_EDGE('',*,*,#1638,.T.);
#2271 = ORIENTED_EDGE('',*,*,#2272,.F.);
#2272 = EDGE_CURVE('',#571,#1619,#2273,.T.);
#2273 = SURFACE_CURVE('',#2274,(#2277,#2283),.PCURVE_S1.);
#2274 = B_SPLINE_CURVE_WITH_KNOTS('',1,(#2275,#2276),.UNSPECIFIED.,.F.,
  .F.,(2,2),(0.,1.51),.PIECEWISE_BEZIER_KNOTS.);
#2275 = CARTESIAN_POINT('',(166.5,-92.5,-4.5E-02));
#2276 = CARTESIAN_POINT('',(166.5,-92.5,1.555));
#2277 = PCURVE('',#609,#2278);
#2278 = DEFINITIONAL_REPRESENTATION('',(#2279),#2282);
#2279 = B_SPLINE_CURVE_WITH_KNOTS('',1,(#2280,#2281),.UNSPECIFIED.,.F.,
  .F.,(2,2),(0.,1.51),.PIECEWISE_BEZIER_KNOTS.);
#2280 = CARTESIAN_POINT('',(2.7,0.));
#2281 = CARTESIAN_POINT('',(2.7,-1.51));
#2282 = ( GEOMETRIC_REPRESENTATION_CONTEXT(2) 
PARAMETRIC_REPRESENTATION_CONTEXT() REPRESENTATION_CONTEXT('2D SPACE',''
  ) );
#2283 = PCURVE('',#584,#2284);
#2284 = DEFINITIONAL_REPRESENTATION('',(#2285),#2288);
#2285 = B_SPLINE_CURVE_WITH_KNOTS('',1,(#2286,#2287),.UNSPECIFIED.,.F.,
  .F.,(2,2),(0.,1.51),.PIECEWISE_BEZIER_KNOTS.);
#2286 = CARTESIAN_POINT('',(0.,0.));
#2287 = CARTESIAN_POINT('',(0.,-1.51));
#2288 = ( GEOMETRIC_REPRESENTATION_CONTEXT(2) 
PARAMETRIC_REPRESENTATION_CONTEXT() REPRESENTATION_CONTEXT('2D SPACE',''
  ) );
#2289 = ORIENTED_EDGE('',*,*,#595,.F.);
#2290 = ADVANCED_FACE('',(#2291),#324,.T.);
#2291 = FACE_BOUND('',#2292,.T.);
#2292 = EDGE_LOOP('',(#2293,#2311,#2312,#2313));
#2293 = ORIENTED_EDGE('',*,*,#2294,.T.);
#2294 = EDGE_CURVE('',#311,#1413,#2295,.T.);
#2295 = SURFACE_CURVE('',#2296,(#2299,#2305),.PCURVE_S1.);
#2296 = B_SPLINE_CURVE_WITH_KNOTS('',1,(#2297,#2298),.UNSPECIFIED.,.F.,
  .F.,(2,2),(0.,1.51),.PIECEWISE_BEZIER_KNOTS.);
#2297 = CARTESIAN_POINT('',(141.01,-83.01,-4.5E-02));
#2298 = CARTESIAN_POINT('',(141.01,-83.01,1.555));
#2299 = PCURVE('',#324,#2300);
#2300 = DEFINITIONAL_REPRESENTATION('',(#2301),#2304);
#2301 = B_SPLINE_CURVE_WITH_KNOTS('',1,(#2302,#2303),.UNSPECIFIED.,.F.,
  .F.,(2,2),(0.,1.51),.PIECEWISE_BEZIER_KNOTS.);
#2302 = CARTESIAN_POINT('',(0.,0.));
#2303 = CARTESIAN_POINT('',(0.,-1.51));
#2304 = ( GEOMETRIC_REPRESENTATION_CONTEXT(2) 
PARAMETRIC_REPRESENTATION_CONTEXT() REPRESENTATION_CONTEXT('2D SPACE',''
  ) );
#2305 = PCURVE('',#349,#2306);
#2306 = DEFINITIONAL_REPRESENTATION('',(#2307),#2310);
#2307 = B_SPLINE_CURVE_WITH_KNOTS('',1,(#2308,#2309),.UNSPECIFIED.,.F.,
  .F.,(2,2),(0.,1.51),.PIECEWISE_BEZIER_KNOTS.);
#2308 = CARTESIAN_POINT('',(6.78,0.));
#2309 = CARTESIAN_POINT('',(6.78,-1.51));
#2310 = ( GEOMETRIC_REPRESENTATION_CONTEXT(2) 
PARAMETRIC_REPRESENTATION_CONTEXT() REPRESENTATION_CONTEXT('2D SPACE',''
  ) );
#2311 = ORIENTED_EDGE('',*,*,#1412,.T.);
#2312 = ORIENTED_EDGE('',*,*,#2246,.F.);
#2313 = ORIENTED_EDGE('',*,*,#310,.F.);
#2314 = ADVANCED_FACE('',(#2315),#584,.T.);
#2315 = FACE_BOUND('',#2316,.T.);
#2316 = EDGE_LOOP('',(#2317,#2318,#2319,#2337));
#2317 = ORIENTED_EDGE('',*,*,#2272,.T.);
#2318 = ORIENTED_EDGE('',*,*,#1618,.T.);
#2319 = ORIENTED_EDGE('',*,*,#2320,.F.);
#2320 = EDGE_CURVE('',#546,#1599,#2321,.T.);
#2321 = SURFACE_CURVE('',#2322,(#2325,#2331),.PCURVE_S1.);
#2322 = B_SPLINE_CURVE_WITH_KNOTS('',1,(#2323,#2324),.UNSPECIFIED.,.F.,
  .F.,(2,2),(0.,1.51),.PIECEWISE_BEZIER_KNOTS.);
#2323 = CARTESIAN_POINT('',(167.,-93.,-4.5E-02));
#2324 = CARTESIAN_POINT('',(167.,-93.,1.555));
#2325 = PCURVE('',#584,#2326);
#2326 = DEFINITIONAL_REPRESENTATION('',(#2327),#2330);
#2327 = B_SPLINE_CURVE_WITH_KNOTS('',1,(#2328,#2329),.UNSPECIFIED.,.F.,
  .F.,(2,2),(0.,1.51),.PIECEWISE_BEZIER_KNOTS.);
#2328 = CARTESIAN_POINT('',(0.707106781187,0.));
#2329 = CARTESIAN_POINT('',(0.707106781187,-1.51));
#2330 = ( GEOMETRIC_REPRESENTATION_CONTEXT(2) 
PARAMETRIC_REPRESENTATION_CONTEXT() REPRESENTATION_CONTEXT('2D SPACE',''
  ) );
#2331 = PCURVE('',#559,#2332);
#2332 = DEFINITIONAL_REPRESENTATION('',(#2333),#2336);
#2333 = B_SPLINE_CURVE_WITH_KNOTS('',1,(#2334,#2335),.UNSPECIFIED.,.F.,
  .F.,(2,2),(0.,1.51),.PIECEWISE_BEZIER_KNOTS.);
#2334 = CARTESIAN_POINT('',(0.,0.));
#2335 = CARTESIAN_POINT('',(0.,-1.51));
#2336 = ( GEOMETRIC_REPRESENTATION_CONTEXT(2) 
PARAMETRIC_REPRESENTATION_CONTEXT() REPRESENTATION_CONTEXT('2D SPACE',''
  ) );
#2337 = ORIENTED_EDGE('',*,*,#570,.F.);
#2338 = ADVANCED_FACE('',(#2339),#349,.T.);
#2339 = FACE_BOUND('',#2340,.T.);
#2340 = EDGE_LOOP('',(#2341,#2359,#2360,#2361));
#2341 = ORIENTED_EDGE('',*,*,#2342,.T.);
#2342 = EDGE_CURVE('',#336,#1433,#2343,.T.);
#2343 = SURFACE_CURVE('',#2344,(#2347,#2353),.PCURVE_S1.);
#2344 = B_SPLINE_CURVE_WITH_KNOTS('',1,(#2345,#2346),.UNSPECIFIED.,.F.,
  .F.,(2,2),(0.,1.51),.PIECEWISE_BEZIER_KNOTS.);
#2345 = CARTESIAN_POINT('',(141.01,-89.79,-4.5E-02));
#2346 = CARTESIAN_POINT('',(141.01,-89.79,1.555));
#2347 = PCURVE('',#349,#2348);
#2348 = DEFINITIONAL_REPRESENTATION('',(#2349),#2352);
#2349 = B_SPLINE_CURVE_WITH_KNOTS('',1,(#2350,#2351),.UNSPECIFIED.,.F.,
  .F.,(2,2),(0.,1.51),.PIECEWISE_BEZIER_KNOTS.);
#2350 = CARTESIAN_POINT('',(0.,0.));
#2351 = CARTESIAN_POINT('',(0.,-1.51));
#2352 = ( GEOMETRIC_REPRESENTATION_CONTEXT(2) 
PARAMETRIC_REPRESENTATION_CONTEXT() REPRESENTATION_CONTEXT('2D SPACE',''
  ) );
#2353 = PCURVE('',#374,#2354);
#2354 = DEFINITIONAL_REPRESENTATION('',(#2355),#2358);
#2355 = B_SPLINE_CURVE_WITH_KNOTS('',1,(#2356,#2357),.UNSPECIFIED.,.F.,
  .F.,(2,2),(0.,1.51),.PIECEWISE_BEZIER_KNOTS.);
#2356 = CARTESIAN_POINT('',(20.91,0.));
#2357 = CARTESIAN_POINT('',(20.91,-1.51));
#2358 = ( GEOMETRIC_REPRESENTATION_CONTEXT(2) 
PARAMETRIC_REPRESENTATION_CONTEXT() REPRESENTATION_CONTEXT('2D SPACE',''
  ) );
#2359 = ORIENTED_EDGE('',*,*,#1432,.T.);
#2360 = ORIENTED_EDGE('',*,*,#2294,.F.);
#2361 = ORIENTED_EDGE('',*,*,#335,.F.);
#2362 = ADVANCED_FACE('',(#2363),#559,.T.);
#2363 = FACE_BOUND('',#2364,.T.);
#2364 = EDGE_LOOP('',(#2365,#2366,#2367,#2386));
#2365 = ORIENTED_EDGE('',*,*,#2320,.T.);
#2366 = ORIENTED_EDGE('',*,*,#1598,.T.);
#2367 = ORIENTED_EDGE('',*,*,#2368,.F.);
#2368 = EDGE_CURVE('',#516,#1576,#2369,.T.);
#2369 = SURFACE_CURVE('',#2370,(#2373,#2379),.PCURVE_S1.);
#2370 = B_SPLINE_CURVE_WITH_KNOTS('',1,(#2371,#2372),.UNSPECIFIED.,.F.,
  .F.,(2,2),(0.,1.51),.PIECEWISE_BEZIER_KNOTS.);
#2371 = CARTESIAN_POINT('',(182.6,-93.,-4.5E-02));
#2372 = CARTESIAN_POINT('',(182.6,-93.,1.555));
#2373 = PCURVE('',#559,#2374);
#2374 = DEFINITIONAL_REPRESENTATION('',(#2375),#2378);
#2375 = B_SPLINE_CURVE_WITH_KNOTS('',1,(#2376,#2377),.UNSPECIFIED.,.F.,
  .F.,(2,2),(0.,1.51),.PIECEWISE_BEZIER_KNOTS.);
#2376 = CARTESIAN_POINT('',(15.6,0.));
#2377 = CARTESIAN_POINT('',(15.6,-1.51));
#2378 = ( GEOMETRIC_REPRESENTATION_CONTEXT(2) 
PARAMETRIC_REPRESENTATION_CONTEXT() REPRESENTATION_CONTEXT('2D SPACE',''
  ) );
#2379 = PCURVE('',#531,#2380);
#2380 = DEFINITIONAL_REPRESENTATION('',(#2381),#2385);
#2381 = B_SPLINE_CURVE_WITH_KNOTS('',2,(#2382,#2383,#2384),
  .UNSPECIFIED.,.F.,.F.,(3,3),(0.,1.51),.PIECEWISE_BEZIER_KNOTS.);
#2382 = CARTESIAN_POINT('',(1.515288691907E-11,-5.354972121425E-28));
#2383 = CARTESIAN_POINT('',(1.515288691907E-11,-0.755));
#2384 = CARTESIAN_POINT('',(1.515288691907E-11,-1.51));
#2385 = ( GEOMETRIC_REPRESENTATION_CONTEXT(2) 
PARAMETRIC_REPRESENTATION_CONTEXT() REPRESENTATION_CONTEXT('2D SPACE',''
  ) );
#2386 = ORIENTED_EDGE('',*,*,#545,.F.);
#2387 = ADVANCED_FACE('',(#2388),#374,.T.);
#2388 = FACE_BOUND('',#2389,.T.);
#2389 = EDGE_LOOP('',(#2390,#2408,#2409,#2410));
#2390 = ORIENTED_EDGE('',*,*,#2391,.T.);
#2391 = EDGE_CURVE('',#361,#1453,#2392,.T.);
#2392 = SURFACE_CURVE('',#2393,(#2396,#2402),.PCURVE_S1.);
#2393 = B_SPLINE_CURVE_WITH_KNOTS('',1,(#2394,#2395),.UNSPECIFIED.,.F.,
  .F.,(2,2),(0.,1.51),.PIECEWISE_BEZIER_KNOTS.);
#2394 = CARTESIAN_POINT('',(120.1,-89.79,-4.5E-02));
#2395 = CARTESIAN_POINT('',(120.1,-89.79,1.555));
#2396 = PCURVE('',#374,#2397);
#2397 = DEFINITIONAL_REPRESENTATION('',(#2398),#2401);
#2398 = B_SPLINE_CURVE_WITH_KNOTS('',1,(#2399,#2400),.UNSPECIFIED.,.F.,
  .F.,(2,2),(0.,1.51),.PIECEWISE_BEZIER_KNOTS.);
#2399 = CARTESIAN_POINT('',(0.,0.));
#2400 = CARTESIAN_POINT('',(0.,-1.51));
#2401 = ( GEOMETRIC_REPRESENTATION_CONTEXT(2) 
PARAMETRIC_REPRESENTATION_CONTEXT() REPRESENTATION_CONTEXT('2D SPACE',''
  ) );
#2402 = PCURVE('',#399,#2403);
#2403 = DEFINITIONAL_REPRESENTATION('',(#2404),#2407);
#2404 = B_SPLINE_CURVE_WITH_KNOTS('',1,(#2405,#2406),.UNSPECIFIED.,.F.,
  .F.,(2,2),(0.,1.51),.PIECEWISE_BEZIER_KNOTS.);
#2405 = CARTESIAN_POINT('',(8.33,0.));
#2406 = CARTESIAN_POINT('',(8.33,-1.51));
#2407 = ( GEOMETRIC_REPRESENTATION_CONTEXT(2) 
PARAMETRIC_REPRESENTATION_CONTEXT() REPRESENTATION_CONTEXT('2D SPACE',''
  ) );
#2408 = ORIENTED_EDGE('',*,*,#1452,.T.);
#2409 = ORIENTED_EDGE('',*,*,#2342,.F.);
#2410 = ORIENTED_EDGE('',*,*,#360,.F.);
#2411 = ADVANCED_FACE('',(#2412),#531,.T.);
#2412 = FACE_BOUND('',#2413,.T.);
#2413 = EDGE_LOOP('',(#2414,#2415,#2416,#2435));
#2414 = ORIENTED_EDGE('',*,*,#2368,.T.);
#2415 = ORIENTED_EDGE('',*,*,#1575,.T.);
#2416 = ORIENTED_EDGE('',*,*,#2417,.F.);
#2417 = EDGE_CURVE('',#491,#1556,#2418,.T.);
#2418 = SURFACE_CURVE('',#2419,(#2422,#2429),.PCURVE_S1.);
#2419 = B_SPLINE_CURVE_WITH_KNOTS('',1,(#2420,#2421),.UNSPECIFIED.,.F.,
  .F.,(2,2),(0.,1.51),.PIECEWISE_BEZIER_KNOTS.);
#2420 = CARTESIAN_POINT('',(183.1,-93.5,-4.5E-02));
#2421 = CARTESIAN_POINT('',(183.1,-93.5,1.555));
#2422 = PCURVE('',#531,#2423);
#2423 = DEFINITIONAL_REPRESENTATION('',(#2424),#2428);
#2424 = B_SPLINE_CURVE_WITH_KNOTS('',2,(#2425,#2426,#2427),
  .UNSPECIFIED.,.F.,.F.,(3,3),(0.,1.51),.PIECEWISE_BEZIER_KNOTS.);
#2425 = CARTESIAN_POINT('',(1.570790992523,0.));
#2426 = CARTESIAN_POINT('',(1.570790992523,-0.755));
#2427 = CARTESIAN_POINT('',(1.570790992523,-1.51));
#2428 = ( GEOMETRIC_REPRESENTATION_CONTEXT(2) 
PARAMETRIC_REPRESENTATION_CONTEXT() REPRESENTATION_CONTEXT('2D SPACE',''
  ) );
#2429 = PCURVE('',#504,#2430);
#2430 = DEFINITIONAL_REPRESENTATION('',(#2431),#2434);
#2431 = B_SPLINE_CURVE_WITH_KNOTS('',1,(#2432,#2433),.UNSPECIFIED.,.F.,
  .F.,(2,2),(0.,1.51),.PIECEWISE_BEZIER_KNOTS.);
#2432 = CARTESIAN_POINT('',(0.,0.));
#2433 = CARTESIAN_POINT('',(0.,-1.51));
#2434 = ( GEOMETRIC_REPRESENTATION_CONTEXT(2) 
PARAMETRIC_REPRESENTATION_CONTEXT() REPRESENTATION_CONTEXT('2D SPACE',''
  ) );
#2435 = ORIENTED_EDGE('',*,*,#515,.F.);
#2436 = ADVANCED_FACE('',(#2437),#399,.T.);
#2437 = FACE_BOUND('',#2438,.T.);
#2438 = EDGE_LOOP('',(#2439,#2457,#2458,#2459));
#2439 = ORIENTED_EDGE('',*,*,#2440,.T.);
#2440 = EDGE_CURVE('',#386,#1473,#2441,.T.);
#2441 = SURFACE_CURVE('',#2442,(#2445,#2451),.PCURVE_S1.);
#2442 = B_SPLINE_CURVE_WITH_KNOTS('',1,(#2443,#2444),.UNSPECIFIED.,.F.,
  .F.,(2,2),(0.,1.51),.PIECEWISE_BEZIER_KNOTS.);
#2443 = CARTESIAN_POINT('',(120.1,-98.12,-4.5E-02));
#2444 = CARTESIAN_POINT('',(120.1,-98.12,1.555));
#2445 = PCURVE('',#399,#2446);
#2446 = DEFINITIONAL_REPRESENTATION('',(#2447),#2450);
#2447 = B_SPLINE_CURVE_WITH_KNOTS('',1,(#2448,#2449),.UNSPECIFIED.,.F.,
  .F.,(2,2),(0.,1.51),.PIECEWISE_BEZIER_KNOTS.);
#2448 = CARTESIAN_POINT('',(0.,0.));
#2449 = CARTESIAN_POINT('',(0.,-1.51));
#2450 = ( GEOMETRIC_REPRESENTATION_CONTEXT(2) 
PARAMETRIC_REPRESENTATION_CONTEXT() REPRESENTATION_CONTEXT('2D SPACE',''
  ) );
#2451 = PCURVE('',#424,#2452);
#2452 = DEFINITIONAL_REPRESENTATION('',(#2453),#2456);
#2453 = B_SPLINE_CURVE_WITH_KNOTS('',1,(#2454,#2455),.UNSPECIFIED.,.F.,
  .F.,(2,2),(0.,1.51),.PIECEWISE_BEZIER_KNOTS.);
#2454 = CARTESIAN_POINT('',(46.4,0.));
#2455 = CARTESIAN_POINT('',(46.4,-1.51));
#2456 = ( GEOMETRIC_REPRESENTATION_CONTEXT(2) 
PARAMETRIC_REPRESENTATION_CONTEXT() REPRESENTATION_CONTEXT('2D SPACE',''
  ) );
#2457 = ORIENTED_EDGE('',*,*,#1472,.T.);
#2458 = ORIENTED_EDGE('',*,*,#2391,.F.);
#2459 = ORIENTED_EDGE('',*,*,#385,.F.);
#2460 = ADVANCED_FACE('',(#2461),#504,.T.);
#2461 = FACE_BOUND('',#2462,.T.);
#2462 = EDGE_LOOP('',(#2463,#2464,#2465,#2484));
#2463 = ORIENTED_EDGE('',*,*,#2417,.T.);
#2464 = ORIENTED_EDGE('',*,*,#1555,.T.);
#2465 = ORIENTED_EDGE('',*,*,#2466,.F.);
#2466 = EDGE_CURVE('',#461,#1533,#2467,.T.);
#2467 = SURFACE_CURVE('',#2468,(#2471,#2477),.PCURVE_S1.);
#2468 = B_SPLINE_CURVE_WITH_KNOTS('',1,(#2469,#2470),.UNSPECIFIED.,.F.,
  .F.,(2,2),(0.,1.51),.PIECEWISE_BEZIER_KNOTS.);
#2469 = CARTESIAN_POINT('',(183.1,-97.62,-4.5E-02));
#2470 = CARTESIAN_POINT('',(183.1,-97.62,1.555));
#2471 = PCURVE('',#504,#2472);
#2472 = DEFINITIONAL_REPRESENTATION('',(#2473),#2476);
#2473 = B_SPLINE_CURVE_WITH_KNOTS('',1,(#2474,#2475),.UNSPECIFIED.,.F.,
  .F.,(2,2),(0.,1.51),.PIECEWISE_BEZIER_KNOTS.);
#2474 = CARTESIAN_POINT('',(4.12,0.));
#2475 = CARTESIAN_POINT('',(4.12,-1.51));
#2476 = ( GEOMETRIC_REPRESENTATION_CONTEXT(2) 
PARAMETRIC_REPRESENTATION_CONTEXT() REPRESENTATION_CONTEXT('2D SPACE',''
  ) );
#2477 = PCURVE('',#476,#2478);
#2478 = DEFINITIONAL_REPRESENTATION('',(#2479),#2483);
#2479 = B_SPLINE_CURVE_WITH_KNOTS('',2,(#2480,#2481,#2482),
  .UNSPECIFIED.,.F.,.F.,(3,3),(0.,1.51),.PIECEWISE_BEZIER_KNOTS.);
#2480 = CARTESIAN_POINT('',(1.521596459322E-11,1.110223024599E-16));
#2481 = CARTESIAN_POINT('',(1.521596459322E-11,-0.755));
#2482 = CARTESIAN_POINT('',(1.521596459322E-11,-1.51));
#2483 = ( GEOMETRIC_REPRESENTATION_CONTEXT(2) 
PARAMETRIC_REPRESENTATION_CONTEXT() REPRESENTATION_CONTEXT('2D SPACE',''
  ) );
#2484 = ORIENTED_EDGE('',*,*,#490,.F.);
#2485 = ADVANCED_FACE('',(#2486),#424,.T.);
#2486 = FACE_BOUND('',#2487,.T.);
#2487 = EDGE_LOOP('',(#2488,#2506,#2507,#2508));
#2488 = ORIENTED_EDGE('',*,*,#2489,.T.);
#2489 = EDGE_CURVE('',#411,#1493,#2490,.T.);
#2490 = SURFACE_CURVE('',#2491,(#2494,#2500),.PCURVE_S1.);
#2491 = B_SPLINE_CURVE_WITH_KNOTS('',1,(#2492,#2493),.UNSPECIFIED.,.F.,
  .F.,(2,2),(0.,1.51),.PIECEWISE_BEZIER_KNOTS.);
#2492 = CARTESIAN_POINT('',(166.5,-98.12,-4.5E-02));
#2493 = CARTESIAN_POINT('',(166.5,-98.12,1.555));
#2494 = PCURVE('',#424,#2495);
#2495 = DEFINITIONAL_REPRESENTATION('',(#2496),#2499);
#2496 = B_SPLINE_CURVE_WITH_KNOTS('',1,(#2497,#2498),.UNSPECIFIED.,.F.,
  .F.,(2,2),(0.,1.51),.PIECEWISE_BEZIER_KNOTS.);
#2497 = CARTESIAN_POINT('',(0.,-0.));
#2498 = CARTESIAN_POINT('',(0.,-1.51));
#2499 = ( GEOMETRIC_REPRESENTATION_CONTEXT(2) 
PARAMETRIC_REPRESENTATION_CONTEXT() REPRESENTATION_CONTEXT('2D SPACE',''
  ) );
#2500 = PCURVE('',#449,#2501);
#2501 = DEFINITIONAL_REPRESENTATION('',(#2502),#2505);
#2502 = B_SPLINE_CURVE_WITH_KNOTS('',1,(#2503,#2504),.UNSPECIFIED.,.F.,
  .F.,(2,2),(0.,1.51),.PIECEWISE_BEZIER_KNOTS.);
#2503 = CARTESIAN_POINT('',(16.1,0.));
#2504 = CARTESIAN_POINT('',(16.1,-1.51));
#2505 = ( GEOMETRIC_REPRESENTATION_CONTEXT(2) 
PARAMETRIC_REPRESENTATION_CONTEXT() REPRESENTATION_CONTEXT('2D SPACE',''
  ) );
#2506 = ORIENTED_EDGE('',*,*,#1492,.T.);
#2507 = ORIENTED_EDGE('',*,*,#2440,.F.);
#2508 = ORIENTED_EDGE('',*,*,#410,.F.);
#2509 = ADVANCED_FACE('',(#2510),#476,.T.);
#2510 = FACE_BOUND('',#2511,.T.);
#2511 = EDGE_LOOP('',(#2512,#2513,#2514,#2533));
#2512 = ORIENTED_EDGE('',*,*,#2466,.T.);
#2513 = ORIENTED_EDGE('',*,*,#1532,.T.);
#2514 = ORIENTED_EDGE('',*,*,#2515,.F.);
#2515 = EDGE_CURVE('',#436,#1513,#2516,.T.);
#2516 = SURFACE_CURVE('',#2517,(#2520,#2527),.PCURVE_S1.);
#2517 = B_SPLINE_CURVE_WITH_KNOTS('',1,(#2518,#2519),.UNSPECIFIED.,.F.,
  .F.,(2,2),(0.,1.51),.PIECEWISE_BEZIER_KNOTS.);
#2518 = CARTESIAN_POINT('',(182.6,-98.12,-4.5E-02));
#2519 = CARTESIAN_POINT('',(182.6,-98.12,1.555));
#2520 = PCURVE('',#476,#2521);
#2521 = DEFINITIONAL_REPRESENTATION('',(#2522),#2526);
#2522 = B_SPLINE_CURVE_WITH_KNOTS('',2,(#2523,#2524,#2525),
  .UNSPECIFIED.,.F.,.F.,(3,3),(0.,1.51),.PIECEWISE_BEZIER_KNOTS.);
#2523 = CARTESIAN_POINT('',(1.570790992503,0.));
#2524 = CARTESIAN_POINT('',(1.570790992503,-0.755));
#2525 = CARTESIAN_POINT('',(1.570790992503,-1.51));
#2526 = ( GEOMETRIC_REPRESENTATION_CONTEXT(2) 
PARAMETRIC_REPRESENTATION_CONTEXT() REPRESENTATION_CONTEXT('2D SPACE',''
  ) );
#2527 = PCURVE('',#449,#2528);
#2528 = DEFINITIONAL_REPRESENTATION('',(#2529),#2532);
#2529 = B_SPLINE_CURVE_WITH_KNOTS('',1,(#2530,#2531),.UNSPECIFIED.,.F.,
  .F.,(2,2),(0.,1.51),.PIECEWISE_BEZIER_KNOTS.);
#2530 = CARTESIAN_POINT('',(0.,-0.));
#2531 = CARTESIAN_POINT('',(0.,-1.51));
#2532 = ( GEOMETRIC_REPRESENTATION_CONTEXT(2) 
PARAMETRIC_REPRESENTATION_CONTEXT() REPRESENTATION_CONTEXT('2D SPACE',''
  ) );
#2533 = ORIENTED_EDGE('',*,*,#460,.F.);
#2534 = ADVANCED_FACE('',(#2535),#449,.T.);
#2535 = FACE_BOUND('',#2536,.T.);
#2536 = EDGE_LOOP('',(#2537,#2538,#2539,#2540));
#2537 = ORIENTED_EDGE('',*,*,#2515,.T.);
#2538 = ORIENTED_EDGE('',*,*,#1512,.T.);
#2539 = ORIENTED_EDGE('',*,*,#2489,.F.);
#2540 = ORIENTED_EDGE('',*,*,#435,.F.);
#2541 = ADVANCED_FACE('',(#2542),#665,.F.);
#2542 = FACE_BOUND('',#2543,.F.);
#2543 = EDGE_LOOP('',(#2544,#2564,#2565,#2566));
#2544 = ORIENTED_EDGE('',*,*,#2545,.T.);
#2545 = EDGE_CURVE('',#642,#1680,#2546,.T.);
#2546 = SEAM_CURVE('',#2547,(#2550,#2557),.PCURVE_S1.);
#2547 = B_SPLINE_CURVE_WITH_KNOTS('',1,(#2548,#2549),.UNSPECIFIED.,.F.,
  .F.,(2,2),(4.6E-02,1.556),.PIECEWISE_BEZIER_KNOTS.);
#2548 = CARTESIAN_POINT('',(144.26,-86.15,-4.5E-02));
#2549 = CARTESIAN_POINT('',(144.26,-86.15,1.555));
#2550 = PCURVE('',#665,#2551);
#2551 = DEFINITIONAL_REPRESENTATION('',(#2552),#2556);
#2552 = B_SPLINE_CURVE_WITH_KNOTS('',2,(#2553,#2554,#2555),
  .UNSPECIFIED.,.F.,.F.,(3,3),(4.6E-02,1.556),.PIECEWISE_BEZIER_KNOTS.);
#2553 = CARTESIAN_POINT('',(0.,-4.6E-02));
#2554 = CARTESIAN_POINT('',(0.,-0.801));
#2555 = CARTESIAN_POINT('',(0.,-1.556));
#2556 = ( GEOMETRIC_REPRESENTATION_CONTEXT(2) 
PARAMETRIC_REPRESENTATION_CONTEXT() REPRESENTATION_CONTEXT('2D SPACE',''
  ) );
#2557 = PCURVE('',#665,#2558);
#2558 = DEFINITIONAL_REPRESENTATION('',(#2559),#2563);
#2559 = B_SPLINE_CURVE_WITH_KNOTS('',2,(#2560,#2561,#2562),
  .UNSPECIFIED.,.F.,.F.,(3,3),(4.6E-02,1.556),.PIECEWISE_BEZIER_KNOTS.);
#2560 = CARTESIAN_POINT('',(6.28318530718,-4.6E-02));
#2561 = CARTESIAN_POINT('',(6.28318530718,-0.801));
#2562 = CARTESIAN_POINT('',(6.28318530718,-1.556));
#2563 = ( GEOMETRIC_REPRESENTATION_CONTEXT(2) 
PARAMETRIC_REPRESENTATION_CONTEXT() REPRESENTATION_CONTEXT('2D SPACE',''
  ) );
#2564 = ORIENTED_EDGE('',*,*,#1679,.T.);
#2565 = ORIENTED_EDGE('',*,*,#2545,.F.);
#2566 = ORIENTED_EDGE('',*,*,#641,.F.);
#2567 = ADVANCED_FACE('',(#2568),#717,.F.);
#2568 = FACE_BOUND('',#2569,.F.);
#2569 = EDGE_LOOP('',(#2570,#2590,#2591,#2592));
#2570 = ORIENTED_EDGE('',*,*,#2571,.T.);
#2571 = EDGE_CURVE('',#694,#1717,#2572,.T.);
#2572 = SEAM_CURVE('',#2573,(#2576,#2583),.PCURVE_S1.);
#2573 = B_SPLINE_CURVE_WITH_KNOTS('',1,(#2574,#2575),.UNSPECIFIED.,.F.,
  .F.,(2,2),(4.6E-02,1.556),.PIECEWISE_BEZIER_KNOTS.);
#2574 = CARTESIAN_POINT('',(146.8,-86.15,-4.5E-02));
#2575 = CARTESIAN_POINT('',(146.8,-86.15,1.555));
#2576 = PCURVE('',#717,#2577);
#2577 = DEFINITIONAL_REPRESENTATION('',(#2578),#2582);
#2578 = B_SPLINE_CURVE_WITH_KNOTS('',2,(#2579,#2580,#2581),
  .UNSPECIFIED.,.F.,.F.,(3,3),(4.6E-02,1.556),.PIECEWISE_BEZIER_KNOTS.);
#2579 = CARTESIAN_POINT('',(0.,-4.6E-02));
#2580 = CARTESIAN_POINT('',(0.,-0.801));
#2581 = CARTESIAN_POINT('',(0.,-1.556));
#2582 = ( GEOMETRIC_REPRESENTATION_CONTEXT(2) 
PARAMETRIC_REPRESENTATION_CONTEXT() REPRESENTATION_CONTEXT('2D SPACE',''
  ) );
#2583 = PCURVE('',#717,#2584);
#2584 = DEFINITIONAL_REPRESENTATION('',(#2585),#2589);
#2585 = B_SPLINE_CURVE_WITH_KNOTS('',2,(#2586,#2587,#2588),
  .UNSPECIFIED.,.F.,.F.,(3,3),(4.6E-02,1.556),.PIECEWISE_BEZIER_KNOTS.);
#2586 = CARTESIAN_POINT('',(6.28318530718,-4.6E-02));
#2587 = CARTESIAN_POINT('',(6.28318530718,-0.801));
#2588 = CARTESIAN_POINT('',(6.28318530718,-1.556));
#2589 = ( GEOMETRIC_REPRESENTATION_CONTEXT(2) 
PARAMETRIC_REPRESENTATION_CONTEXT() REPRESENTATION_CONTEXT('2D SPACE',''
  ) );
#2590 = ORIENTED_EDGE('',*,*,#1716,.T.);
#2591 = ORIENTED_EDGE('',*,*,#2571,.F.);
#2592 = ORIENTED_EDGE('',*,*,#693,.F.);
#2593 = ADVANCED_FACE('',(#2594),#769,.F.);
#2594 = FACE_BOUND('',#2595,.F.);
#2595 = EDGE_LOOP('',(#2596,#2616,#2617,#2618));
#2596 = ORIENTED_EDGE('',*,*,#2597,.T.);
#2597 = EDGE_CURVE('',#746,#1754,#2598,.T.);
#2598 = SEAM_CURVE('',#2599,(#2602,#2609),.PCURVE_S1.);
#2599 = B_SPLINE_CURVE_WITH_KNOTS('',1,(#2600,#2601),.UNSPECIFIED.,.F.,
  .F.,(2,2),(4.6E-02,1.556),.PIECEWISE_BEZIER_KNOTS.);
#2600 = CARTESIAN_POINT('',(149.34,-86.15,-4.5E-02));
#2601 = CARTESIAN_POINT('',(149.34,-86.15,1.555));
#2602 = PCURVE('',#769,#2603);
#2603 = DEFINITIONAL_REPRESENTATION('',(#2604),#2608);
#2604 = B_SPLINE_CURVE_WITH_KNOTS('',2,(#2605,#2606,#2607),
  .UNSPECIFIED.,.F.,.F.,(3,3),(4.6E-02,1.556),.PIECEWISE_BEZIER_KNOTS.);
#2605 = CARTESIAN_POINT('',(0.,-4.6E-02));
#2606 = CARTESIAN_POINT('',(0.,-0.801));
#2607 = CARTESIAN_POINT('',(0.,-1.556));
#2608 = ( GEOMETRIC_REPRESENTATION_CONTEXT(2) 
PARAMETRIC_REPRESENTATION_CONTEXT() REPRESENTATION_CONTEXT('2D SPACE',''
  ) );
#2609 = PCURVE('',#769,#2610);
#2610 = DEFINITIONAL_REPRESENTATION('',(#2611),#2615);
#2611 = B_SPLINE_CURVE_WITH_KNOTS('',2,(#2612,#2613,#2614),
  .UNSPECIFIED.,.F.,.F.,(3,3),(4.6E-02,1.556),.PIECEWISE_BEZIER_KNOTS.);
#2612 = CARTESIAN_POINT('',(6.28318530718,-4.6E-02));
#2613 = CARTESIAN_POINT('',(6.28318530718,-0.801));
#2614 = CARTESIAN_POINT('',(6.28318530718,-1.556));
#2615 = ( GEOMETRIC_REPRESENTATION_CONTEXT(2) 
PARAMETRIC_REPRESENTATION_CONTEXT() REPRESENTATION_CONTEXT('2D SPACE',''
  ) );
#2616 = ORIENTED_EDGE('',*,*,#1753,.T.);
#2617 = ORIENTED_EDGE('',*,*,#2597,.F.);
#2618 = ORIENTED_EDGE('',*,*,#745,.F.);
#2619 = ADVANCED_FACE('',(#2620),#821,.F.);
#2620 = FACE_BOUND('',#2621,.F.);
#2621 = EDGE_LOOP('',(#2622,#2642,#2643,#2644));
#2622 = ORIENTED_EDGE('',*,*,#2623,.T.);
#2623 = EDGE_CURVE('',#798,#1791,#2624,.T.);
#2624 = SEAM_CURVE('',#2625,(#2628,#2635),.PCURVE_S1.);
#2625 = B_SPLINE_CURVE_WITH_KNOTS('',1,(#2626,#2627),.UNSPECIFIED.,.F.,
  .F.,(2,2),(4.6E-02,1.556),.PIECEWISE_BEZIER_KNOTS.);
#2626 = CARTESIAN_POINT('',(151.88,-86.15,-4.5E-02));
#2627 = CARTESIAN_POINT('',(151.88,-86.15,1.555));
#2628 = PCURVE('',#821,#2629);
#2629 = DEFINITIONAL_REPRESENTATION('',(#2630),#2634);
#2630 = B_SPLINE_CURVE_WITH_KNOTS('',2,(#2631,#2632,#2633),
  .UNSPECIFIED.,.F.,.F.,(3,3),(4.6E-02,1.556),.PIECEWISE_BEZIER_KNOTS.);
#2631 = CARTESIAN_POINT('',(0.,-4.6E-02));
#2632 = CARTESIAN_POINT('',(0.,-0.801));
#2633 = CARTESIAN_POINT('',(0.,-1.556));
#2634 = ( GEOMETRIC_REPRESENTATION_CONTEXT(2) 
PARAMETRIC_REPRESENTATION_CONTEXT() REPRESENTATION_CONTEXT('2D SPACE',''
  ) );
#2635 = PCURVE('',#821,#2636);
#2636 = DEFINITIONAL_REPRESENTATION('',(#2637),#2641);
#2637 = B_SPLINE_CURVE_WITH_KNOTS('',2,(#2638,#2639,#2640),
  .UNSPECIFIED.,.F.,.F.,(3,3),(4.6E-02,1.556),.PIECEWISE_BEZIER_KNOTS.);
#2638 = CARTESIAN_POINT('',(6.28318530718,-4.6E-02));
#2639 = CARTESIAN_POINT('',(6.28318530718,-0.801));
#2640 = CARTESIAN_POINT('',(6.28318530718,-1.556));
#2641 = ( GEOMETRIC_REPRESENTATION_CONTEXT(2) 
PARAMETRIC_REPRESENTATION_CONTEXT() REPRESENTATION_CONTEXT('2D SPACE',''
  ) );
#2642 = ORIENTED_EDGE('',*,*,#1790,.T.);
#2643 = ORIENTED_EDGE('',*,*,#2623,.F.);
#2644 = ORIENTED_EDGE('',*,*,#797,.F.);
#2645 = ADVANCED_FACE('',(#2646),#873,.F.);
#2646 = FACE_BOUND('',#2647,.F.);
#2647 = EDGE_LOOP('',(#2648,#2668,#2669,#2670));
#2648 = ORIENTED_EDGE('',*,*,#2649,.T.);
#2649 = EDGE_CURVE('',#850,#1828,#2650,.T.);
#2650 = SEAM_CURVE('',#2651,(#2654,#2661),.PCURVE_S1.);
#2651 = B_SPLINE_CURVE_WITH_KNOTS('',1,(#2652,#2653),.UNSPECIFIED.,.F.,
  .F.,(2,2),(4.6E-02,1.556),.PIECEWISE_BEZIER_KNOTS.);
#2652 = CARTESIAN_POINT('',(156.92,-86.47,-4.5E-02));
#2653 = CARTESIAN_POINT('',(156.92,-86.47,1.555));
#2654 = PCURVE('',#873,#2655);
#2655 = DEFINITIONAL_REPRESENTATION('',(#2656),#2660);
#2656 = B_SPLINE_CURVE_WITH_KNOTS('',2,(#2657,#2658,#2659),
  .UNSPECIFIED.,.F.,.F.,(3,3),(4.6E-02,1.556),.PIECEWISE_BEZIER_KNOTS.);
#2657 = CARTESIAN_POINT('',(0.,-4.6E-02));
#2658 = CARTESIAN_POINT('',(0.,-0.801));
#2659 = CARTESIAN_POINT('',(0.,-1.556));
#2660 = ( GEOMETRIC_REPRESENTATION_CONTEXT(2) 
PARAMETRIC_REPRESENTATION_CONTEXT() REPRESENTATION_CONTEXT('2D SPACE',''
  ) );
#2661 = PCURVE('',#873,#2662);
#2662 = DEFINITIONAL_REPRESENTATION('',(#2663),#2667);
#2663 = B_SPLINE_CURVE_WITH_KNOTS('',2,(#2664,#2665,#2666),
  .UNSPECIFIED.,.F.,.F.,(3,3),(4.6E-02,1.556),.PIECEWISE_BEZIER_KNOTS.);
#2664 = CARTESIAN_POINT('',(6.28318530718,-4.6E-02));
#2665 = CARTESIAN_POINT('',(6.28318530718,-0.801));
#2666 = CARTESIAN_POINT('',(6.28318530718,-1.556));
#2667 = ( GEOMETRIC_REPRESENTATION_CONTEXT(2) 
PARAMETRIC_REPRESENTATION_CONTEXT() REPRESENTATION_CONTEXT('2D SPACE',''
  ) );
#2668 = ORIENTED_EDGE('',*,*,#1827,.T.);
#2669 = ORIENTED_EDGE('',*,*,#2649,.F.);
#2670 = ORIENTED_EDGE('',*,*,#849,.F.);
#2671 = ADVANCED_FACE('',(#2672),#925,.F.);
#2672 = FACE_BOUND('',#2673,.F.);
#2673 = EDGE_LOOP('',(#2674,#2694,#2695,#2696));
#2674 = ORIENTED_EDGE('',*,*,#2675,.T.);
#2675 = EDGE_CURVE('',#902,#1865,#2676,.T.);
#2676 = SEAM_CURVE('',#2677,(#2680,#2687),.PCURVE_S1.);
#2677 = B_SPLINE_CURVE_WITH_KNOTS('',1,(#2678,#2679),.UNSPECIFIED.,.F.,
  .F.,(2,2),(4.6E-02,1.556),.PIECEWISE_BEZIER_KNOTS.);
#2678 = CARTESIAN_POINT('',(158.19,-86.47,-4.5E-02));
#2679 = CARTESIAN_POINT('',(158.19,-86.47,1.555));
#2680 = PCURVE('',#925,#2681);
#2681 = DEFINITIONAL_REPRESENTATION('',(#2682),#2686);
#2682 = B_SPLINE_CURVE_WITH_KNOTS('',2,(#2683,#2684,#2685),
  .UNSPECIFIED.,.F.,.F.,(3,3),(4.6E-02,1.556),.PIECEWISE_BEZIER_KNOTS.);
#2683 = CARTESIAN_POINT('',(0.,-4.6E-02));
#2684 = CARTESIAN_POINT('',(0.,-0.801));
#2685 = CARTESIAN_POINT('',(0.,-1.556));
#2686 = ( GEOMETRIC_REPRESENTATION_CONTEXT(2) 
PARAMETRIC_REPRESENTATION_CONTEXT() REPRESENTATION_CONTEXT('2D SPACE',''
  ) );
#2687 = PCURVE('',#925,#2688);
#2688 = DEFINITIONAL_REPRESENTATION('',(#2689),#2693);
#2689 = B_SPLINE_CURVE_WITH_KNOTS('',2,(#2690,#2691,#2692),
  .UNSPECIFIED.,.F.,.F.,(3,3),(4.6E-02,1.556),.PIECEWISE_BEZIER_KNOTS.);
#2690 = CARTESIAN_POINT('',(6.28318530718,-4.6E-02));
#2691 = CARTESIAN_POINT('',(6.28318530718,-0.801));
#2692 = CARTESIAN_POINT('',(6.28318530718,-1.556));
#2693 = ( GEOMETRIC_REPRESENTATION_CONTEXT(2) 
PARAMETRIC_REPRESENTATION_CONTEXT() REPRESENTATION_CONTEXT('2D SPACE',''
  ) );
#2694 = ORIENTED_EDGE('',*,*,#1864,.T.);
#2695 = ORIENTED_EDGE('',*,*,#2675,.F.);
#2696 = ORIENTED_EDGE('',*,*,#901,.F.);
#2697 = ADVANCED_FACE('',(#2698),#977,.F.);
#2698 = FACE_BOUND('',#2699,.F.);
#2699 = EDGE_LOOP('',(#2700,#2720,#2721,#2722));
#2700 = ORIENTED_EDGE('',*,*,#2701,.T.);
#2701 = EDGE_CURVE('',#954,#1902,#2702,.T.);
#2702 = SEAM_CURVE('',#2703,(#2706,#2713),.PCURVE_S1.);
#2703 = B_SPLINE_CURVE_WITH_KNOTS('',1,(#2704,#2705),.UNSPECIFIED.,.F.,
  .F.,(2,2),(4.6E-02,1.556),.PIECEWISE_BEZIER_KNOTS.);
#2704 = CARTESIAN_POINT('',(159.46,-86.47,-4.5E-02));
#2705 = CARTESIAN_POINT('',(159.46,-86.47,1.555));
#2706 = PCURVE('',#977,#2707);
#2707 = DEFINITIONAL_REPRESENTATION('',(#2708),#2712);
#2708 = B_SPLINE_CURVE_WITH_KNOTS('',2,(#2709,#2710,#2711),
  .UNSPECIFIED.,.F.,.F.,(3,3),(4.6E-02,1.556),.PIECEWISE_BEZIER_KNOTS.);
#2709 = CARTESIAN_POINT('',(1.057462122981E-13,-4.6E-02));
#2710 = CARTESIAN_POINT('',(1.057462122981E-13,-0.801));
#2711 = CARTESIAN_POINT('',(1.057462122981E-13,-1.556));
#2712 = ( GEOMETRIC_REPRESENTATION_CONTEXT(2) 
PARAMETRIC_REPRESENTATION_CONTEXT() REPRESENTATION_CONTEXT('2D SPACE',''
  ) );
#2713 = PCURVE('',#977,#2714);
#2714 = DEFINITIONAL_REPRESENTATION('',(#2715),#2719);
#2715 = B_SPLINE_CURVE_WITH_KNOTS('',2,(#2716,#2717,#2718),
  .UNSPECIFIED.,.F.,.F.,(3,3),(4.6E-02,1.556),.PIECEWISE_BEZIER_KNOTS.);
#2716 = CARTESIAN_POINT('',(6.28318530718,-4.6E-02));
#2717 = CARTESIAN_POINT('',(6.28318530718,-0.801));
#2718 = CARTESIAN_POINT('',(6.28318530718,-1.556));
#2719 = ( GEOMETRIC_REPRESENTATION_CONTEXT(2) 
PARAMETRIC_REPRESENTATION_CONTEXT() REPRESENTATION_CONTEXT('2D SPACE',''
  ) );
#2720 = ORIENTED_EDGE('',*,*,#1901,.T.);
#2721 = ORIENTED_EDGE('',*,*,#2701,.F.);
#2722 = ORIENTED_EDGE('',*,*,#953,.F.);
#2723 = ADVANCED_FACE('',(#2724),#1029,.F.);
#2724 = FACE_BOUND('',#2725,.F.);
#2725 = EDGE_LOOP('',(#2726,#2746,#2747,#2748));
#2726 = ORIENTED_EDGE('',*,*,#2727,.T.);
#2727 = EDGE_CURVE('',#1006,#1939,#2728,.T.);
#2728 = SEAM_CURVE('',#2729,(#2732,#2739),.PCURVE_S1.);
#2729 = B_SPLINE_CURVE_WITH_KNOTS('',1,(#2730,#2731),.UNSPECIFIED.,.F.,
  .F.,(2,2),(4.6E-02,1.556),.PIECEWISE_BEZIER_KNOTS.);
#2730 = CARTESIAN_POINT('',(160.73,-86.47,-4.5E-02));
#2731 = CARTESIAN_POINT('',(160.73,-86.47,1.555));
#2732 = PCURVE('',#1029,#2733);
#2733 = DEFINITIONAL_REPRESENTATION('',(#2734),#2738);
#2734 = B_SPLINE_CURVE_WITH_KNOTS('',2,(#2735,#2736,#2737),
  .UNSPECIFIED.,.F.,.F.,(3,3),(4.6E-02,1.556),.PIECEWISE_BEZIER_KNOTS.);
#2735 = CARTESIAN_POINT('',(0.,-4.6E-02));
#2736 = CARTESIAN_POINT('',(0.,-0.801));
#2737 = CARTESIAN_POINT('',(0.,-1.556));
#2738 = ( GEOMETRIC_REPRESENTATION_CONTEXT(2) 
PARAMETRIC_REPRESENTATION_CONTEXT() REPRESENTATION_CONTEXT('2D SPACE',''
  ) );
#2739 = PCURVE('',#1029,#2740);
#2740 = DEFINITIONAL_REPRESENTATION('',(#2741),#2745);
#2741 = B_SPLINE_CURVE_WITH_KNOTS('',2,(#2742,#2743,#2744),
  .UNSPECIFIED.,.F.,.F.,(3,3),(4.6E-02,1.556),.PIECEWISE_BEZIER_KNOTS.);
#2742 = CARTESIAN_POINT('',(6.28318530718,-4.6E-02));
#2743 = CARTESIAN_POINT('',(6.28318530718,-0.801));
#2744 = CARTESIAN_POINT('',(6.28318530718,-1.556));
#2745 = ( GEOMETRIC_REPRESENTATION_CONTEXT(2) 
PARAMETRIC_REPRESENTATION_CONTEXT() REPRESENTATION_CONTEXT('2D SPACE',''
  ) );
#2746 = ORIENTED_EDGE('',*,*,#1938,.T.);
#2747 = ORIENTED_EDGE('',*,*,#2727,.F.);
#2748 = ORIENTED_EDGE('',*,*,#1005,.F.);
#2749 = ADVANCED_FACE('',(#2750),#1081,.F.);
#2750 = FACE_BOUND('',#2751,.F.);
#2751 = EDGE_LOOP('',(#2752,#2772,#2773,#2774));
#2752 = ORIENTED_EDGE('',*,*,#2753,.T.);
#2753 = EDGE_CURVE('',#1058,#1976,#2754,.T.);
#2754 = SEAM_CURVE('',#2755,(#2758,#2765),.PCURVE_S1.);
#2755 = B_SPLINE_CURVE_WITH_KNOTS('',1,(#2756,#2757),.UNSPECIFIED.,.F.,
  .F.,(2,2),(4.6E-02,1.556),.PIECEWISE_BEZIER_KNOTS.);
#2756 = CARTESIAN_POINT('',(162.,-86.47,-4.5E-02));
#2757 = CARTESIAN_POINT('',(162.,-86.47,1.555));
#2758 = PCURVE('',#1081,#2759);
#2759 = DEFINITIONAL_REPRESENTATION('',(#2760),#2764);
#2760 = B_SPLINE_CURVE_WITH_KNOTS('',2,(#2761,#2762,#2763),
  .UNSPECIFIED.,.F.,.F.,(3,3),(4.6E-02,1.556),.PIECEWISE_BEZIER_KNOTS.);
#2761 = CARTESIAN_POINT('',(0.,-4.6E-02));
#2762 = CARTESIAN_POINT('',(0.,-0.801));
#2763 = CARTESIAN_POINT('',(0.,-1.556));
#2764 = ( GEOMETRIC_REPRESENTATION_CONTEXT(2) 
PARAMETRIC_REPRESENTATION_CONTEXT() REPRESENTATION_CONTEXT('2D SPACE',''
  ) );
#2765 = PCURVE('',#1081,#2766);
#2766 = DEFINITIONAL_REPRESENTATION('',(#2767),#2771);
#2767 = B_SPLINE_CURVE_WITH_KNOTS('',2,(#2768,#2769,#2770),
  .UNSPECIFIED.,.F.,.F.,(3,3),(4.6E-02,1.556),.PIECEWISE_BEZIER_KNOTS.);
#2768 = CARTESIAN_POINT('',(6.28318530718,-4.6E-02));
#2769 = CARTESIAN_POINT('',(6.28318530718,-0.801));
#2770 = CARTESIAN_POINT('',(6.28318530718,-1.556));
#2771 = ( GEOMETRIC_REPRESENTATION_CONTEXT(2) 
PARAMETRIC_REPRESENTATION_CONTEXT() REPRESENTATION_CONTEXT('2D SPACE',''
  ) );
#2772 = ORIENTED_EDGE('',*,*,#1975,.T.);
#2773 = ORIENTED_EDGE('',*,*,#2753,.F.);
#2774 = ORIENTED_EDGE('',*,*,#1057,.F.);
#2775 = ADVANCED_FACE('',(#2776),#1133,.F.);
#2776 = FACE_BOUND('',#2777,.F.);
#2777 = EDGE_LOOP('',(#2778,#2798,#2799,#2800));
#2778 = ORIENTED_EDGE('',*,*,#2779,.T.);
#2779 = EDGE_CURVE('',#1110,#2013,#2780,.T.);
#2780 = SEAM_CURVE('',#2781,(#2784,#2791),.PCURVE_S1.);
#2781 = B_SPLINE_CURVE_WITH_KNOTS('',1,(#2782,#2783),.UNSPECIFIED.,.F.,
  .F.,(2,2),(4.6E-02,1.556),.PIECEWISE_BEZIER_KNOTS.);
#2782 = CARTESIAN_POINT('',(156.92,-85.2,-4.5E-02));
#2783 = CARTESIAN_POINT('',(156.92,-85.2,1.555));
#2784 = PCURVE('',#1133,#2785);
#2785 = DEFINITIONAL_REPRESENTATION('',(#2786),#2790);
#2786 = B_SPLINE_CURVE_WITH_KNOTS('',2,(#2787,#2788,#2789),
  .UNSPECIFIED.,.F.,.F.,(3,3),(4.6E-02,1.556),.PIECEWISE_BEZIER_KNOTS.);
#2787 = CARTESIAN_POINT('',(0.,-4.6E-02));
#2788 = CARTESIAN_POINT('',(0.,-0.801));
#2789 = CARTESIAN_POINT('',(0.,-1.556));
#2790 = ( GEOMETRIC_REPRESENTATION_CONTEXT(2) 
PARAMETRIC_REPRESENTATION_CONTEXT() REPRESENTATION_CONTEXT('2D SPACE',''
  ) );
#2791 = PCURVE('',#1133,#2792);
#2792 = DEFINITIONAL_REPRESENTATION('',(#2793),#2797);
#2793 = B_SPLINE_CURVE_WITH_KNOTS('',2,(#2794,#2795,#2796),
  .UNSPECIFIED.,.F.,.F.,(3,3),(4.6E-02,1.556),.PIECEWISE_BEZIER_KNOTS.);
#2794 = CARTESIAN_POINT('',(6.28318530718,-4.6E-02));
#2795 = CARTESIAN_POINT('',(6.28318530718,-0.801));
#2796 = CARTESIAN_POINT('',(6.28318530718,-1.556));
#2797 = ( GEOMETRIC_REPRESENTATION_CONTEXT(2) 
PARAMETRIC_REPRESENTATION_CONTEXT() REPRESENTATION_CONTEXT('2D SPACE',''
  ) );
#2798 = ORIENTED_EDGE('',*,*,#2012,.T.);
#2799 = ORIENTED_EDGE('',*,*,#2779,.F.);
#2800 = ORIENTED_EDGE('',*,*,#1109,.F.);
#2801 = ADVANCED_FACE('',(#2802),#1185,.F.);
#2802 = FACE_BOUND('',#2803,.F.);
#2803 = EDGE_LOOP('',(#2804,#2824,#2825,#2826));
#2804 = ORIENTED_EDGE('',*,*,#2805,.T.);
#2805 = EDGE_CURVE('',#1162,#2050,#2806,.T.);
#2806 = SEAM_CURVE('',#2807,(#2810,#2817),.PCURVE_S1.);
#2807 = B_SPLINE_CURVE_WITH_KNOTS('',1,(#2808,#2809),.UNSPECIFIED.,.F.,
  .F.,(2,2),(4.6E-02,1.556),.PIECEWISE_BEZIER_KNOTS.);
#2808 = CARTESIAN_POINT('',(158.19,-85.2,-4.5E-02));
#2809 = CARTESIAN_POINT('',(158.19,-85.2,1.555));
#2810 = PCURVE('',#1185,#2811);
#2811 = DEFINITIONAL_REPRESENTATION('',(#2812),#2816);
#2812 = B_SPLINE_CURVE_WITH_KNOTS('',2,(#2813,#2814,#2815),
  .UNSPECIFIED.,.F.,.F.,(3,3),(4.6E-02,1.556),.PIECEWISE_BEZIER_KNOTS.);
#2813 = CARTESIAN_POINT('',(0.,-4.6E-02));
#2814 = CARTESIAN_POINT('',(0.,-0.801));
#2815 = CARTESIAN_POINT('',(0.,-1.556));
#2816 = ( GEOMETRIC_REPRESENTATION_CONTEXT(2) 
PARAMETRIC_REPRESENTATION_CONTEXT() REPRESENTATION_CONTEXT('2D SPACE',''
  ) );
#2817 = PCURVE('',#1185,#2818);
#2818 = DEFINITIONAL_REPRESENTATION('',(#2819),#2823);
#2819 = B_SPLINE_CURVE_WITH_KNOTS('',2,(#2820,#2821,#2822),
  .UNSPECIFIED.,.F.,.F.,(3,3),(4.6E-02,1.556),.PIECEWISE_BEZIER_KNOTS.);
#2820 = CARTESIAN_POINT('',(6.28318530718,-4.6E-02));
#2821 = CARTESIAN_POINT('',(6.28318530718,-0.801));
#2822 = CARTESIAN_POINT('',(6.28318530718,-1.556));
#2823 = ( GEOMETRIC_REPRESENTATION_CONTEXT(2) 
PARAMETRIC_REPRESENTATION_CONTEXT() REPRESENTATION_CONTEXT('2D SPACE',''
  ) );
#2824 = ORIENTED_EDGE('',*,*,#2049,.T.);
#2825 = ORIENTED_EDGE('',*,*,#2805,.F.);
#2826 = ORIENTED_EDGE('',*,*,#1161,.F.);
#2827 = ADVANCED_FACE('',(#2828),#1237,.F.);
#2828 = FACE_BOUND('',#2829,.F.);
#2829 = EDGE_LOOP('',(#2830,#2850,#2851,#2852));
#2830 = ORIENTED_EDGE('',*,*,#2831,.T.);
#2831 = EDGE_CURVE('',#1214,#2087,#2832,.T.);
#2832 = SEAM_CURVE('',#2833,(#2836,#2843),.PCURVE_S1.);
#2833 = B_SPLINE_CURVE_WITH_KNOTS('',1,(#2834,#2835),.UNSPECIFIED.,.F.,
  .F.,(2,2),(4.6E-02,1.556),.PIECEWISE_BEZIER_KNOTS.);
#2834 = CARTESIAN_POINT('',(159.46,-85.2,-4.5E-02));
#2835 = CARTESIAN_POINT('',(159.46,-85.2,1.555));
#2836 = PCURVE('',#1237,#2837);
#2837 = DEFINITIONAL_REPRESENTATION('',(#2838),#2842);
#2838 = B_SPLINE_CURVE_WITH_KNOTS('',2,(#2839,#2840,#2841),
  .UNSPECIFIED.,.F.,.F.,(3,3),(4.6E-02,1.556),.PIECEWISE_BEZIER_KNOTS.);
#2839 = CARTESIAN_POINT('',(1.057462122981E-13,-4.6E-02));
#2840 = CARTESIAN_POINT('',(1.057462122981E-13,-0.801));
#2841 = CARTESIAN_POINT('',(1.057462122981E-13,-1.556));
#2842 = ( GEOMETRIC_REPRESENTATION_CONTEXT(2) 
PARAMETRIC_REPRESENTATION_CONTEXT() REPRESENTATION_CONTEXT('2D SPACE',''
  ) );
#2843 = PCURVE('',#1237,#2844);
#2844 = DEFINITIONAL_REPRESENTATION('',(#2845),#2849);
#2845 = B_SPLINE_CURVE_WITH_KNOTS('',2,(#2846,#2847,#2848),
  .UNSPECIFIED.,.F.,.F.,(3,3),(4.6E-02,1.556),.PIECEWISE_BEZIER_KNOTS.);
#2846 = CARTESIAN_POINT('',(6.28318530718,-4.6E-02));
#2847 = CARTESIAN_POINT('',(6.28318530718,-0.801));
#2848 = CARTESIAN_POINT('',(6.28318530718,-1.556));
#2849 = ( GEOMETRIC_REPRESENTATION_CONTEXT(2) 
PARAMETRIC_REPRESENTATION_CONTEXT() REPRESENTATION_CONTEXT('2D SPACE',''
  ) );
#2850 = ORIENTED_EDGE('',*,*,#2086,.T.);
#2851 = ORIENTED_EDGE('',*,*,#2831,.F.);
#2852 = ORIENTED_EDGE('',*,*,#1213,.F.);
#2853 = ADVANCED_FACE('',(#2854),#1289,.F.);
#2854 = FACE_BOUND('',#2855,.F.);
#2855 = EDGE_LOOP('',(#2856,#2876,#2877,#2878));
#2856 = ORIENTED_EDGE('',*,*,#2857,.T.);
#2857 = EDGE_CURVE('',#1266,#2124,#2858,.T.);
#2858 = SEAM_CURVE('',#2859,(#2862,#2869),.PCURVE_S1.);
#2859 = B_SPLINE_CURVE_WITH_KNOTS('',1,(#2860,#2861),.UNSPECIFIED.,.F.,
  .F.,(2,2),(4.6E-02,1.556),.PIECEWISE_BEZIER_KNOTS.);
#2860 = CARTESIAN_POINT('',(160.73,-85.2,-4.5E-02));
#2861 = CARTESIAN_POINT('',(160.73,-85.2,1.555));
#2862 = PCURVE('',#1289,#2863);
#2863 = DEFINITIONAL_REPRESENTATION('',(#2864),#2868);
#2864 = B_SPLINE_CURVE_WITH_KNOTS('',2,(#2865,#2866,#2867),
  .UNSPECIFIED.,.F.,.F.,(3,3),(4.6E-02,1.556),.PIECEWISE_BEZIER_KNOTS.);
#2865 = CARTESIAN_POINT('',(0.,-4.6E-02));
#2866 = CARTESIAN_POINT('',(0.,-0.801));
#2867 = CARTESIAN_POINT('',(0.,-1.556));
#2868 = ( GEOMETRIC_REPRESENTATION_CONTEXT(2) 
PARAMETRIC_REPRESENTATION_CONTEXT() REPRESENTATION_CONTEXT('2D SPACE',''
  ) );
#2869 = PCURVE('',#1289,#2870);
#2870 = DEFINITIONAL_REPRESENTATION('',(#2871),#2875);
#2871 = B_SPLINE_CURVE_WITH_KNOTS('',2,(#2872,#2873,#2874),
  .UNSPECIFIED.,.F.,.F.,(3,3),(4.6E-02,1.556),.PIECEWISE_BEZIER_KNOTS.);
#2872 = CARTESIAN_POINT('',(6.28318530718,-4.6E-02));
#2873 = CARTESIAN_POINT('',(6.28318530718,-0.801));
#2874 = CARTESIAN_POINT('',(6.28318530718,-1.556));
#2875 = ( GEOMETRIC_REPRESENTATION_CONTEXT(2) 
PARAMETRIC_REPRESENTATION_CONTEXT() REPRESENTATION_CONTEXT('2D SPACE',''
  ) );
#2876 = ORIENTED_EDGE('',*,*,#2123,.T.);
#2877 = ORIENTED_EDGE('',*,*,#2857,.F.);
#2878 = ORIENTED_EDGE('',*,*,#1265,.F.);
#2879 = ADVANCED_FACE('',(#2880),#1341,.F.);
#2880 = FACE_BOUND('',#2881,.F.);
#2881 = EDGE_LOOP('',(#2882,#2902,#2903,#2904));
#2882 = ORIENTED_EDGE('',*,*,#2883,.T.);
#2883 = EDGE_CURVE('',#1318,#2161,#2884,.T.);
#2884 = SEAM_CURVE('',#2885,(#2888,#2895),.PCURVE_S1.);
#2885 = B_SPLINE_CURVE_WITH_KNOTS('',1,(#2886,#2887),.UNSPECIFIED.,.F.,
  .F.,(2,2),(4.6E-02,1.556),.PIECEWISE_BEZIER_KNOTS.);
#2886 = CARTESIAN_POINT('',(162.,-85.2,-4.5E-02));
#2887 = CARTESIAN_POINT('',(162.,-85.2,1.555));
#2888 = PCURVE('',#1341,#2889);
#2889 = DEFINITIONAL_REPRESENTATION('',(#2890),#2894);
#2890 = B_SPLINE_CURVE_WITH_KNOTS('',2,(#2891,#2892,#2893),
  .UNSPECIFIED.,.F.,.F.,(3,3),(4.6E-02,1.556),.PIECEWISE_BEZIER_KNOTS.);
#2891 = CARTESIAN_POINT('',(0.,-4.6E-02));
#2892 = CARTESIAN_POINT('',(0.,-0.801));
#2893 = CARTESIAN_POINT('',(0.,-1.556));
#2894 = ( GEOMETRIC_REPRESENTATION_CONTEXT(2) 
PARAMETRIC_REPRESENTATION_CONTEXT() REPRESENTATION_CONTEXT('2D SPACE',''
  ) );
#2895 = PCURVE('',#1341,#2896);
#2896 = DEFINITIONAL_REPRESENTATION('',(#2897),#2901);
#2897 = B_SPLINE_CURVE_WITH_KNOTS('',2,(#2898,#2899,#2900),
  .UNSPECIFIED.,.F.,.F.,(3,3),(4.6E-02,1.556),.PIECEWISE_BEZIER_KNOTS.);
#2898 = CARTESIAN_POINT('',(6.28318530718,-4.6E-02));
#2899 = CARTESIAN_POINT('',(6.28318530718,-0.801));
#2900 = CARTESIAN_POINT('',(6.28318530718,-1.556));
#2901 = ( GEOMETRIC_REPRESENTATION_CONTEXT(2) 
PARAMETRIC_REPRESENTATION_CONTEXT() REPRESENTATION_CONTEXT('2D SPACE',''
  ) );
#2902 = ORIENTED_EDGE('',*,*,#2160,.T.);
#2903 = ORIENTED_EDGE('',*,*,#2883,.F.);
#2904 = ORIENTED_EDGE('',*,*,#1317,.F.);
#2905 = ( GEOMETRIC_REPRESENTATION_CONTEXT(3) 
GLOBAL_UNCERTAINTY_ASSIGNED_CONTEXT((#2909)) 
GLOBAL_UNIT_ASSIGNED_CONTEXT((#2906,#2907,#2908)) REPRESENTATION_CONTEXT
('Context #1','3D Context with UNIT and UNCERTAINTY') );
#2906 = ( LENGTH_UNIT() NAMED_UNIT(*) SI_UNIT(.MILLI.,.METRE.) );
#2907 = ( NAMED_UNIT(*) PLANE_ANGLE_UNIT() SI_UNIT($,.RADIAN.) );
#2908 = ( NAMED_UNIT(*) SI_UNIT($,.STERADIAN.) SOLID_ANGLE_UNIT() );
#2909 = UNCERTAINTY_MEASURE_WITH_UNIT(LENGTH_MEASURE(1.E-07),#2906,
  'distance_accuracy_value','confusion accuracy');
#2910 = PRODUCT_RELATED_PRODUCT_CATEGORY('part',$,(#7));
ENDSEC;
END-ISO-10303-21;
