ISO-10303-21;
HEADER;
FILE_DESCRIPTION (( 'STEP AP214' ),
    '1' );
FILE_NAME ('ABS05W.STEP',
    '2017-09-25T09:41:18',
    ( 'SS-i5' ),
    ( '' ),
    'SwSTEP 2.0',
    'SolidWorks 2016',
    '' );
FILE_SCHEMA (( 'AUTOMOTIVE_DESIGN' ));
ENDSEC;

DATA;
#1 =( NAMED_UNIT ( * ) PLANE_ANGLE_UNIT ( ) SI_UNIT ( $, .RADIAN. ) );
#2 = FILL_AREA_STYLE ('',( #9290 ) ) ;
#3 =( NAMED_UNIT ( * ) PLANE_ANGLE_UNIT ( ) SI_UNIT ( $, .RADIAN. ) );
#4 = CARTESIAN_POINT ( 'NONE',  ( -0.1440659182902960500, 0.4799999999999998700, 0.06966825261182328600 ) ) ;
#5 = CARTESIAN_POINT ( 'NONE',  ( 0.2508035455496654400, 0.4799999999999999800, -0.01943996821797198300 ) ) ;
#6 =( LENGTH_UNIT ( ) NAMED_UNIT ( * ) SI_UNIT ( .MILLI., .METRE. ) );
#7 = LINE ( 'NONE', #8896, #5509 ) ;
#8 = PRESENTATION_LAYER_ASSIGNMENT (  '', '', ( #8346 ) ) ;
#9 = CARTESIAN_POINT ( 'NONE',  ( -0.2523242962202639800, 0.4798999999999999400, 0.06598557465364053600 ) ) ;
#10 =( NAMED_UNIT ( * ) SI_UNIT ( $, .STERADIAN. ) SOLID_ANGLE_UNIT ( ) );
#11 = VECTOR ( 'NONE', #3626, 1000.000000000000000 ) ;
#12 = CARTESIAN_POINT ( 'NONE',  ( 0.1235941168054562900, 0.4799999999999995400, -0.01323608864660931100 ) ) ;
#13 = CARTESIAN_POINT ( 'NONE',  ( 0.2465866047535076000, 0.4798999999999999400, -0.02038134016051511300 ) ) ;
#14 = CARTESIAN_POINT ( 'NONE',  ( 0.03214084241522546800, 0.4800000000000000900, -0.07697750037908376900 ) ) ;
#15 =( GEOMETRIC_REPRESENTATION_CONTEXT ( 3 ) GLOBAL_UNCERTAINTY_ASSIGNED_CONTEXT ( ( #4437 ) ) GLOBAL_UNIT_ASSIGNED_CONTEXT ( ( #565, #5602, #1288 ) ) REPRESENTATION_CONTEXT ( 'NONE', 'WORKASPACE' ) );
#16 = DIRECTION ( 'NONE',  ( -0.0000000000000000000, 1.000000000000000000, -0.0000000000000000000 ) ) ;
#17 = CARTESIAN_POINT ( 'NONE',  ( -0.2137284341865159100, 0.4798999999999999400, -0.02383007785927443100 ) ) ;
#18 = CARTESIAN_POINT ( 'NONE',  ( 0.06357449389413390200, 0.4799999999999999300, 0.06032578304330774000 ) ) ;
#19 = MECHANICAL_DESIGN_GEOMETRIC_PRESENTATION_REPRESENTATION (  '', ( #7894 ), #500 ) ;
#20 = CARTESIAN_POINT ( 'NONE',  ( -0.04048416569425369900, 0.4798999999999999400, -0.05434117703023201600 ) ) ;
#21 = DIRECTION ( 'NONE',  ( 1.000000000000000000, 0.0000000000000000000, 0.0000000000000000000 ) ) ;
#22 = CARTESIAN_POINT ( 'NONE',  ( -0.2452918580019460300, 0.4799999999999999300, 0.06521010502105005500 ) ) ;
#23 = FACE_OUTER_BOUND ( 'NONE', #360, .T. ) ;
#24 = CARTESIAN_POINT ( 'NONE',  ( 0.1305822210241886500, 0.4798999999999999400, 0.07089681417547012700 ) ) ;
#25 = VECTOR ( 'NONE', #7871, 1000.000000000000000 ) ;
#26 = COLOUR_RGB ( '',0.2509803921568627400, 0.2509803921568627400, 0.2509803921568627400 ) ;
#27 = ORIENTED_EDGE ( 'NONE', *, *, #7923, .T. ) ;
#28 = EDGE_CURVE ( 'NONE', #6984, #3038, #9182, .T. ) ;
#29 = VECTOR ( 'NONE', #3103, 1000.000000000000000 ) ;
#30 = ORIENTED_EDGE ( 'NONE', *, *, #2473, .F. ) ;
#31 = DIRECTION ( 'NONE',  ( 0.0000000000000000000, 0.0000000000000000000, 1.000000000000000000 ) ) ;
#32 = CARTESIAN_POINT ( 'NONE',  ( 0.3903185834463459600, 0.4799999999999999800, 0.04784325544829225200 ) ) ;
#33 = CARTESIAN_POINT ( 'NONE',  ( 0.2233693538687947000, 0.4799999999999999800, 0.06655849466243948800 ) ) ;
#34 = DIRECTION ( 'NONE',  ( -0.0000000000000000000, 1.000000000000000000, -0.0000000000000000000 ) ) ;
#35 = ORIENTED_EDGE ( 'NONE', *, *, #268, .F. ) ;
#36 = CARTESIAN_POINT ( 'NONE',  ( -0.1606355676415114600, 0.4798999999999999400, 0.04018089860937548700 ) ) ;
#37 =( LENGTH_UNIT ( ) NAMED_UNIT ( * ) SI_UNIT ( .MILLI., .METRE. ) );
#38 = VERTEX_POINT ( 'NONE', #3992 ) ;
#39 = CARTESIAN_POINT ( 'NONE',  ( 0.05973917395315535300, 0.4798999999999999400, 0.08714282918330801300 ) ) ;
#40 = PLANE ( 'NONE',  #3022 ) ;
#41 = CARTESIAN_POINT ( 'NONE',  ( 0.7499999999999998900, 0.4799999999999999800, -0.3799999999999998900 ) ) ;
#42 = EDGE_CURVE ( 'NONE', #6141, #8701, #1860, .T. ) ;
#43 = PRESENTATION_LAYER_ASSIGNMENT (  '', '', ( #8379 ) ) ;
#44 = ORIENTED_EDGE ( 'NONE', *, *, #3908, .T. ) ;
#45 = ORIENTED_EDGE ( 'NONE', *, *, #5346, .F. ) ;
#46 = ORIENTED_EDGE ( 'NONE', *, *, #1120, .F. ) ;
#47 = FILL_AREA_STYLE ('',( #3637 ) ) ;
#48 = CARTESIAN_POINT ( 'NONE',  ( 0.1155914086579917000, 0.4798999999999999400, -0.06762977501357908500 ) ) ;
#49 = SURFACE_SIDE_STYLE ('',( #4877 ) ) ;
#50 = CARTESIAN_POINT ( 'NONE',  ( -0.1350457205189665700, 0.4799999999999999800, 0.02255022999154274500 ) ) ;
#51 = FACE_BOUND ( 'NONE', #8271, .T. ) ;
#52 = FACE_OUTER_BOUND ( 'NONE', #7115, .T. ) ;
#53 = CARTESIAN_POINT ( 'NONE',  ( 0.05315748863583925900, 0.4798999999999999400, -0.1023621177836013700 ) ) ;
#54 = ORIENTED_EDGE ( 'NONE', *, *, #2455, .F. ) ;
#55 = SURFACE_STYLE_FILL_AREA ( #4852 ) ;
#56 = EDGE_CURVE ( 'NONE', #8343, #4746, #3715, .T. ) ;
#57 = SURFACE_STYLE_USAGE ( .BOTH. , #4355 ) ;
#58 = CARTESIAN_POINT ( 'NONE',  ( 0.08515685994677196800, 0.4798999999999999400, 0.06873574604669108200 ) ) ;
#59 = VECTOR ( 'NONE', #9051, 1000.000000000000000 ) ;
#60 = ORIENTED_EDGE ( 'NONE', *, *, #8941, .T. ) ;
#61 = COLOUR_RGB ( '',0.2509803921568627400, 0.2509803921568627400, 0.2509803921568627400 ) ;
#62 = VECTOR ( 'NONE', #6171, 1000.000000000000000 ) ;
#63 = DIRECTION ( 'NONE',  ( 1.000000000000000000, 0.0000000000000000000, -0.0000000000000000000 ) ) ;
#64 = CARTESIAN_POINT ( 'NONE',  ( 0.3967353855877977000, 0.4798999999999999400, 0.02574696399540903400 ) ) ;
#65 = SURFACE_SIDE_STYLE ('',( #1104 ) ) ;
#66 = CARTESIAN_POINT ( 'NONE',  ( 0.2370398727672847500, 0.4799999999999999800, 0.09181266912361416000 ) ) ;
#67 = CARTESIAN_POINT ( 'NONE',  ( -0.06493237708431490200, 0.4799999999999999800, 0.003911300221340775100 ) ) ;
#68 = CARTESIAN_POINT ( 'NONE',  ( 0.02108012918314687900, 0.4798999999999999400, -0.01224743753609722900 ) ) ;
#69 = ORIENTED_EDGE ( 'NONE', *, *, #7077, .F. ) ;
#70 = CARTESIAN_POINT ( 'NONE',  ( -0.2570564806469741200, 0.4799999999999999800, 0.06611026285781372600 ) ) ;
#71 = CARTESIAN_POINT ( 'NONE',  ( 0.2129478690239901800, 0.4798999999999999400, -0.03389009619556146400 ) ) ;
#72 = VECTOR ( 'NONE', #4025, 1000.000000000000000 ) ;
#73 = CARTESIAN_POINT ( 'NONE',  ( -0.1197976115748101800, 0.4799999999999999300, -0.04213059043051117800 ) ) ;
#74 = CARTESIAN_POINT ( 'NONE',  ( 0.5075533776585060600, 0.4800000000000000400, 0.02602443247543330700 ) ) ;
#75 = AXIS2_PLACEMENT_3D ( 'NONE', #6570, #2278, #7283 ) ;
#76 = CARTESIAN_POINT ( 'NONE',  ( 0.09690523584733433400, 0.4799999999999995400, -0.08559690349517958000 ) ) ;
#77 = CARTESIAN_POINT ( 'NONE',  ( -0.4600947512605421100, 0.4799999999999999800, -0.06886721681788157700 ) ) ;
#78 = EDGE_LOOP ( 'NONE', ( #2803, #6818, #1647, #3857 ) ) ;
#79 = CARTESIAN_POINT ( 'NONE',  ( -0.08102903748912550200, 0.4799999999999999800, 0.06873574604669108200 ) ) ;
#80 = CARTESIAN_POINT ( 'NONE',  ( 0.07996338405669065100, 0.4800000000000000900, -0.1106704923097518900 ) ) ;
#81 = DIRECTION ( 'NONE',  ( 0.0000000000000000000, -1.000000000000000000, -0.0000000000000000000 ) ) ;
#82 = CARTESIAN_POINT ( 'NONE',  ( -0.2380650438063256200, 0.4798999999999999400, -0.1084050912270237300 ) ) ;
#83 = FILL_AREA_STYLE ('',( #7954 ) ) ;
#84 = CARTESIAN_POINT ( 'NONE',  ( -0.2174072426173306600, 0.4798999999999999400, 0.03155625886720389600 ) ) ;
#85 = ORIENTED_EDGE ( 'NONE', *, *, #7438, .F. ) ;
#86 = ORIENTED_EDGE ( 'NONE', *, *, #6350, .F. ) ;
#87 = EDGE_CURVE ( 'NONE', #3114, #3201, #7664, .T. ) ;
#88 = DIRECTION ( 'NONE',  ( 1.000000000000000000, 0.0000000000000000000, 0.0000000000000000000 ) ) ;
#89 =( LENGTH_UNIT ( ) NAMED_UNIT ( * ) SI_UNIT ( .MILLI., .METRE. ) );
#90 = SURFACE_STYLE_USAGE ( .BOTH. , #4395 ) ;
#91 = CARTESIAN_POINT ( 'NONE',  ( -0.08951130973704736500, 0.4799999999999999800, -0.002864527757249786700 ) ) ;
#92 = CARTESIAN_POINT ( 'NONE',  ( -0.2275649888927072400, 0.4798999999999999400, -0.07027117684042179200 ) ) ;
#93 = SURFACE_STYLE_USAGE ( .BOTH. , #4399 ) ;
#94 = CARTESIAN_POINT ( 'NONE',  ( -0.1011733214317817500, 0.4798999999999999400, -0.006040134328138619500 ) ) ;
#95 = CARTESIAN_POINT ( 'NONE',  ( 0.02377895413646662400, 0.4798999999999999400, -0.04813111866405293800 ) ) ;
#96 = FILL_AREA_STYLE ('',( #613 ) ) ;
#97 = CARTESIAN_POINT ( 'NONE',  ( 0.2397700189219626500, 0.4799999999999999800, -0.04398310719639446400 ) ) ;
#98 = AXIS2_PLACEMENT_3D ( 'NONE', #8450, #6343, #5621 ) ;
#99 = ORIENTED_EDGE ( 'NONE', *, *, #3850, .F. ) ;
#100 = CARTESIAN_POINT ( 'NONE',  ( -0.09064125540633401200, 0.4798999999999999400, -0.03025416374167192200 ) ) ;
#101 = CARTESIAN_POINT ( 'NONE',  ( -0.7374999999999701800, 0.4299999999999999400, -0.4999999999999813500 ) ) ;
#102 = CARTESIAN_POINT ( 'NONE',  ( 0.04824450795311535600, 0.4798999999999999400, -0.04031581158022795600 ) ) ;
#103 = CARTESIAN_POINT ( 'NONE',  ( 0.2928491676390798100, 0.4799999999999999800, -0.1081873308763859100 ) ) ;
#104 = DIRECTION ( 'NONE',  ( 0.0000000000000000000, 1.000000000000000000, 0.0000000000000000000 ) ) ;
#105 = CARTESIAN_POINT ( 'NONE',  ( 0.05530831374821677800, 0.4799999999999999800, -0.06901451475417803800 ) ) ;
#106 = CARTESIAN_POINT ( 'NONE',  ( -0.2484992281629195000, 0.4798999999999999400, 0.06568100801308456000 ) ) ;
#107 =( NAMED_UNIT ( * ) SI_UNIT ( $, .STERADIAN. ) SOLID_ANGLE_UNIT ( ) );
#108 = FILL_AREA_STYLE_COLOUR ( '', #2316 ) ;
#109 = ORIENTED_EDGE ( 'NONE', *, *, #4734, .T. ) ;
#110 = COLOUR_RGB ( '',0.2509803921568627400, 0.2509803921568627400, 0.2509803921568627400 ) ;
#111 = UNCERTAINTY_MEASURE_WITH_UNIT (LENGTH_MEASURE( 1.000000000000000100E-005 ), #8180, 'distance_accuracy_value', 'NONE');
#112 = CARTESIAN_POINT ( 'NONE',  ( -0.1969877415885833700, 0.4799999999999999800, -0.05676375675497295800 ) ) ;
#113 = CARTESIAN_POINT ( 'NONE',  ( -0.2088351942311002200, 0.4799999999999999300, -0.09171048194641112600 ) ) ;
#114 = FILL_AREA_STYLE_COLOUR ( '', #532 ) ;
#115 = CARTESIAN_POINT ( 'NONE',  ( -0.04066337692251564100, 0.4798999999999999400, -0.05577330180296315900 ) ) ;
#116 = SURFACE_STYLE_FILL_AREA ( #2469 ) ;
#117 = LINE ( 'NONE', #5112, #5396 ) ;
#118 = CARTESIAN_POINT ( 'NONE',  ( -0.1539047953627465900, 0.4799999999999999800, -0.07319601629216675200 ) ) ;
#119 = CARTESIAN_POINT ( 'NONE',  ( -0.7300000000000019800, -0.02000000000000000000, 0.4300000000000032700 ) ) ;
#120 = CARTESIAN_POINT ( 'NONE',  ( 0.2460427893608635500, 0.4798999999999999400, 0.06801764592284101400 ) ) ;
#121 = DIRECTION ( 'NONE',  ( 0.0000000000000000000, -0.0000000000000000000, -1.000000000000000000 ) ) ;
#122 = CARTESIAN_POINT ( 'NONE',  ( -0.2450377352047768100, 0.4799999999999999800, -0.08557959215079841100 ) ) ;
#123 = CARTESIAN_POINT ( 'NONE',  ( 0.2760807416781954100, 0.4798999999999999400, 0.008406044824504240600 ) ) ;
#124 = CARTESIAN_POINT ( 'NONE',  ( 0.2216776055331980100, 0.4798999999999999400, -0.03892133415036910100 ) ) ;
#125 = CARTESIAN_POINT ( 'NONE',  ( -0.1253184115095509800, 0.4799999999999999800, -0.01481326959998527000 ) ) ;
#126 = PRESENTATION_LAYER_ASSIGNMENT (  '', '', ( #8473 ) ) ;
#127 = MECHANICAL_DESIGN_GEOMETRIC_PRESENTATION_REPRESENTATION (  '', ( #8477 ), #617 ) ;
#128 = CARTESIAN_POINT ( 'NONE',  ( -0.05362882081050438000, 0.4799999999999999300, -0.02028957053254387300 ) ) ;
#129 = CARTESIAN_POINT ( 'NONE',  ( -0.2452918580019460300, 0.4799999999999999300, 0.06521010502105005500 ) ) ;
#130 = CARTESIAN_POINT ( 'NONE',  ( -0.2174072426173306600, 0.4798999999999998800, 0.03155625886720389600 ) ) ;
#131 = PRESENTATION_STYLE_ASSIGNMENT (( #6161 ) ) ;
#132 = CARTESIAN_POINT ( 'NONE',  ( 0.3788428867399549200, 0.4799999999999999800, 0.02756257180295862400 ) ) ;
#133 = PRESENTATION_STYLE_ASSIGNMENT (( #3178 ) ) ;
#134 = DIRECTION ( 'NONE',  ( 0.9294238257626790100, 0.0000000000000000000, -0.3690140269754866900 ) ) ;
#135 = SURFACE_STYLE_USAGE ( .BOTH. , #4449 ) ;
#136 =( NAMED_UNIT ( * ) SI_UNIT ( $, .STERADIAN. ) SOLID_ANGLE_UNIT ( ) );
#137 = ORIENTED_EDGE ( 'NONE', *, *, #6294, .T. ) ;
#138 = UNCERTAINTY_MEASURE_WITH_UNIT (LENGTH_MEASURE( 1.000000000000000100E-005 ), #5430, 'distance_accuracy_value', 'NONE');
#139 = ORIENTED_EDGE ( 'NONE', *, *, #4626, .F. ) ;
#140 = SURFACE_STYLE_FILL_AREA ( #3563 ) ;
#141 = CARTESIAN_POINT ( 'NONE',  ( 0.1209980308598313700, 0.4799999999999999800, 0.03013264905188695100 ) ) ;
#142 = ORIENTED_EDGE ( 'NONE', *, *, #4237, .F. ) ;
#143 = COLOUR_RGB ( '',1.000000000000000000, 1.000000000000000000, 1.000000000000000000 ) ;
#144 = PRESENTATION_LAYER_ASSIGNMENT (  '', '', ( #8487 ) ) ;
#145 = CARTESIAN_POINT ( 'NONE',  ( 0.2928491676390798100, 0.4798999999999999400, -0.08254630523536017600 ) ) ;
#146 = CARTESIAN_POINT ( 'NONE',  ( -0.2042841037811179700, 0.4799999999999999800, -0.03425188201920507900 ) ) ;
#147 = CARTESIAN_POINT ( 'NONE',  ( -0.6800000000000000500, 0.4299999999999999400, 0.4499999999999999600 ) ) ;
#148 = LINE ( 'NONE', #2587, #3758 ) ;
#149 = STYLED_ITEM ( 'NONE', ( #1029 ), #5341 ) ;
#150 = CARTESIAN_POINT ( 'NONE',  ( -0.03785048328347077900, 0.4798999999999999400, 0.08205928274364833500 ) ) ;
#151 = EDGE_LOOP ( 'NONE', ( #2463, #2783, #4643, #6873 ) ) ;
#152 = ORIENTED_EDGE ( 'NONE', *, *, #1830, .F. ) ;
#153 = VECTOR ( 'NONE', #3328, 1000.000000000000000 ) ;
#154 = ORIENTED_EDGE ( 'NONE', *, *, #6820, .F. ) ;
#155 = ORIENTED_EDGE ( 'NONE', *, *, #466, .F. ) ;
#156 = CARTESIAN_POINT ( 'NONE',  ( -0.3379200631301512200, 0.4798999999999999400, -0.1107514334404884300 ) ) ;
#157 = STYLED_ITEM ( 'NONE', ( #5374 ), #369 ) ;
#158 = DIRECTION ( 'NONE',  ( 1.000000000000000000, -0.0000000000000000000, -3.986037398843766100E-017 ) ) ;
#159 = CARTESIAN_POINT ( 'NONE',  ( 0.2773879460609744400, 0.4798999999999999400, 0.02724200749329835900 ) ) ;
#160 = DIRECTION ( 'NONE',  ( 0.0000000000000000000, 1.000000000000000000, 0.0000000000000000000 ) ) ;
#161 = CARTESIAN_POINT ( 'NONE',  ( -0.2699713207242840400, 0.4798999999999999400, -0.08766625115907120100 ) ) ;
#162 = CARTESIAN_POINT ( 'NONE',  ( 0.2389239114301632800, 0.4798999999999999400, -0.02096326346449288400 ) ) ;
#163 = ORIENTED_EDGE ( 'NONE', *, *, #1797, .F. ) ;
#164 = VECTOR ( 'NONE', #2948, 1000.000000000000000 ) ;
#165 = FILL_AREA_STYLE_COLOUR ( '', #386 ) ;
#166 = CARTESIAN_POINT ( 'NONE',  ( 0.4593956419980541600, 0.4798999999999999400, -0.06359598472253973100 ) ) ;
#167 = PRESENTATION_STYLE_ASSIGNMENT (( #3770 ) ) ;
#168 =( NAMED_UNIT ( * ) SI_UNIT ( $, .STERADIAN. ) SOLID_ANGLE_UNIT ( ) );
#169 = ORIENTED_EDGE ( 'NONE', *, *, #2529, .F. ) ;
#170 = CARTESIAN_POINT ( 'NONE',  ( -0.1182616196708899900, 0.4799999999999999800, -0.04082142593411198400 ) ) ;
#171 = DIRECTION ( 'NONE',  ( 0.0000000000000000000, 0.0000000000000000000, 1.000000000000000000 ) ) ;
#172 = ORIENTED_EDGE ( 'NONE', *, *, #2383, .T. ) ;
#173 = VECTOR ( 'NONE', #6875, 1000.000000000000000 ) ;
#174 = CLOSED_SHELL ( 'NONE', ( #3915, #6079, #4891, #4663, #4981, #1161, #8853, #555, #3217, #654, #3301, #4542, #2693, #1764, #2073, #4701, #5967, #1209 ) ) ;
#175 = CARTESIAN_POINT ( 'NONE',  ( -0.02116036094384465500, 0.4799999999999999800, -0.08434467526248010100 ) ) ;
#176 = SURFACE_STYLE_FILL_AREA ( #3782 ) ;
#177 = SURFACE_STYLE_USAGE ( .BOTH. , #4473 ) ;
#178 = CARTESIAN_POINT ( 'NONE',  ( -0.04050082640560121600, 0.4798999999999999400, 0.05104272148927453000 ) ) ;
#179 = CARTESIAN_POINT ( 'NONE',  ( -0.7500000000000000000, 0.4799999999999999800, 0.5000000000000195400 ) ) ;
#180 = CARTESIAN_POINT ( 'NONE',  ( -0.2542100079843692700, 0.4798999999999999400, -0.02672273437943726100 ) ) ;
#181 =( NAMED_UNIT ( * ) SI_UNIT ( $, .STERADIAN. ) SOLID_ANGLE_UNIT ( ) );
#182 = EDGE_CURVE ( 'NONE', #8229, #2179, #3485, .T. ) ;
#183 = EDGE_CURVE ( 'NONE', #2479, #9246, #1567, .T. ) ;
#184 = ORIENTED_EDGE ( 'NONE', *, *, #3136, .F. ) ;
#185 = VECTOR ( 'NONE', #6618, 1000.000000000000200 ) ;
#186 = CARTESIAN_POINT ( 'NONE',  ( 0.1488762657706486900, 0.4798999999999999400, 0.007138470274214762100 ) ) ;
#187 = FILL_AREA_STYLE_COLOUR ( '', #7932 ) ;
#188 = CARTESIAN_POINT ( 'NONE',  ( 0.1135960444899760900, 0.4799999999999999800, -0.1044558087498292400 ) ) ;
#189 = STYLED_ITEM ( 'NONE', ( #5412 ), #1715 ) ;
#190 = VERTEX_POINT ( 'NONE', #410 ) ;
#191 = DIRECTION ( 'NONE',  ( 0.3467321834683856400, 0.0000000000000000000, 0.9379641746608692300 ) ) ;
#192 = ORIENTED_EDGE ( 'NONE', *, *, #5023, .F. ) ;
#193 =( LENGTH_UNIT ( ) NAMED_UNIT ( * ) SI_UNIT ( .MILLI., .METRE. ) );
#194 =( NAMED_UNIT ( * ) SI_UNIT ( $, .STERADIAN. ) SOLID_ANGLE_UNIT ( ) );
#195 = CARTESIAN_POINT ( 'NONE',  ( 0.1235475941732722700, 0.4798999999999999400, -0.02045295573512287800 ) ) ;
#196 = CARTESIAN_POINT ( 'NONE',  ( 0.3773042958442078300, 0.4798999999999999400, 0.02077901527746031300 ) ) ;
#197 = CARTESIAN_POINT ( 'NONE',  ( 0.4552739738667396200, 0.4798999999999999400, -0.07866143476893487600 ) ) ;
#198 = CARTESIAN_POINT ( 'NONE',  ( 0.2064581363260614400, 0.4798999999999999400, 0.05169351213638086200 ) ) ;
#199 = VECTOR ( 'NONE', #16, 1000.000000000000000 ) ;
#200 = ORIENTED_EDGE ( 'NONE', *, *, #6823, .T. ) ;
#201 = CARTESIAN_POINT ( 'NONE',  ( -0.04921710220374921100, 0.4799999999999999800, -0.01875159070814003500 ) ) ;
#202 = DIRECTION ( 'NONE',  ( 0.0000000000000000000, 0.0000000000000000000, 1.000000000000000000 ) ) ;
#203 = CARTESIAN_POINT ( 'NONE',  ( -0.2291091149263282100, 0.4798999999999999400, 0.004785741720727017600 ) ) ;
#204 = PRESENTATION_LAYER_ASSIGNMENT (  '', '', ( #8536 ) ) ;
#205 =( GEOMETRIC_REPRESENTATION_CONTEXT ( 3 ) GLOBAL_UNCERTAINTY_ASSIGNED_CONTEXT ( ( #3465 ) ) GLOBAL_UNIT_ASSIGNED_CONTEXT ( ( #89, #5108, #819 ) ) REPRESENTATION_CONTEXT ( 'NONE', 'WORKASPACE' ) );
#206 = SURFACE_STYLE_USAGE ( .BOTH. , #4499 ) ;
#207 = FILL_AREA_STYLE_COLOUR ( '', #5203 ) ;
#208 = AXIS2_PLACEMENT_3D ( 'NONE', #6640, #2356, #7361 ) ;
#209 = CARTESIAN_POINT ( 'NONE',  ( 0.06554240821013104800, 0.4798999999999999400, -0.1080474047078124500 ) ) ;
#210 = LINE ( 'NONE', #3831, #1201 ) ;
#211 = CARTESIAN_POINT ( 'NONE',  ( 0.1422109566944779500, 0.4799999999999993200, 0.04753676520920970000 ) ) ;
#212 = SURFACE_SIDE_STYLE ('',( #762 ) ) ;
#213 = ADVANCED_FACE ( 'NONE', ( #5151 ), #8329, .F. ) ;
#214 = CARTESIAN_POINT ( 'NONE',  ( 0.1486486213152760600, 0.4799999999999999800, -0.02970659590885668700 ) ) ;
#216 = EDGE_LOOP ( 'NONE', ( #2181, #2082, #4322, #5140 ) ) ;
#215 = EDGE_CURVE ( 'NONE', #3038, #2304, #2577, .T. ) ;
#217 = B_SPLINE_CURVE_WITH_KNOTS ( 'NONE', 3,
 ( #5824, #788, #2245, #7250, #2974, #7962, #3687, #8683, #4396, #91, #5110, #822, #5851, #1541, #6566, #2275, #7281, #3013, #7994 ),
 .UNSPECIFIED., .F., .F.,
 ( 4, 1, 1, 1, 1, 1, 1, 1, 1, 1, 1, 1, 1, 1, 1, 1, 4 ),
 ( 0.0000000000000000000, 0.03120011115393651200, 0.07048671901620065500, 0.1172148300204122300, 0.1715755269954925000, 0.2341219784876088800, 0.3039626396728067900, 0.3821556401561970700, 0.4676462220680264200, 0.5543353814021608800, 0.6350744656665050500, 0.7100366878785243600, 0.7790924037748320200, 0.8429656453505106600, 0.9010012068505276500, 0.9532462564590262800, 1.000000000000000000 ),
 .UNSPECIFIED. ) ;
#218 = DIRECTION ( 'NONE',  ( -0.9379641746608693400, 0.0000000000000000000, 0.3467321834683856900 ) ) ;
#219 = EDGE_CURVE ( 'NONE', #7876, #7436, #8285, .T. ) ;
#220 = MECHANICAL_DESIGN_GEOMETRIC_PRESENTATION_REPRESENTATION (  '', ( #8566 ), #708 ) ;
#221 = DIRECTION ( 'NONE',  ( -0.0000000000000000000, 1.000000000000000000, -0.0000000000000000000 ) ) ;
#222 = CARTESIAN_POINT ( 'NONE',  ( -0.1244506705425743300, 0.4798999999999999400, 0.05100199066128963800 ) ) ;
#223 = CARTESIAN_POINT ( 'NONE',  ( 0.09307171529528447700, 0.4798999999999999400, -0.08680220982649150500 ) ) ;
#224 =( LENGTH_UNIT ( ) NAMED_UNIT ( * ) SI_UNIT ( .MILLI., .METRE. ) );
#225 = CARTESIAN_POINT ( 'NONE',  ( 0.5167054956200970400, 0.4800000000000000400, 0.05207747691236887200 ) ) ;
#226 = EDGE_LOOP ( 'NONE', ( #1377, #1531, #1266, #5673 ) ) ;
#227 = SURFACE_STYLE_FILL_AREA ( #8832 ) ;
#228 = CARTESIAN_POINT ( 'NONE',  ( 0.2203641702688738400, 0.4799999999999999800, 0.06526946024764260200 ) ) ;
#229 = MECHANICAL_DESIGN_GEOMETRIC_PRESENTATION_REPRESENTATION (  '', ( #8571 ), #714 ) ;
#230 = CARTESIAN_POINT ( 'NONE',  ( -0.2202827879042626700, 0.4799999999999999800, 0.01629223226103382700 ) ) ;
#231 = CARTESIAN_POINT ( 'NONE',  ( 0.2186493650667591400, 0.4798999999999999400, 0.08975714954853900000 ) ) ;
#232 =( LENGTH_UNIT ( ) NAMED_UNIT ( * ) SI_UNIT ( .MILLI., .METRE. ) );
#233 = EDGE_CURVE ( 'NONE', #6338, #2254, #3254, .T. ) ;
#234 = CARTESIAN_POINT ( 'NONE',  ( -0.07978705030963835500, 0.4799999999999999800, 0.09181266912361417400 ) ) ;
#235 = DIRECTION ( 'NONE',  ( 1.000000000000000000, 0.0000000000000000000, 0.0000000000000000000 ) ) ;
#236 = CARTESIAN_POINT ( 'NONE',  ( 0.07711550795373538200, 0.4798999999999999400, -0.08691683911642816800 ) ) ;
#237 = CARTESIAN_POINT ( 'NONE',  ( 0.08487641122882323700, 0.4798999999999999400, -0.08767451036356532800 ) ) ;
#238 =( NAMED_UNIT ( * ) SI_UNIT ( $, .STERADIAN. ) SOLID_ANGLE_UNIT ( ) );
#239 = CARTESIAN_POINT ( 'NONE',  ( 0.1244076573137866400, 0.4798999999999999400, 0.07786964748591154700 ) ) ;
#240 = UNCERTAINTY_MEASURE_WITH_UNIT (LENGTH_MEASURE( 1.000000000000000100E-005 ), #8392, 'distance_accuracy_value', 'NONE');
#241 = SURFACE_STYLE_FILL_AREA ( #4017 ) ;
#242 = CARTESIAN_POINT ( 'NONE',  ( -0.1142504045538684800, 0.4799999999999999800, -0.1096724527833775100 ) ) ;
#243 = CARTESIAN_POINT ( 'NONE',  ( -0.1237828437140439000, 0.4798999999999999400, -0.04626046793924062200 ) ) ;
#244 = CARTESIAN_POINT ( 'NONE',  ( -0.8000000000000037100, 0.4798999999999999400, 0.08924856655951159100 ) ) ;
#245 = COLOUR_RGB ( '',0.2509803921568627400, 0.2509803921568627400, 0.2509803921568627400 ) ;
#246 = CARTESIAN_POINT ( 'NONE',  ( -0.08858784990738323400, 0.4799999999999999300, 0.06850667736971252600 ) ) ;
#247 = SURFACE_STYLE_USAGE ( .BOTH. , #4554 ) ;
#248 = CARTESIAN_POINT ( 'NONE',  ( 0.5003150198639749700, 0.4800000000000000400, -0.004361130115055737900 ) ) ;
#249 = AXIS2_PLACEMENT_3D ( 'NONE', #7273, #3001, #7986 ) ;
#250 = LINE ( 'NONE', #2194, #1931 ) ;
#251 = CARTESIAN_POINT ( 'NONE',  ( 0.04672078098471670700, 0.4799999999999999800, -0.005622654713496466300 ) ) ;
#252 = ADVANCED_FACE ( 'NONE', ( #6165 ), #4244, .T. ) ;
#253 = AXIS2_PLACEMENT_3D ( 'NONE', #8188, #3910, #8913 ) ;
#254 = VERTEX_POINT ( 'NONE', #7620 ) ;
#255 = B_SPLINE_CURVE_WITH_KNOTS ( 'NONE', 3,
 ( #9025, #8283, #6906, #2618, #7626, #3351, #8339, #4046, #9052, #4779, #471, #5502, #1192, #6227, #1922, #6931, #2660, #7654, #3379 ),
 .UNSPECIFIED., .F., .F.,
 ( 4, 1, 1, 1, 1, 1, 1, 1, 1, 1, 1, 1, 1, 1, 1, 1, 4 ),
 ( 0.0000000000000000000, 0.07493130598184569200, 0.1470775964339469100, 0.2163644561730695700, 0.2825027309006240000, 0.3466877108244159600, 0.4088355551310390900, 0.4692619872876920800, 0.5284320432534638200, 0.5870013379727420100, 0.6444163938320673900, 0.7021887902662974400, 0.7597671795443351500, 0.8184897928274490500, 0.8776328274167841700, 0.9380195662701678000, 1.000000000000000000 ),
 .UNSPECIFIED. ) ;
#256 = ORIENTED_EDGE ( 'NONE', *, *, #7914, .T. ) ;
#257 = CARTESIAN_POINT ( 'NONE',  ( 0.1751292898514973700, 0.4798999999999999400, 0.03747841511476078500 ) ) ;
#258 = DIRECTION ( 'NONE',  ( 1.000000000000000000, 0.0000000000000000000, -0.0000000000000000000 ) ) ;
#259 = VERTEX_POINT ( 'NONE', #5533 ) ;
#260 = ORIENTED_EDGE ( 'NONE', *, *, #8051, .T. ) ;
#261 = CARTESIAN_POINT ( 'NONE',  ( -0.1481767494444152500, 0.4798999999999999400, -0.08568858494006974200 ) ) ;
#262 = CARTESIAN_POINT ( 'NONE',  ( -0.1096979333544499400, 0.4799999999999999800, 0.08859296449965098400 ) ) ;
#263 =( NAMED_UNIT ( * ) PLANE_ANGLE_UNIT ( ) SI_UNIT ( $, .RADIAN. ) );
#264 =( LENGTH_UNIT ( ) NAMED_UNIT ( * ) SI_UNIT ( .MILLI., .METRE. ) );
#265 = CARTESIAN_POINT ( 'NONE',  ( 0.2372001291775411900, 0.4798999999999999400, 0.06873574604669108200 ) ) ;
#266 = CARTESIAN_POINT ( 'NONE',  ( -0.1481767494444152500, 0.4798999999999999400, -0.08568858494006974200 ) ) ;
#267 = SURFACE_STYLE_FILL_AREA ( #1732 ) ;
#268 = EDGE_CURVE ( 'NONE', #8474, #254, #5491, .T. ) ;
#269 = AXIS2_PLACEMENT_3D ( 'NONE', #5224, #921, #5958 ) ;
#270 = CARTESIAN_POINT ( 'NONE',  ( 0.1002706015599809900, 0.4799999999999993200, 0.09031052011221557500 ) ) ;
#271 = ORIENTED_EDGE ( 'NONE', *, *, #2036, .T. ) ;
#272 =( LENGTH_UNIT ( ) NAMED_UNIT ( * ) SI_UNIT ( .MILLI., .METRE. ) );
#273 = CARTESIAN_POINT ( 'NONE',  ( -0.1082090446442415500, 0.4800000000000000400, -0.08686876539724290600 ) ) ;
#274 = LINE ( 'NONE', #8043, #3874 ) ;
#275 =( GEOMETRIC_REPRESENTATION_CONTEXT ( 3 ) GLOBAL_UNCERTAINTY_ASSIGNED_CONTEXT ( ( #138 ) ) GLOBAL_UNIT_ASSIGNED_CONTEXT ( ( #5430, #1114, #6152 ) ) REPRESENTATION_CONTEXT ( 'NONE', 'WORKASPACE' ) );
#276 = LINE ( 'NONE', #771, #5793 ) ;
#277 = FILL_AREA_STYLE ('',( #1601 ) ) ;
#278 = EDGE_LOOP ( 'NONE', ( #865, #8006, #4977, #5081 ) ) ;
#279 = PRESENTATION_STYLE_ASSIGNMENT (( #8480 ) ) ;
#280 = CARTESIAN_POINT ( 'NONE',  ( -0.1212949903739160600, 0.4799999999999999800, -0.1072294211140097800 ) ) ;
#281 = PRESENTATION_STYLE_ASSIGNMENT (( #8075 ) ) ;
#282 = CARTESIAN_POINT ( 'NONE',  ( 0.2005414753313876900, 0.4798999999999999400, 0.03283831014925515200 ) ) ;
#283 = LINE ( 'NONE', #5477, #5805 ) ;
#284 = AXIS2_PLACEMENT_3D ( 'NONE', #9057, #5408, #734 ) ;
#285 = CARTESIAN_POINT ( 'NONE',  ( -0.1330472545985293100, 0.4798999999999999400, 0.07878596079913713400 ) ) ;
#286 = SURFACE_STYLE_USAGE ( .BOTH. , #4583 ) ;
#287 = PLANE ( 'NONE',  #1236 ) ;
#288 = SURFACE_SIDE_STYLE ('',( #6183 ) ) ;
#289 = B_SPLINE_CURVE_WITH_KNOTS ( 'NONE', 3,
 ( #5078, #5826, #2976, #7964, #3689, #8685, #4398 ),
 .UNSPECIFIED., .F., .F.,
 ( 4, 1, 1, 1, 4 ),
 ( 0.0000000000000000000, 0.2155326816824298400, 0.4535671417990785900, 0.7155338199332916800, 1.000000000000000000 ),
 .UNSPECIFIED. ) ;
#290 = ORIENTED_EDGE ( 'NONE', *, *, #8916, .F. ) ;
#291 = CARTESIAN_POINT ( 'NONE',  ( 0.06357449389413390200, 0.4799999999999999800, 0.06032578304330774000 ) ) ;
#292 = LINE ( 'NONE', #3165, #2211 ) ;
#293 = LINE ( 'NONE', #1132, #5579 ) ;
#294 = CARTESIAN_POINT ( 'NONE',  ( 0.7374999999999964900, 0.4299999999999999400, 0.5000000000000196500 ) ) ;
#295 = CARTESIAN_POINT ( 'NONE',  ( -0.1026532031704978500, 0.4798999999999999400, -0.03384738763579250900 ) ) ;
#296 = CARTESIAN_POINT ( 'NONE',  ( -0.1303085681761620700, 0.4799999999999999300, -0.1028607910484672200 ) ) ;
#297 = EDGE_LOOP ( 'NONE', ( #5212, #54, #428, #5245 ) ) ;
#298 = CARTESIAN_POINT ( 'NONE',  ( -0.1573706304972390700, 0.4799999999999999800, 0.04948483943381474400 ) ) ;
#299 = CARTESIAN_POINT ( 'NONE',  ( 0.3961760393860038200, 0.4798999999999999400, 0.02763992935913689400 ) ) ;
#300 = CARTESIAN_POINT ( 'NONE',  ( 0.2189308984083107300, 0.4798999999999999400, -0.08254630523536017600 ) ) ;
#301 = FILL_AREA_STYLE ('',( #7440 ) ) ;
#302 = CARTESIAN_POINT ( 'NONE',  ( 0.2387245972258884300, 0.4799999999999998700, 0.06869891047335825700 ) ) ;
#303 = CARTESIAN_POINT ( 'NONE',  ( -0.08643769133527935700, 0.4798999999999999400, -0.1133155360045909700 ) ) ;
#304 = EDGE_CURVE ( 'NONE', #2395, #7091, #3598, .T. ) ;
#305 = CARTESIAN_POINT ( 'NONE',  ( -0.1332391576982395500, 0.4798999999999999400, -0.01904503426423714800 ) ) ;
#306 = FILL_AREA_STYLE ('',( #8880 ) ) ;
#307 = ADVANCED_FACE ( 'NONE', ( #9056, #9302, #7165, #5260, #3368, #1454, #8837 ), #637, .T. ) ;
#308 = CARTESIAN_POINT ( 'NONE',  ( -0.1251837526485609400, 0.4798999999999999900, -0.07186158050225668900 ) ) ;
#309 = ORIENTED_EDGE ( 'NONE', *, *, #2829, .F. ) ;
#310 = B_SPLINE_SURFACE_WITH_KNOTS ( 'NONE', 3, 1, ( 
 ( #1300, #1360 ),
 ( #1398, #2057 ),
 ( #2101, #2132 ),
 ( #2766, #2798 ),
 ( #2831, #3479 ),
 ( #3547, #4215 ),
 ( #4248, #4911 ),
 ( #4178, #5645 ),
 ( #5681, #5717 ),
 ( #6328, #6364 ),
 ( #6422, #7035 ),
 ( #7062, #7752 ),
 ( #7790, #7822 ),
 ( #8472, #8503 ),
 ( #8528, #9225 ),
 ( #9265, #4131 ),
 ( #7708, #8415 ),
 ( #8485, #7768 ),
 ( #4924, #2076 ) ),
 .UNSPECIFIED., .F., .F., .F.,
 ( 4, 1, 1, 1, 1, 1, 1, 1, 1, 1, 1, 1, 1, 1, 1, 1, 4 ),
 ( 2, 2 ),
 ( 0.0000000000000000000, 0.07493130598184569200, 0.1470775964339469100, 0.2163644561730695700, 0.2825027309006240000, 0.3466877108244159600, 0.4088355551310390900, 0.4692619872876920800, 0.5284320432534638200, 0.5870013379727420100, 0.6444163938320673900, 0.7021887902662974400, 0.7597671795443351500, 0.8184897928274490500, 0.8776328274167841700, 0.9380195662701678000, 1.000000000000000000 ),
 ( 0.0000000000000000000, 1.000000000000000000 ),
 .UNSPECIFIED. ) ;
#311 = CARTESIAN_POINT ( 'NONE',  ( -0.2608096338295299300, 0.4798999999999999400, -0.02629461140515672700 ) ) ;
#312 = CARTESIAN_POINT ( 'NONE',  ( -0.8000000000000037100, 0.4798999999999999400, -0.08254630523536017600 ) ) ;
#313 = STYLED_ITEM ( 'NONE', ( #2227 ), #3100 ) ;
#314 = FACE_OUTER_BOUND ( 'NONE', #8895, .T. ) ;
#315 = CARTESIAN_POINT ( 'NONE',  ( -0.1633548574523271400, 0.4798999999999999400, 0.02524086836406198200 ) ) ;
#316 = ORIENTED_EDGE ( 'NONE', *, *, #4774, .F. ) ;
#317 = CARTESIAN_POINT ( 'NONE',  ( -0.05651051384305941200, 0.4798999999999999400, -0.1094883884194528100 ) ) ;
#318 = DIRECTION ( 'NONE',  ( 0.0000000000000000000, 1.000000000000000000, 0.0000000000000000000 ) ) ;
#319 = DIRECTION ( 'NONE',  ( 0.0000000000000000000, 0.0000000000000000000, 1.000000000000000000 ) ) ;
#320 = CARTESIAN_POINT ( 'NONE',  ( 0.5357294611124792100, 0.4798999999999999400, 0.1192022767800278300 ) ) ;
#321 = CARTESIAN_POINT ( 'NONE',  ( -0.08643769133527935700, 0.4798999999999999400, -0.1133155360045909700 ) ) ;
#322 = SURFACE_STYLE_USAGE ( .BOTH. , #4621 ) ;
#323 = CARTESIAN_POINT ( 'NONE',  ( 0.3919716946706617900, 0.4798999999999999400, 0.04220109409201679200 ) ) ;
#324 = AXIS2_PLACEMENT_3D ( 'NONE', #6565, #2273, #7280 ) ;
#325 = CARTESIAN_POINT ( 'NONE',  ( -0.03542348481053111300, 0.4798999999999999400, 0.03239416977306104600 ) ) ;
#326 = CARTESIAN_POINT ( 'NONE',  ( 0.2640152302214585600, 0.4798999999999999400, 0.05905071716265679300 ) ) ;
#327 = MECHANICAL_DESIGN_GEOMETRIC_PRESENTATION_REPRESENTATION (  '', ( #8191 ), #810 ) ;
#328 = CARTESIAN_POINT ( 'NONE',  ( -0.09589544829612867100, 0.4798999999999999400, 0.06733068515346203600 ) ) ;
#329 = ADVANCED_FACE ( 'NONE', ( #6278 ), #2759, .F. ) ;
#330 = ORIENTED_EDGE ( 'NONE', *, *, #4247, .T. ) ;
#331 = CARTESIAN_POINT ( 'NONE',  ( -0.04066337692251564100, 0.4799999999999999800, -0.05577330180296315900 ) ) ;
#332 = DIRECTION ( 'NONE',  ( -0.0000000000000000000, -1.000000000000000000, -0.0000000000000000000 ) ) ;
#333 = CARTESIAN_POINT ( 'NONE',  ( -0.3379200631301512200, 0.4799999999999999800, 0.5000000000000195400 ) ) ;
#334 = EDGE_CURVE ( 'NONE', #254, #6984, #3707, .T. ) ;
#335 = CARTESIAN_POINT ( 'NONE',  ( -0.2451023434036867000, 0.4799999999999999800, -0.02830296534260581500 ) ) ;
#336 = VERTEX_POINT ( 'NONE', #571 ) ;
#337 =( GEOMETRIC_REPRESENTATION_CONTEXT ( 3 ) GLOBAL_UNCERTAINTY_ASSIGNED_CONTEXT ( ( #6945 ) ) GLOBAL_UNIT_ASSIGNED_CONTEXT ( ( #9212, #4927, #634 ) ) REPRESENTATION_CONTEXT ( 'NONE', 'WORKASPACE' ) );
#338 =( NAMED_UNIT ( * ) PLANE_ANGLE_UNIT ( ) SI_UNIT ( $, .RADIAN. ) );
#339 = STYLED_ITEM ( 'NONE', ( #7074 ), #7003 ) ;
#340 = SURFACE_STYLE_USAGE ( .BOTH. , #4640 ) ;
#341 = CARTESIAN_POINT ( 'NONE',  ( -0.02978509329153344500, 0.4799999999999998700, -0.09485439508649991200 ) ) ;
#342 = VECTOR ( 'NONE', #6720, 1000.000000000000200 ) ;
#343 =( NAMED_UNIT ( * ) SI_UNIT ( $, .STERADIAN. ) SOLID_ANGLE_UNIT ( ) );
#344 =( NAMED_UNIT ( * ) PLANE_ANGLE_UNIT ( ) SI_UNIT ( $, .RADIAN. ) );
#345 = CARTESIAN_POINT ( 'NONE',  ( 0.1221616069265563800, 0.4798999999999999400, 0.02169818436589617000 ) ) ;
#346 = B_SPLINE_SURFACE_WITH_KNOTS ( 'NONE', 3, 1, ( 
 ( #3651, #5104 ),
 ( #5138, #5752 ),
 ( #5820, #5875 ),
 ( #6468, #6523 ),
 ( #6556, #6599 ),
 ( #7147, #7170 ),
 ( #7198, #7241 ),
 ( #7274, #7304 ),
 ( #7832, #7896 ),
 ( #7928, #6498 ),
 ( #7955, #7987 ),
 ( #8587, #8611 ),
 ( #8641, #8671 ),
 ( #9279, #9308 ),
 ( #84, #758 ) ),
 .UNSPECIFIED., .F., .F., .F.,
 ( 4, 1, 1, 1, 1, 1, 1, 1, 1, 1, 1, 1, 4 ),
 ( 2, 2 ),
 ( 0.0000000000000000000, 0.08897095769895384300, 0.1722707767733135700, 0.2503120304637093100, 0.3246551996215513700, 0.3978444501802943000, 0.4733008807185328200, 0.5518258887444476000, 0.6347494834982533300, 0.7217660118923857600, 0.8103926655611190000, 0.9031752367994195800, 1.000000000000000000 ),
 ( 0.0000000000000000000, 1.000000000000000000 ),
 .UNSPECIFIED. ) ;
#347 = PRESENTATION_STYLE_ASSIGNMENT (( #664 ) ) ;
#348 =( NAMED_UNIT ( * ) PLANE_ANGLE_UNIT ( ) SI_UNIT ( $, .RADIAN. ) );
#349 = EDGE_CURVE ( 'NONE', #7223, #8775, #8636, .T. ) ;
#350 = CARTESIAN_POINT ( 'NONE',  ( 0.3933800605922543900, 0.4798999999999999400, 0.03735511227333245700 ) ) ;
#351 = DIRECTION ( 'NONE',  ( -0.0000000000000000000, 0.0000000000000000000, 1.000000000000000000 ) ) ;
#352 = CARTESIAN_POINT ( 'NONE',  ( -0.05667006313015115300, 0.4798999999999999400, 0.006836707585152607800 ) ) ;
#353 = CARTESIAN_POINT ( 'NONE',  ( 0.2760106802066496500, 0.4799999999999998700, 0.03676277001641564000 ) ) ;
#354 = CARTESIAN_POINT ( 'NONE',  ( -0.1968944221045101100, 0.4799999999999999800, -0.05890848472253970600 ) ) ;
#355 = B_SPLINE_CURVE_WITH_KNOTS ( 'NONE', 3,
 ( #6182, #1885, #2606, #7618, #3341, #8328, #4039, #9045, #4770, #457, #5492, #1183, #6212, #1913, #6924, #2649, #7643, #3369, #8360 ),
 .UNSPECIFIED., .F., .F.,
 ( 4, 1, 1, 1, 1, 1, 1, 1, 1, 1, 1, 1, 1, 1, 1, 1, 4 ),
 ( 0.0000000000000000000, 0.09151103632803682400, 0.1771428603141486400, 0.2571084852282351000, 0.3311983993883847500, 0.4005922945239577800, 0.4656249598049638200, 0.5269734913138594000, 0.5854431157040227400, 0.6413985080863305900, 0.6950441672657239300, 0.7467815514927480500, 0.7969589345766995300, 0.8475448623598796900, 0.8974385414187383600, 0.9476489188871285400, 1.000000000000000000 ),
 .UNSPECIFIED. ) ;
#356 = CARTESIAN_POINT ( 'NONE',  ( -0.7248313850588195000, 0.4798999999999999400, 0.5298445903071964400 ) ) ;
#357 = COLOUR_RGB ( '',0.2509803921568627400, 0.2509803921568627400, 0.2509803921568627400 ) ;
#358 = SURFACE_SIDE_STYLE ('',( #5297 ) ) ;
#359 = VECTOR ( 'NONE', #8860, 1000.000000000000000 ) ;
#360 = EDGE_LOOP ( 'NONE', ( #5668, #6337, #721, #1103 ) ) ;
#361 = ORIENTED_EDGE ( 'NONE', *, *, #2939, .T. ) ;
#362 = CARTESIAN_POINT ( 'NONE',  ( -0.8000000000000037100, 0.4799999999999999800, 0.5000000000000195400 ) ) ;
#363 = VERTEX_POINT ( 'NONE', #7031 ) ;
#364 = VECTOR ( 'NONE', #6798, 1000.000000000000000 ) ;
#365 =( NAMED_UNIT ( * ) SI_UNIT ( $, .STERADIAN. ) SOLID_ANGLE_UNIT ( ) );
#366 = LINE ( 'NONE', #413, #5892 ) ;
#367 = FACE_OUTER_BOUND ( 'NONE', #5118, .T. ) ;
#368 = CARTESIAN_POINT ( 'NONE',  ( 0.4560980792775131700, 0.4799999999999999800, -0.07554138693499275200 ) ) ;
#369 = ADVANCED_FACE ( 'NONE', ( #1781 ), #4697, .T. ) ;
#370 = CARTESIAN_POINT ( 'NONE',  ( -0.01247689600928360300, 0.4798999999999999400, -0.05717074042873763300 ) ) ;
#371 = DIRECTION ( 'NONE',  ( -0.0000000000000000000, -1.000000000000000000, -0.0000000000000000000 ) ) ;
#372 = EDGE_LOOP ( 'NONE', ( #4872, #8787, #7102, #8713 ) ) ;
#373 = CARTESIAN_POINT ( 'NONE',  ( 0.2165528383142737200, 0.4799999999999999800, -0.01611093043147043100 ) ) ;
#374 = ORIENTED_EDGE ( 'NONE', *, *, #4759, .T. ) ;
#375 = CARTESIAN_POINT ( 'NONE',  ( 0.2994042689690222200, 0.4798999999999999400, 0.04594921516710241000 ) ) ;
#376 = ORIENTED_EDGE ( 'NONE', *, *, #3374, .F. ) ;
#377 = ORIENTED_EDGE ( 'NONE', *, *, #2336, .F. ) ;
#378 =( GEOMETRIC_REPRESENTATION_CONTEXT ( 3 ) GLOBAL_UNCERTAINTY_ASSIGNED_CONTEXT ( ( #4531 ) ) GLOBAL_UNIT_ASSIGNED_CONTEXT ( ( #5293, #1000, #6032 ) ) REPRESENTATION_CONTEXT ( 'NONE', 'WORKASPACE' ) );
#379 = SURFACE_STYLE_FILL_AREA ( #7267 ) ;
#380 = B_SPLINE_SURFACE_WITH_KNOTS ( 'NONE', 3, 1, ( 
 ( #7131, #8628 ),
 ( #8692, #9261 ),
 ( #9296, #70 ),
 ( #9, #1434 ),
 ( #1519, #1547 ),
 ( #1485, #2097 ),
 ( #2156, #2222 ) ),
 .UNSPECIFIED., .F., .F., .F.,
 ( 4, 1, 1, 1, 4 ),
 ( 2, 2 ),
 ( 0.0000000000000000000, 0.3293954641291830200, 0.6051903468528000400, 0.8278865786947355900, 1.000000000000000000 ),
 ( 0.0000000000000000000, 1.000000000000000000 ),
 .UNSPECIFIED. ) ;
#381 = ORIENTED_EDGE ( 'NONE', *, *, #5160, .F. ) ;
#382 = CARTESIAN_POINT ( 'NONE',  ( -0.4481867001737224700, 0.4799999999999999800, -0.07029130031632407900 ) ) ;
#383 = LINE ( 'NONE', #7827, #2080 ) ;
#384 = CARTESIAN_POINT ( 'NONE',  ( -0.1949247564976442400, 0.4799999999999999800, 0.05778351706124351700 ) ) ;
#385 = FILL_AREA_STYLE_COLOUR ( '', #6554 ) ;
#386 = COLOUR_RGB ( '',0.2509803921568627400, 0.2509803921568627400, 0.2509803921568627400 ) ;
#387 = CARTESIAN_POINT ( 'NONE',  ( -0.2137284341865159100, 0.4798999999999999400, -0.02383007785927443100 ) ) ;
#388 = EDGE_CURVE ( 'NONE', #5141, #1862, #2679, .T. ) ;
#389 = EDGE_LOOP ( 'NONE', ( #3203, #3310, #9193, #1720 ) ) ;
#390 = VECTOR ( 'NONE', #5508, 1000.000000000000000 ) ;
#391 = CARTESIAN_POINT ( 'NONE',  ( -0.4462409130974885300, 0.4799999999999999800, -0.06518142956844770500 ) ) ;
#392 = CARTESIAN_POINT ( 'NONE',  ( -0.1445072319177880500, 0.4798999999999999400, -0.02830421404441476800 ) ) ;
#393 = EDGE_CURVE ( 'NONE', #1035, #7538, #8502, .T. ) ;
#394 =( GEOMETRIC_REPRESENTATION_CONTEXT ( 3 ) GLOBAL_UNCERTAINTY_ASSIGNED_CONTEXT ( ( #8841 ) ) GLOBAL_UNIT_ASSIGNED_CONTEXT ( ( #8947, #4674, #365 ) ) REPRESENTATION_CONTEXT ( 'NONE', 'WORKASPACE' ) );
#395 = CARTESIAN_POINT ( 'NONE',  ( -0.2144869428414484000, 0.4798999999999999400, -0.01097449533172405700 ) ) ;
#396 = UNCERTAINTY_MEASURE_WITH_UNIT (LENGTH_MEASURE( 1.000000000000000100E-005 ), #2397, 'distance_accuracy_value', 'NONE');
#397 = ORIENTED_EDGE ( 'NONE', *, *, #7122, .F. ) ;
#398 = FILL_AREA_STYLE_COLOUR ( '', #1487 ) ;
#399 =( GEOMETRIC_REPRESENTATION_CONTEXT ( 3 ) GLOBAL_UNCERTAINTY_ASSIGNED_CONTEXT ( ( #4957 ) ) GLOBAL_UNIT_ASSIGNED_CONTEXT ( ( #8600, #1239, #7329 ) ) REPRESENTATION_CONTEXT ( 'NONE', 'WORKASPACE' ) );
#400 = DIRECTION ( 'NONE',  ( -0.0000000000000000000, 1.000000000000000000, -0.0000000000000000000 ) ) ;
#401 = CARTESIAN_POINT ( 'NONE',  ( -0.2252718344919020500, 0.4799999999999999800, -0.1041920641999062600 ) ) ;
#402 = CARTESIAN_POINT ( 'NONE',  ( 0.4531055778954900000, 0.4798999999999999400, -0.08659277959433459000 ) ) ;
#403 = CARTESIAN_POINT ( 'NONE',  ( -0.04101404018219358800, 0.4799999999999999800, -0.05857554553479797600 ) ) ;
#404 = SURFACE_STYLE_USAGE ( .BOTH. , #4705 ) ;
#405 = CARTESIAN_POINT ( 'NONE',  ( -0.4420845792883260600, 0.4798999999999999400, -0.05393292473434488400 ) ) ;
#406 = EDGE_CURVE ( 'NONE', #1164, #5946, #1091, .T. ) ;
#407 = ORIENTED_EDGE ( 'NONE', *, *, #1169, .T. ) ;
#408 = FACE_OUTER_BOUND ( 'NONE', #2239, .T. ) ;
#409 = ORIENTED_EDGE ( 'NONE', *, *, #8708, .F. ) ;
#410 = CARTESIAN_POINT ( 'NONE',  ( 0.5146440394339514300, 0.4800000000000000400, 0.06128382296976800400 ) ) ;
#411 = CARTESIAN_POINT ( 'NONE',  ( 0.1785617619342629600, 0.4799999999999999800, 0.05311021501145781600 ) ) ;
#412 = CARTESIAN_POINT ( 'NONE',  ( -0.2628399349250230000, 0.4799999999999999800, 0.08924856655951159100 ) ) ;
#413 = CARTESIAN_POINT ( 'NONE',  ( 0.5357294611124792100, 0.4799999999999999800, 0.1192022767800278300 ) ) ;
#414 = FILL_AREA_STYLE_COLOUR ( '', #357 ) ;
#415 = VERTEX_POINT ( 'NONE', #5481 ) ;
#416 = ADVANCED_FACE ( 'NONE', ( #8280 ), #4841, .F. ) ;
#417 =( NAMED_UNIT ( * ) PLANE_ANGLE_UNIT ( ) SI_UNIT ( $, .RADIAN. ) );
#418 = CARTESIAN_POINT ( 'NONE',  ( -0.1558687810788690900, 0.4799999999999999800, -0.05854790779946279100 ) ) ;
#419 = CARTESIAN_POINT ( 'NONE',  ( -0.1892356338901098300, 0.4798999999999999400, 0.03054027317155935000 ) ) ;
#420 = STYLED_ITEM ( 'NONE', ( #5415 ), #2548 ) ;
#421 = CARTESIAN_POINT ( 'NONE',  ( -0.007462430044848654200, 0.4799999999999997600, 0.04028086102604823400 ) ) ;
#422 = STYLED_ITEM ( 'NONE', ( #5700 ), #3392 ) ;
#423 = CARTESIAN_POINT ( 'NONE',  ( 0.3010249535783202100, 0.4799999999999999800, 0.03994252634477509600 ) ) ;
#424 = CARTESIAN_POINT ( 'NONE',  ( -0.6799999999999998300, 0.4299999999999999400, -0.3799999999999998400 ) ) ;
#425 = CARTESIAN_POINT ( 'NONE',  ( 0.4509627071140558400, 0.4799999999999999800, -0.07902419223646857400 ) ) ;
#426 = CARTESIAN_POINT ( 'NONE',  ( -0.05319334240610461300, 0.4798999999999999400, -0.08121591970315698800 ) ) ;
#427 = CARTESIAN_POINT ( 'NONE',  ( 0.2348875879834621300, 0.4799999999999997000, 0.09176901037762041900 ) ) ;
#428 = ORIENTED_EDGE ( 'NONE', *, *, #2763, .F. ) ;
#429 = SURFACE_STYLE_USAGE ( .BOTH. , #4732 ) ;
#430 = CARTESIAN_POINT ( 'NONE',  ( -0.6872780625087552300, 0.4798999999999999400, 0.5416836331348041700 ) ) ;
#431 = CARTESIAN_POINT ( 'NONE',  ( 0.1295449516113071400, 0.4798999999999999400, -0.09156693057853256000 ) ) ;
#432 = B_SPLINE_SURFACE_WITH_KNOTS ( 'NONE', 3, 1, ( 
 ( #1946, #5564 ),
 ( #1242, #6279 ),
 ( #1981, #6986 ),
 ( #2710, #7709 ),
 ( #3436, #8416 ),
 ( #4132, #9145 ),
 ( #4861, #560 ),
 ( #5597, #1281 ),
 ( #6313, #2009 ),
 ( #7020, #2744 ),
 ( #7740, #3464 ) ),
 .UNSPECIFIED., .F., .F., .F.,
 ( 4, 1, 1, 1, 1, 1, 1, 1, 4 ),
 ( 2, 2 ),
 ( 0.0000000000000000000, 0.1276647678962234400, 0.2517385630080507000, 0.3727533493873898500, 0.4921467589723849700, 0.6140696213092456900, 0.7371973244121088300, 0.8656069906011159000, 1.000000000000000000 ),
 ( 0.0000000000000000000, 1.000000000000000000 ),
 .UNSPECIFIED. ) ;
#433 = EDGE_CURVE ( 'NONE', #38, #8012, #591, .T. ) ;
#434 =( LENGTH_UNIT ( ) NAMED_UNIT ( * ) SI_UNIT ( .MILLI., .METRE. ) );
#435 = VERTEX_POINT ( 'NONE', #4511 ) ;
#436 = VECTOR ( 'NONE', #7211, 1000.000000000000100 ) ;
#437 =( LENGTH_UNIT ( ) NAMED_UNIT ( * ) SI_UNIT ( .MILLI., .METRE. ) );
#438 = DIRECTION ( 'NONE',  ( 1.000000000000000000, 0.0000000000000000000, 0.0000000000000000000 ) ) ;
#439 =( GEOMETRIC_REPRESENTATION_CONTEXT ( 3 ) GLOBAL_UNCERTAINTY_ASSIGNED_CONTEXT ( ( #6529 ) ) GLOBAL_UNIT_ASSIGNED_CONTEXT ( ( #8601, #4310, #10 ) ) REPRESENTATION_CONTEXT ( 'NONE', 'WORKASPACE' ) );
#440 = CARTESIAN_POINT ( 'NONE',  ( 0.08910744402340087200, 0.4799999999999998700, 0.06858492330742369000 ) ) ;
#441 = FACE_OUTER_BOUND ( 'NONE', #2053, .T. ) ;
#442 = PRESENTATION_LAYER_ASSIGNMENT (  '', '', ( #8798 ) ) ;
#443 = CARTESIAN_POINT ( 'NONE',  ( 0.3864389112288232300, 0.4798999999999999400, 0.06128382296976800400 ) ) ;
#444 = CARTESIAN_POINT ( 'NONE',  ( -0.2444505118480998800, 0.4800000000000000400, -0.02849983087638585300 ) ) ;
#445 = MECHANICAL_DESIGN_GEOMETRIC_PRESENTATION_REPRESENTATION (  '', ( #8310 ), #940 ) ;
#446 = DIRECTION ( 'NONE',  ( -0.0000000000000000000, -1.000000000000000000, -0.0000000000000000000 ) ) ;
#447 =( GEOMETRIC_REPRESENTATION_CONTEXT ( 3 ) GLOBAL_UNCERTAINTY_ASSIGNED_CONTEXT ( ( #5588 ) ) GLOBAL_UNIT_ASSIGNED_CONTEXT ( ( #700, #5736, #1428 ) ) REPRESENTATION_CONTEXT ( 'NONE', 'WORKASPACE' ) );
#448 = CARTESIAN_POINT ( 'NONE',  ( -0.02705706389476209000, 0.4798999999999999400, 0.07476860311888361400 ) ) ;
#449 = CARTESIAN_POINT ( 'NONE',  ( -0.1156377261503191600, 0.4798999999999999400, -0.01076449845384717400 ) ) ;
#450 = ADVANCED_FACE ( 'NONE', ( #5730 ), #3716, .F. ) ;
#451 = CARTESIAN_POINT ( 'NONE',  ( -0.2399663942420156000, 0.4798999999999999400, -0.03007061762506919900 ) ) ;
#452 = CARTESIAN_POINT ( 'NONE',  ( -0.07543800392555809200, 0.4799999999999999800, -0.08975526283096542400 ) ) ;
#453 = CARTESIAN_POINT ( 'NONE',  ( 0.2522084878962144700, 0.4799999999999999800, 0.09041542154135584500 ) ) ;
#454 = CARTESIAN_POINT ( 'NONE',  ( 0.1981891150277243500, 0.4798999999999999400, 0.08006887096628902100 ) ) ;
#455 = PLANE ( 'NONE',  #7487 ) ;
#456 = LINE ( 'NONE', #8986, #7642 ) ;
#457 = CARTESIAN_POINT ( 'NONE',  ( -0.1175738794371388300, 0.4798999999999999900, -0.08154830731304681100 ) ) ;
#458 = COLOUR_RGB ( '',0.2509803921568627400, 0.2509803921568627400, 0.2509803921568627400 ) ;
#459 = CARTESIAN_POINT ( 'NONE',  ( 0.1249060375321274100, 0.4798999999999999400, -0.09659786790109702000 ) ) ;
#460 = CARTESIAN_POINT ( 'NONE',  ( 0.3945204090424392400, 0.4799999999999999800, 0.03329850166576377900 ) ) ;
#461 = ORIENTED_EDGE ( 'NONE', *, *, #5832, .T. ) ;
#462 = VECTOR ( 'NONE', #7112, 1000.000000000000000 ) ;
#463 = DIRECTION ( 'NONE',  ( 0.0000000000000000000, -0.0000000000000000000, -1.000000000000000000 ) ) ;
#464 = CARTESIAN_POINT ( 'NONE',  ( 0.04730912220411775900, 0.4798999999999999400, -0.03085467341568604700 ) ) ;
#465 = EDGE_CURVE ( 'NONE', #6668, #4147, #6928, .T. ) ;
#466 = EDGE_CURVE ( 'NONE', #7223, #1637, #210, .T. ) ;
#467 = COLOUR_RGB ( '',0.2509803921568627400, 0.2509803921568627400, 0.2509803921568627400 ) ;
#468 = DIRECTION ( 'NONE',  ( -1.000000000000000000, 0.0000000000000000000, 3.614007241618347900E-017 ) ) ;
#469 = CARTESIAN_POINT ( 'NONE',  ( -0.2269024349250230200, 0.4799999999999999800, -0.01587963856869354900 ) ) ;
#470 =( NAMED_UNIT ( * ) PLANE_ANGLE_UNIT ( ) SI_UNIT ( $, .RADIAN. ) );
#471 = CARTESIAN_POINT ( 'NONE',  ( -0.01361451354350495600, 0.4798999999999999400, 0.007392669091429902000 ) ) ;
#472 = FILL_AREA_STYLE ('',( #2661 ) ) ;
#473 = CARTESIAN_POINT ( 'NONE',  ( 0.1127025032101057900, 0.4798999999999999400, 0.05368365177812407100 ) ) ;
#474 = EDGE_LOOP ( 'NONE', ( #7714, #86, #397, #934 ) ) ;
#475 = ORIENTED_EDGE ( 'NONE', *, *, #1830, .T. ) ;
#476 = PRESENTATION_STYLE_ASSIGNMENT (( #3706 ) ) ;
#477 = VERTEX_POINT ( 'NONE', #8827 ) ;
#478 = ORIENTED_EDGE ( 'NONE', *, *, #1502, .F. ) ;
#479 = CARTESIAN_POINT ( 'NONE',  ( 0.3184901932801054200, 0.4798999999999999400, -0.1107514334404884300 ) ) ;
#480 = MECHANICAL_DESIGN_GEOMETRIC_PRESENTATION_REPRESENTATION (  '', ( #8346 ), #971 ) ;
#481 = CARTESIAN_POINT ( 'NONE',  ( -0.2326397554619573600, 0.4799999999999999800, -0.03523829226340707800 ) ) ;
#482 = VECTOR ( 'NONE', #5251, 1000.000000000000000 ) ;
#483 = PRESENTATION_STYLE_ASSIGNMENT (( #2467 ) ) ;
#484 = CARTESIAN_POINT ( 'NONE',  ( -0.01785279809867185200, 0.4799999999999999800, 0.001244684823784292300 ) ) ;
#485 = LINE ( 'NONE', #5740, #4314 ) ;
#486 = ORIENTED_EDGE ( 'NONE', *, *, #5252, .T. ) ;
#487 = CARTESIAN_POINT ( 'NONE',  ( -0.05988137523471297900, 0.4799999999999997600, 0.09002313165757043500 ) ) ;
#488 = SURFACE_STYLE_FILL_AREA ( #3064 ) ;
#489 = DIRECTION ( 'NONE',  ( 3.361026734705060000E-014, 0.0000000000000000000, -1.000000000000000000 ) ) ;
#490 = CARTESIAN_POINT ( 'NONE',  ( -0.2628399349250230000, 0.4798999999999999400, 0.08924856655951159100 ) ) ;
#491 = CARTESIAN_POINT ( 'NONE',  ( 0.1785617619342629600, 0.4799999999999997000, 0.05311021501145781600 ) ) ;
#492 = CARTESIAN_POINT ( 'NONE',  ( -0.3049990026257116100, 0.4798999999999999400, 0.3169527561793178400 ) ) ;
#493 = ORIENTED_EDGE ( 'NONE', *, *, #304, .F. ) ;
#494 = CARTESIAN_POINT ( 'NONE',  ( 0.2189308984083107300, 0.4799999999999999800, -0.08254630523536017600 ) ) ;
#495 = UNCERTAINTY_MEASURE_WITH_UNIT (LENGTH_MEASURE( 1.000000000000000100E-005 ), #3649, 'distance_accuracy_value', 'NONE');
#496 = VECTOR ( 'NONE', #4475, 1000.000000000000000 ) ;
#497 = CARTESIAN_POINT ( 'NONE',  ( 0.1368384144836544400, 0.4798999999999999400, -0.07932782748684143200 ) ) ;
#498 = CARTESIAN_POINT ( 'NONE',  ( -0.05143773741682231000, 0.4799999999999999800, 0.009119067205154096600 ) ) ;
#499 = VECTOR ( 'NONE', #8255, 1000.000000000000000 ) ;
#500 =( GEOMETRIC_REPRESENTATION_CONTEXT ( 3 ) GLOBAL_UNCERTAINTY_ASSIGNED_CONTEXT ( ( #951 ) ) GLOBAL_UNIT_ASSIGNED_CONTEXT ( ( #8729, #4450, #136 ) ) REPRESENTATION_CONTEXT ( 'NONE', 'WORKASPACE' ) );
#501 = CARTESIAN_POINT ( 'NONE',  ( -0.08102903748912550200, 0.4799999999999999800, 0.06873574604669108200 ) ) ;
#502 =( NAMED_UNIT ( * ) PLANE_ANGLE_UNIT ( ) SI_UNIT ( $, .RADIAN. ) );
#503 = FILL_AREA_STYLE_COLOUR ( '', #1363 ) ;
#504 = ORIENTED_EDGE ( 'NONE', *, *, #9028, .F. ) ;
#505 = CARTESIAN_POINT ( 'NONE',  ( -0.1915833910462871000, 0.4799999999999999800, 0.01586690085233346400 ) ) ;
#506 = CARTESIAN_POINT ( 'NONE',  ( 0.07734817670335823700, 0.4799999999999999800, 0.06790526311129419000 ) ) ;
#507 = PRESENTATION_STYLE_ASSIGNMENT (( #2787 ) ) ;
#508 = FILL_AREA_STYLE_COLOUR ( '', #8991 ) ;
#509 = CARTESIAN_POINT ( 'NONE',  ( 0.1230328117274274300, 0.4799999999999998700, 0.01223401998325403800 ) ) ;
#510 = ADVANCED_FACE ( 'NONE', ( #8612 ), #310, .T. ) ;
#511 = CARTESIAN_POINT ( 'NONE',  ( 0.2672598392261086300, 0.4798999999999999400, -0.03966118868192844400 ) ) ;
#512 = EDGE_CURVE ( 'NONE', #6680, #6271, #4121, .T. ) ;
#513 = B_SPLINE_CURVE_WITH_KNOTS ( 'NONE', 3,
 ( #4284, #5692, #5874, #1565, #6598, #2299, #7303, #3035, #8026, #3738, #8736, #4456, #150, #5165, #879, #5917, #1595, #6626, #2334 ),
 .UNSPECIFIED., .F., .F.,
 ( 4, 1, 1, 1, 1, 1, 1, 1, 1, 1, 1, 1, 1, 1, 1, 1, 4 ),
 ( 0.0000000000000000000, 0.07481596665055576000, 0.1485345605139197800, 0.2238723272963845700, 0.3012971209351249500, 0.3408936290197580600, 0.3803400620654401300, 0.4201265887284643100, 0.4599499070829667900, 0.5008311555562168200, 0.5419071755971083300, 0.5844387941530512200, 0.6280801713306064500, 0.7172666799070605000, 0.8078600064218676200, 0.9019246558363446200, 1.000000000000000000 ),
 .UNSPECIFIED. ) ;
#514 = ORIENTED_EDGE ( 'NONE', *, *, #2840, .T. ) ;
#515 = CARTESIAN_POINT ( 'NONE',  ( -0.1557735919052243600, 0.4799999999999999800, -0.06102739555498062200 ) ) ;
#516 = EDGE_CURVE ( 'NONE', #7876, #8994, #533, .T. ) ;
#517 = MECHANICAL_DESIGN_GEOMETRIC_PRESENTATION_REPRESENTATION (  '', ( #8379 ), #998 ) ;
#518 = CARTESIAN_POINT ( 'NONE',  ( -0.04828185556634684300, 0.4799999999999999800, -0.07610084371244564500 ) ) ;
#519 = CARTESIAN_POINT ( 'NONE',  ( -0.1894081454857630400, 0.4798999999999999400, 0.03873936103652583100 ) ) ;
#520 = CARTESIAN_POINT ( 'NONE',  ( 0.08284398673545218000, 0.4798999999999999400, 0.09174669429296336600 ) ) ;
#521 = CARTESIAN_POINT ( 'NONE',  ( 0.5189873890479991300, 0.4798999999999999900, 0.04224974287377648900 ) ) ;
#522 = CARTESIAN_POINT ( 'NONE',  ( 0.6799999999999999400, 0.4799999999999999800, -0.3799999999999998900 ) ) ;
#523 = VECTOR ( 'NONE', #6648, 1000.000000000000000 ) ;
#524 =( LENGTH_UNIT ( ) NAMED_UNIT ( * ) SI_UNIT ( .MILLI., .METRE. ) );
#525 = EDGE_LOOP ( 'NONE', ( #1551, #5699, #8105, #5995, #2337, #6284, #6653, #8232 ) ) ;
#526 =( NAMED_UNIT ( * ) PLANE_ANGLE_UNIT ( ) SI_UNIT ( $, .RADIAN. ) );
#527 =( NAMED_UNIT ( * ) SI_UNIT ( $, .STERADIAN. ) SOLID_ANGLE_UNIT ( ) );
#528 =( NAMED_UNIT ( * ) PLANE_ANGLE_UNIT ( ) SI_UNIT ( $, .RADIAN. ) );
#529 = EDGE_CURVE ( 'NONE', #6861, #6338, #2460, .T. ) ;
#530 = CARTESIAN_POINT ( 'NONE',  ( 0.04048538558779762900, 0.4800000000000000900, 0.07254183579028082600 ) ) ;
#531 = B_SPLINE_SURFACE_WITH_KNOTS ( 'NONE', 3, 1, ( 
 ( #6547, #5868 ),
 ( #1560, #6588 ),
 ( #2289, #7296 ),
 ( #3032, #6892 ),
 ( #2603, #7614 ),
 ( #3338, #8322 ),
 ( #4036, #9042 ),
 ( #4765, #453 ),
 ( #5488, #1180 ),
 ( #6205, #1910 ),
 ( #6920, #2644 ) ),
 .UNSPECIFIED., .F., .F., .F.,
 ( 4, 1, 1, 1, 1, 1, 1, 1, 4 ),
 ( 2, 2 ),
 ( 0.0000000000000000000, 0.1278926194654206600, 0.2515785135038565200, 0.3727928197023031000, 0.4927776986078528700, 0.6135900692425723100, 0.7378086492801454500, 0.8661799015391680200, 1.000000000000000000 ),
 ( 0.0000000000000000000, 1.000000000000000000 ),
 .UNSPECIFIED. ) ;
#532 = COLOUR_RGB ( '',1.000000000000000000, 1.000000000000000000, 0.5019607843137254800 ) ;
#533 = LINE ( 'NONE', #3742, #2237 ) ;
#534 = VERTEX_POINT ( 'NONE', #2741 ) ;
#535 = ORIENTED_EDGE ( 'NONE', *, *, #5876, .T. ) ;
#536 = CARTESIAN_POINT ( 'NONE',  ( -0.04711698515160105800, 0.4798999999999999400, 0.05849592235330899900 ) ) ;
#537 = DIRECTION ( 'NONE',  ( -0.3690140269754869600, 0.0000000000000000000, 0.9294238257626789000 ) ) ;
#538 = CARTESIAN_POINT ( 'NONE',  ( -0.2295499968785681100, 0.4798999999999999400, -0.07427956865508801600 ) ) ;
#539 = CARTESIAN_POINT ( 'NONE',  ( 0.2103126247148251200, 0.4798999999999999400, 0.05732071371728784300 ) ) ;
#540 = CARTESIAN_POINT ( 'NONE',  ( 0.2444116676390797000, 0.4798999999999999400, -0.04408476677382174000 ) ) ;
#541 = DIRECTION ( 'NONE',  ( -0.0000000000000000000, -1.000000000000000000, -0.0000000000000000000 ) ) ;
#542 = DIRECTION ( 'NONE',  ( -0.0000000000000000000, -1.000000000000000000, -0.0000000000000000000 ) ) ;
#543 = CARTESIAN_POINT ( 'NONE',  ( 0.2936711956114460000, 0.4799999999999994800, -0.01631886631771981400 ) ) ;
#544 = B_SPLINE_CURVE_WITH_KNOTS ( 'NONE', 3,
 ( #4113, #8400, #6291, #1993, #7002, #2723, #7723, #3446, #8429, #4145, #9158, #4875, #572, #5608, #1296, #6323, #2020, #7032, #2761 ),
 .UNSPECIFIED., .F., .F.,
 ( 4, 1, 1, 1, 1, 1, 1, 1, 1, 1, 1, 1, 1, 1, 1, 1, 4 ),
 ( 0.0000000000000000000, 0.05873203710086483100, 0.1146029008469818300, 0.1676568100446121900, 0.2179667070908433700, 0.2657752056293755700, 0.3111706510536960100, 0.3537918046646694700, 0.3947449080003069300, 0.4728059510824630900, 0.5491923665616070800, 0.6247801075795552700, 0.7026247640242255800, 0.7797414321940388000, 0.8540634639886255400, 0.9271552664103500700, 1.000000000000000000 ),
 .UNSPECIFIED. ) ;
#545 = CARTESIAN_POINT ( 'NONE',  ( -0.2298655769608778400, 0.4799999999999999800, -0.03857656862774610400 ) ) ;
#546 = CARTESIAN_POINT ( 'NONE',  ( -0.05667006313015115300, 0.4799999999999999800, 0.006836707585152607800 ) ) ;
#547 = CARTESIAN_POINT ( 'NONE',  ( -0.2457120583955844700, 0.4798999999999999400, 0.08848679040881266000 ) ) ;
#548 = CARTESIAN_POINT ( 'NONE',  ( 0.5825927573826695800, 0.4798999999999999400, -0.1107514334404883400 ) ) ;
#549 = VERTEX_POINT ( 'NONE', #2779 ) ;
#550 = PRESENTATION_STYLE_ASSIGNMENT (( #8207 ) ) ;
#551 = CARTESIAN_POINT ( 'NONE',  ( 0.1235941168054562900, 0.4799999999999999800, -0.01323608864660931100 ) ) ;
#552 = CARTESIAN_POINT ( 'NONE',  ( -0.8000000000000037100, 0.4798999999999999400, -0.1107514334404884300 ) ) ;
#553 = PRESENTATION_LAYER_ASSIGNMENT (  '', '', ( #8905 ) ) ;
#554 = CARTESIAN_POINT ( 'NONE',  ( -0.2269024349250230200, 0.4798999999999999400, -0.01587963856869354900 ) ) ;
#555 = ADVANCED_FACE ( 'NONE', ( #314 ), #1980, .F. ) ;
#556 = CARTESIAN_POINT ( 'NONE',  ( 0.2539761828035294600, 0.4799999999999999800, 0.06560729968276285400 ) ) ;
#557 =( NAMED_UNIT ( * ) PLANE_ANGLE_UNIT ( ) SI_UNIT ( $, .RADIAN. ) );
#558 = DIRECTION ( 'NONE',  ( 0.0000000000000000000, -0.0000000000000000000, -1.000000000000000000 ) ) ;
#559 = ORIENTED_EDGE ( 'NONE', *, *, #9115, .T. ) ;
#560 = CARTESIAN_POINT ( 'NONE',  ( 0.06680491740959561300, 0.4799999999999999800, -0.08234560558445241900 ) ) ;
#561 = CARTESIAN_POINT ( 'NONE',  ( 0.02210335383524764100, 0.4798999999999999400, 0.01640831023492351700 ) ) ;
#562 = LINE ( 'NONE', #5168, #6080 ) ;
#563 = EDGE_CURVE ( 'NONE', #3316, #3558, #5537, .T. ) ;
#564 = CARTESIAN_POINT ( 'NONE',  ( -0.03541912527250146900, 0.4799999999999999800, 0.03530045005552751700 ) ) ;
#565 =( LENGTH_UNIT ( ) NAMED_UNIT ( * ) SI_UNIT ( .MILLI., .METRE. ) );
#566 = B_SPLINE_CURVE_WITH_KNOTS ( 'NONE', 3,
 ( #3784, #4488, #195, #5207, #910, #5949, #1644, #6657, #2366, #7379, #3092, #8087, #3810, #8803, #4515, #223, #5237, #943, #5974 ),
 .UNSPECIFIED., .F., .F.,
 ( 4, 1, 1, 1, 1, 1, 1, 1, 1, 1, 1, 1, 1, 1, 1, 1, 4 ),
 ( 0.0000000000000000000, 0.1156291309254413300, 0.2215410391198767100, 0.3170478562190416900, 0.4031508756396166600, 0.4801812167162796100, 0.5476493661481897100, 0.6070358428421811500, 0.6586524080635067800, 0.7057228903536457700, 0.7498040879796477000, 0.7925868153452749800, 0.8338739610102606800, 0.8747683933034329200, 0.9152226988916383200, 0.9568807037304805100, 1.000000000000000000 ),
 .UNSPECIFIED. ) ;
#567 = CARTESIAN_POINT ( 'NONE',  ( -0.2277337582456542600, 0.4799999999999999800, -0.04241652988219474900 ) ) ;
#568 = CARTESIAN_POINT ( 'NONE',  ( -0.2716139733865614600, 0.4798999999999999400, -0.08767451036356532800 ) ) ;
#569 = CARTESIAN_POINT ( 'NONE',  ( -0.03535596056604862300, 0.4798999999999999400, 0.03383991271335774800 ) ) ;
#570 = CARTESIAN_POINT ( 'NONE',  ( 0.3029705002345284800, 0.4799999999999999800, 0.02726030227481218000 ) ) ;
#571 = CARTESIAN_POINT ( 'NONE',  ( -0.3097149349250229400, 0.4799999999999999800, -0.003059125748180666100 ) ) ;
#572 = CARTESIAN_POINT ( 'NONE',  ( -0.2088351942311002200, 0.4798999999999999400, -0.09171048194641112600 ) ) ;
#573 = CARTESIAN_POINT ( 'NONE',  ( 0.3031055778954899200, 0.4798999999999999400, 0.02065882296976799500 ) ) ;
#574 = STYLED_ITEM ( 'NONE', ( #4631 ), #6201 ) ;
#575 = SURFACE_STYLE_FILL_AREA ( #9252 ) ;
#576 = CARTESIAN_POINT ( 'NONE',  ( 0.2618699560470151800, 0.4798999999999999400, -0.04161842942831314700 ) ) ;
#577 = PRESENTATION_LAYER_ASSIGNMENT (  '', '', ( #8925 ) ) ;
#578 = CARTESIAN_POINT ( 'NONE',  ( 0.3300000000000062300, -0.02000000000000000000, -0.4299999999999968800 ) ) ;
#579 = CARTESIAN_POINT ( 'NONE',  ( -0.04370962389210225600, 0.4798999999999999400, -0.1043818352751713900 ) ) ;
#580 = CARTESIAN_POINT ( 'NONE',  ( 0.09690523584733433400, 0.4799999999999999800, -0.08559690349517958000 ) ) ;
#581 =( GEOMETRIC_REPRESENTATION_CONTEXT ( 3 ) GLOBAL_UNCERTAINTY_ASSIGNED_CONTEXT ( ( #9185 ) ) GLOBAL_UNIT_ASSIGNED_CONTEXT ( ( #8615, #8642, #4361 ) ) REPRESENTATION_CONTEXT ( 'NONE', 'WORKASPACE' ) );
#582 = CARTESIAN_POINT ( 'NONE',  ( 0.2260076052745496600, 0.4799999999999999800, -0.01989661860290873800 ) ) ;
#583 = EDGE_CURVE ( 'NONE', #2253, #7342, #7192, .T. ) ;
#584 = FILL_AREA_STYLE ('',( #8412 ) ) ;
#585 = CARTESIAN_POINT ( 'NONE',  ( 0.2774645522544642000, 0.4799999999999999800, 0.02218125886720390100 ) ) ;
#586 = ORIENTED_EDGE ( 'NONE', *, *, #1355, .F. ) ;
#587 = CARTESIAN_POINT ( 'NONE',  ( -0.04048416569425369900, 0.4799999999999999800, -0.05434117703023201600 ) ) ;
#588 = COLOUR_RGB ( '',0.2509803921568627400, 0.2509803921568627400, 0.2509803921568627400 ) ;
#589 = VERTEX_POINT ( 'NONE', #7738 ) ;
#590 = CARTESIAN_POINT ( 'NONE',  ( -0.1276636528737408700, 0.4799999999999999800, -0.06039085651741150200 ) ) ;
#591 = B_SPLINE_CURVE_WITH_KNOTS ( 'NONE', 3,
 ( #8347, #515, #8858, #118, #2338, #2307, #2269, #1665, #1641, #973, #907, #884, #857, #280, #242, #4459, #4428, #3864, #4548 ),
 .UNSPECIFIED., .F., .F.,
 ( 4, 1, 1, 1, 1, 1, 1, 1, 1, 1, 1, 1, 1, 1, 1, 1, 4 ),
 ( 0.0000000000000000000, 0.07499546738983180200, 0.1491654404266558900, 0.2236642943382244600, 0.3004120221906722600, 0.3395704846106347200, 0.3789205746932796100, 0.4180957375990931300, 0.4582296767501552500, 0.4984267212184583800, 0.5397075464534799600, 0.5822159516458436100, 0.6258238199943747500, 0.7154812648736982300, 0.8073840844133604000, 0.9016341255073716500, 1.000000000000000000 ),
 .UNSPECIFIED. ) ;
#592 = ORIENTED_EDGE ( 'NONE', *, *, #4805, .T. ) ;
#593 = LINE ( 'NONE', #4627, #8001 ) ;
#594 = CARTESIAN_POINT ( 'NONE',  ( -0.4887213451814332300, 0.4798999999999999400, 0.004633181944126954700 ) ) ;
#595 = B_SPLINE_SURFACE_WITH_KNOTS ( 'NONE', 3, 1, ( 
 ( #4928, #8522 ),
 ( #4241, #9257 ),
 ( #4962, #669 ),
 ( #5706, #1389 ),
 ( #6416, #2125 ),
 ( #7128, #2848 ),
 ( #7840, #3574 ),
 ( #8557, #4268 ),
 ( #9293, #4999 ),
 ( #701, #5737 ),
 ( #1430, #6447 ),
 ( #2153, #7155 ),
 ( #2889, #7869 ),
 ( #3602, #8596 ),
 ( #4305, #4 ),
 ( #5028, #739 ),
 ( #5766, #1458 ),
 ( #6480, #2185 ),
 ( #7182, #2920 ),
 ( #7909, #3630 ),
 ( #8625, #4340 ),
 ( #36, #5055 ),
 ( #767, #5799 ),
 ( #1481, #6507 ),
 ( #2218, #7214 ),
 ( #2944, #7937 ),
 ( #3663, #8650 ) ),
 .UNSPECIFIED., .F., .F., .F.,
 ( 4, 1, 1, 1, 1, 1, 1, 1, 1, 1, 1, 1, 1, 1, 1, 1, 1, 1, 1, 1, 1, 1, 1, 1, 4 ),
 ( 2, 2 ),
 ( 0.0000000000000000000, 0.05249258492129586800, 0.1028254751380327400, 0.1513973394924577900, 0.1980330772483325000, 0.2428758954632241100, 0.2859991683849086900, 0.3278486614843786300, 0.3683945968796912800, 0.4078519911389196200, 0.4468375528599371500, 0.4851660451611075600, 0.5233414044713736700, 0.5616022144094737800, 0.5999198855663566700, 0.6384964264110082300, 0.6777905770472508800, 0.7172899891758323100, 0.7566052415928192800, 0.7960678905323556000, 0.8358862309537683500, 0.8757136832726161200, 0.9162634539474126000, 0.9577596754778292500, 1.000000000000000000 ),
 ( 0.0000000000000000000, 1.000000000000000000 ),
 .UNSPECIFIED. ) ;
#596 = VECTOR ( 'NONE', #2552, 1000.000000000000000 ) ;
#597 = ORIENTED_EDGE ( 'NONE', *, *, #5962, .F. ) ;
#598 = FACE_OUTER_BOUND ( 'NONE', #7554, .T. ) ;
#599 = ORIENTED_EDGE ( 'NONE', *, *, #3417, .T. ) ;
#600 = CARTESIAN_POINT ( 'NONE',  ( 0.02281039783921088800, 0.4799999999999999800, -0.04117418641858437000 ) ) ;
#601 = DIRECTION ( 'NONE',  ( -0.0000000000000000000, 1.000000000000000000, -0.0000000000000000000 ) ) ;
#602 = ORIENTED_EDGE ( 'NONE', *, *, #1185, .F. ) ;
#603 = CARTESIAN_POINT ( 'NONE',  ( -0.1219789849795182400, 0.4800000000000000400, -0.07690935908261138700 ) ) ;
#604 = CARTESIAN_POINT ( 'NONE',  ( -0.03641551214911559900, 0.4798999999999999400, 0.02545459736910321900 ) ) ;
#605 = ORIENTED_EDGE ( 'NONE', *, *, #6436, .F. ) ;
#606 = CARTESIAN_POINT ( 'NONE',  ( 0.2890376882446655200, 0.4798999999999999400, 0.06587437411533803000 ) ) ;
#607 =( NAMED_UNIT ( * ) PLANE_ANGLE_UNIT ( ) SI_UNIT ( $, .RADIAN. ) );
#608 = ADVANCED_FACE ( 'NONE', ( #5834 ), #6581, .T. ) ;
#609 = CARTESIAN_POINT ( 'NONE',  ( -0.2210676447595364700, 0.4799999999999999800, 0.04852199674393113700 ) ) ;
#610 = PRESENTATION_STYLE_ASSIGNMENT (( #3536 ) ) ;
#611 = EDGE_LOOP ( 'NONE', ( #8877, #6679, #5307, #3529 ) ) ;
#612 =( NAMED_UNIT ( * ) PLANE_ANGLE_UNIT ( ) SI_UNIT ( $, .RADIAN. ) );
#613 = FILL_AREA_STYLE_COLOUR ( '', #4654 ) ;
#614 = MECHANICAL_DESIGN_GEOMETRIC_PRESENTATION_REPRESENTATION (  '', ( #8473 ), #1080 ) ;
#615 = SURFACE_STYLE_FILL_AREA ( #301 ) ;
#616 = CARTESIAN_POINT ( 'NONE',  ( 0.3030457902948182100, 0.4798999999999999400, 0.01833346705683764500 ) ) ;
#617 =( GEOMETRIC_REPRESENTATION_CONTEXT ( 3 ) GLOBAL_UNCERTAINTY_ASSIGNED_CONTEXT ( ( #2306 ) ) GLOBAL_UNIT_ASSIGNED_CONTEXT ( ( #3236, #8233, #3939 ) ) REPRESENTATION_CONTEXT ( 'NONE', 'WORKASPACE' ) );
#618 = CARTESIAN_POINT ( 'NONE',  ( 0.2928491676390798100, 0.4799999999999999800, -0.08254630523536017600 ) ) ;
#619 = ORIENTED_EDGE ( 'NONE', *, *, #4018, .F. ) ;
#620 = CARTESIAN_POINT ( 'NONE',  ( 0.6799999999999999400, 0.4099999999999999200, -0.3799999999999998900 ) ) ;
#621 = B_SPLINE_CURVE_WITH_KNOTS ( 'NONE', 3,
 ( #3262, #3973, #8967, #4695, #391, #5409, #1098, #6139, #1836, #6843, #2565 ),
 .UNSPECIFIED., .F., .F.,
 ( 4, 1, 1, 1, 1, 1, 1, 1, 4 ),
 ( 0.0000000000000000000, 0.1531481085926315300, 0.2994334688329064500, 0.4364263514567506800, 0.5656705729563579200, 0.6865083102878721800, 0.7992685160630037500, 0.9033947408013438500, 1.000000000000000000 ),
 .UNSPECIFIED. ) ;
#622 = SURFACE_STYLE_FILL_AREA ( #7796 ) ;
#623 = CARTESIAN_POINT ( 'NONE',  ( -0.2183852566322618000, 0.4800000000000000900, -0.01285867582440614900 ) ) ;
#624 = CARTESIAN_POINT ( 'NONE',  ( 0.09277136286965632900, 0.4798999999999999400, -0.1105275724435713800 ) ) ;
#625 = DIRECTION ( 'NONE',  ( 0.1927583521884091700, 0.0000000000000000000, -0.9812462574000521100 ) ) ;
#626 = CARTESIAN_POINT ( 'NONE',  ( -0.8000000000000037100, 0.4798999999999999400, 0.08924856655951159100 ) ) ;
#627 = EDGE_LOOP ( 'NONE', ( #6025, #586, #6327, #4344 ) ) ;
#628 = MECHANICAL_DESIGN_GEOMETRIC_PRESENTATION_REPRESENTATION (  '', ( #8487 ), #1093 ) ;
#629 = CARTESIAN_POINT ( 'NONE',  ( 0.1492594240493360100, 0.4798999999999999400, -0.009389253953308930200 ) ) ;
#630 = AXIS2_PLACEMENT_3D ( 'NONE', #962, #5987, #1684 ) ;
#631 = PRESENTATION_STYLE_ASSIGNMENT (( #340 ) ) ;
#632 = CARTESIAN_POINT ( 'NONE',  ( 0.05315748863583925900, 0.4799999999999999800, -0.1023621177836013700 ) ) ;
#633 = DIRECTION ( 'NONE',  ( -1.000000000000000000, 0.0000000000000000000, 0.0000000000000000000 ) ) ;
#634 =( NAMED_UNIT ( * ) SI_UNIT ( $, .STERADIAN. ) SOLID_ANGLE_UNIT ( ) );
#635 = CARTESIAN_POINT ( 'NONE',  ( 0.4455334625108746700, 0.4799999999999999800, -0.06039085651741169000 ) ) ;
#636 = CARTESIAN_POINT ( 'NONE',  ( -0.05486158551022651800, 0.4799999999999999800, 0.007625572139757398100 ) ) ;
#637 = PLANE ( 'NONE',  #7061 ) ;
#638 = ORIENTED_EDGE ( 'NONE', *, *, #3850, .T. ) ;
#639 = SURFACE_SIDE_STYLE ('',( #6569 ) ) ;
#640 = CARTESIAN_POINT ( 'NONE',  ( -0.1949247564976442400, 0.4799999999999998700, 0.05778351706124351700 ) ) ;
#641 = VECTOR ( 'NONE', #7418, 1000.000000000000200 ) ;
#642 = ORIENTED_EDGE ( 'NONE', *, *, #5964, .T. ) ;
#643 = CARTESIAN_POINT ( 'NONE',  ( 0.7999999999999964900, 0.4299999999999999400, 0.4375000000000198200 ) ) ;
#644 = AXIS2_PLACEMENT_3D ( 'NONE', #3539, #4047, #4077 ) ;
#645 = STYLED_ITEM ( 'NONE', ( #4271 ), #8853 ) ;
#646 = CARTESIAN_POINT ( 'NONE',  ( -0.03535596056604862300, 0.4798999999999999400, 0.03383991271335774800 ) ) ;
#647 = CARTESIAN_POINT ( 'NONE',  ( -0.2411927136267328600, 0.4798999999999999400, 0.06434850640940842400 ) ) ;
#648 = ORIENTED_EDGE ( 'NONE', *, *, #3119, .T. ) ;
#649 = UNCERTAINTY_MEASURE_WITH_UNIT (LENGTH_MEASURE( 1.000000000000000100E-005 ), #1994, 'distance_accuracy_value', 'NONE');
#650 = CARTESIAN_POINT ( 'NONE',  ( 0.2774645522544642000, 0.4798999999999999400, 0.02218125886720390100 ) ) ;
#651 = CARTESIAN_POINT ( 'NONE',  ( -0.4553517041353178400, 0.4799999999999999800, -0.08450853002134016400 ) ) ;
#652 = CARTESIAN_POINT ( 'NONE',  ( 0.2464310062234046400, 0.4799999999999999800, -0.04403185850101495200 ) ) ;
#653 = CARTESIAN_POINT ( 'NONE',  ( -0.1966668083029649000, 0.4798999999999999400, 0.005275879863557085900 ) ) ;
#654 = ADVANCED_FACE ( 'NONE', ( #4887 ), #2534, .F. ) ;
#655 = CARTESIAN_POINT ( 'NONE',  ( 0.1295449516113071400, 0.4799999999999996500, -0.09156693057853256000 ) ) ;
#656 = CARTESIAN_POINT ( 'NONE',  ( 0.05432869354177143800, 0.4799999999999999800, 0.08438344057555320600 ) ) ;
#657 =( NAMED_UNIT ( * ) SI_UNIT ( $, .STERADIAN. ) SOLID_ANGLE_UNIT ( ) );
#658 = FILL_AREA_STYLE ('',( #2079 ) ) ;
#659 = FILL_AREA_STYLE_COLOUR ( '', #110 ) ;
#660 = EDGE_CURVE ( 'NONE', #9266, #2543, #5919, .T. ) ;
#661 = EDGE_CURVE ( 'NONE', #8556, #6513, #2321, .T. ) ;
#662 = CARTESIAN_POINT ( 'NONE',  ( -0.05060963538961389000, 0.4799999999999999800, 0.08764495608716252300 ) ) ;
#663 = ORIENTED_EDGE ( 'NONE', *, *, #963, .T. ) ;
#664 = SURFACE_STYLE_USAGE ( .BOTH. , #4958 ) ;
#665 = SURFACE_STYLE_FILL_AREA ( #5709 ) ;
#666 = CARTESIAN_POINT ( 'NONE',  ( 0.05761084502109040100, 0.4798999999999999400, 0.05372705571610886200 ) ) ;
#667 = VECTOR ( 'NONE', #4796, 1000.000000000000000 ) ;
#668 = PLANE ( 'NONE',  #4673 ) ;
#669 = CARTESIAN_POINT ( 'NONE',  ( -0.08623016032902695900, 0.4799999999999998700, 0.09175949764081486900 ) ) ;
#670 = CARTESIAN_POINT ( 'NONE',  ( -0.8000000000000037100, 0.4099999999999999200, 0.4499999999999999600 ) ) ;
#671 = CARTESIAN_POINT ( 'NONE',  ( 0.1438925009816657800, 0.4799999999999999800, 0.04180205308904070400 ) ) ;
#672 = AXIS2_PLACEMENT_3D ( 'NONE', #626, #5662, #1341 ) ;
#673 = SURFACE_STYLE_USAGE ( .BOTH. , #639 ) ;
#674 = CARTESIAN_POINT ( 'NONE',  ( -0.2249338518306448800, 0.4798999999999999400, 0.08425826533562999500 ) ) ;
#675 =( NAMED_UNIT ( * ) SI_UNIT ( $, .STERADIAN. ) SOLID_ANGLE_UNIT ( ) );
#676 = EDGE_LOOP ( 'NONE', ( #6709, #1749, #3743, #5661, #7473, #2748, #5898 ) ) ;
#677 = CARTESIAN_POINT ( 'NONE',  ( 0.1492594240493360100, 0.4798999999999999400, -0.009389253953308930200 ) ) ;
#678 = CARTESIAN_POINT ( 'NONE',  ( -0.08531589646348447500, 0.4798999999999999900, -0.09023861292766789700 ) ) ;
#679 = CARTESIAN_POINT ( 'NONE',  ( -0.2182125895988887300, 0.4798999999999999400, 0.04056900208979509500 ) ) ;
#680 = CARTESIAN_POINT ( 'NONE',  ( -0.2320635444118299100, 0.4799999999999999800, -0.07784560888532288100 ) ) ;
#681 = CARTESIAN_POINT ( 'NONE',  ( 0.2768951058777767700, 0.4798999999999999400, 0.01275306896190035000 ) ) ;
#682 =( NAMED_UNIT ( * ) SI_UNIT ( $, .STERADIAN. ) SOLID_ANGLE_UNIT ( ) );
#683 = CARTESIAN_POINT ( 'NONE',  ( 0.2989737251548724700, 0.4799999999999999800, -0.005238984306480358800 ) ) ;
#684 = LINE ( 'NONE', #7401, #4497 ) ;
#685 = MECHANICAL_DESIGN_GEOMETRIC_PRESENTATION_REPRESENTATION (  '', ( #8536 ), #1148 ) ;
#686 = CARTESIAN_POINT ( 'NONE',  ( -0.1893015719068190900, 0.4800000000000000900, 0.02775354848935840700 ) ) ;
#687 = CARTESIAN_POINT ( 'NONE',  ( 0.1468289262939791200, 0.4798999999999999400, -0.04674656256480985000 ) ) ;
#688 =( NAMED_UNIT ( * ) SI_UNIT ( $, .STERADIAN. ) SOLID_ANGLE_UNIT ( ) );
#689 = PRESENTATION_LAYER_ASSIGNMENT (  '', '', ( #9020 ) ) ;
#690 = CARTESIAN_POINT ( 'NONE',  ( -0.04101404018219358800, 0.4798999999999999400, -0.05857554553479797600 ) ) ;
#691 = LINE ( 'NONE', #5074, #11 ) ;
#692 = CARTESIAN_POINT ( 'NONE',  ( -0.2255791033759024800, 0.4798999999999999400, 0.008083135907427730200 ) ) ;
#693 = CARTESIAN_POINT ( 'NONE',  ( -0.4386812810788691700, 0.4798999999999999400, -0.1107514334404884300 ) ) ;
#694 = UNCERTAINTY_MEASURE_WITH_UNIT (LENGTH_MEASURE( 1.000000000000000100E-005 ), #4219, 'distance_accuracy_value', 'NONE');
#696 = SURFACE_STYLE_USAGE ( .BOTH. , #4992 ) ;
#695 = COLOUR_RGB ( '',0.2509803921568627400, 0.2509803921568627400, 0.2509803921568627400 ) ;
#697 = EDGE_CURVE ( 'NONE', #6117, #6784, #7800, .T. ) ;
#698 = CARTESIAN_POINT ( 'NONE',  ( -0.4119585246686127100, 0.4799999999999999800, 0.02771010502104998000 ) ) ;
#699 = CARTESIAN_POINT ( 'NONE',  ( 0.2831395796343705300, 0.4798999999999999400, 0.07328140387899156900 ) ) ;
#700 =( LENGTH_UNIT ( ) NAMED_UNIT ( * ) SI_UNIT ( .MILLI., .METRE. ) );
#701 = CARTESIAN_POINT ( 'NONE',  ( -0.1244868010680160000, 0.4798999999999999400, 0.08351952708036108900 ) ) ;
#702 = CARTESIAN_POINT ( 'NONE',  ( 0.2768951058777767700, 0.4799999999999999800, 0.01275306896190035000 ) ) ;
#703 = CARTESIAN_POINT ( 'NONE',  ( 0.1048808777238821700, 0.4799999999999999800, 0.08914084938878956400 ) ) ;
#704 = SURFACE_STYLE_FILL_AREA ( #2894 ) ;
#705 =( LENGTH_UNIT ( ) NAMED_UNIT ( * ) SI_UNIT ( .MILLI., .METRE. ) );
#706 = CARTESIAN_POINT ( 'NONE',  ( -0.2628399349250230000, 0.4799999999999998700, 0.08924856655951159100 ) ) ;
#707 = EDGE_CURVE ( 'NONE', #7226, #1035, #2091, .T. ) ;
#708 =( GEOMETRIC_REPRESENTATION_CONTEXT ( 3 ) GLOBAL_UNCERTAINTY_ASSIGNED_CONTEXT ( ( #6510 ) ) GLOBAL_UNIT_ASSIGNED_CONTEXT ( ( #3829, #8824, #4543 ) ) REPRESENTATION_CONTEXT ( 'NONE', 'WORKASPACE' ) );
#709 = ORIENTED_EDGE ( 'NONE', *, *, #4549, .T. ) ;
#710 = CARTESIAN_POINT ( 'NONE',  ( 0.4593956419980541600, 0.4798999999999999400, -0.06359598472253973100 ) ) ;
#711 = LINE ( 'NONE', #3514, #4518 ) ;
#712 = VECTOR ( 'NONE', #7782, 1000.000000000000000 ) ;
#713 = FILL_AREA_STYLE ('',( #2105 ) ) ;
#714 =( GEOMETRIC_REPRESENTATION_CONTEXT ( 3 ) GLOBAL_UNCERTAINTY_ASSIGNED_CONTEXT ( ( #649 ) ) GLOBAL_UNIT_ASSIGNED_CONTEXT ( ( #1994, #5506, #1197 ) ) REPRESENTATION_CONTEXT ( 'NONE', 'WORKASPACE' ) );
#715 = PRESENTATION_STYLE_ASSIGNMENT (( #1912 ) ) ;
#716 = CARTESIAN_POINT ( 'NONE',  ( 0.2673938308525509700, 0.4799999999999995900, -0.009470753861549862900 ) ) ;
#717 = ORIENTED_EDGE ( 'NONE', *, *, #3410, .T. ) ;
#718 = COLOUR_RGB ( '',0.2509803921568627400, 0.2509803921568627400, 0.2509803921568627400 ) ;
#719 = CARTESIAN_POINT ( 'NONE',  ( 0.02377895413646662400, 0.4798999999999999400, -0.04813111866405293800 ) ) ;
#720 = ORIENTED_EDGE ( 'NONE', *, *, #759, .F. ) ;
#721 = ORIENTED_EDGE ( 'NONE', *, *, #8050, .T. ) ;
#722 = EDGE_CURVE ( 'NONE', #6664, #7846, #5246, .T. ) ;
#723 = CARTESIAN_POINT ( 'NONE',  ( -0.05146316633015347200, 0.4799999999999999800, 0.06158484605036612000 ) ) ;
#724 = CARTESIAN_POINT ( 'NONE',  ( 0.1492408512516483500, 0.4799999999999996500, -0.01179319438451948700 ) ) ;
#725 = SURFACE_STYLE_FILL_AREA ( #1707 ) ;
#726 = CARTESIAN_POINT ( 'NONE',  ( 0.05084405955454786300, 0.4798999999999999400, 0.03761573566095950000 ) ) ;
#727 = LINE ( 'NONE', #3153, #2191 ) ;
#728 = CARTESIAN_POINT ( 'NONE',  ( -0.04188398918082452500, 0.4798999999999999400, -0.06263221491491695300 ) ) ;
#729 = VERTEX_POINT ( 'NONE', #3510 ) ;
#730 = CARTESIAN_POINT ( 'NONE',  ( -0.2574185700051243600, 0.4799999999999998700, -0.002976415303331237300 ) ) ;
#731 = DIRECTION ( 'NONE',  ( 1.000000000000000000, -0.0000000000000000000, 2.853163611803960300E-016 ) ) ;
#732 = ORIENTED_EDGE ( 'NONE', *, *, #7077, .T. ) ;
#733 = CARTESIAN_POINT ( 'NONE',  ( 0.1488762657706486900, 0.4798999999999999400, 0.007138470274214762100 ) ) ;
#734 = DIRECTION ( 'NONE',  ( 0.0000000000000000000, 0.0000000000000000000, 1.000000000000000000 ) ) ;
#735 = SURFACE_STYLE_USAGE ( .BOTH. , #5025 ) ;
#736 = CARTESIAN_POINT ( 'NONE',  ( 0.2012892102908130600, 0.4799999999999999800, 0.03709326784532016700 ) ) ;
#737 = ORIENTED_EDGE ( 'NONE', *, *, #9218, .F. ) ;
#738 = SURFACE_STYLE_FILL_AREA ( #3452 ) ;
#739 = CARTESIAN_POINT ( 'NONE',  ( -0.1472208413877373300, 0.4799999999999998700, 0.06607486546877371100 ) ) ;
#740 = CARTESIAN_POINT ( 'NONE',  ( 0.2420461908631674200, 0.4799999999999999800, -0.02087646325525032200 ) ) ;
#741 =( NAMED_UNIT ( * ) SI_UNIT ( $, .STERADIAN. ) SOLID_ANGLE_UNIT ( ) );
#742 =( NAMED_UNIT ( * ) PLANE_ANGLE_UNIT ( ) SI_UNIT ( $, .RADIAN. ) );
#743 = CARTESIAN_POINT ( 'NONE',  ( -0.8000000000000037100, 0.4799999999999999800, 0.5000000000000195400 ) ) ;
#744 = VECTOR ( 'NONE', #1071, 1000.000000000000000 ) ;
#745 = PRESENTATION_LAYER_ASSIGNMENT (  '', '', ( #9062 ) ) ;
#746 = ORIENTED_EDGE ( 'NONE', *, *, #3596, .T. ) ;
#747 = FACE_OUTER_BOUND ( 'NONE', #3995, .T. ) ;
#748 = CARTESIAN_POINT ( 'NONE',  ( -0.1558687810788690900, 0.4798999999999999400, -0.05854790779946279100 ) ) ;
#749 = PRESENTATION_LAYER_ASSIGNMENT (  '', '', ( #9064 ) ) ;
#750 = CARTESIAN_POINT ( 'NONE',  ( 0.1235475941732722700, 0.4799999999999995400, -0.02045295573512287800 ) ) ;
#751 = CARTESIAN_POINT ( 'NONE',  ( 0.2420461908631674200, 0.4798999999999999400, -0.02087646325525032200 ) ) ;
#752 = CARTESIAN_POINT ( 'NONE',  ( 0.03452472669895291500, 0.4800000000000000900, -0.08163327420180636900 ) ) ;
#753 = EDGE_LOOP ( 'NONE', ( #4452, #9111, #4747, #8667 ) ) ;
#754 = CYLINDRICAL_SURFACE ( 'NONE', #2062, 0.06249999999999994400 ) ;
#755 = CARTESIAN_POINT ( 'NONE',  ( 0.4488874956000507000, 0.4798999999999999400, -0.07205667908745352900 ) ) ;
#756 = CARTESIAN_POINT ( 'NONE',  ( -0.2245172408383471800, 0.4798999999999999400, -0.01708837598494681400 ) ) ;
#757 = CARTESIAN_POINT ( 'NONE',  ( 0.06677033333452078700, 0.4799999999999999300, 0.06291913640529754600 ) ) ;
#758 = CARTESIAN_POINT ( 'NONE',  ( -0.2174072426173306600, 0.4799999999999999800, 0.03155625886720389600 ) ) ;
#759 = EDGE_CURVE ( 'NONE', #9275, #38, #7599, .T. ) ;
#760 = PRESENTATION_LAYER_ASSIGNMENT (  '', '', ( #9078 ) ) ;
#761 = CARTESIAN_POINT ( 'NONE',  ( 0.1244076573137866400, 0.4798999999999999400, 0.07786964748591154700 ) ) ;
#762 = SURFACE_STYLE_FILL_AREA ( #4507 ) ;
#763 = ORIENTED_EDGE ( 'NONE', *, *, #6487, .F. ) ;
#764 = CARTESIAN_POINT ( 'NONE',  ( 0.3919716946706617900, 0.4799999999999999800, 0.04220109409201679200 ) ) ;
#765 = CARTESIAN_POINT ( 'NONE',  ( 0.2299455961912195700, 0.4799999999999999800, 0.06824815069004411300 ) ) ;
#766 = DIRECTION ( 'NONE',  ( -0.0000000000000000000, 1.000000000000000000, -0.0000000000000000000 ) ) ;
#767 = CARTESIAN_POINT ( 'NONE',  ( -0.1618697322788789900, 0.4798999999999999400, 0.03534685151080554200 ) ) ;
#768 =( NAMED_UNIT ( * ) SI_UNIT ( $, .STERADIAN. ) SOLID_ANGLE_UNIT ( ) );
#769 = CARTESIAN_POINT ( 'NONE',  ( 0.05432869354177143800, 0.4798999999999999400, 0.08438344057555320600 ) ) ;
#770 =( NAMED_UNIT ( * ) SI_UNIT ( $, .STERADIAN. ) SOLID_ANGLE_UNIT ( ) );
#771 = CARTESIAN_POINT ( 'NONE',  ( 0.2189308984083107300, 0.4798999999999999400, -0.08254630523536017600 ) ) ;
#772 = AXIS2_PLACEMENT_3D ( 'NONE', #3287, #3324, #4000 ) ;
#773 = ORIENTED_EDGE ( 'NONE', *, *, #8376, .T. ) ;
#774 = STYLED_ITEM ( 'NONE', ( #550 ), #9160 ) ;
#775 = SURFACE_STYLE_USAGE ( .BOTH. , #5059 ) ;
#776 = CARTESIAN_POINT ( 'NONE',  ( 0.1130174078356532300, 0.4798999999999999400, -0.07211107755841711400 ) ) ;
#777 =( LENGTH_UNIT ( ) NAMED_UNIT ( * ) SI_UNIT ( .MILLI., .METRE. ) );
#778 = CARTESIAN_POINT ( 'NONE',  ( -0.1327832911638171800, 0.4799999999999999800, 0.03431048891207692800 ) ) ;
#779 = CARTESIAN_POINT ( 'NONE',  ( 0.05705464141987561700, 0.4798999999999999400, -0.1045937461119157300 ) ) ;
#780 =( NAMED_UNIT ( * ) PLANE_ANGLE_UNIT ( ) SI_UNIT ( $, .RADIAN. ) );
#781 = CARTESIAN_POINT ( 'NONE',  ( -0.2630402554378434800, 0.4799999999999999300, -0.1107514334404884200 ) ) ;
#782 = CARTESIAN_POINT ( 'NONE',  ( 0.1776054577323046000, 0.4798999999999999400, 0.7829230940194084100 ) ) ;
#783 = CARTESIAN_POINT ( 'NONE',  ( -0.04310348261925431300, 0.4798999999999999400, -0.06639986689017647600 ) ) ;
#784 = ORIENTED_EDGE ( 'NONE', *, *, #7802, .F. ) ;
#785 = EDGE_CURVE ( 'NONE', #5479, #4528, #7570, .T. ) ;
#786 = CARTESIAN_POINT ( 'NONE',  ( -0.3892021144122024300, 0.4798999999999999400, 0.08924856655951159100 ) ) ;
#787 = CARTESIAN_POINT ( 'NONE',  ( -0.7300000000000020900, -0.02000000000000000000, -0.4299999999999967200 ) ) ;
#788 = CARTESIAN_POINT ( 'NONE',  ( -0.05737467275633771600, 0.4799999999999999800, 0.006547559047152542000 ) ) ;
#789 =( LENGTH_UNIT ( ) NAMED_UNIT ( * ) SI_UNIT ( .MILLI., .METRE. ) );
#790 = CARTESIAN_POINT ( 'NONE',  ( 0.08515685994677196800, 0.4798999999999999400, -0.1107514334404884200 ) ) ;
#791 = CARTESIAN_POINT ( 'NONE',  ( -0.06875685922795318800, 0.4799999999999999800, 0.002759691218717379200 ) ) ;
#792 = VERTEX_POINT ( 'NONE', #646 ) ;
#793 = CARTESIAN_POINT ( 'NONE',  ( 0.02105429584420780800, 0.4798999999999999400, -0.009389253953308930200 ) ) ;
#794 = SURFACE_STYLE_FILL_AREA ( #1851 ) ;
#795 = STYLED_ITEM ( 'NONE', ( #2422 ), #2021 ) ;
#796 = CARTESIAN_POINT ( 'NONE',  ( 0.2172817522868137100, 0.4798999999999999400, -0.03662011247047131800 ) ) ;
#797 = PRESENTATION_LAYER_ASSIGNMENT (  '', '', ( #313 ) ) ;
#798 = LINE ( 'NONE', #8740, #4614 ) ;
#799 = CARTESIAN_POINT ( 'NONE',  ( -0.1182616196708899900, 0.4799999999999999300, -0.04082142593411198400 ) ) ;
#800 = CARTESIAN_POINT ( 'NONE',  ( 0.05827384712625907600, 0.4799999999999999800, -0.07397258728664228600 ) ) ;
#801 = CARTESIAN_POINT ( 'NONE',  ( 0.5113652178394299000, 0.4800000000000000400, 0.04376363189639433800 ) ) ;
#802 = CARTESIAN_POINT ( 'NONE',  ( 0.09307171529528447700, 0.4799999999999995400, -0.08680220982649150500 ) ) ;
#803 = CARTESIAN_POINT ( 'NONE',  ( -0.4637668159616974400, 0.4799999999999999800, -0.05965593747061195800 ) ) ;
#804 = CARTESIAN_POINT ( 'NONE',  ( 0.08340614431407689100, 0.4800000000000000900, -0.1107241482646432600 ) ) ;
#805 = B_SPLINE_CURVE_WITH_KNOTS ( 'NONE', 3,
 ( #7024, #2012, #4163, #9181, #4899, #600, #5632, #1320, #6351, #2042, #7053, #2786, #7776, #3499, #8492, #4203, #9209, #4925, #632, #5670, #1345, #6385, #2087, #7081, #2819, #7811, #3532 ),
 .UNSPECIFIED., .F., .F.,
 ( 4, 1, 1, 1, 1, 1, 1, 1, 1, 1, 1, 1, 1, 1, 1, 1, 1, 1, 1, 1, 1, 1, 1, 1, 4 ),
 ( 0.0000000000000000000, 0.06311445839479325200, 0.1236146457694899300, 0.1809737111859574500, 0.2352614550083218500, 0.2871007018338718700, 0.3360307363034435400, 0.3823823485850659800, 0.4263340836597069900, 0.4682106947981599100, 0.5082496012618051800, 0.5466283366065848300, 0.5836495392304461600, 0.6189943150301618900, 0.6535830186205959800, 0.6871561361903311100, 0.7204221919788076400, 0.7532302188118164000, 0.7862601560779000100, 0.8195039834988837600, 0.8535452747120179100, 0.8883082803397297500, 0.9239958607406944000, 0.9613503047546446700, 1.000000000000000000 ),
 .UNSPECIFIED. ) ;
#806 = STYLED_ITEM ( 'NONE', ( #7571 ), #7658 ) ;
#807 = CARTESIAN_POINT ( 'NONE',  ( 0.2031055778954899100, 0.4798999999999999400, -0.003059125748180720700 ) ) ;
#808 = CARTESIAN_POINT ( 'NONE',  ( -0.2339071242306960700, 0.4798999999999999400, -0.1073277484808368800 ) ) ;
#809 = SURFACE_STYLE_USAGE ( .BOTH. , #5103 ) ;
#810 =( GEOMETRIC_REPRESENTATION_CONTEXT ( 3 ) GLOBAL_UNCERTAINTY_ASSIGNED_CONTEXT ( ( #1926 ) ) GLOBAL_UNIT_ASSIGNED_CONTEXT ( ( #1825, #6839, #2560 ) ) REPRESENTATION_CONTEXT ( 'NONE', 'WORKASPACE' ) );
#811 = CARTESIAN_POINT ( 'NONE',  ( -0.05610498022007043300, 0.4798999999999999400, -0.08334536190951108400 ) ) ;
#812 = APPLICATION_CONTEXT ( 'automotive_design' ) ;
#813 = VECTOR ( 'NONE', #5454, 1000.000000000000000 ) ;
#814 = ORIENTED_EDGE ( 'NONE', *, *, #2355, .F. ) ;
#815 = EDGE_CURVE ( 'NONE', #6784, #3872, #7359, .T. ) ;
#816 = SURFACE_STYLE_FILL_AREA ( #2780 ) ;
#817 = ORIENTED_EDGE ( 'NONE', *, *, #7725, .F. ) ;
#818 = STYLED_ITEM ( 'NONE', ( #4483 ), #252 ) ;
#819 =( NAMED_UNIT ( * ) SI_UNIT ( $, .STERADIAN. ) SOLID_ANGLE_UNIT ( ) );
#820 =( NAMED_UNIT ( * ) PLANE_ANGLE_UNIT ( ) SI_UNIT ( $, .RADIAN. ) );
#821 = SURFACE_STYLE_FILL_AREA ( #3395 ) ;
#822 = CARTESIAN_POINT ( 'NONE',  ( -0.1011733214317817500, 0.4799999999999999800, -0.006040134328138619500 ) ) ;
#823 = CARTESIAN_POINT ( 'NONE',  ( -0.2295499968785681100, 0.4798999999999999400, -0.07427956865508801600 ) ) ;
#824 = CARTESIAN_POINT ( 'NONE',  ( 0.2774351175710143000, 0.4798999999999999400, 0.02055085290819130800 ) ) ;
#825 = ORIENTED_EDGE ( 'NONE', *, *, #9074, .F. ) ;
#826 =( NAMED_UNIT ( * ) PLANE_ANGLE_UNIT ( ) SI_UNIT ( $, .RADIAN. ) );
#827 = CARTESIAN_POINT ( 'NONE',  ( -0.1064157129908756300, 0.4798999999999999400, -0.007652712420727171700 ) ) ;
#828 = CARTESIAN_POINT ( 'NONE',  ( 0.02645478693947160900, 0.4798999999999999400, -0.06082243483537533300 ) ) ;
#829 = CARTESIAN_POINT ( 'NONE',  ( -0.8000000000000037100, 0.4799999999999999800, 0.5000000000000195400 ) ) ;
#830 = CARTESIAN_POINT ( 'NONE',  ( 0.2428600397007678300, 0.4799999999999999800, -0.04405078362469813700 ) ) ;
#831 = AXIS2_PLACEMENT_3D ( 'NONE', #7123, #2845, #7838 ) ;
#832 = ORIENTED_EDGE ( 'NONE', *, *, #8856, .F. ) ;
#833 = VERTEX_POINT ( 'NONE', #1361 ) ;
#834 = PRESENTATION_STYLE_ASSIGNMENT (( #2240 ) ) ;
#835 = CARTESIAN_POINT ( 'NONE',  ( -0.08375616470836024000, 0.4798999999999999400, -0.02852874884736423400 ) ) ;
#836 = PLANE ( 'NONE',  #5214 ) ;
#837 = PRESENTATION_STYLE_ASSIGNMENT (( #696 ) ) ;
#838 = ORIENTED_EDGE ( 'NONE', *, *, #4049, .T. ) ;
#839 = VERTEX_POINT ( 'NONE', #710 ) ;
#840 = CARTESIAN_POINT ( 'NONE',  ( 0.04730912220411775900, 0.4798999999999999400, -0.03085467341568604700 ) ) ;
#841 = VECTOR ( 'NONE', #4702, 1000.000000000000000 ) ;
#842 = PLANE ( 'NONE',  #208 ) ;
#843 = CARTESIAN_POINT ( 'NONE',  ( 0.05106715822936150300, 0.4799999999999999800, -0.05648319101769202300 ) ) ;
#844 = CARTESIAN_POINT ( 'NONE',  ( -0.2452918580019460300, 0.4798999999999999400, 0.06521010502105005500 ) ) ;
#845 = CARTESIAN_POINT ( 'NONE',  ( 0.2031055778954899100, 0.4799999999999999800, -0.003059125748180720700 ) ) ;
#846 = B_SPLINE_CURVE_WITH_KNOTS ( 'NONE', 3,
 ( #166, #3066, #3786, #8770, #4490, #197, #5210, #912, #5951, #1646, #6659 ),
 .UNSPECIFIED., .F., .F.,
 ( 4, 1, 1, 1, 1, 1, 1, 1, 4 ),
 ( 0.0000000000000000000, 0.1952799535336483500, 0.3709591958780589200, 0.5263022405927883000, 0.6620399845915366800, 0.7769964217729806700, 0.8711733101151061300, 0.9457569341303249100, 1.000000000000000000 ),
 .UNSPECIFIED. ) ;
#847 = CARTESIAN_POINT ( 'NONE',  ( 0.08910744402340087200, 0.4799999999999999800, 0.06858492330742369000 ) ) ;
#848 = EDGE_LOOP ( 'NONE', ( #6010, #4434, #4645, #6038, #1063, #9168 ) ) ;
#849 = EDGE_CURVE ( 'NONE', #6513, #8343, #3557, .T. ) ;
#850 = DIRECTION ( 'NONE',  ( 1.000000000000000000, 0.0000000000000000000, 0.0000000000000000000 ) ) ;
#851 = CARTESIAN_POINT ( 'NONE',  ( -0.2046381056603546200, 0.4799999999999999300, -0.08572535014620719100 ) ) ;
#852 = CARTESIAN_POINT ( 'NONE',  ( -0.2522692170902869900, 0.4799999999999999800, -0.1103827860943641500 ) ) ;
#853 = FILL_AREA_STYLE_COLOUR ( '', #467 ) ;
#854 = CARTESIAN_POINT ( 'NONE',  ( -0.05319334240610461300, 0.4798999999999999400, -0.08121591970315698800 ) ) ;
#855 = ORIENTED_EDGE ( 'NONE', *, *, #4291, .F. ) ;
#856 = FACE_OUTER_BOUND ( 'NONE', #7337, .T. ) ;
#857 = CARTESIAN_POINT ( 'NONE',  ( -0.1265609505158470400, 0.4799999999999999800, -0.1047829485149453600 ) ) ;
#858 = LINE ( 'NONE', #1331, #4447 ) ;
#859 = DIRECTION ( 'NONE',  ( 1.000000000000000000, 0.0000000000000000000, 0.0000000000000000000 ) ) ;
#860 = CARTESIAN_POINT ( 'NONE',  ( 0.2539761828035294600, 0.4798999999999999400, 0.06560729968276285400 ) ) ;
#861 = CARTESIAN_POINT ( 'NONE',  ( -0.2477371292948051500, 0.4799999999999999800, -0.08611474020080224500 ) ) ;
#862 = CARTESIAN_POINT ( 'NONE',  ( 0.2735746229142497800, 0.4798999999999999400, 0.0004605687269530686600 ) ) ;
#863 = CARTESIAN_POINT ( 'NONE',  ( 0.2306136609746329300, 0.4798999999999999400, -0.04227386886863683500 ) ) ;
#864 = CARTESIAN_POINT ( 'NONE',  ( -0.1263415374891254900, 0.4799999999999999800, -0.01531874113279610300 ) ) ;
#865 = ORIENTED_EDGE ( 'NONE', *, *, #2117, .F. ) ;
#866 = SURFACE_STYLE_FILL_AREA ( #6585 ) ;
#867 = CARTESIAN_POINT ( 'NONE',  ( -0.04921710220374921100, 0.4799999999999999300, -0.01875159070814003500 ) ) ;
#868 = CARTESIAN_POINT ( 'NONE',  ( -0.07595689958189443000, 0.4799999999999999800, -0.1130753846678171600 ) ) ;
#869 = ORIENTED_EDGE ( 'NONE', *, *, #4920, .T. ) ;
#870 = CARTESIAN_POINT ( 'NONE',  ( 0.3819043607821415700, 0.4799999999999999800, 0.04106043031357707600 ) ) ;
#871 = STYLED_ITEM ( 'NONE', ( #2530 ), #4033 ) ;
#872 = DIRECTION ( 'NONE',  ( 0.2780143634321065000, 0.0000000000000000000, -0.9605769171312833500 ) ) ;
#873 =( NAMED_UNIT ( * ) PLANE_ANGLE_UNIT ( ) SI_UNIT ( $, .RADIAN. ) );
#874 = ORIENTED_EDGE ( 'NONE', *, *, #5603, .T. ) ;
#875 = AXIS2_PLACEMENT_3D ( 'NONE', #7190, #2925, #7918 ) ;
#876 = CARTESIAN_POINT ( 'NONE',  ( 0.1230328117274274300, 0.4799999999999999800, 0.01223401998325403800 ) ) ;
#877 = SURFACE_SIDE_STYLE ('',( #5310 ) ) ;
#878 = CARTESIAN_POINT ( 'NONE',  ( -0.2137284341865159100, 0.4799999999999999800, -0.02383007785927443100 ) ) ;
#879 = CARTESIAN_POINT ( 'NONE',  ( -0.05060963538961389000, 0.4798999999999999400, 0.08764495608716252300 ) ) ;
#880 = COLOUR_RGB ( '',0.2509803921568627400, 0.2509803921568627400, 0.2509803921568627400 ) ;
#881 = ORIENTED_EDGE ( 'NONE', *, *, #5964, .F. ) ;
#882 = ORIENTED_EDGE ( 'NONE', *, *, #393, .T. ) ;
#883 = EDGE_CURVE ( 'NONE', #3201, #9255, #9256, .T. ) ;
#884 = CARTESIAN_POINT ( 'NONE',  ( -0.1303085681761620700, 0.4799999999999999800, -0.1028607910484672200 ) ) ;
#885 = EDGE_CURVE ( 'NONE', #259, #5835, #8574, .T. ) ;
#886 = VECTOR ( 'NONE', #4052, 1000.000000000000100 ) ;
#887 = CARTESIAN_POINT ( 'NONE',  ( 0.2774645522544642000, 0.4798999999999999400, 0.02218125886720390100 ) ) ;
#888 = CARTESIAN_POINT ( 'NONE',  ( -0.1263415374891254900, 0.4798999999999999400, -0.01531874113279610300 ) ) ;
#889 = CARTESIAN_POINT ( 'NONE',  ( -0.2716139733865614600, 0.4798999999999999400, -0.08767451036356532800 ) ) ;
#890 = CARTESIAN_POINT ( 'NONE',  ( -0.8000000000000037100, 0.4099999999999999200, 0.5000000000000195400 ) ) ;
#891 = FILL_AREA_STYLE ('',( #165 ) ) ;
#892 = CARTESIAN_POINT ( 'NONE',  ( 0.5153080826220947100, 0.4800000000000000400, 0.05831824386690259700 ) ) ;
#893 = CARTESIAN_POINT ( 'NONE',  ( 0.2005414753313873600, 0.4799999999999999800, 0.03283831014925518000 ) ) ;
#894 = CARTESIAN_POINT ( 'NONE',  ( -0.1118602361678396300, 0.4799999999999999800, -0.03733840335770689800 ) ) ;
#895 = VECTOR ( 'NONE', #9066, 1000.000000000000000 ) ;
#896 = CARTESIAN_POINT ( 'NONE',  ( -0.01487044672807826200, 0.4799999999999999800, -0.07080803911754111900 ) ) ;
#897 = EDGE_CURVE ( 'NONE', #3415, #1730, #933, .T. ) ;
#898 =( NAMED_UNIT ( * ) PLANE_ANGLE_UNIT ( ) SI_UNIT ( $, .RADIAN. ) );
#899 = CARTESIAN_POINT ( 'NONE',  ( -0.03654370784024803300, 0.4798999999999999400, 0.04260742634220943100 ) ) ;
#900 = CARTESIAN_POINT ( 'NONE',  ( -0.2487806189414665800, 0.4798999999999999400, -0.02742624869205401200 ) ) ;
#901 = CARTESIAN_POINT ( 'NONE',  ( -0.3300000000000021800, -0.02000000000000000000, -0.2299999999999968700 ) ) ;
#902 = EDGE_LOOP ( 'NONE', ( #7597, #4236, #6470, #6761 ) ) ;
#903 = CARTESIAN_POINT ( 'NONE',  ( 0.1482953196139272000, 0.4798999999999999400, 0.01485829392275922700 ) ) ;
#904 = CARTESIAN_POINT ( 'NONE',  ( -0.08102903748912550200, 0.4798999999999999400, 0.06873574604669108200 ) ) ;
#905 = CARTESIAN_POINT ( 'NONE',  ( 0.1249060375321274100, 0.4799999999999999800, -0.09659786790109702000 ) ) ;
#906 = B_SPLINE_CURVE_WITH_KNOTS ( 'NONE', 3,
 ( #2689, #3404, #4109, #9119, #4831, #538, #5573, #1250, #6287, #1989, #6997, #2718, #7719, #3443, #8423, #4141, #9154, #4871, #568 ),
 .UNSPECIFIED., .F., .F.,
 ( 4, 1, 1, 1, 1, 1, 1, 1, 1, 1, 1, 1, 1, 1, 1, 1, 4 ),
 ( 0.0000000000000000000, 0.07601051920623337600, 0.1481357362434483300, 0.2177881778331538000, 0.2867678984972341600, 0.3540434632439190500, 0.4186108400234795400, 0.4836364388553444600, 0.5502295626461515300, 0.5869278113138150000, 0.6291578250269654900, 0.6772382242876700000, 0.7300426397437301800, 0.7888625661169238500, 0.8537504514610936300, 0.9241097665384558900, 1.000000000000000000 ),
 .UNSPECIFIED. ) ;
#907 = CARTESIAN_POINT ( 'NONE',  ( -0.1337443001616771500, 0.4799999999999999800, -0.1006244864515424100 ) ) ;
#908 =( NAMED_UNIT ( * ) SI_UNIT ( $, .STERADIAN. ) SOLID_ANGLE_UNIT ( ) );
#909 = CARTESIAN_POINT ( 'NONE',  ( -0.1353559605660486200, 0.4799999999999999300, 0.02001779732874236000 ) ) ;
#910 = CARTESIAN_POINT ( 'NONE',  ( 0.1221978414379020200, 0.4798999999999999400, -0.04010149206607165800 ) ) ;
#911 = FILL_AREA_STYLE_COLOUR ( '', #5166 ) ;
#912 = CARTESIAN_POINT ( 'NONE',  ( 0.4539292156342349400, 0.4798999999999999400, -0.08347280747430484100 ) ) ;
#913 = AXIS2_PLACEMENT_3D ( 'NONE', #6310, #2006, #7018 ) ;
#914 = CARTESIAN_POINT ( 'NONE',  ( 0.2082268217377376300, 0.4798999999999999400, 0.05468125584180188300 ) ) ;
#915 = ADVANCED_FACE ( 'NONE', ( #9015 ), #7595, .F. ) ;
#916 = AXIS2_PLACEMENT_3D ( 'NONE', #4448, #134, #5156 ) ;
#917 = CARTESIAN_POINT ( 'NONE',  ( -0.04295160020796046100, 0.4799999999999999800, -0.01634178704328557300 ) ) ;
#918 = CARTESIAN_POINT ( 'NONE',  ( -0.2379398120100880400, 0.4798999999999999400, 0.0001155361708582900100 ) ) ;
#919 = SURFACE_SIDE_STYLE ('',( #2882 ) ) ;
#920 =( NAMED_UNIT ( * ) PLANE_ANGLE_UNIT ( ) SI_UNIT ( $, .RADIAN. ) );
#921 = DIRECTION ( 'NONE',  ( -0.0000000000000000000, 0.0000000000000000000, 1.000000000000000000 ) ) ;
#922 = SURFACE_SIDE_STYLE ('',( #1396 ) ) ;
#923 = CARTESIAN_POINT ( 'NONE',  ( 0.07492539073779480600, 0.4798999999999999400, -0.1101461019810802700 ) ) ;
#924 = ORIENTED_EDGE ( 'NONE', *, *, #3004, .F. ) ;
#925 = EDGE_CURVE ( 'NONE', #6211, #6513, #6462, .T. ) ;
#926 = SURFACE_STYLE_FILL_AREA ( #713 ) ;
#927 = STYLED_ITEM ( 'NONE', ( #3779 ), #8154 ) ;
#928 = CARTESIAN_POINT ( 'NONE',  ( 0.1403171559899196700, 0.4799999999999993200, 0.05289694716536126600 ) ) ;
#929 =( LENGTH_UNIT ( ) NAMED_UNIT ( * ) SI_UNIT ( .MILLI., .METRE. ) );
#930 = LINE ( 'NONE', #2791, #2857 ) ;
#931 = CARTESIAN_POINT ( 'NONE',  ( 0.1492047309762238300, 0.4799999999999999800, -0.01646836459525132000 ) ) ;
#932 = VECTOR ( 'NONE', #4768, 1000.000000000000000 ) ;
#933 = B_SPLINE_CURVE_WITH_KNOTS ( 'NONE', 3,
 ( #8509, #651, #1867, #2589, #6162, #1124, #3322 ),
 .UNSPECIFIED., .F., .F.,
 ( 4, 1, 1, 1, 4 ),
 ( 0.0000000000000000000, 0.2472940500353366700, 0.4956077709090498900, 0.7463591727731959700, 1.000000000000000000 ),
 .UNSPECIFIED. ) ;
#934 = ORIENTED_EDGE ( 'NONE', *, *, #7421, .T. ) ;
#935 = MECHANICAL_DESIGN_GEOMETRIC_PRESENTATION_REPRESENTATION (  '', ( #8798 ), #1425 ) ;
#936 = LINE ( 'NONE', #4214, #6442 ) ;
#937 = ORIENTED_EDGE ( 'NONE', *, *, #8821, .T. ) ;
#938 = ORIENTED_EDGE ( 'NONE', *, *, #3082, .T. ) ;
#939 = ORIENTED_EDGE ( 'NONE', *, *, #8696, .T. ) ;
#940 =( GEOMETRIC_REPRESENTATION_CONTEXT ( 3 ) GLOBAL_UNCERTAINTY_ASSIGNED_CONTEXT ( ( #1278 ) ) GLOBAL_UNIT_ASSIGNED_CONTEXT ( ( #4936, #612, #675 ) ) REPRESENTATION_CONTEXT ( 'NONE', 'WORKASPACE' ) );
#941 = LINE ( 'NONE', #3754, #8112 ) ;
#942 = CARTESIAN_POINT ( 'NONE',  ( -0.1202151952722019800, 0.4798999999999999400, 0.05542689514415944500 ) ) ;
#943 = CARTESIAN_POINT ( 'NONE',  ( 0.08628189181662543300, 0.4798999999999999400, -0.08763007573182361700 ) ) ;
#944 = ORIENTED_EDGE ( 'NONE', *, *, #4053, .F. ) ;
#945 =( NAMED_UNIT ( * ) SI_UNIT ( $, .STERADIAN. ) SOLID_ANGLE_UNIT ( ) );
#946 = CARTESIAN_POINT ( 'NONE',  ( 0.5213490526628203900, 0.4800000000000000400, 0.03144364738419130900 ) ) ;
#947 = CARTESIAN_POINT ( 'NONE',  ( 0.2233693538687947000, 0.4799999999999999800, 0.06655849466243948800 ) ) ;
#948 = EDGE_LOOP ( 'NONE', ( #2564, #4776, #8882, #8887 ) ) ;
#949 = DIRECTION ( 'NONE',  ( 1.000000000000000000, 0.0000000000000000000, 0.0000000000000000000 ) ) ;
#950 = COLOUR_RGB ( '',1.000000000000000000, 1.000000000000000000, 0.5019607843137254800 ) ;
#951 = UNCERTAINTY_MEASURE_WITH_UNIT (LENGTH_MEASURE( 1.000000000000000100E-005 ), #8729, 'distance_accuracy_value', 'NONE');
#952 = LINE ( 'NONE', #6575, #1962 ) ;
#953 = CARTESIAN_POINT ( 'NONE',  ( 0.2078045219379108000, 0.4798999999999999400, 0.08591312047500022900 ) ) ;
#954 = ORIENTED_EDGE ( 'NONE', *, *, #9208, .F. ) ;
#955 = VECTOR ( 'NONE', #6331, 1000.000000000000000 ) ;
#956 =( NAMED_UNIT ( * ) SI_UNIT ( $, .STERADIAN. ) SOLID_ANGLE_UNIT ( ) );
#957 = FACE_OUTER_BOUND ( 'NONE', #6885, .T. ) ;
#958 = CARTESIAN_POINT ( 'NONE',  ( 0.04263452556923402100, 0.4798999999999999400, 0.6685269051138672500 ) ) ;
#959 = CARTESIAN_POINT ( 'NONE',  ( 0.7300000000000063100, -0.02000000000000000000, 0.4300000000000031000 ) ) ;
#960 = CARTESIAN_POINT ( 'NONE',  ( 0.07002556793490274900, 0.4798999999999999400, -0.08434039120230110700 ) ) ;
#961 = CARTESIAN_POINT ( 'NONE',  ( 0.3300000000000062300, -0.02000000000000000000, -0.4299999999999968800 ) ) ;
#962 = CARTESIAN_POINT ( 'NONE',  ( -0.3097149349250229400, 0.4798999999999999400, 0.5000000000000195400 ) ) ;
#963 = EDGE_CURVE ( 'NONE', #9266, #5479, #2600, .T. ) ;
#964 = EDGE_CURVE ( 'NONE', #2914, #8556, #2648, .T. ) ;
#965 = VERTEX_POINT ( 'NONE', #3003 ) ;
#966 = LINE ( 'NONE', #959, #8352 ) ;
#967 = CARTESIAN_POINT ( 'NONE',  ( 0.1209391574365984200, 0.4798999999999999400, 0.08079165367950175100 ) ) ;
#968 = CARTESIAN_POINT ( 'NONE',  ( 0.4455334625108746700, 0.4798999999999999400, -0.06039085651741169000 ) ) ;
#969 = ADVANCED_FACE ( 'NONE', ( #6235 ), #346, .T. ) ;
#970 = CARTESIAN_POINT ( 'NONE',  ( -0.08709329588705649900, 0.4798999999999999900, -0.09022521573105910000 ) ) ;
#971 =( GEOMETRIC_REPRESENTATION_CONTEXT ( 3 ) GLOBAL_UNCERTAINTY_ASSIGNED_CONTEXT ( ( #8699 ) ) GLOBAL_UNIT_ASSIGNED_CONTEXT ( ( #4189, #9198, #4917 ) ) REPRESENTATION_CONTEXT ( 'NONE', 'WORKASPACE' ) );
#972 = ORIENTED_EDGE ( 'NONE', *, *, #3616, .T. ) ;
#973 = CARTESIAN_POINT ( 'NONE',  ( -0.1369925007799706600, 0.4799999999999999800, -0.09825780909851533600 ) ) ;
#974 = CARTESIAN_POINT ( 'NONE',  ( -0.1215939848083436700, 0.4798999999999999400, -0.04390716819442154500 ) ) ;
#975 = CARTESIAN_POINT ( 'NONE',  ( -0.07978705030963835500, 0.4798999999999999400, 0.09181266912361417400 ) ) ;
#976 = CARTESIAN_POINT ( 'NONE',  ( -0.08358405623864192900, 0.4799999999999999300, 0.06865831658658258500 ) ) ;
#977 =( NAMED_UNIT ( * ) PLANE_ANGLE_UNIT ( ) SI_UNIT ( $, .RADIAN. ) );
#978 = CARTESIAN_POINT ( 'NONE',  ( 0.2260076052745496600, 0.4798999999999999400, -0.01989661860290873800 ) ) ;
#979 = CARTESIAN_POINT ( 'NONE',  ( 0.5075533776585060600, 0.4800000000000000400, 0.02602443247543330700 ) ) ;
#980 = B_SPLINE_CURVE_WITH_KNOTS ( 'NONE', 3,
 ( #9050, #4021, #5500, #1190, #6223, #1920, #6929, #2656, #7650, #3377, #8367 ),
 .UNSPECIFIED., .F., .F.,
 ( 4, 1, 1, 1, 1, 1, 1, 1, 4 ),
 ( 0.0000000000000000000, 0.1952799535336483500, 0.3709591958780589200, 0.5263022405927883000, 0.6620399845915366800, 0.7769964217729806700, 0.8711733101151061300, 0.9457569341303249100, 1.000000000000000000 ),
 .UNSPECIFIED. ) ;
#981 = FILL_AREA_STYLE_COLOUR ( '', #8680 ) ;
#982 = CIRCLE ( 'NONE', #8655, 0.07000000000000002100 ) ;
#983 = ORIENTED_EDGE ( 'NONE', *, *, #1839, .T. ) ;
#984 = CARTESIAN_POINT ( 'NONE',  ( -0.1204921785147665400, 0.4798999999999999400, -0.04272258728664225100 ) ) ;
#985 = CARTESIAN_POINT ( 'NONE',  ( -0.1452030416710394500, 0.4798999999999999400, -0.08986937050173710000 ) ) ;
#986 = CARTESIAN_POINT ( 'NONE',  ( -0.1198219407877447700, 0.4799999999999999800, 0.08547937120631721200 ) ) ;
#987 = STYLED_ITEM ( 'NONE', ( #507 ), #7516 ) ;
#988 =( NAMED_UNIT ( * ) SI_UNIT ( $, .STERADIAN. ) SOLID_ANGLE_UNIT ( ) );
#989 = CARTESIAN_POINT ( 'NONE',  ( -0.1427378153396965400, 0.4798999999999999400, -0.09288029583715108600 ) ) ;
#990 = EDGE_LOOP ( 'NONE', ( #5426, #4649, #939, #1340 ) ) ;
#991 = CARTESIAN_POINT ( 'NONE',  ( 0.09544190142548481000, 0.4799999999999993200, 0.09120588477360760900 ) ) ;
#992 =( NAMED_UNIT ( * ) SI_UNIT ( $, .STERADIAN. ) SOLID_ANGLE_UNIT ( ) );
#993 = CARTESIAN_POINT ( 'NONE',  ( -0.1117335742831032400, 0.4800000000000000400, -0.08542252709092502900 ) ) ;
#994 = EDGE_CURVE ( 'NONE', #3248, #8432, #7455, .T. ) ;
#995 = SURFACE_STYLE_USAGE ( .BOTH. , #5288 ) ;
#996 = UNCERTAINTY_MEASURE_WITH_UNIT (LENGTH_MEASURE( 1.000000000000000100E-005 ), #7692, 'distance_accuracy_value', 'NONE');
#997 = EDGE_CURVE ( 'NONE', #8721, #8663, #3662, .T. ) ;
#998 =( GEOMETRIC_REPRESENTATION_CONTEXT ( 3 ) GLOBAL_UNCERTAINTY_ASSIGNED_CONTEXT ( ( #5829 ) ) GLOBAL_UNIT_ASSIGNED_CONTEXT ( ( #4655, #348, #5375 ) ) REPRESENTATION_CONTEXT ( 'NONE', 'WORKASPACE' ) );
#999 = CARTESIAN_POINT ( 'NONE',  ( -0.1405954736143195700, 0.4798999999999999400, 0.07293268167040629900 ) ) ;
#1000 =( NAMED_UNIT ( * ) PLANE_ANGLE_UNIT ( ) SI_UNIT ( $, .RADIAN. ) );
#1001 = SURFACE_SIDE_STYLE ('',( #6944 ) ) ;
#1002 =( LENGTH_UNIT ( ) NAMED_UNIT ( * ) SI_UNIT ( .MILLI., .METRE. ) );
#1003 = FILL_AREA_STYLE_COLOUR ( '', #7669 ) ;
#1004 = EDGE_LOOP ( 'NONE', ( #3120, #4974, #6995, #7106 ) ) ;
#1005 = ADVANCED_FACE ( 'NONE', ( #5562 ), #4156, .F. ) ;
#1006 = CARTESIAN_POINT ( 'NONE',  ( -0.4682485887711767500, 0.4798999999999999400, -0.05073540779946292300 ) ) ;
#1007 = CARTESIAN_POINT ( 'NONE',  ( -0.09064125540633401200, 0.4798999999999999400, -0.03025416374167192200 ) ) ;
#1008 = CARTESIAN_POINT ( 'NONE',  ( -0.1265609505158470400, 0.4799999999999999300, -0.1047829485149453600 ) ) ;
#1009 = ORIENTED_EDGE ( 'NONE', *, *, #6314, .F. ) ;
#1010 = EDGE_CURVE ( 'NONE', #4913, #6664, #8457, .T. ) ;
#1011 = CARTESIAN_POINT ( 'NONE',  ( -0.1606355676415114600, 0.4799999999999999800, 0.04018089860937548700 ) ) ;
#1012 = FILL_AREA_STYLE ('',( #8164 ) ) ;
#1013 = SURFACE_STYLE_USAGE ( .BOTH. , #5314 ) ;
#1014 = CARTESIAN_POINT ( 'NONE',  ( 0.2417057609144025500, 0.4799999999999998700, 0.06862687690480662200 ) ) ;
#1015 = CARTESIAN_POINT ( 'NONE',  ( 0.5239389112288233000, 0.4799999999999999800, 0.02001779732874219700 ) ) ;
#1016 = LINE ( 'NONE', #4430, #2713 ) ;
#1017 = CARTESIAN_POINT ( 'NONE',  ( -0.1445072319177880500, 0.4798999999999999400, -0.02830421404441476800 ) ) ;
#1018 = SURFACE_STYLE_USAGE ( .BOTH. , #5325 ) ;
#1019 = PRESENTATION_STYLE_ASSIGNMENT (( #8595 ) ) ;
#1020 = CARTESIAN_POINT ( 'NONE',  ( -0.1263246371189344100, 0.4798999999999999900, -0.06916014764900800500 ) ) ;
#1021 = CARTESIAN_POINT ( 'NONE',  ( -0.2573591232752067100, 0.4798999999999999400, -0.02641658644770685000 ) ) ;
#1022 = DIRECTION ( 'NONE',  ( 1.000000000000000000, 0.0000000000000000000, 0.0000000000000000000 ) ) ;
#1023 = CARTESIAN_POINT ( 'NONE',  ( -0.1635610887711768400, 0.4798999999999999400, 0.02001779732874236000 ) ) ;
#1024 = ADVANCED_FACE ( 'NONE', ( #1056 ), #40, .T. ) ;
#1025 = CARTESIAN_POINT ( 'NONE',  ( -0.04915067021660431800, 0.4798999999999999400, -0.1069507996255165300 ) ) ;
#1026 = CARTESIAN_POINT ( 'NONE',  ( -0.8000000000000037100, 0.4799999999999999800, -0.08254630523536017600 ) ) ;
#1027 = CARTESIAN_POINT ( 'NONE',  ( -0.3300000000000021800, -0.02000000000000000000, -0.2299999999999968700 ) ) ;
#1028 = VECTOR ( 'NONE', #5125, 1000.000000000000100 ) ;
#1029 = PRESENTATION_STYLE_ASSIGNMENT (( #3232 ) ) ;
#1030 = MECHANICAL_DESIGN_GEOMETRIC_PRESENTATION_REPRESENTATION (  '', ( #8905 ), #1525 ) ;
#1031 = SURFACE_STYLE_FILL_AREA ( #2740 ) ;
#1032 = ORIENTED_EDGE ( 'NONE', *, *, #3652, .T. ) ;
#1033 = DIRECTION ( 'NONE',  ( -0.2741624399184923700, 0.0000000000000000000, -0.9616833972456522200 ) ) ;
#1034 = VERTEX_POINT ( 'NONE', #6868 ) ;
#1035 = VERTEX_POINT ( 'NONE', #2251 ) ;
#1036 = CARTESIAN_POINT ( 'NONE',  ( 0.3300000000000062300, 0.0000000000000000000, -0.4299999999999968800 ) ) ;
#1037 =( NAMED_UNIT ( * ) PLANE_ANGLE_UNIT ( ) SI_UNIT ( $, .RADIAN. ) );
#1038 = CARTESIAN_POINT ( 'NONE',  ( 0.3945204090424392400, 0.4798999999999999400, 0.03329850166576377900 ) ) ;
#1039 = FILL_AREA_STYLE_COLOUR ( '', #6797 ) ;
#1040 = CARTESIAN_POINT ( 'NONE',  ( 0.7374999999999964900, 0.4099999999999999200, 0.5000000000000196500 ) ) ;
#1041 = CARTESIAN_POINT ( 'NONE',  ( 0.2667885389909079300, 0.4798999999999999400, 0.05601704655788187400 ) ) ;
#1042 = CARTESIAN_POINT ( 'NONE',  ( -0.08358405623864192900, 0.4798999999999999400, 0.06865831658658258500 ) ) ;
#1043 = UNCERTAINTY_MEASURE_WITH_UNIT (LENGTH_MEASURE( 1.000000000000000100E-005 ), #1930, 'distance_accuracy_value', 'NONE');
#1044 = ORIENTED_EDGE ( 'NONE', *, *, #3568, .F. ) ;
#1045 = EDGE_CURVE ( 'NONE', #1202, #2864, #7791, .T. ) ;
#1046 = ORIENTED_EDGE ( 'NONE', *, *, #182, .T. ) ;
#1047 = SURFACE_STYLE_FILL_AREA ( #9284 ) ;
#1048 = ORIENTED_EDGE ( 'NONE', *, *, #7322, .T. ) ;
#1049 = DIRECTION ( 'NONE',  ( -0.0000000000000000000, 1.000000000000000000, -0.0000000000000000000 ) ) ;
#1050 = VERTEX_POINT ( 'NONE', #2981 ) ;
#1051 = FILL_AREA_STYLE_COLOUR ( '', #3581 ) ;
#1052 = FACE_OUTER_BOUND ( 'NONE', #6860, .T. ) ;
#1053 = AXIS2_PLACEMENT_3D ( 'NONE', #1979, #6982, #2708 ) ;
#1054 = CARTESIAN_POINT ( 'NONE',  ( -0.2444505118480998800, 0.4799999999999999800, -0.02849983087638585300 ) ) ;
#1055 = VERTEX_POINT ( 'NONE', #2827 ) ;
#1056 = FACE_OUTER_BOUND ( 'NONE', #5600, .T. ) ;
#1057 = SURFACE_STYLE_FILL_AREA ( #3555 ) ;
#1058 = FACE_OUTER_BOUND ( 'NONE', #4413, .T. ) ;
#1059 = MECHANICAL_DESIGN_GEOMETRIC_PRESENTATION_REPRESENTATION (  '', ( #8925 ), #1549 ) ;
#1060 =( NAMED_UNIT ( * ) PLANE_ANGLE_UNIT ( ) SI_UNIT ( $, .RADIAN. ) );
#1061 = CARTESIAN_POINT ( 'NONE',  ( -0.02695123586315416000, 0.4799999999999998700, -0.09190369717247928700 ) ) ;
#1062 = DIRECTION ( 'NONE',  ( -0.9697297374427092900, 0.0000000000000000000, 0.2441807451853940100 ) ) ;
#1063 = ORIENTED_EDGE ( 'NONE', *, *, #4505, .F. ) ;
#1064 = SURFACE_STYLE_FILL_AREA ( #1798 ) ;
#1065 = LINE ( 'NONE', #787, #3007 ) ;
#1066 = EDGE_CURVE ( 'NONE', #3188, #5900, #7560, .T. ) ;
#1067 = CARTESIAN_POINT ( 'NONE',  ( 0.1194595553023958100, 0.4798999999999999400, 0.03754545363268722800 ) ) ;
#1068 = VERTEX_POINT ( 'NONE', #3666 ) ;
#1069 = CARTESIAN_POINT ( 'NONE',  ( 0.3955049729344314300, 0.4798999999999999400, 0.03008110970862634700 ) ) ;
#1070 = VECTOR ( 'NONE', #4783, 1000.000000000000000 ) ;
#1071 = DIRECTION ( 'NONE',  ( -0.0000000000000000000, 1.000000000000000000, -0.0000000000000000000 ) ) ;
#1072 = CARTESIAN_POINT ( 'NONE',  ( 0.2768494739570286900, 0.4799999999999998700, 0.03212943893669725100 ) ) ;
#1073 = CARTESIAN_POINT ( 'NONE',  ( -0.1969877415885833700, 0.4799999999999999800, -0.05676375675497295800 ) ) ;
#1074 = ADVANCED_FACE ( 'NONE', ( #3977 ), #4272, .F. ) ;
#1075 = CARTESIAN_POINT ( 'NONE',  ( 0.1774645522544645000, 0.4798999999999999400, -0.005623228312283274000 ) ) ;
#1076 =( LENGTH_UNIT ( ) NAMED_UNIT ( * ) SI_UNIT ( .MILLI., .METRE. ) );
#1077 = VERTEX_POINT ( 'NONE', #5031 ) ;
#1078 = DIRECTION ( 'NONE',  ( -1.000000000000000000, 0.0000000000000000000, -0.0000000000000000000 ) ) ;
#1079 = B_SPLINE_CURVE_WITH_KNOTS ( 'NONE', 3,
 ( #1346, #5671, #2820, #7812, #3533, #8521, #4239, #9253, #4959, #666, #5704, #1385, #6414, #2123, #7124, #2846, #7839, #3572, #8554 ),
 .UNSPECIFIED., .F., .F.,
 ( 4, 1, 1, 1, 1, 1, 1, 1, 1, 1, 1, 1, 1, 1, 1, 1, 4 ),
 ( 0.0000000000000000000, 0.1184055081537695600, 0.2266543328167019700, 0.3240923419286019200, 0.4117048030053218600, 0.4890259050064154600, 0.5569093973430757600, 0.6162333444927070600, 0.6673492812770746000, 0.7135123932013471800, 0.7576965045209782500, 0.7994925114422907200, 0.8399760647439393800, 0.8798857418167757000, 0.9191486593857416400, 0.9592273564930831100, 1.000000000000000000 ),
 .UNSPECIFIED. ) ;
#1080 =( GEOMETRIC_REPRESENTATION_CONTEXT ( 3 ) GLOBAL_UNCERTAINTY_ASSIGNED_CONTEXT ( ( #3070 ) ) GLOBAL_UNIT_ASSIGNED_CONTEXT ( ( #2107, #7100, #2838 ) ) REPRESENTATION_CONTEXT ( 'NONE', 'WORKASPACE' ) );
#1081 = CARTESIAN_POINT ( 'NONE',  ( 0.7999999999999961600, 0.4799999999999999800, -0.4999999999999813500 ) ) ;
#1082 = PRESENTATION_LAYER_ASSIGNMENT (  '', '', ( #1581 ) ) ;
#1083 = CARTESIAN_POINT ( 'NONE',  ( 0.4552739738667396200, 0.4799999999999999800, -0.07866143476893487600 ) ) ;
#1084 = VERTEX_POINT ( 'NONE', #6484 ) ;
#1085 = CARTESIAN_POINT ( 'NONE',  ( -0.01227903748912554200, 0.4798999999999999400, -0.05434117703023201600 ) ) ;
#1086 = FILL_AREA_STYLE ('',( #8951 ) ) ;
#1087 = CARTESIAN_POINT ( 'NONE',  ( 0.2125745454221087400, 0.4799999999999999800, -0.01340434395400661200 ) ) ;
#1088 = CARTESIAN_POINT ( 'NONE',  ( 0.2945585297356919700, 0.4798999999999999400, 0.05722842763333203800 ) ) ;
#1089 = CARTESIAN_POINT ( 'NONE',  ( -0.2608096338295299300, 0.4799999999999999800, -0.02629461140515672700 ) ) ;
#1090 = CARTESIAN_POINT ( 'NONE',  ( 0.2245126570481948700, 0.4799999999999999800, 0.09094113213447398100 ) ) ;
#1091 = LINE ( 'NONE', #3385, #886 ) ;
#1092 = CARTESIAN_POINT ( 'NONE',  ( -0.4499431969223814900, 0.4799999999999999800, -0.07510628905755108200 ) ) ;
#1093 =( GEOMETRIC_REPRESENTATION_CONTEXT ( 3 ) GLOBAL_UNCERTAINTY_ASSIGNED_CONTEXT ( ( #3067 ) ) GLOBAL_UNIT_ASSIGNED_CONTEXT ( ( #6028, #1721, #6735 ) ) REPRESENTATION_CONTEXT ( 'NONE', 'WORKASPACE' ) );
#1094 = CARTESIAN_POINT ( 'NONE',  ( -0.2014373610862038600, 0.4799999999999999800, 0.06832837758806092900 ) ) ;
#1095 = SURFACE_SIDE_STYLE ('',( #4638 ) ) ;
#1096 = PRESENTATION_LAYER_ASSIGNMENT (  '', '', ( #149 ) ) ;
#1097 = CARTESIAN_POINT ( 'NONE',  ( -0.2198917057413443100, 0.4798999999999999400, -0.01943244407281143100 ) ) ;
#1098 = CARTESIAN_POINT ( 'NONE',  ( -0.4499431969223814900, 0.4799999999999999800, -0.07510628905755108200 ) ) ;
#1099 = CARTESIAN_POINT ( 'NONE',  ( -0.1486757204171480800, 0.4798999999999999400, -0.03364883579553260700 ) ) ;
#1100 = UNCERTAINTY_MEASURE_WITH_UNIT (LENGTH_MEASURE( 1.000000000000000100E-005 ), #8174, 'distance_accuracy_value', 'NONE');
#1101 = PRESENTATION_LAYER_ASSIGNMENT (  '', '', ( #157 ) ) ;
#1102 = CARTESIAN_POINT ( 'NONE',  ( -0.2074533235028784600, 0.4798999999999999400, -0.006488980930638601900 ) ) ;
#1103 = ORIENTED_EDGE ( 'NONE', *, *, #7861, .T. ) ;
#1104 = SURFACE_STYLE_FILL_AREA ( #4366 ) ;
#1105 = AXIS2_PLACEMENT_3D ( 'NONE', #1670, #6690, #2400 ) ;
#1106 = FILL_AREA_STYLE ('',( #398 ) ) ;
#1107 = CARTESIAN_POINT ( 'NONE',  ( -0.2623992297968178500, 0.4798999999999999400, 0.06617164348258851300 ) ) ;
#1108 = CARTESIAN_POINT ( 'NONE',  ( -0.2139358487583085100, 0.4799999999999999800, -0.09693057458491216600 ) ) ;
#1109 = ADVANCED_FACE ( 'NONE', ( #2078 ), #380, .T. ) ;
#1110 = FILL_AREA_STYLE ('',( #3268 ) ) ;
#1111 = CARTESIAN_POINT ( 'NONE',  ( -0.04188398918082452500, 0.4799999999999999800, -0.06263221491491695300 ) ) ;
#1112 = PRESENTATION_STYLE_ASSIGNMENT (( #9076 ) ) ;
#1113 = CARTESIAN_POINT ( 'NONE',  ( 0.2370398727672847500, 0.4798999999999999400, 0.09181266912361416000 ) ) ;
#1114 =( NAMED_UNIT ( * ) PLANE_ANGLE_UNIT ( ) SI_UNIT ( $, .RADIAN. ) );
#1115 = CARTESIAN_POINT ( 'NONE',  ( -0.4462409130974885300, 0.4798999999999999400, -0.06518142956844770500 ) ) ;
#1116 =( NAMED_UNIT ( * ) PLANE_ANGLE_UNIT ( ) SI_UNIT ( $, .RADIAN. ) );
#1117 = CARTESIAN_POINT ( 'NONE',  ( 0.1755798465284563500, 0.4799999999999999800, 0.04156579531364539700 ) ) ;
#1118 = DIRECTION ( 'NONE',  ( 0.2637164011023653800, 0.0000000000000000000, 0.9646002590657003500 ) ) ;
#1119 = EDGE_CURVE ( 'NONE', #1084, #8374, #485, .T. ) ;
#1120 = EDGE_CURVE ( 'NONE', #7886, #5835, #6219, .T. ) ;
#1121 = CARTESIAN_POINT ( 'NONE',  ( -0.2684889733865615200, 0.4798999999999999400, -0.02613604882510380300 ) ) ;
#1122 = CARTESIAN_POINT ( 'NONE',  ( -0.1892021144122024400, 0.4798999999999999400, 0.03195689989284492700 ) ) ;
#1123 = SURFACE_SIDE_STYLE ('',( #2049 ) ) ;
#1124 = CARTESIAN_POINT ( 'NONE',  ( -0.4667489700495857700, 0.4799999999999999800, -0.05372025193816360600 ) ) ;
#1125 = SURFACE_STYLE_FILL_AREA ( #8219 ) ;
#1126 = SURFACE_STYLE_USAGE ( .BOTH. , #8999 ) ;
#1127 = PRESENTATION_LAYER_ASSIGNMENT (  '', '', ( #189 ) ) ;
#1128 = FILL_AREA_STYLE_COLOUR ( '', #2730 ) ;
#1129 = PRESENTATION_STYLE_ASSIGNMENT (( #3944 ) ) ;
#1130 = EDGE_LOOP ( 'NONE', ( #6072, #5994, #3799, #8125 ) ) ;
#1131 = ORIENTED_EDGE ( 'NONE', *, *, #6559, .F. ) ;
#1132 = CARTESIAN_POINT ( 'NONE',  ( 0.3300000000000063400, 0.0000000000000000000, 0.4300000000000032100 ) ) ;
#1133 = FACE_OUTER_BOUND ( 'NONE', #2867, .T. ) ;
#1134 = EDGE_LOOP ( 'NONE', ( #2013, #4289, #3972, #6296 ) ) ;
#1135 = FACE_OUTER_BOUND ( 'NONE', #5046, .T. ) ;
#1136 = CARTESIAN_POINT ( 'NONE',  ( -0.009246681655037223800, 0.4799999999999997600, 0.04793013759008325800 ) ) ;
#1137 = CARTESIAN_POINT ( 'NONE',  ( 0.2972145065672451300, 0.4799999999999999800, 0.05170498506211846500 ) ) ;
#1138 = CARTESIAN_POINT ( 'NONE',  ( -0.06169485493217805000, 0.4798999999999999400, 0.005029543909762997600 ) ) ;
#1139 = CARTESIAN_POINT ( 'NONE',  ( 0.4488874956000507000, 0.4799999999999999800, -0.07205667908745352900 ) ) ;
#1140 = CARTESIAN_POINT ( 'NONE',  ( -0.05610498022007043300, 0.4798999999999999400, -0.08334536190951108400 ) ) ;
#1141 = EDGE_LOOP ( 'NONE', ( #2186, #2583, #6326, #8120, #4653, #2984, #8156, #8917 ) ) ;
#1142 = CARTESIAN_POINT ( 'NONE',  ( 0.2306772869175047800, 0.4799999999999997000, 0.09168360510682284400 ) ) ;
#1143 = ORIENTED_EDGE ( 'NONE', *, *, #849, .F. ) ;
#1144 =( NAMED_UNIT ( * ) PLANE_ANGLE_UNIT ( ) SI_UNIT ( $, .RADIAN. ) );
#1145 = VERTEX_POINT ( 'NONE', #6418 ) ;
#1146 = VERTEX_POINT ( 'NONE', #6511 ) ;
#1147 = DIRECTION ( 'NONE',  ( -0.0000000000000000000, -1.000000000000000000, -0.0000000000000000000 ) ) ;
#1148 =( GEOMETRIC_REPRESENTATION_CONTEXT ( 3 ) GLOBAL_UNCERTAINTY_ASSIGNED_CONTEXT ( ( #495 ) ) GLOBAL_UNIT_ASSIGNED_CONTEXT ( ( #3649, #8639, #4356 ) ) REPRESENTATION_CONTEXT ( 'NONE', 'WORKASPACE' ) );
#1149 = STYLED_ITEM ( 'NONE', ( #3936 ), #7370 ) ;
#1150 = CARTESIAN_POINT ( 'NONE',  ( -0.2174624295226774700, 0.4799999999999999800, 0.02973517257808490400 ) ) ;
#1151 = CARTESIAN_POINT ( 'NONE',  ( -0.8000000000000037100, 0.4799999999999999800, 0.5000000000000195400 ) ) ;
#1152 = MECHANICAL_DESIGN_GEOMETRIC_PRESENTATION_REPRESENTATION (  '', ( #9020 ), #1658 ) ;
#1153 = ORIENTED_EDGE ( 'NONE', *, *, #7271, .T. ) ;
#1154 = SURFACE_STYLE_FILL_AREA ( #7187 ) ;
#1155 =( NAMED_UNIT ( * ) SI_UNIT ( $, .STERADIAN. ) SOLID_ANGLE_UNIT ( ) );
#1156 =( NAMED_UNIT ( * ) SI_UNIT ( $, .STERADIAN. ) SOLID_ANGLE_UNIT ( ) );
#1157 = ORIENTED_EDGE ( 'NONE', *, *, #4068, .F. ) ;
#1158 = CARTESIAN_POINT ( 'NONE',  ( 0.7500000000000001100, 0.4799999999999999800, 0.5000000000000192100 ) ) ;
#1159 = PRESENTATION_STYLE_ASSIGNMENT (( #7311 ) ) ;
#1160 = CARTESIAN_POINT ( 'NONE',  ( 0.09297346587472872500, 0.4799999999999998700, 0.06791709636242752900 ) ) ;
#1161 = ADVANCED_FACE ( 'NONE', ( #2420 ), #6536, .F. ) ;
#1162 = EDGE_CURVE ( 'NONE', #9118, #3248, #5320, .T. ) ;
#1163 = LINE ( 'NONE', #6485, #4994 ) ;
#1164 = VERTEX_POINT ( 'NONE', #8010 ) ;
#1165 =( LENGTH_UNIT ( ) NAMED_UNIT ( * ) SI_UNIT ( .MILLI., .METRE. ) );
#1166 = DIRECTION ( 'NONE',  ( -0.0000000000000000000, -1.000000000000000000, -0.0000000000000000000 ) ) ;
#1167 = CARTESIAN_POINT ( 'NONE',  ( -0.2277337582456542600, 0.4799999999999999800, -0.04241652988219474900 ) ) ;
#1168 = PRESENTATION_STYLE_ASSIGNMENT (( #135 ) ) ;
#1169 = EDGE_CURVE ( 'NONE', #4002, #534, #1510, .T. ) ;
#1170 = STYLED_ITEM ( 'NONE', ( #3402 ), #6706 ) ;
#1171 = DIRECTION ( 'NONE',  ( -0.0000000000000000000, 1.000000000000000000, -0.0000000000000000000 ) ) ;
#1172 = CARTESIAN_POINT ( 'NONE',  ( 0.08515685994677196800, 0.4798999999999999400, 0.09181266912361416000 ) ) ;
#1173 = ORIENTED_EDGE ( 'NONE', *, *, #7727, .T. ) ;
#1174 = LINE ( 'NONE', #3109, #5006 ) ;
#1175 = CARTESIAN_POINT ( 'NONE',  ( -0.03040213067447898900, 0.4798999999999999400, 0.07739717447653865500 ) ) ;
#1176 = STYLED_ITEM ( 'NONE', ( #2624 ), #1356 ) ;
#1177 = CARTESIAN_POINT ( 'NONE',  ( -0.1231519916777575500, 0.4798999999999999400, -0.01374295804994154400 ) ) ;
#1178 = CARTESIAN_POINT ( 'NONE',  ( -0.2326397554619573600, 0.4798999999999999400, -0.03523829226340707800 ) ) ;
#1179 = CARTESIAN_POINT ( 'NONE',  ( -0.08027487915721669100, 0.4799999999999999800, -0.09012884898173409400 ) ) ;
#1180 = CARTESIAN_POINT ( 'NONE',  ( 0.2447616223153527000, 0.4799999999999999800, 0.09164171562687935300 ) ) ;
#1181 = CARTESIAN_POINT ( 'NONE',  ( 0.1938719961578513300, 0.4798999999999999400, 0.07646212296699787800 ) ) ;
#1182 = DIRECTION ( 'NONE',  ( 0.3468370040950314300, 0.0000000000000000000, 0.9379254195245926300 ) ) ;
#1183 = CARTESIAN_POINT ( 'NONE',  ( -0.1219789849795182400, 0.4798999999999999900, -0.07690935908261138700 ) ) ;
#1184 = B_SPLINE_CURVE_WITH_KNOTS ( 'NONE', 3,
 ( #8976, #8320, #451, #5486, #1178, #6202, #1908, #6918, #2642, #7637, #3365 ),
 .UNSPECIFIED., .F., .F.,
 ( 4, 1, 1, 1, 1, 1, 1, 1, 4 ),
 ( 0.0000000000000000000, 0.1323768784386560600, 0.2551949197670682600, 0.3737221416536684000, 0.4900113154474170000, 0.6078124214239345500, 0.7311098159015431100, 0.8599973777575846700, 1.000000000000000000 ),
 .UNSPECIFIED. ) ;
#1185 = EDGE_CURVE ( 'NONE', #1164, #2864, #3423, .T. ) ;
#1186 = VERTEX_POINT ( 'NONE', #2354 ) ;
#1187 = CARTESIAN_POINT ( 'NONE',  ( 0.1486486213152760600, 0.4798999999999999400, -0.02970659590885668700 ) ) ;
#1188 = CARTESIAN_POINT ( 'NONE',  ( 0.3961760393860038200, 0.4799999999999999800, 0.02763992935913689400 ) ) ;
#1189 = CARTESIAN_POINT ( 'NONE',  ( 0.04673913198975200600, 0.4798999999999999400, -0.01323582727338845800 ) ) ;
#1190 = CARTESIAN_POINT ( 'NONE',  ( 0.4571341667377635800, 0.4799999999999999800, -0.07197912122611274700 ) ) ;
#1191 = CARTESIAN_POINT ( 'NONE',  ( -0.2225381662312596300, 0.4799999999999999800, -0.01451343530781846000 ) ) ;
#1192 = CARTESIAN_POINT ( 'NONE',  ( -0.01044709173744335000, 0.4798999999999999400, 0.01399243712467378500 ) ) ;
#1193 = CARTESIAN_POINT ( 'NONE',  ( -0.4972149349250228900, 0.4798999999999999400, 0.02771010502105003500 ) ) ;
#1194 = CARTESIAN_POINT ( 'NONE',  ( 0.1153620302880422600, 0.4798999999999999400, 0.04931137535367253300 ) ) ;
#1195 = LINE ( 'NONE', #4388, #5020 ) ;
#1196 = ORIENTED_EDGE ( 'NONE', *, *, #2949, .T. ) ;
#1197 =( NAMED_UNIT ( * ) SI_UNIT ( $, .STERADIAN. ) SOLID_ANGLE_UNIT ( ) );
#1198 =( NAMED_UNIT ( * ) PLANE_ANGLE_UNIT ( ) SI_UNIT ( $, .RADIAN. ) );
#1199 = CARTESIAN_POINT ( 'NONE',  ( -0.08102903748912550200, 0.4798999999999999400, 0.06873574604669108200 ) ) ;
#1200 = CARTESIAN_POINT ( 'NONE',  ( -0.2261530762044873000, 0.4799999999999999800, -0.04667854455628436100 ) ) ;
#1201 = VECTOR ( 'NONE', #3009, 1000.000000000000000 ) ;
#1202 = VERTEX_POINT ( 'NONE', #2377 ) ;
#1203 = CARTESIAN_POINT ( 'NONE',  ( -0.1892712031670680300, 0.4798999999999999400, 0.03423127427357675100 ) ) ;
#1204 = CARTESIAN_POINT ( 'NONE',  ( -0.01361451354350495600, 0.4799999999999999800, 0.007392669091429902000 ) ) ;
#1205 = MECHANICAL_DESIGN_GEOMETRIC_PRESENTATION_REPRESENTATION (  '', ( #9062 ), #1697 ) ;
#1206 = CARTESIAN_POINT ( 'NONE',  ( -0.06965266600895517200, 0.4799999999999997600, 0.09156591295471074000 ) ) ;
#1207 = MECHANICAL_DESIGN_GEOMETRIC_PRESENTATION_REPRESENTATION (  '', ( #9064 ), #1700 ) ;
#1208 = CARTESIAN_POINT ( 'NONE',  ( 0.7999999999999964900, 0.4299999999999999400, 0.4375000000000198200 ) ) ;
#1209 = ADVANCED_FACE ( 'NONE', ( #7224 ), #836, .T. ) ;
#1210 = UNCERTAINTY_MEASURE_WITH_UNIT (LENGTH_MEASURE( 1.000000000000000100E-005 ), #5596, 'distance_accuracy_value', 'NONE');
#1211 = CARTESIAN_POINT ( 'NONE',  ( -0.1274492939561577300, 0.4798999999999999400, -0.05533040091596191200 ) ) ;
#1212 = CARTESIAN_POINT ( 'NONE',  ( 0.04669532148523342800, 0.4798999999999999400, -0.009469382158437138600 ) ) ;
#1213 = CARTESIAN_POINT ( 'NONE',  ( -0.4682485887711767500, 0.4798999999999999400, -0.05073540779946292300 ) ) ;
#1214 = CARTESIAN_POINT ( 'NONE',  ( 0.1768978239120060400, 0.4799999999999997000, 0.04747891016047412600 ) ) ;
#1215 = DIRECTION ( 'NONE',  ( -0.0000000000000000000, 1.000000000000000000, -0.0000000000000000000 ) ) ;
#1216 = CARTESIAN_POINT ( 'NONE',  ( -0.05667006313015115300, 0.4799999999999999800, 0.006836707585152607800 ) ) ;
#1217 = EDGE_CURVE ( 'NONE', #9146, #1146, #2523, .T. ) ;
#1218 = CARTESIAN_POINT ( 'NONE',  ( -0.07876806594008084500, 0.4799999999999999800, 0.06869389787143942400 ) ) ;
#1219 = ORIENTED_EDGE ( 'NONE', *, *, #3082, .F. ) ;
#1220 = PRESENTATION_STYLE_ASSIGNMENT (( #6033 ) ) ;
#1221 = DIRECTION ( 'NONE',  ( 0.0000000000000000000, 1.000000000000000000, 0.0000000000000000000 ) ) ;
#1222 = MECHANICAL_DESIGN_GEOMETRIC_PRESENTATION_REPRESENTATION (  '', ( #9078 ), #1711 ) ;
#1223 = CARTESIAN_POINT ( 'NONE',  ( -0.1897405826841074300, 0.4799999999999999800, 0.02365132395241151600 ) ) ;
#1224 = CARTESIAN_POINT ( 'NONE',  ( 0.08383215328892838800, 0.4799999999999999800, 0.06868626609596162300 ) ) ;
#1225 = CARTESIAN_POINT ( 'NONE',  ( 0.3031055778954899200, 0.4798999999999999400, 0.02065882296976799500 ) ) ;
#1226 = FILL_AREA_STYLE ('',( #1992 ) ) ;
#1227 = CARTESIAN_POINT ( 'NONE',  ( 0.1235453828117001500, 0.4799999999999998700, 0.001727543932799368400 ) ) ;
#1228 = CARTESIAN_POINT ( 'NONE',  ( 0.2723657610477038200, 0.4798999999999999400, -0.03706653172422581100 ) ) ;
#1229 = STYLED_ITEM ( 'NONE', ( #7098 ), #6079 ) ;
#1230 = B_SPLINE_CURVE_WITH_KNOTS ( 'NONE', 3,
 ( #793, #68, #7968, #3692, #8690, #4401, #95, #5115, #828, #5857, #1546, #6572, #2280, #7285, #3018, #8000, #3725, #8719, #4656, #8786, #4502, #209, #5226, #923, #5960, #1659, #6677 ),
 .UNSPECIFIED., .F., .F.,
 ( 4, 1, 1, 1, 1, 1, 1, 1, 1, 1, 1, 1, 1, 1, 1, 1, 1, 1, 1, 1, 1, 1, 1, 1, 4 ),
 ( 0.0000000000000000000, 0.06311445839479325200, 0.1236146457694899300, 0.1809737111859574500, 0.2352614550083218500, 0.2871007018338718700, 0.3360307363034435400, 0.3823823485850659800, 0.4263340836597069900, 0.4682106947981599100, 0.5082496012618051800, 0.5466283366065848300, 0.5836495392304461600, 0.6189943150301618900, 0.6535830186205959800, 0.6871561361903311100, 0.7204221919788076400, 0.7532302188118164000, 0.7862601560779000100, 0.8195039834988837600, 0.8535452747120179100, 0.8883082803397297500, 0.9239958607406944000, 0.9613503047546446700, 1.000000000000000000 ),
 .UNSPECIFIED. ) ;
#1231 = CARTESIAN_POINT ( 'NONE',  ( -0.2399663942420156000, 0.4799999999999999800, -0.03007061762506919900 ) ) ;
#1232 = CARTESIAN_POINT ( 'NONE',  ( -0.05319334240610461300, 0.4799999999999999800, -0.08121591970315698800 ) ) ;
#1233 = STYLED_ITEM ( 'NONE', ( #1853 ), #915 ) ;
#1234 = CARTESIAN_POINT ( 'NONE',  ( -0.1923665477870603000, 0.4798999999999999400, 0.05175695748006946300 ) ) ;
#1235 = CARTESIAN_POINT ( 'NONE',  ( 0.5213490526628203900, 0.4798999999999999900, 0.03144364738419130900 ) ) ;
#1236 = AXIS2_PLACEMENT_3D ( 'NONE', #3181, #8177, #3903 ) ;
#1237 = DIRECTION ( 'NONE',  ( 0.0000000000000000000, 0.0000000000000000000, 1.000000000000000000 ) ) ;
#1238 =( NAMED_UNIT ( * ) SI_UNIT ( $, .STERADIAN. ) SOLID_ANGLE_UNIT ( ) );
#1239 =( NAMED_UNIT ( * ) PLANE_ANGLE_UNIT ( ) SI_UNIT ( $, .RADIAN. ) );
#1240 = CARTESIAN_POINT ( 'NONE',  ( -0.2174072426173306600, 0.4798999999999999400, 0.03155625886720389600 ) ) ;
#1241 = VECTOR ( 'NONE', #463, 1000.000000000000000 ) ;
#1242 = CARTESIAN_POINT ( 'NONE',  ( 0.08355178776986742200, 0.4798999999999999400, -0.08763974422643290600 ) ) ;
#1243 = CARTESIAN_POINT ( 'NONE',  ( 0.03890032558196515600, 0.4800000000000000900, 0.07025536347805212700 ) ) ;
#1244 = CARTESIAN_POINT ( 'NONE',  ( -0.04340644685049665400, 0.4798999999999999400, 0.05501246494551027100 ) ) ;
#1245 = CARTESIAN_POINT ( 'NONE',  ( 0.5011825009724130100, 0.4798999999999999400, 0.08924856655951161900 ) ) ;
#1246 = EDGE_CURVE ( 'NONE', #3698, #8447, #6334, .T. ) ;
#1247 = UNCERTAINTY_MEASURE_WITH_UNIT (LENGTH_MEASURE( 1.000000000000000100E-005 ), #1002, 'distance_accuracy_value', 'NONE');
#1248 = CARTESIAN_POINT ( 'NONE',  ( -0.2429189414552248000, 0.4798999999999999400, -0.02903634010498853600 ) ) ;
#1249 = PRESENTATION_STYLE_ASSIGNMENT (( #2285 ) ) ;
#1250 = CARTESIAN_POINT ( 'NONE',  ( -0.2350635510725072300, 0.4798999999999999400, -0.08091156875724109200 ) ) ;
#1251 = CARTESIAN_POINT ( 'NONE',  ( 0.2149124876560090400, 0.4798999999999999400, 0.06189050272964937600 ) ) ;
#1252 = FILL_AREA_STYLE ('',( #508 ) ) ;
#1253 = SURFACE_SIDE_STYLE ('',( #5040 ) ) ;
#1254 = DIRECTION ( 'NONE',  ( 0.0000000000000000000, 0.0000000000000000000, 1.000000000000000000 ) ) ;
#1255 = ADVANCED_FACE ( 'NONE', ( #598 ), #6721, .F. ) ;
#1256 = CARTESIAN_POINT ( 'NONE',  ( 0.2965513324230236200, 0.4799999999999994800, -0.01091416471019558900 ) ) ;
#1257 = VERTEX_POINT ( 'NONE', #6579 ) ;
#1258 = ORIENTED_EDGE ( 'NONE', *, *, #1450, .F. ) ;
#1259 = ORIENTED_EDGE ( 'NONE', *, *, #6475, .F. ) ;
#1260 = EDGE_LOOP ( 'NONE', ( #1131, #4650, #2410, #4223 ) ) ;
#1261 = AXIS2_PLACEMENT_3D ( 'NONE', #1151, #6185, #1888 ) ;
#1262 = MECHANICAL_DESIGN_GEOMETRIC_PRESENTATION_REPRESENTATION (  '', ( #313 ), #1759 ) ;
#1263 = FACE_OUTER_BOUND ( 'NONE', #4259, .T. ) ;
#1264 = CARTESIAN_POINT ( 'NONE',  ( -0.2598202068999455600, 0.4798999999999999400, 0.08921923757523406200 ) ) ;
#1265 = CARTESIAN_POINT ( 'NONE',  ( -0.5199713451814332900, 0.4798999999999999400, 0.08924856655951159100 ) ) ;
#1266 = ORIENTED_EDGE ( 'NONE', *, *, #5281, .T. ) ;
#1267 = PRESENTATION_STYLE_ASSIGNMENT (( #3161 ) ) ;
#1268 = ORIENTED_EDGE ( 'NONE', *, *, #2423, .T. ) ;
#1269 = CARTESIAN_POINT ( 'NONE',  ( 0.1230218031791311500, 0.4799999999999999800, -0.03077029931692288100 ) ) ;
#1270 = ORIENTED_EDGE ( 'NONE', *, *, #5993, .T. ) ;
#1271 = EDGE_LOOP ( 'NONE', ( #6777, #2675, #3442, #3517 ) ) ;
#1272 = DIRECTION ( 'NONE',  ( -1.000000000000000000, 0.0000000000000000000, 0.0000000000000000000 ) ) ;
#1273 = CARTESIAN_POINT ( 'NONE',  ( 0.03180641310740318200, 0.4799999999999999800, 0.05750138188775518600 ) ) ;
#1274 = CARTESIAN_POINT ( 'NONE',  ( 0.2608845382875773500, 0.4799999999999999800, 0.06159533313372909200 ) ) ;
#1275 = VECTOR ( 'NONE', #3193, 1000.000000000000000 ) ;
#1276 = PRESENTATION_STYLE_ASSIGNMENT (( #6320 ) ) ;
#1277 = FILL_AREA_STYLE_COLOUR ( '', #6544 ) ;
#1278 = UNCERTAINTY_MEASURE_WITH_UNIT (LENGTH_MEASURE( 1.000000000000000100E-005 ), #4936, 'distance_accuracy_value', 'NONE');
#1279 = CARTESIAN_POINT ( 'NONE',  ( -0.8000000000000037100, 0.4099999999999999200, -0.4999999999999813500 ) ) ;
#1280 = ORIENTED_EDGE ( 'NONE', *, *, #1404, .F. ) ;
#1281 = CARTESIAN_POINT ( 'NONE',  ( 0.06370159669486658000, 0.4799999999999999800, -0.08001655138613679400 ) ) ;
#1282 = COLOUR_RGB ( '',0.2509803921568627400, 0.2509803921568627400, 0.2509803921568627400 ) ;
#1283 = PRESENTATION_LAYER_ASSIGNMENT (  '', '', ( #806 ) ) ;
#1284 = SURFACE_STYLE_FILL_AREA ( #3847 ) ;
#1285 = CARTESIAN_POINT ( 'NONE',  ( 0.02124601488228773600, 0.4798999999999999400, 0.003818150772442295200 ) ) ;
#1286 = PRESENTATION_LAYER_ASSIGNMENT (  '', '', ( #1773 ) ) ;
#1287 = CARTESIAN_POINT ( 'NONE',  ( -0.03535596056604862300, 0.4799999999999999800, 0.03383991271335774800 ) ) ;
#1288 =( NAMED_UNIT ( * ) SI_UNIT ( $, .STERADIAN. ) SOLID_ANGLE_UNIT ( ) );
#1289 = CARTESIAN_POINT ( 'NONE',  ( -0.2261530762044873000, 0.4799999999999999800, -0.04667854455628436100 ) ) ;
#1290 = VERTEX_POINT ( 'NONE', #7158 ) ;
#1291 = SURFACE_STYLE_FILL_AREA ( #6791 ) ;
#1292 = CARTESIAN_POINT ( 'NONE',  ( -0.08531589646348447500, 0.4800000000000000400, -0.09023861292766789700 ) ) ;
#1293 = SURFACE_SIDE_STYLE ('',( #6783 ) ) ;
#1294 = CARTESIAN_POINT ( 'NONE',  ( 0.3022355724466071500, 0.4799999999999999800, 0.03371903194100104400 ) ) ;
#1295 = SURFACE_STYLE_USAGE ( .BOTH. , #1253 ) ;
#1296 = CARTESIAN_POINT ( 'NONE',  ( -0.2011801573400732200, 0.4798999999999999400, -0.07933210060849375800 ) ) ;
#1297 = CARTESIAN_POINT ( 'NONE',  ( -0.2438958145958427500, 0.4799999999999999800, 0.06491667084299003500 ) ) ;
#1298 = EDGE_CURVE ( 'NONE', #8432, #6211, #9231, .T. ) ;
#1299 = AXIS2_PLACEMENT_3D ( 'NONE', #5300, #1675, #949 ) ;
#1300 = CARTESIAN_POINT ( 'NONE',  ( -0.04184634518143325000, 0.4798999999999999400, -0.01587963856869354900 ) ) ;
#1301 = ORIENTED_EDGE ( 'NONE', *, *, #2270, .T. ) ;
#1302 = STYLED_ITEM ( 'NONE', ( #1699 ), #8499 ) ;
#1303 = CARTESIAN_POINT ( 'NONE',  ( -0.1558687810788690900, 0.4799999999999999800, -0.05854790779946279100 ) ) ;
#1304 = PRESENTATION_LAYER_ASSIGNMENT (  '', '', ( #339 ) ) ;
#1305 = CARTESIAN_POINT ( 'NONE',  ( 0.2723657610477038200, 0.4798999999999999400, -0.03706653172422581100 ) ) ;
#1306 = DIRECTION ( 'NONE',  ( 1.260700200564540100E-016, 0.0000000000000000000, 1.000000000000000000 ) ) ;
#1307 = CARTESIAN_POINT ( 'NONE',  ( -0.03625623178681137300, 0.4798999999999999400, -0.1000596887812456500 ) ) ;
#1308 = CARTESIAN_POINT ( 'NONE',  ( 0.08904522195655374700, 0.4799999999999999800, -0.08754271233583353600 ) ) ;
#1309 = CARTESIAN_POINT ( 'NONE',  ( 0.2165528383142737200, 0.4799999999999999800, -0.01611093043147043100 ) ) ;
#1310 = UNCERTAINTY_MEASURE_WITH_UNIT (LENGTH_MEASURE( 1.000000000000000100E-005 ), #5066, 'distance_accuracy_value', 'NONE');
#1311 = FACE_OUTER_BOUND ( 'NONE', #3971, .T. ) ;
#1312 = SURFACE_STYLE_USAGE ( .BOTH. , #5620 ) ;
#1313 = ORIENTED_EDGE ( 'NONE', *, *, #6495, .F. ) ;
#1314 = ADVANCED_FACE ( 'NONE', ( #5428 ), #6628, .T. ) ;
#1315 = DIRECTION ( 'NONE',  ( 1.000000000000000000, 0.0000000000000000000, 0.0000000000000000000 ) ) ;
#1316 = EDGE_CURVE ( 'NONE', #5200, #6338, #2335, .T. ) ;
#1317 = SURFACE_SIDE_STYLE ('',( #3653 ) ) ;
#1318 = ORIENTED_EDGE ( 'NONE', *, *, #7307, .T. ) ;
#1319 = ORIENTED_EDGE ( 'NONE', *, *, #4599, .F. ) ;
#1320 = CARTESIAN_POINT ( 'NONE',  ( 0.02503808343326465200, 0.4799999999999999800, -0.05467564024015162500 ) ) ;
#1321 = PLANE ( 'NONE',  #4354 ) ;
#1322 = DIRECTION ( 'NONE',  ( -0.0000000000000000000, -1.000000000000000000, -0.0000000000000000000 ) ) ;
#1323 = CARTESIAN_POINT ( 'NONE',  ( -0.1251837526485609400, 0.4800000000000000400, -0.07186158050225668900 ) ) ;
#1324 = CARTESIAN_POINT ( 'NONE',  ( -0.03805016117451963400, 0.4798999999999999400, 0.02168921148873671400 ) ) ;
#1325 = CARTESIAN_POINT ( 'NONE',  ( 0.2878010907160026800, 0.4798999999999999400, 0.06753382296976800900 ) ) ;
#1326 =( LENGTH_UNIT ( ) NAMED_UNIT ( * ) SI_UNIT ( .MILLI., .METRE. ) );
#1327 = CARTESIAN_POINT ( 'NONE',  ( -0.2182125895988887300, 0.4799999999999999800, 0.04056900208979509500 ) ) ;
#1328 = DIRECTION ( 'NONE',  ( -1.000000000000000000, -0.0000000000000000000, -0.0000000000000000000 ) ) ;
#1329 = CARTESIAN_POINT ( 'NONE',  ( -0.1557970592202259900, 0.4799999999999999800, -0.05630875115672507500 ) ) ;
#1330 = CARTESIAN_POINT ( 'NONE',  ( -0.6800000000000000500, 0.4099999999999999200, 0.3799999999999998900 ) ) ;
#1331 = CARTESIAN_POINT ( 'NONE',  ( -0.5300000000000022500, 0.0000000000000000000, -0.4299999999999967700 ) ) ;
#1332 = B_SPLINE_CURVE_WITH_KNOTS ( 'NONE', 3,
 ( #4681, #8956, #5395, #1089, #6128, #1813, #6833, #2553, #7556, #3272, #8277 ),
 .UNSPECIFIED., .F., .F.,
 ( 4, 1, 1, 1, 1, 1, 1, 1, 4 ),
 ( 0.0000000000000000000, 0.1669801744060301100, 0.3208066328848155300, 0.4631345048703172700, 0.5942480539785204300, 0.7123671525397421400, 0.8194549510427506800, 0.9157522665813516700, 1.000000000000000000 ),
 .UNSPECIFIED. ) ;
#1333 = CARTESIAN_POINT ( 'NONE',  ( 0.7999999999999961600, 0.4099999999999999200, -0.4374999999999813500 ) ) ;
#1334 = DIRECTION ( 'NONE',  ( -1.000000000000000000, 0.0000000000000000000, 1.260700200564540300E-016 ) ) ;
#1335 = DIRECTION ( 'NONE',  ( 0.0000000000000000000, 0.0000000000000000000, 1.000000000000000000 ) ) ;
#1336 = CARTESIAN_POINT ( 'NONE',  ( -0.2144869428414484000, 0.4800000000000000900, -0.01097449533172405700 ) ) ;
#1337 = CARTESIAN_POINT ( 'NONE',  ( 0.1001385129845388700, 0.4798999999999999400, -0.1093176722179369000 ) ) ;
#1338 = AXIS2_PLACEMENT_3D ( 'NONE', #7879, #3611, #8602 ) ;
#1339 = DIRECTION ( 'NONE',  ( -0.0000000000000000000, 1.000000000000000000, -0.0000000000000000000 ) ) ;
#1340 = ORIENTED_EDGE ( 'NONE', *, *, #1217, .T. ) ;
#1341 = DIRECTION ( 'NONE',  ( 1.000000000000000000, 0.0000000000000000000, 0.0000000000000000000 ) ) ;
#1342 = CARTESIAN_POINT ( 'NONE',  ( -0.009246681655037223800, 0.4799999999999999800, 0.04793013759008325800 ) ) ;
#1343 = LINE ( 'NONE', #7497, #3269 ) ;
#1344 = EDGE_CURVE ( 'NONE', #3558, #589, #8324, .T. ) ;
#1345 = CARTESIAN_POINT ( 'NONE',  ( 0.06115688652624488200, 0.4799999999999999800, -0.1065641130166651300 ) ) ;
#1346 = CARTESIAN_POINT ( 'NONE',  ( 0.04669532148523342800, 0.4798999999999999400, -0.009469382158437138600 ) ) ;
#1347 = CARTESIAN_POINT ( 'NONE',  ( 0.3553126009238754500, 0.4799999999999999800, 0.7911424783578406800 ) ) ;
#1348 = FILL_AREA_STYLE ('',( #3502 ) ) ;
#1349 = CARTESIAN_POINT ( 'NONE',  ( -0.05667006313015115300, 0.4799999999999999800, 0.006836707585152607800 ) ) ;
#1350 = CARTESIAN_POINT ( 'NONE',  ( 0.1776054577323046000, 0.4799999999999999800, 0.7829230940194084100 ) ) ;
#1351 =( NAMED_UNIT ( * ) PLANE_ANGLE_UNIT ( ) SI_UNIT ( $, .RADIAN. ) );
#1352 = SURFACE_STYLE_FILL_AREA ( #3811 ) ;
#1353 = DIRECTION ( 'NONE',  ( 0.0000000000000000000, 1.000000000000000000, -0.0000000000000000000 ) ) ;
#1354 = CARTESIAN_POINT ( 'NONE',  ( -0.1979729651524991500, 0.4799999999999998700, 0.06335595866010169900 ) ) ;
#1355 = EDGE_CURVE ( 'NONE', #6871, #8441, #936, .T. ) ;
#1356 = ADVANCED_FACE ( 'NONE', ( #4745 ), #3564, .T. ) ;
#1357 = FILL_AREA_STYLE ('',( #7785 ) ) ;
#1358 = STYLED_ITEM ( 'NONE', ( #5290 ), #6361 ) ;
#1359 = COLOUR_RGB ( '',0.2509803921568627400, 0.2509803921568627400, 0.2509803921568627400 ) ;
#1360 = CARTESIAN_POINT ( 'NONE',  ( -0.04184634518143325000, 0.4799999999999999800, -0.01587963856869354900 ) ) ;
#1361 = CARTESIAN_POINT ( 'NONE',  ( 0.3773042958442078300, 0.4798999999999999400, 0.02077901527746031300 ) ) ;
#1362 = CARTESIAN_POINT ( 'NONE',  ( -0.1556559860883113000, 0.4799999999999999800, -0.05190444755368325800 ) ) ;
#1363 = COLOUR_RGB ( '',0.2509803921568627400, 0.2509803921568627400, 0.2509803921568627400 ) ;
#1364 = AXIS2_PLACEMENT_3D ( 'NONE', #4442, #7288, #171 ) ;
#1365 = DIRECTION ( 'NONE',  ( 0.0000000000000000000, 1.000000000000000000, 0.0000000000000000000 ) ) ;
#1366 = SURFACE_SIDE_STYLE ('',( #1386 ) ) ;
#1367 = CARTESIAN_POINT ( 'NONE',  ( -0.1274492939561577300, 0.4799999999999999800, -0.05533040091596191200 ) ) ;
#1368 = CARTESIAN_POINT ( 'NONE',  ( 0.2504075736359697700, 0.4799999999999999800, -0.04392766928028109900 ) ) ;
#1369 = CIRCLE ( 'NONE', #4956, 0.06250000000000000000 ) ;
#1370 = EDGE_CURVE ( 'NONE', #5835, #5880, #5667, .T. ) ;
#1371 = COLOUR_RGB ( '',0.7529411764705882200, 0.7529411764705882200, 0.7529411764705882200 ) ;
#1372 = CARTESIAN_POINT ( 'NONE',  ( -0.1946355531194874900, 0.4798999999999999400, 0.008645845033746000000 ) ) ;
#1373 = CARTESIAN_POINT ( 'NONE',  ( 0.1334366668808582800, 0.4799999999999996500, -0.08575682325369528300 ) ) ;
#1374 = VERTEX_POINT ( 'NONE', #643 ) ;
#1375 = CARTESIAN_POINT ( 'NONE',  ( 0.04458355294912030200, 0.4799999999999999800, 0.07714893593044150300 ) ) ;
#1376 = ORIENTED_EDGE ( 'NONE', *, *, #4276, .T. ) ;
#1377 = ORIENTED_EDGE ( 'NONE', *, *, #6938, .F. ) ;
#1378 = CARTESIAN_POINT ( 'NONE',  ( -0.2174072426173306600, 0.4799999999999998700, 0.03155625886720389600 ) ) ;
#1379 = SURFACE_STYLE_USAGE ( .BOTH. , #5698 ) ;
#1380 = UNCERTAINTY_MEASURE_WITH_UNIT (LENGTH_MEASURE( 1.000000000000000100E-005 ), #8236, 'distance_accuracy_value', 'NONE');
#1381 = CARTESIAN_POINT ( 'NONE',  ( -0.06965266600895517200, 0.4799999999999999800, 0.09156591295471074000 ) ) ;
#1382 = ORIENTED_EDGE ( 'NONE', *, *, #349, .T. ) ;
#1383 = EDGE_LOOP ( 'NONE', ( #8940, #7366, #5539, #4065 ) ) ;
#1384 =( NAMED_UNIT ( * ) PLANE_ANGLE_UNIT ( ) SI_UNIT ( $, .RADIAN. ) );
#1385 = CARTESIAN_POINT ( 'NONE',  ( 0.06357449389413390200, 0.4798999999999999400, 0.06032578304330774000 ) ) ;
#1386 = SURFACE_STYLE_FILL_AREA ( #5686 ) ;
#1387 = SURFACE_SIDE_STYLE ('',( #5517 ) ) ;
#1388 = ORIENTED_EDGE ( 'NONE', *, *, #4759, .F. ) ;
#1389 = CARTESIAN_POINT ( 'NONE',  ( -0.09249789922386361700, 0.4799999999999998700, 0.09133319993347403800 ) ) ;
#1390 = DIRECTION ( 'NONE',  ( -1.000000000000000000, 0.0000000000000000000, 3.614007241618347900E-017 ) ) ;
#1391 = VERTEX_POINT ( 'NONE', #4471 ) ;
#1392 = CARTESIAN_POINT ( 'NONE',  ( 0.1403171559899196700, 0.4799999999999999800, 0.05289694716536126600 ) ) ;
#1393 =( NAMED_UNIT ( * ) SI_UNIT ( $, .STERADIAN. ) SOLID_ANGLE_UNIT ( ) );
#1394 = DIRECTION ( 'NONE',  ( 0.0000000000000000000, 0.0000000000000000000, 1.000000000000000000 ) ) ;
#1395 = CARTESIAN_POINT ( 'NONE',  ( -0.2312180814100120200, 0.4798999999999999400, 0.08608838304360219600 ) ) ;
#1396 = SURFACE_STYLE_FILL_AREA ( #5225 ) ;
#1397 = ORIENTED_EDGE ( 'NONE', *, *, #1856, .T. ) ;
#1398 = CARTESIAN_POINT ( 'NONE',  ( -0.04040835229455207200, 0.4798999999999999400, -0.01521663150329944300 ) ) ;
#1399 = CARTESIAN_POINT ( 'NONE',  ( 0.7374999999999964900, 0.4099999999999999200, 0.5000000000000196500 ) ) ;
#1400 = LINE ( 'NONE', #6646, #3318 ) ;
#1401 = PRESENTATION_LAYER_ASSIGNMENT (  '', '', ( #420 ) ) ;
#1402 = ORIENTED_EDGE ( 'NONE', *, *, #4139, .F. ) ;
#1403 = CARTESIAN_POINT ( 'NONE',  ( -0.1541464173412422900, 0.4799999999999999800, -0.04549964835610165200 ) ) ;
#1404 = EDGE_CURVE ( 'NONE', #5544, #965, #1941, .T. ) ;
#1405 = LINE ( 'NONE', #6532, #6887 ) ;
#1406 = CARTESIAN_POINT ( 'NONE',  ( -0.2174567771945788200, 0.4798999999999999400, 0.03310736051869686600 ) ) ;
#1407 = PRESENTATION_LAYER_ASSIGNMENT (  '', '', ( #422 ) ) ;
#1408 = CARTESIAN_POINT ( 'NONE',  ( -0.2386573472971702500, 0.4799999999999999800, -0.08322929943278456500 ) ) ;
#1409 = CARTESIAN_POINT ( 'NONE',  ( 0.2760807416781954100, 0.4798999999999999400, 0.008406044824504240600 ) ) ;
#1410 = CARTESIAN_POINT ( 'NONE',  ( 0.02105429584420780800, 0.4800000000000000900, -0.009389253953308930200 ) ) ;
#1411 = ORIENTED_EDGE ( 'NONE', *, *, #3489, .T. ) ;
#1412 = CARTESIAN_POINT ( 'NONE',  ( 0.3021875179232326200, 0.4799999999999999800, 0.007116590152036028600 ) ) ;
#1413 = FACE_OUTER_BOUND ( 'NONE', #474, .T. ) ;
#1414 = CARTESIAN_POINT ( 'NONE',  ( -0.1892356338901098300, 0.4800000000000000900, 0.03054027317155935000 ) ) ;
#1415 = CARTESIAN_POINT ( 'NONE',  ( 0.1475888008084116100, 0.4798999999999999400, -0.04144015126454014100 ) ) ;
#1416 = CARTESIAN_POINT ( 'NONE',  ( 0.04669532148523342800, 0.4799999999999999300, -0.009469382158437138600 ) ) ;
#1417 = CARTESIAN_POINT ( 'NONE',  ( -0.04828185556634684300, 0.4798999999999999400, -0.07610084371244564500 ) ) ;
#1418 = EDGE_CURVE ( 'NONE', #2996, #1938, #7318, .T. ) ;
#1419 = CARTESIAN_POINT ( 'NONE',  ( -0.2291091149263282100, 0.4798999999999999400, 0.004785741720727017600 ) ) ;
#1420 = DIRECTION ( 'NONE',  ( -0.0000000000000000000, 1.000000000000000000, -0.0000000000000000000 ) ) ;
#1421 = ORIENTED_EDGE ( 'NONE', *, *, #6164, .T. ) ;
#1422 = AXIS2_PLACEMENT_3D ( 'NONE', #5685, #1365, #6397 ) ;
#1423 =( NAMED_UNIT ( * ) PLANE_ANGLE_UNIT ( ) SI_UNIT ( $, .RADIAN. ) );
#1424 = STYLED_ITEM ( 'NONE', ( #8342 ), #5505 ) ;
#1425 =( GEOMETRIC_REPRESENTATION_CONTEXT ( 3 ) GLOBAL_UNCERTAINTY_ASSIGNED_CONTEXT ( ( #2511 ) ) GLOBAL_UNIT_ASSIGNED_CONTEXT ( ( #37, #5056, #768 ) ) REPRESENTATION_CONTEXT ( 'NONE', 'WORKASPACE' ) );
#1426 = FILL_AREA_STYLE_COLOUR ( '', #1359 ) ;
#1427 = CARTESIAN_POINT ( 'NONE',  ( 0.2720360169126763700, 0.4798999999999999400, 0.08243041134035139500 ) ) ;
#1428 =( NAMED_UNIT ( * ) SI_UNIT ( $, .STERADIAN. ) SOLID_ANGLE_UNIT ( ) );
#1429 = DIRECTION ( 'NONE',  ( -0.0000000000000000000, 1.000000000000000000, -0.0000000000000000000 ) ) ;
#1430 = CARTESIAN_POINT ( 'NONE',  ( -0.1288689737070422300, 0.4798999999999999400, 0.08124240229316423400 ) ) ;
#1431 = CARTESIAN_POINT ( 'NONE',  ( 0.2750270306551428300, 0.4799999999999999800, 0.004287090166399186400 ) ) ;
#1432 = CARTESIAN_POINT ( 'NONE',  ( 0.09544190142548481000, 0.4799999999999999800, 0.09120588477360760900 ) ) ;
#1433 = ORIENTED_EDGE ( 'NONE', *, *, #5042, .T. ) ;
#1434 = CARTESIAN_POINT ( 'NONE',  ( -0.2523242962202639800, 0.4799999999999999800, 0.06598557465364053600 ) ) ;
#1435 = PLANE ( 'NONE',  #1895 ) ;
#1436 = STYLED_ITEM ( 'NONE', ( #1997 ), #555 ) ;
#1437 = STYLED_ITEM ( 'NONE', ( #4714 ), #9010 ) ;
#1438 = SURFACE_STYLE_USAGE ( .BOTH. , #5745 ) ;
#1439 = FILL_AREA_STYLE ('',( #2837 ) ) ;
#1440 = EDGE_LOOP ( 'NONE', ( #5894, #602, #478, #2832 ) ) ;
#1441 = CARTESIAN_POINT ( 'NONE',  ( 0.2647122879903848800, 0.4799999999999995900, -0.01221868805007557700 ) ) ;
#1442 = CARTESIAN_POINT ( 'NONE',  ( 0.02503808343326465200, 0.4798999999999999400, -0.05467564024015162500 ) ) ;
#1443 = CARTESIAN_POINT ( 'NONE',  ( -0.04340644685049665400, 0.4799999999999999800, 0.05501246494551027100 ) ) ;
#1444 = CARTESIAN_POINT ( 'NONE',  ( 0.1492594240493360100, 0.4799999999999996500, -0.009389253953308930200 ) ) ;
#1445 = CARTESIAN_POINT ( 'NONE',  ( 0.05276525560283303100, 0.4798999999999999400, 0.04398218119757751200 ) ) ;
#1446 = CARTESIAN_POINT ( 'NONE',  ( -0.04626340368377569000, 0.4798999999999999400, -0.07313697926204562600 ) ) ;
#1447 = CARTESIAN_POINT ( 'NONE',  ( -0.2627850316823737700, 0.4799999999999998700, -0.003030374750599459900 ) ) ;
#1448 = CARTESIAN_POINT ( 'NONE',  ( -0.5498992297968178200, 0.4799999999999999800, 0.08924856655951159100 ) ) ;
#1449 = EDGE_CURVE ( 'NONE', #3698, #1084, #3858, .T. ) ;
#1450 = EDGE_CURVE ( 'NONE', #7886, #549, #4676, .T. ) ;
#1451 = CARTESIAN_POINT ( 'NONE',  ( 0.1475804547541854400, 0.4798999999999999400, 0.02219045439251033500 ) ) ;
#1452 = CARTESIAN_POINT ( 'NONE',  ( -0.1263415374891254900, 0.4799999999999999800, -0.01531874113279610300 ) ) ;
#1453 = DIRECTION ( 'NONE',  ( -0.0000000000000000000, 0.0000000000000000000, -1.000000000000000000 ) ) ;
#1454 = FACE_BOUND ( 'NONE', #1736, .T. ) ;
#1455 =( NAMED_UNIT ( * ) PLANE_ANGLE_UNIT ( ) SI_UNIT ( $, .RADIAN. ) );
#1456 = CARTESIAN_POINT ( 'NONE',  ( 0.2034524922086894400, 0.4799999999999999800, 0.04494033439981355600 ) ) ;
#1457 = DIRECTION ( 'NONE',  ( 0.9379369179566201500, 0.0000000000000000000, 0.3468059081590688100 ) ) ;
#1458 = CARTESIAN_POINT ( 'NONE',  ( -0.1501675022324114300, 0.4799999999999998700, 0.06225760382893177200 ) ) ;
#1459 = CARTESIAN_POINT ( 'NONE',  ( 0.2373203214852334900, 0.4799999999999999800, -0.02100784369689868300 ) ) ;
#1460 = CARTESIAN_POINT ( 'NONE',  ( 0.08515685994677196800, 0.4799999999999999800, 0.09181266912361416000 ) ) ;
#1461 = DIRECTION ( 'NONE',  ( 0.0000000000000000000, 0.0000000000000000000, 1.000000000000000000 ) ) ;
#1462 = ORIENTED_EDGE ( 'NONE', *, *, #997, .F. ) ;
#1463 = FACE_OUTER_BOUND ( 'NONE', #1599, .T. ) ;
#1464 = CARTESIAN_POINT ( 'NONE',  ( 0.1230218031791311500, 0.4799999999999995400, -0.03077029931692288100 ) ) ;
#1465 = CARTESIAN_POINT ( 'NONE',  ( 0.2389239114301632800, 0.4798999999999999400, -0.02096326346449288400 ) ) ;
#1466 = CARTESIAN_POINT ( 'NONE',  ( 0.03705658940049848900, 0.4800000000000000900, -0.08596860285159385600 ) ) ;
#1467 = VECTOR ( 'NONE', #6064, 1000.000000000000000 ) ;
#1468 = AXIS2_PLACEMENT_3D ( 'NONE', #2014, #7025, #2751 ) ;
#1469 = CARTESIAN_POINT ( 'NONE',  ( 0.4460426604454859100, 0.4798999999999999400, -0.06213982481510015700 ) ) ;
#1470 = FILL_AREA_STYLE ('',( #2706 ) ) ;
#1471 = CARTESIAN_POINT ( 'NONE',  ( 0.07011175412551617900, 0.4799999999999999300, 0.06508146422976449100 ) ) ;
#1472 = STYLED_ITEM ( 'NONE', ( #4983 ), #4891 ) ;
#1473 = CARTESIAN_POINT ( 'NONE',  ( -0.04453188316987665600, 0.4798999999999999400, -0.06991363736588157600 ) ) ;
#1474 = SURFACE_SIDE_STYLE ('',( #8345 ) ) ;
#1475 = CARTESIAN_POINT ( 'NONE',  ( 0.1172879097797329800, 0.4798999999999999400, 0.08342377481319475400 ) ) ;
#1476 = CARTESIAN_POINT ( 'NONE',  ( 0.08487641122882323700, 0.4799999999999999800, -0.08767451036356532800 ) ) ;
#1477 = EDGE_CURVE ( 'NONE', #3188, #5141, #1332, .T. ) ;
#1478 = SURFACE_SIDE_STYLE ('',( #6186 ) ) ;
#1479 = CARTESIAN_POINT ( 'NONE',  ( 0.3933800605922543900, 0.4799999999999999800, 0.03735511227333245700 ) ) ;
#1480 = CARTESIAN_POINT ( 'NONE',  ( 0.2359574670481951200, 0.4799999999999999800, 0.06869806578207557400 ) ) ;
#1481 = CARTESIAN_POINT ( 'NONE',  ( -0.1627255969315809200, 0.4798999999999999400, 0.03036162415774828300 ) ) ;
#1482 = CARTESIAN_POINT ( 'NONE',  ( 0.3031055778954899200, 0.4798999999999999400, 0.02065882296976799500 ) ) ;
#1483 = CARTESIAN_POINT ( 'NONE',  ( 0.04931043265204651500, 0.4798999999999999400, 0.08102610550915929900 ) ) ;
#1484 = UNCERTAINTY_MEASURE_WITH_UNIT (LENGTH_MEASURE( 1.000000000000000100E-005 ), #3511, 'distance_accuracy_value', 'NONE');
#1485 = CARTESIAN_POINT ( 'NONE',  ( -0.2462655905534579200, 0.4798999999999999400, 0.06535306749464529800 ) ) ;
#1486 = SURFACE_STYLE_USAGE ( .BOTH. , #5803 ) ;
#1487 = COLOUR_RGB ( '',0.2509803921568627400, 0.2509803921568627400, 0.2509803921568627400 ) ;
#1488 = EDGE_CURVE ( 'NONE', #1776, #2253, #3039, .T. ) ;
#1489 = STYLED_ITEM ( 'NONE', ( #3842 ), #6850 ) ;
#1490 = FACE_OUTER_BOUND ( 'NONE', #3976, .T. ) ;
#1491 =( NAMED_UNIT ( * ) PLANE_ANGLE_UNIT ( ) SI_UNIT ( $, .RADIAN. ) );
#1492 = CARTESIAN_POINT ( 'NONE',  ( 0.1101520298986300000, 0.4798999999999999400, -0.07578696137251733600 ) ) ;
#1493 =( NAMED_UNIT ( * ) SI_UNIT ( $, .STERADIAN. ) SOLID_ANGLE_UNIT ( ) );
#1494 = CARTESIAN_POINT ( 'NONE',  ( -0.1279660896067398000, 0.4799999999999999800, 0.04609624853305671600 ) ) ;
#1495 = ORIENTED_EDGE ( 'NONE', *, *, #1162, .F. ) ;
#1496 = VECTOR ( 'NONE', #1215, 1000.000000000000000 ) ;
#1497 = ORIENTED_EDGE ( 'NONE', *, *, #4804, .F. ) ;
#1498 = COLOUR_RGB ( '',0.2509803921568627400, 0.2509803921568627400, 0.2509803921568627400 ) ;
#1499 = CARTESIAN_POINT ( 'NONE',  ( 0.06115688652624488200, 0.4798999999999999400, -0.1065641130166651300 ) ) ;
#1500 = VERTEX_POINT ( 'NONE', #8980 ) ;
#1501 = ORIENTED_EDGE ( 'NONE', *, *, #5713, .T. ) ;
#1502 = EDGE_CURVE ( 'NONE', #6149, #1164, #7662, .T. ) ;
#1503 = B_SPLINE_CURVE_WITH_KNOTS ( 'NONE', 3,
 ( #8725, #5154, #868, #5901, #1584, #6615, #2322, #7321, #3051, #8041, #3765, #8750, #4472, #175, #5178, #896, #5931, #1620, #6639 ),
 .UNSPECIFIED., .F., .F.,
 ( 4, 1, 1, 1, 1, 1, 1, 1, 1, 1, 1, 1, 1, 1, 1, 1, 4 ),
 ( 0.0000000000000000000, 0.1004750608070148600, 0.1956443031597843700, 0.2860833790699328100, 0.3729828804699545900, 0.4150256681909619800, 0.4560516735090282000, 0.4959387495189002700, 0.5355660888033515500, 0.5740871099085044200, 0.6125192874870976100, 0.6510809601344452700, 0.6895131377130384600, 0.7662374603277351000, 0.8423504388672228300, 0.9199744947371038000, 1.000000000000000000 ),
 .UNSPECIFIED. ) ;
#1504 = LINE ( 'NONE', #147, #7888 ) ;
#1505 = CARTESIAN_POINT ( 'NONE',  ( -0.2611833600512316600, 0.4799999999999999300, -0.1107443099419249500 ) ) ;
#1506 = CARTESIAN_POINT ( 'NONE',  ( -0.3097149349250229400, 0.4799999999999999800, -0.08767451036356535600 ) ) ;
#1507 = LINE ( 'NONE', #6065, #6989 ) ;
#1508 = CARTESIAN_POINT ( 'NONE',  ( -0.05061181927964881300, 0.4798999999999999400, -0.07877031133666104200 ) ) ;
#1509 = ORIENTED_EDGE ( 'NONE', *, *, #4387, .T. ) ;
#1510 = LINE ( 'NONE', #2256, #8897 ) ;
#1511 = FILL_AREA_STYLE ('',( #2209 ) ) ;
#1512 = ORIENTED_EDGE ( 'NONE', *, *, #6559, .T. ) ;
#1513 = EDGE_LOOP ( 'NONE', ( #2210, #7989, #2514, #514 ) ) ;
#1514 = SURFACE_STYLE_FILL_AREA ( #3867 ) ;
#1515 = CARTESIAN_POINT ( 'NONE',  ( -0.6799999999999998300, 0.4099999999999999200, -0.4499999999999999000 ) ) ;
#1516 =( NAMED_UNIT ( * ) SI_UNIT ( $, .STERADIAN. ) SOLID_ANGLE_UNIT ( ) );
#1517 = ORIENTED_EDGE ( 'NONE', *, *, #1556, .F. ) ;
#1518 = CARTESIAN_POINT ( 'NONE',  ( -0.07314782722908086400, 0.4799999999999999800, 0.001541449955059053600 ) ) ;
#1519 = CARTESIAN_POINT ( 'NONE',  ( -0.2484992281629195000, 0.4798999999999999400, 0.06568100801308456000 ) ) ;
#1520 = CARTESIAN_POINT ( 'NONE',  ( 0.2216776055331980100, 0.4798999999999999400, -0.03892133415036910100 ) ) ;
#1521 = CARTESIAN_POINT ( 'NONE',  ( -0.1154036699570989700, 0.4799999999999999300, -0.03908890000646136200 ) ) ;
#1522 = ORIENTED_EDGE ( 'NONE', *, *, #7685, .T. ) ;
#1523 = CARTESIAN_POINT ( 'NONE',  ( 0.05732084775917777000, 0.4799999999999999800, -0.07237926851964836300 ) ) ;
#1524 = CARTESIAN_POINT ( 'NONE',  ( 0.5135609093617647900, 0.4800000000000000400, 0.05549618089319472600 ) ) ;
#1525 =( GEOMETRIC_REPRESENTATION_CONTEXT ( 3 ) GLOBAL_UNCERTAINTY_ASSIGNED_CONTEXT ( ( #1886 ) ) GLOBAL_UNIT_ASSIGNED_CONTEXT ( ( #6632, #2347, #7349 ) ) REPRESENTATION_CONTEXT ( 'NONE', 'WORKASPACE' ) );
#1526 = CARTESIAN_POINT ( 'NONE',  ( 0.08904522195655374700, 0.4799999999999995400, -0.08754271233583353600 ) ) ;
#1527 = CARTESIAN_POINT ( 'NONE',  ( -0.4667489700495857700, 0.4799999999999999800, -0.05372025193816360600 ) ) ;
#1528 = DIRECTION ( 'NONE',  ( -0.0000000000000000000, 1.000000000000000000, -0.0000000000000000000 ) ) ;
#1529 = B_SPLINE_CURVE_WITH_KNOTS ( 'NONE', 3,
 ( #2317, #251, #1698, #6719, #2436, #7429, #3157, #8152, #3871, #8864, #4587, #291, #5298, #9080, #4807, #506, #5531, #1224, #6259 ),
 .UNSPECIFIED., .F., .F.,
 ( 4, 1, 1, 1, 1, 1, 1, 1, 1, 1, 1, 1, 1, 1, 1, 1, 4 ),
 ( 0.0000000000000000000, 0.1184055081537695600, 0.2266543328167019700, 0.3240923419286019200, 0.4117048030053218600, 0.4890259050064154600, 0.5569093973430757600, 0.6162333444927070600, 0.6673492812770746000, 0.7135123932013471800, 0.7576965045209782500, 0.7994925114422907200, 0.8399760647439393800, 0.8798857418167757000, 0.9191486593857416400, 0.9592273564930831100, 1.000000000000000000 ),
 .UNSPECIFIED. ) ;
#1530 = CARTESIAN_POINT ( 'NONE',  ( 0.08515685994677196800, 0.4800000000000000900, -0.1107514334404884200 ) ) ;
#1531 = ORIENTED_EDGE ( 'NONE', *, *, #4990, .F. ) ;
#1532 = DIRECTION ( 'NONE',  ( -0.0000000000000000000, 1.000000000000000000, -0.0000000000000000000 ) ) ;
#1533 = CARTESIAN_POINT ( 'NONE',  ( -0.2300214631018461500, 0.4798999999999999400, -0.1060850684294046800 ) ) ;
#1534 =( NAMED_UNIT ( * ) PLANE_ANGLE_UNIT ( ) SI_UNIT ( $, .RADIAN. ) );
#1535 = EDGE_CURVE ( 'NONE', #2983, #8474, #5540, .T. ) ;
#1536 = CARTESIAN_POINT ( 'NONE',  ( -0.3049782096953562700, 0.4798999999999999400, 0.3170079509925848900 ) ) ;
#1537 = LINE ( 'NONE', #8823, #3238 ) ;
#1538 = ORIENTED_EDGE ( 'NONE', *, *, #1919, .T. ) ;
#1539 = PRESENTATION_LAYER_ASSIGNMENT (  '', '', ( #574 ) ) ;
#1540 = CARTESIAN_POINT ( 'NONE',  ( 0.3553126009238754500, 0.4798999999999999400, 0.7911424783578406800 ) ) ;
#1541 = CARTESIAN_POINT ( 'NONE',  ( -0.1112454811144233800, 0.4799999999999999800, -0.009205402488003233000 ) ) ;
#1542 = CARTESIAN_POINT ( 'NONE',  ( -0.2320635444118299100, 0.4798999999999999400, -0.07784560888532288100 ) ) ;
#1543 = DIRECTION ( 'NONE',  ( -2.853163611803959800E-016, -0.0000000000000000000, -1.000000000000000000 ) ) ;
#1544 = ORIENTED_EDGE ( 'NONE', *, *, #963, .F. ) ;
#1545 = CARTESIAN_POINT ( 'NONE',  ( -0.1112454811144233800, 0.4798999999999999400, -0.009205402488003233000 ) ) ;
#1546 = CARTESIAN_POINT ( 'NONE',  ( 0.03002208964457968300, 0.4798999999999999400, -0.07195299839761100400 ) ) ;
#1547 = CARTESIAN_POINT ( 'NONE',  ( -0.2484992281629195000, 0.4799999999999999800, 0.06568100801308456000 ) ) ;
#1548 = CARTESIAN_POINT ( 'NONE',  ( 0.2444116676390797000, 0.4799999999999999800, -0.04408476677382174000 ) ) ;
#1549 =( GEOMETRIC_REPRESENTATION_CONTEXT ( 3 ) GLOBAL_UNCERTAINTY_ASSIGNED_CONTEXT ( ( #9271 ) ) GLOBAL_UNIT_ASSIGNED_CONTEXT ( ( #705, #742, #770 ) ) REPRESENTATION_CONTEXT ( 'NONE', 'WORKASPACE' ) );
#1550 = COLOUR_RGB ( '',1.000000000000000000, 1.000000000000000000, 0.5019607843137254800 ) ;
#1551 = ORIENTED_EDGE ( 'NONE', *, *, #8083, .F. ) ;
#1552 = CARTESIAN_POINT ( 'NONE',  ( -0.07680061766619629400, 0.4798999999999999400, -0.02679639765258216500 ) ) ;
#1553 = UNCERTAINTY_MEASURE_WITH_UNIT (LENGTH_MEASURE( 1.000000000000000100E-005 ), #9098, 'distance_accuracy_value', 'NONE');
#1554 = STYLED_ITEM ( 'NONE', ( #834 ), #7522 ) ;
#1555 = CARTESIAN_POINT ( 'NONE',  ( 0.04682322412432289600, 0.4798999999999999400, -0.02046533565136255900 ) ) ;
#1556 = EDGE_CURVE ( 'NONE', #5479, #2425, #355, .T. ) ;
#1557 = FILL_AREA_STYLE ('',( #4408 ) ) ;
#1558 = PLANE ( 'NONE',  #916 ) ;
#1559 = CARTESIAN_POINT ( 'NONE',  ( 0.04824450795311535600, 0.4799999999999999800, -0.04031581158022795600 ) ) ;
#1560 = CARTESIAN_POINT ( 'NONE',  ( 0.2862300282263948700, 0.4798999999999999400, 0.06947092203793232800 ) ) ;
#1561 = CARTESIAN_POINT ( 'NONE',  ( 0.09665665534786453700, 0.4799999999999999800, 0.06666938333599987900 ) ) ;
#1562 = DIRECTION ( 'NONE',  ( 0.0000000000000000000, 1.000000000000000000, -0.0000000000000000000 ) ) ;
#1563 = CARTESIAN_POINT ( 'NONE',  ( -0.2011801573400732200, 0.4799999999999999300, -0.07933210060849375800 ) ) ;
#1564 = CARTESIAN_POINT ( 'NONE',  ( -0.2425168595500872800, 0.4799999999999999800, -0.1092944038099021200 ) ) ;
#1565 = CARTESIAN_POINT ( 'NONE',  ( -0.009246681655037223800, 0.4798999999999999400, 0.04793013759008325800 ) ) ;
#1566 = CARTESIAN_POINT ( 'NONE',  ( -0.05933177182118689500, 0.4798999999999999400, -0.08519378311861393300 ) ) ;
#1567 = LINE ( 'NONE', #9018, #7054 ) ;
#1568 = COLOUR_RGB ( '',0.2509803921568627400, 0.2509803921568627400, 0.2509803921568627400 ) ;
#1569 = FILL_AREA_STYLE_COLOUR ( '', #3141 ) ;
#1570 = CARTESIAN_POINT ( 'NONE',  ( 0.7999999999999963800, 0.4099999999999999200, 0.5000000000000196500 ) ) ;
#1571 = CARTESIAN_POINT ( 'NONE',  ( 0.2608845382875773500, 0.4798999999999999400, 0.06159533313372909200 ) ) ;
#1572 = UNCERTAINTY_MEASURE_WITH_UNIT (LENGTH_MEASURE( 1.000000000000000100E-005 ), #1858, 'distance_accuracy_value', 'NONE');
#1573 = PLANE ( 'NONE',  #5864 ) ;
#1574 = CARTESIAN_POINT ( 'NONE',  ( -0.2507990473211873500, 0.4799999999999999800, -0.08658625885347540100 ) ) ;
#1575 = CARTESIAN_POINT ( 'NONE',  ( 0.2697416823820942800, 0.4798999999999999400, -0.006405435731798100500 ) ) ;
#1576 = CARTESIAN_POINT ( 'NONE',  ( 0.2397700189219626500, 0.4798999999999999400, -0.04398310719639446400 ) ) ;
#1577 = CARTESIAN_POINT ( 'NONE',  ( -0.6872780625087552300, 0.4799999999999999800, 0.5416836331348041700 ) ) ;
#1578 = ORIENTED_EDGE ( 'NONE', *, *, #2623, .F. ) ;
#1579 = STYLED_ITEM ( 'NONE', ( #476 ), #2438 ) ;
#1580 = CARTESIAN_POINT ( 'NONE',  ( -0.1968944221045101100, 0.4798999999999999400, -0.05890848472253970600 ) ) ;
#1581 = STYLED_ITEM ( 'NONE', ( #6486 ), #3260 ) ;
#1582 = CARTESIAN_POINT ( 'NONE',  ( -0.04533180422756040400, 0.4799999999999999300, -0.01733703938819662600 ) ) ;
#1583 = DIRECTION ( 'NONE',  ( -0.9950371902099890400, 0.0000000000000000000, 0.09950371902099883200 ) ) ;
#1584 = CARTESIAN_POINT ( 'NONE',  ( -0.05651051384305941200, 0.4799999999999999800, -0.1094883884194528100 ) ) ;
#1585 = LINE ( 'NONE', #5924, #8968 ) ;
#1586 = CARTESIAN_POINT ( 'NONE',  ( 0.3849325734440920400, 0.4799999999999999800, 0.05456578975971333000 ) ) ;
#1587 = DIRECTION ( 'NONE',  ( -0.0000000000000000000, 1.000000000000000000, 0.0000000000000000000 ) ) ;
#1588 = SURFACE_STYLE_FILL_AREA ( #7864 ) ;
#1589 = CARTESIAN_POINT ( 'NONE',  ( 0.1235933136337752000, 0.4799999999999999800, -0.005622637359715435200 ) ) ;
#1590 = STYLED_ITEM ( 'NONE', ( #6473 ), #7845 ) ;
#1591 =( LENGTH_UNIT ( ) NAMED_UNIT ( * ) SI_UNIT ( .MILLI., .METRE. ) );
#1592 = CARTESIAN_POINT ( 'NONE',  ( -0.2245172408383471800, 0.4799999999999999800, -0.01708837598494681400 ) ) ;
#1593 = CIRCLE ( 'NONE', #4374, 0.07000000000000007600 ) ;
#1594 = MECHANICAL_DESIGN_GEOMETRIC_PRESENTATION_REPRESENTATION (  '', ( #149 ), #2086 ) ;
#1595 = CARTESIAN_POINT ( 'NONE',  ( -0.06965266600895517200, 0.4798999999999999400, 0.09156591295471074000 ) ) ;
#1596 = UNCERTAINTY_MEASURE_WITH_UNIT (LENGTH_MEASURE( 1.000000000000000100E-005 ), #5223, 'distance_accuracy_value', 'NONE');
#1597 = ORIENTED_EDGE ( 'NONE', *, *, #233, .F. ) ;
#1598 = VECTOR ( 'NONE', #4232, 1000.000000000000000 ) ;
#1599 = EDGE_LOOP ( 'NONE', ( #381, #8008, #5822, #2773, #3142 ) ) ;
#1600 = MECHANICAL_DESIGN_GEOMETRIC_PRESENTATION_REPRESENTATION (  '', ( #157 ), #2100 ) ;
#1601 = FILL_AREA_STYLE_COLOUR ( '', #9269 ) ;
#1602 = FILL_AREA_STYLE_COLOUR ( '', #3991 ) ;
#1603 = CARTESIAN_POINT ( 'NONE',  ( -0.6872941206280902500, 0.4799999999999999800, 0.5416734474378254200 ) ) ;
#1604 = CARTESIAN_POINT ( 'NONE',  ( -0.2656444221045100600, 0.4798999999999999400, -0.003059125748180666100 ) ) ;
#1605 = VERTEX_POINT ( 'NONE', #6897 ) ;
#1606 = SURFACE_STYLE_USAGE ( .BOTH. , #5925 ) ;
#1607 = LINE ( 'NONE', #3488, #8099 ) ;
#1608 = CARTESIAN_POINT ( 'NONE',  ( 0.2007953617401702600, 0.4799999999999999800, 0.03428304122055190300 ) ) ;
#1609 = PRESENTATION_LAYER_ASSIGNMENT (  '', '', ( #645 ) ) ;
#1610 = VECTOR ( 'NONE', #1894, 1000.000000000000000 ) ;
#1611 = COLOUR_RGB ( '',1.000000000000000000, 1.000000000000000000, 0.5019607843137254800 ) ;
#1612 = VERTEX_POINT ( 'NONE', #4707 ) ;
#1613 = PRESENTATION_STYLE_ASSIGNMENT (( #9125 ) ) ;
#1614 = ORIENTED_EDGE ( 'NONE', *, *, #7914, .F. ) ;
#1615 = CARTESIAN_POINT ( 'NONE',  ( -0.1026532031704978500, 0.4799999999999999800, -0.03384738763579250900 ) ) ;
#1616 = DIRECTION ( 'NONE',  ( -0.0000000000000000000, 1.000000000000000000, -0.0000000000000000000 ) ) ;
#1617 = LINE ( 'NONE', #7069, #3308 ) ;
#1618 = ORIENTED_EDGE ( 'NONE', *, *, #563, .F. ) ;
#1619 = ORIENTED_EDGE ( 'NONE', *, *, #1370, .T. ) ;
#1620 = CARTESIAN_POINT ( 'NONE',  ( -0.01247689600928360300, 0.4799999999999999800, -0.05717074042873763300 ) ) ;
#1621 = CARTESIAN_POINT ( 'NONE',  ( -0.03541912527250146900, 0.4798999999999999400, 0.03530045005552751700 ) ) ;
#1622 = PLANE ( 'NONE',  #269 ) ;
#1623 = CARTESIAN_POINT ( 'NONE',  ( -0.2451023434036867000, 0.4798999999999999400, -0.02830296534260581500 ) ) ;
#1624 = LINE ( 'NONE', #9294, #1841 ) ;
#1625 = DIRECTION ( 'NONE',  ( -8.213652821859882600E-017, 0.0000000000000000000, -1.000000000000000000 ) ) ;
#1626 = ORIENTED_EDGE ( 'NONE', *, *, #8168, .T. ) ;
#1627 = EDGE_CURVE ( 'NONE', #2435, #7665, #7433, .T. ) ;
#1628 = EDGE_CURVE ( 'NONE', #8701, #2411, #9101, .T. ) ;
#1629 = VECTOR ( 'NONE', #5350, 1000.000000000000000 ) ;
#1630 = CARTESIAN_POINT ( 'NONE',  ( 0.1475804547541854400, 0.4798999999999999400, 0.02219045439251033500 ) ) ;
#1631 = EDGE_LOOP ( 'NONE', ( #6943, #3520, #6999, #5440, #5669 ) ) ;
#1632 = CARTESIAN_POINT ( 'NONE',  ( 0.08515685994677196800, 0.4800000000000000400, 0.06873574604669108200 ) ) ;
#1633 = ADVANCED_FACE ( 'NONE', ( #6980 ), #432, .T. ) ;
#1634 = CARTESIAN_POINT ( 'NONE',  ( 0.1334366668808582800, 0.4799999999999999800, -0.08575682325369528300 ) ) ;
#1635 = UNCERTAINTY_MEASURE_WITH_UNIT (LENGTH_MEASURE( 1.000000000000000100E-005 ), #4372, 'distance_accuracy_value', 'NONE');
#1636 = COLOUR_RGB ( '',1.000000000000000000, 1.000000000000000000, 0.5019607843137254800 ) ;
#1637 = VERTEX_POINT ( 'NONE', #494 ) ;
#1638 = VECTOR ( 'NONE', #2854, 1000.000000000000000 ) ;
#1639 = SURFACE_STYLE_FILL_AREA ( #7149 ) ;
#1640 = MECHANICAL_DESIGN_GEOMETRIC_PRESENTATION_REPRESENTATION (  '', ( #189 ), #2128 ) ;
#1641 = CARTESIAN_POINT ( 'NONE',  ( -0.1399725818496924100, 0.4799999999999999800, -0.09566349152459331700 ) ) ;
#1642 = CARTESIAN_POINT ( 'NONE',  ( 0.7500000000000001100, 0.4099999999999999200, 0.5000000000000192100 ) ) ;
#1643 = CARTESIAN_POINT ( 'NONE',  ( -0.1350457205189665700, 0.4799999999999999300, 0.02255022999154274500 ) ) ;
#1644 = CARTESIAN_POINT ( 'NONE',  ( 0.1195729450706154900, 0.4798999999999999400, -0.05582216352358407300 ) ) ;
#1645 = CARTESIAN_POINT ( 'NONE',  ( 0.3819043607821415700, 0.4798999999999999400, 0.04106043031357707600 ) ) ;
#1646 = CARTESIAN_POINT ( 'NONE',  ( 0.4532292620746926100, 0.4798999999999999400, -0.08617973433235121000 ) ) ;
#1647 = ORIENTED_EDGE ( 'NONE', *, *, #3026, .F. ) ;
#1648 = CARTESIAN_POINT ( 'NONE',  ( 0.2103126247148251200, 0.4798999999999999400, 0.05732071371728784300 ) ) ;
#1649 = ORIENTED_EDGE ( 'NONE', *, *, #6902, .F. ) ;
#1650 = LINE ( 'NONE', #1107, #9027 ) ;
#1651 = CARTESIAN_POINT ( 'NONE',  ( -0.2499088099053042600, 0.4798999999999999400, -0.002336785869173325400 ) ) ;
#1652 = ORIENTED_EDGE ( 'NONE', *, *, #1748, .T. ) ;
#1653 =( LENGTH_UNIT ( ) NAMED_UNIT ( * ) SI_UNIT ( .MILLI., .METRE. ) );
#1654 = STYLED_ITEM ( 'NONE', ( #3192 ), #4229 ) ;
#1655 = AXIS2_PLACEMENT_3D ( 'NONE', #1540, #6564, #2272 ) ;
#1656 = VECTOR ( 'NONE', #8918, 1000.000000000000000 ) ;
#1657 =( LENGTH_UNIT ( ) NAMED_UNIT ( * ) SI_UNIT ( .MILLI., .METRE. ) );
#1658 =( GEOMETRIC_REPRESENTATION_CONTEXT ( 3 ) GLOBAL_UNCERTAINTY_ASSIGNED_CONTEXT ( ( #9288 ) ) GLOBAL_UNIT_ASSIGNED_CONTEXT ( ( #1653, #6673, #2379 ) ) REPRESENTATION_CONTEXT ( 'NONE', 'WORKASPACE' ) );
#1659 = CARTESIAN_POINT ( 'NONE',  ( 0.08340614431407689100, 0.4798999999999999400, -0.1107241482646432600 ) ) ;
#1660 = CARTESIAN_POINT ( 'NONE',  ( 0.1382403104677434000, 0.4799999999999993200, 0.05792310823300186200 ) ) ;
#1661 =( NAMED_UNIT ( * ) SI_UNIT ( $, .STERADIAN. ) SOLID_ANGLE_UNIT ( ) );
#1662 = CARTESIAN_POINT ( 'NONE',  ( 0.1492594240493360100, 0.4799999999999999800, -0.009389253953308930200 ) ) ;
#1663 = ORIENTED_EDGE ( 'NONE', *, *, #1355, .T. ) ;
#1664 = EDGE_CURVE ( 'NONE', #7034, #5141, #6325, .T. ) ;
#1665 = CARTESIAN_POINT ( 'NONE',  ( -0.1427378153396965400, 0.4799999999999999800, -0.09288029583715108600 ) ) ;
#1666 = EDGE_CURVE ( 'NONE', #2709, #7818, #2738, .T. ) ;
#1667 = SURFACE_SIDE_STYLE ('',( #3325 ) ) ;
#1668 = CARTESIAN_POINT ( 'NONE',  ( -0.1150714410712377800, 0.4798999999999999400, 0.05925859448650572900 ) ) ;
#1669 = PLANE ( 'NONE',  #7672 ) ;
#1670 = CARTESIAN_POINT ( 'NONE',  ( -0.7999999999999700700, 0.4799999999999999800, -0.4999999999999813500 ) ) ;
#1671 = CARTESIAN_POINT ( 'NONE',  ( 0.5239389112288233000, 0.4799999999999999800, 0.02001779732874219700 ) ) ;
#1672 = UNCERTAINTY_MEASURE_WITH_UNIT (LENGTH_MEASURE( 1.000000000000000100E-005 ), #3798, 'distance_accuracy_value', 'NONE');
#1673 = CARTESIAN_POINT ( 'NONE',  ( 0.2265767697872150800, 0.4799999999999999800, 0.06750199996724409700 ) ) ;
#1674 = ADVANCED_FACE ( 'NONE', ( #4415 ), #7050, .F. ) ;
#1675 = DIRECTION ( 'NONE',  ( -0.0000000000000000000, 0.0000000000000000000, 1.000000000000000000 ) ) ;
#1676 = DIRECTION ( 'NONE',  ( -1.000000000000000000, -0.0000000000000000000, 1.195811219653129900E-016 ) ) ;
#1677 = VECTOR ( 'NONE', #3505, 1000.000000000000000 ) ;
#1678 = CARTESIAN_POINT ( 'NONE',  ( 0.1981891150277243500, 0.4798999999999999400, 0.08006887096628902100 ) ) ;
#1679 = CARTESIAN_POINT ( 'NONE',  ( -0.1558687810788690900, 0.4799999999999999300, -0.05854790779946279100 ) ) ;
#1680 = EDGE_CURVE ( 'NONE', #1739, #8902, #7327, .T. ) ;
#1681 = CARTESIAN_POINT ( 'NONE',  ( -0.7500000000000000000, 0.4799999999999999800, 0.3799999999999998900 ) ) ;
#1682 = CARTESIAN_POINT ( 'NONE',  ( 0.06370159669486658000, 0.4798999999999999400, -0.08001655138613679400 ) ) ;
#1683 = SURFACE_SIDE_STYLE ('',( #6215 ) ) ;
#1684 = DIRECTION ( 'NONE',  ( 0.0000000000000000000, 0.0000000000000000000, -1.000000000000000000 ) ) ;
#1685 = VERTEX_POINT ( 'NONE', #7075 ) ;
#1686 = CARTESIAN_POINT ( 'NONE',  ( 0.1172879097797329800, 0.4798999999999999400, 0.08342377481319475400 ) ) ;
#1687 = PLANE ( 'NONE',  #6086 ) ;
#1688 = CARTESIAN_POINT ( 'NONE',  ( -0.09053390404150492300, 0.4798999999999999900, -0.09019928205330064700 ) ) ;
#1689 = CYLINDRICAL_SURFACE ( 'NONE', #4007, 0.06249999999999994400 ) ;
#1690 = CARTESIAN_POINT ( 'NONE',  ( -0.1204921785147665400, 0.4798999999999999400, -0.04272258728664225100 ) ) ;
#1691 = CARTESIAN_POINT ( 'NONE',  ( -0.08623016032902695900, 0.4798999999999999400, 0.09175949764081486900 ) ) ;
#1692 = CARTESIAN_POINT ( 'NONE',  ( -0.08102903748912550200, 0.4799999999999999300, 0.06873574604669108200 ) ) ;
#1693 = COLOUR_RGB ( '',0.2509803921568627400, 0.2509803921568627400, 0.2509803921568627400 ) ;
#1694 = CARTESIAN_POINT ( 'NONE',  ( 0.2165528383142737200, 0.4798999999999999400, -0.01611093043147043100 ) ) ;
#1695 = UNCERTAINTY_MEASURE_WITH_UNIT (LENGTH_MEASURE( 1.000000000000000100E-005 ), #2778, 'distance_accuracy_value', 'NONE');
#1696 = CARTESIAN_POINT ( 'NONE',  ( 0.5135609093617647900, 0.4800000000000000400, 0.05549618089319472600 ) ) ;
#1697 =( GEOMETRIC_REPRESENTATION_CONTEXT ( 3 ) GLOBAL_UNCERTAINTY_ASSIGNED_CONTEXT ( ( #6942 ) ) GLOBAL_UNIT_ASSIGNED_CONTEXT ( ( #4059, #9065, #4792 ) ) REPRESENTATION_CONTEXT ( 'NONE', 'WORKASPACE' ) );
#1698 = CARTESIAN_POINT ( 'NONE',  ( 0.04676951609813505300, 0.4799999999999999800, 0.001740832476883601700 ) ) ;
#1699 = PRESENTATION_STYLE_ASSIGNMENT (( #6415 ) ) ;
#1700 =( GEOMETRIC_REPRESENTATION_CONTEXT ( 3 ) GLOBAL_UNCERTAINTY_ASSIGNED_CONTEXT ( ( #5932 ) ) GLOBAL_UNIT_ASSIGNED_CONTEXT ( ( #3228, #8223, #3932 ) ) REPRESENTATION_CONTEXT ( 'NONE', 'WORKASPACE' ) );
#1701 = CARTESIAN_POINT ( 'NONE',  ( -0.1197976115748101800, 0.4798999999999999400, -0.04213059043051117800 ) ) ;
#1702 = CARTESIAN_POINT ( 'NONE',  ( -0.1427378153396965400, 0.4798999999999999400, -0.09288029583715108600 ) ) ;
#1703 = CARTESIAN_POINT ( 'NONE',  ( -0.1288689737070422300, 0.4799999999999999800, 0.08124240229316423400 ) ) ;
#1704 = VECTOR ( 'NONE', #8268, 1000.000000000000000 ) ;
#1705 = DIRECTION ( 'NONE',  ( 0.9605769171312834600, 0.0000000000000000000, 0.2780143634321065600 ) ) ;
#1706 = CARTESIAN_POINT ( 'NONE',  ( -0.7500000000000000000, 0.4099999999999999200, 0.5000000000000195400 ) ) ;
#1707 = FILL_AREA_STYLE ('',( #3848 ) ) ;
#1708 = CARTESIAN_POINT ( 'NONE',  ( -0.1369925007799706600, 0.4798999999999999400, -0.09825780909851533600 ) ) ;
#1709 = EDGE_CURVE ( 'NONE', #1938, #534, #3519, .T. ) ;
#1710 = VECTOR ( 'NONE', #8055, 1000.000000000000000 ) ;
#1711 =( GEOMETRIC_REPRESENTATION_CONTEXT ( 3 ) GLOBAL_UNCERTAINTY_ASSIGNED_CONTEXT ( ( #7632 ) ) GLOBAL_UNIT_ASSIGNED_CONTEXT ( ( #264, #5276, #988 ) ) REPRESENTATION_CONTEXT ( 'NONE', 'WORKASPACE' ) );
#1712 = CARTESIAN_POINT ( 'NONE',  ( 0.09037698583651859700, 0.4799999999999993200, 0.09173314032602192200 ) ) ;
#1713 = CARTESIAN_POINT ( 'NONE',  ( -0.2053853258367994400, 0.4798999999999999400, -0.03293566784170567200 ) ) ;
#1714 = VECTOR ( 'NONE', #5828, 1000.000000000000000 ) ;
#1715 = ADVANCED_FACE ( 'NONE', ( #3744 ), #8514, .F. ) ;
#1716 = CARTESIAN_POINT ( 'NONE',  ( -0.1148311161986199800, 0.4800000000000000400, -0.08358976543083732100 ) ) ;
#1717 = ORIENTED_EDGE ( 'NONE', *, *, #5221, .F. ) ;
#1718 = AXIS2_PLACEMENT_3D ( 'NONE', #6854, #2576, #7584 ) ;
#1719 = VECTOR ( 'NONE', #4733, 1000.000000000000000 ) ;
#1720 = ORIENTED_EDGE ( 'NONE', *, *, #4174, .T. ) ;
#1721 =( NAMED_UNIT ( * ) PLANE_ANGLE_UNIT ( ) SI_UNIT ( $, .RADIAN. ) );
#1722 = LINE ( 'NONE', #5063, #6209 ) ;
#1723 = ORIENTED_EDGE ( 'NONE', *, *, #4331, .F. ) ;
#1724 = ORIENTED_EDGE ( 'NONE', *, *, #9033, .F. ) ;
#1725 = FILL_AREA_STYLE_COLOUR ( '', #5652 ) ;
#1726 = FACE_OUTER_BOUND ( 'NONE', #8985, .T. ) ;
#1727 = PRESENTATION_LAYER_ASSIGNMENT (  '', '', ( #1233 ) ) ;
#1728 = CARTESIAN_POINT ( 'NONE',  ( -0.1472208413877373300, 0.4798999999999999400, 0.06607486546877371100 ) ) ;
#1729 =( LENGTH_UNIT ( ) NAMED_UNIT ( * ) SI_UNIT ( .MILLI., .METRE. ) );
#1730 = VERTEX_POINT ( 'NONE', #4261 ) ;
#1731 =( NAMED_UNIT ( * ) SI_UNIT ( $, .STERADIAN. ) SOLID_ANGLE_UNIT ( ) );
#1732 = FILL_AREA_STYLE ('',( #1003 ) ) ;
#1733 = LINE ( 'NONE', #3466, #5549 ) ;
#1734 = ORIENTED_EDGE ( 'NONE', *, *, #7603, .T. ) ;
#1735 = PRESENTATION_LAYER_ASSIGNMENT (  '', '', ( #774 ) ) ;
#1736 = EDGE_LOOP ( 'NONE', ( #4076, #2532, #2749, #4115, #8462 ) ) ;
#1737 = VECTOR ( 'NONE', #8273, 1000.000000000000000 ) ;
#1738 = FILL_AREA_STYLE_COLOUR ( '', #2268 ) ;
#1739 = VERTEX_POINT ( 'NONE', #9282 ) ;
#1740 = VECTOR ( 'NONE', #2004, 1000.000000000000000 ) ;
#1741 = CARTESIAN_POINT ( 'NONE',  ( -0.1212949903739160600, 0.4799999999999999300, -0.1072294211140097800 ) ) ;
#1742 = CARTESIAN_POINT ( 'NONE',  ( -0.1627255969315809200, 0.4799999999999999800, 0.03036162415774828300 ) ) ;
#1743 = CARTESIAN_POINT ( 'NONE',  ( 0.3965737145762713300, 0.4798999999999999400, 0.02629409853240388300 ) ) ;
#1744 = SURFACE_STYLE_USAGE ( .BOTH. , #6045 ) ;
#1745 =( NAMED_UNIT ( * ) PLANE_ANGLE_UNIT ( ) SI_UNIT ( $, .RADIAN. ) );
#1746 = CARTESIAN_POINT ( 'NONE',  ( 0.2460427893608635500, 0.4799999999999998700, 0.06801764592284101400 ) ) ;
#1747 = CARTESIAN_POINT ( 'NONE',  ( -0.1344497326825258900, 0.4798999999999999400, 0.02741516950476742900 ) ) ;
#1748 = EDGE_CURVE ( 'NONE', #7226, #4968, #5453, .T. ) ;
#1749 = ORIENTED_EDGE ( 'NONE', *, *, #2960, .T. ) ;
#1750 = CARTESIAN_POINT ( 'NONE',  ( -0.1519424017377920000, 0.4798999999999999400, -0.03937740102785248400 ) ) ;
#1751 = SURFACE_STYLE_FILL_AREA ( #2 ) ;
#1752 =( NAMED_UNIT ( * ) PLANE_ANGLE_UNIT ( ) SI_UNIT ( $, .RADIAN. ) );
#1753 = CARTESIAN_POINT ( 'NONE',  ( -0.1270606329630861700, 0.4798999999999999900, -0.06632259950227394100 ) ) ;
#1754 = VECTOR ( 'NONE', #1171, 1000.000000000000000 ) ;
#1755 = CARTESIAN_POINT ( 'NONE',  ( -0.2542100079843692700, 0.4798999999999999400, -0.02672273437943726100 ) ) ;
#1756 = PRESENTATION_LAYER_ASSIGNMENT (  '', '', ( #795 ) ) ;
#1757 = EDGE_LOOP ( 'NONE', ( #407, #4377, #924, #4426 ) ) ;
#1758 = VECTOR ( 'NONE', #3288, 1000.000000000000000 ) ;
#1759 =( GEOMETRIC_REPRESENTATION_CONTEXT ( 3 ) GLOBAL_UNCERTAINTY_ASSIGNED_CONTEXT ( ( #7291 ) ) GLOBAL_UNIT_ASSIGNED_CONTEXT ( ( #929, #5966, #1661 ) ) REPRESENTATION_CONTEXT ( 'NONE', 'WORKASPACE' ) );
#1760 = CARTESIAN_POINT ( 'NONE',  ( -0.4887213451814332300, 0.4798999999999999400, 0.004633181944126954700 ) ) ;
#1761 = CARTESIAN_POINT ( 'NONE',  ( -0.04370962389210225600, 0.4798999999999999400, -0.1043818352751713900 ) ) ;
#1762 = DIRECTION ( 'NONE',  ( 1.000000000000000000, 0.0000000000000000000, 0.0000000000000000000 ) ) ;
#1763 = DIRECTION ( 'NONE',  ( 1.000000000000000000, 0.0000000000000000000, 0.0000000000000000000 ) ) ;
#1764 = ADVANCED_FACE ( 'NONE', ( #3560 ), #4952, .T. ) ;
#1765 = ORIENTED_EDGE ( 'NONE', *, *, #9033, .T. ) ;
#1766 = CARTESIAN_POINT ( 'NONE',  ( 0.05732084775917777000, 0.4798999999999999400, -0.07237926851964836300 ) ) ;
#1767 = FILL_AREA_STYLE_COLOUR ( '', #5764 ) ;
#1768 = CARTESIAN_POINT ( 'NONE',  ( 0.3967353855877976400, 0.4798999999999999400, 0.02574696399540898900 ) ) ;
#1769 = MECHANICAL_DESIGN_GEOMETRIC_PRESENTATION_REPRESENTATION (  '', ( #806 ), #2264 ) ;
#1770 = CARTESIAN_POINT ( 'NONE',  ( -0.1892712031670680300, 0.4799999999999999800, 0.03423127427357675100 ) ) ;
#1771 = CARTESIAN_POINT ( 'NONE',  ( -0.2628399349250230000, 0.4798999999999999400, 0.08924856655951159100 ) ) ;
#1772 = CARTESIAN_POINT ( 'NONE',  ( 0.2693130291541689900, 0.4798999999999999400, 0.05271438936706820300 ) ) ;
#1773 = STYLED_ITEM ( 'NONE', ( #7096 ), #5193 ) ;
#1774 = PRESENTATION_STYLE_ASSIGNMENT (( #4818 ) ) ;
#1775 = ORIENTED_EDGE ( 'NONE', *, *, #5511, .F. ) ;
#1776 = VERTEX_POINT ( 'NONE', #2175 ) ;
#1777 = CARTESIAN_POINT ( 'NONE',  ( -0.8000000000000037100, 0.4299999999999999400, 0.5000000000000195400 ) ) ;
#1778 = CARTESIAN_POINT ( 'NONE',  ( 0.7300000000000062000, 0.0000000000000000000, -0.4299999999999968800 ) ) ;
#1779 = EDGE_CURVE ( 'NONE', #3535, #5200, #3714, .T. ) ;
#1780 = PRESENTATION_LAYER_ASSIGNMENT (  '', '', ( #818 ) ) ;
#1781 = FACE_OUTER_BOUND ( 'NONE', #4793, .T. ) ;
#1782 = FILL_AREA_STYLE_COLOUR ( '', #8354 ) ;
#1783 = B_SPLINE_CURVE_WITH_KNOTS ( 'NONE', 3,
 ( #2406, #3133, #8123, #3840, #8836 ),
 .UNSPECIFIED., .F., .F.,
 ( 4, 1, 4 ),
 ( 0.0000000000000000000, 0.5025653899218038800, 1.000000000000000000 ),
 .UNSPECIFIED. ) ;
#1784 = AXIS2_PLACEMENT_3D ( 'NONE', #6386, #2089, #7083 ) ;
#1785 = MECHANICAL_DESIGN_GEOMETRIC_PRESENTATION_REPRESENTATION (  '', ( #339 ), #3276 ) ;
#1786 = ADVANCED_FACE ( 'NONE', ( #957 ), #6678, .T. ) ;
#1787 = CARTESIAN_POINT ( 'NONE',  ( -0.02428893520663916200, 0.4799999999999998700, -0.08880025124866138000 ) ) ;
#1788 = CARTESIAN_POINT ( 'NONE',  ( 0.2353263352067849500, 0.4798999999999999400, -0.02094951570079366100 ) ) ;
#1789 = DIRECTION ( 'NONE',  ( -0.0000000000000000000, 0.0000000000000000000, 1.000000000000000000 ) ) ;
#1790 = VECTOR ( 'NONE', #6129, 1000.000000000000000 ) ;
#1791 = CIRCLE ( 'NONE', #3671, 0.07000000000000002100 ) ;
#1792 = CARTESIAN_POINT ( 'NONE',  ( -0.06412131144419340500, 0.4798999999999999400, -0.02343511408900197900 ) ) ;
#1793 = CARTESIAN_POINT ( 'NONE',  ( 0.1153620302880422600, 0.4798999999999999400, 0.04931137535367253300 ) ) ;
#1794 = CARTESIAN_POINT ( 'NONE',  ( -0.4406281227619983600, 0.4798999999999999400, -0.04996192590991603600 ) ) ;
#1795 = VERTEX_POINT ( 'NONE', #1448 ) ;
#1796 = PRESENTATION_STYLE_ASSIGNMENT (( #4996 ) ) ;
#1797 = EDGE_CURVE ( 'NONE', #2411, #6664, #7023, .T. ) ;
#1798 = FILL_AREA_STYLE ('',( #6044 ) ) ;
#1799 = CARTESIAN_POINT ( 'NONE',  ( 0.3967353855877976400, 0.4798999999999999400, 0.02574696399540898900 ) ) ;
#1800 = CARTESIAN_POINT ( 'NONE',  ( 0.2773879460609744400, 0.4799999999999998700, 0.02724200749329835900 ) ) ;
#1801 = CARTESIAN_POINT ( 'NONE',  ( -0.1971734808689498400, 0.4799999999999999800, -0.05249497801885336100 ) ) ;
#1802 = CARTESIAN_POINT ( 'NONE',  ( -0.04048416569425369900, 0.4799999999999999800, -0.05434117703023201600 ) ) ;
#1803 = LINE ( 'NONE', #7252, #9199 ) ;
#1804 =( NAMED_UNIT ( * ) SI_UNIT ( $, .STERADIAN. ) SOLID_ANGLE_UNIT ( ) );
#1805 = B_SPLINE_CURVE_WITH_KNOTS ( 'NONE', 3,
 ( #6035, #7521, #3950, #8953, #4680, #375, #5393, #1088, #6126, #1811, #6832 ),
 .UNSPECIFIED., .F., .F.,
 ( 4, 1, 1, 1, 1, 1, 1, 1, 4 ),
 ( 0.0000000000000000000, 0.1324616222426384700, 0.2616495010354903900, 0.3875466984163662400, 0.5107816292933473600, 0.6326753605997108600, 0.7546603541381374800, 0.8765227798028654100, 1.000000000000000000 ),
 .UNSPECIFIED. ) ;
#1806 = CARTESIAN_POINT ( 'NONE',  ( 0.05827384712625907600, 0.4799999999999999800, -0.07397258728664228600 ) ) ;
#1807 = DIRECTION ( 'NONE',  ( 2.168404344971006900E-016, 0.0000000000000000000, 1.000000000000000000 ) ) ;
#1808 = CARTESIAN_POINT ( 'NONE',  ( 0.4545607796340488400, 0.4799999999999999800, -0.08130782434216284000 ) ) ;
#1809 = SURFACE_STYLE_USAGE ( .BOTH. , #6124 ) ;
#1810 = CARTESIAN_POINT ( 'NONE',  ( 0.2089880412493445000, 0.4799999999999999800, -0.01034171856896718400 ) ) ;
#1811 = CARTESIAN_POINT ( 'NONE',  ( 0.2890376882446655200, 0.4798999999999999400, 0.06587437411533803000 ) ) ;
#1812 = SURFACE_STYLE_FILL_AREA ( #3820 ) ;
#1813 = CARTESIAN_POINT ( 'NONE',  ( -0.2542100079843692700, 0.4799999999999999800, -0.02672273437943726100 ) ) ;
#1814 = PRESENTATION_LAYER_ASSIGNMENT (  '', '', ( #871 ) ) ;
#1815 = CARTESIAN_POINT ( 'NONE',  ( 0.2130855740997273900, 0.4799999999999999800, 0.08805895200083331500 ) ) ;
#1816 = EDGE_LOOP ( 'NONE', ( #5627, #30, #5445, #4083 ) ) ;
#1817 = STYLED_ITEM ( 'NONE', ( #7428 ), #4588 ) ;
#1818 = VECTOR ( 'NONE', #7807, 1000.000000000000000 ) ;
#1819 = ORIENTED_EDGE ( 'NONE', *, *, #8265, .T. ) ;
#1820 = CIRCLE ( 'NONE', #3329, 0.07000000000000002100 ) ;
#1821 = EDGE_LOOP ( 'NONE', ( #2184, #2110, #7957, #330, #709, #4191, #8403, #6443 ) ) ;
#1822 = CARTESIAN_POINT ( 'NONE',  ( -0.4515622049983039600, 0.4799999999999999800, -0.07959387272408546800 ) ) ;
#1823 = PRESENTATION_STYLE_ASSIGNMENT (( #7794 ) ) ;
#1824 = CARTESIAN_POINT ( 'NONE',  ( -0.2094564524055660700, 0.4799999999999999800, 0.07628453515512828600 ) ) ;
#1825 =( LENGTH_UNIT ( ) NAMED_UNIT ( * ) SI_UNIT ( .MILLI., .METRE. ) );
#1826 = FACE_OUTER_BOUND ( 'NONE', #8631, .T. ) ;
#1827 = CARTESIAN_POINT ( 'NONE',  ( -0.2245172408383471800, 0.4798999999999999400, -0.01708837598494681400 ) ) ;
#1828 = ADVANCED_FACE ( 'NONE', ( #3879 ), #2772, .T. ) ;
#1829 = ORIENTED_EDGE ( 'NONE', *, *, #1664, .F. ) ;
#1830 = EDGE_CURVE ( 'NONE', #7142, #6117, #5099, .T. ) ;
#1831 = ORIENTED_EDGE ( 'NONE', *, *, #8518, .F. ) ;
#1832 = LINE ( 'NONE', #548, #7340 ) ;
#1833 = ORIENTED_EDGE ( 'NONE', *, *, #7141, .F. ) ;
#1834 = ORIENTED_EDGE ( 'NONE', *, *, #1119, .T. ) ;
#1835 =( NAMED_UNIT ( * ) SI_UNIT ( $, .STERADIAN. ) SOLID_ANGLE_UNIT ( ) );
#1836 = CARTESIAN_POINT ( 'NONE',  ( -0.4531633903246654000, 0.4799999999999999800, -0.08372286046136139000 ) ) ;
#1837 = FACE_OUTER_BOUND ( 'NONE', #611, .T. ) ;
#1838 = CARTESIAN_POINT ( 'NONE',  ( -0.1519424017377920000, 0.4798999999999999400, -0.03937740102785248400 ) ) ;
#1839 = EDGE_CURVE ( 'NONE', #6147, #3531, #7008, .T. ) ;
#1840 = AXIS2_PLACEMENT_3D ( 'NONE', #1081, #6120, #1807 ) ;
#1841 = VECTOR ( 'NONE', #3575, 1000.000000000000000 ) ;
#1842 = CARTESIAN_POINT ( 'NONE',  ( -0.2015099767883141200, 0.4798999999999999400, -0.001024527746500970800 ) ) ;
#1843 = EDGE_LOOP ( 'NONE', ( #3763, #3861, #4029, #2291 ) ) ;
#1844 = PRESENTATION_STYLE_ASSIGNMENT (( #4345 ) ) ;
#1845 = ORIENTED_EDGE ( 'NONE', *, *, #2241, .T. ) ;
#1846 = SURFACE_STYLE_USAGE ( .BOTH. , #6146 ) ;
#1847 = AXIS2_PLACEMENT_3D ( 'NONE', #101, #202, #258 ) ;
#1848 = CARTESIAN_POINT ( 'NONE',  ( -0.2046381056603546200, 0.4799999999999999800, -0.08572535014620719100 ) ) ;
#1849 = SURFACE_STYLE_USAGE ( .BOTH. , #6150 ) ;
#1850 = CARTESIAN_POINT ( 'NONE',  ( -0.04310348261925431300, 0.4799999999999999800, -0.06639986689017647600 ) ) ;
#1851 = FILL_AREA_STYLE ('',( #4704 ) ) ;
#1852 = VERTEX_POINT ( 'NONE', #4945 ) ;
#1853 = PRESENTATION_STYLE_ASSIGNMENT (( #5641 ) ) ;
#1854 = ORIENTED_EDGE ( 'NONE', *, *, #1502, .T. ) ;
#1855 = CARTESIAN_POINT ( 'NONE',  ( -0.4499431969223814900, 0.4798999999999999400, -0.07510628905755108200 ) ) ;
#1856 = EDGE_CURVE ( 'NONE', #1257, #6698, #4880, .T. ) ;
#1857 = COLOUR_RGB ( '',0.2509803921568627400, 0.2509803921568627400, 0.2509803921568627400 ) ;
#1858 =( LENGTH_UNIT ( ) NAMED_UNIT ( * ) SI_UNIT ( .MILLI., .METRE. ) );
#1859 = CARTESIAN_POINT ( 'NONE',  ( 0.1749004496903617500, 0.4799999999999999800, 0.03540241271335774900 ) ) ;
#1860 = B_SPLINE_CURVE_WITH_KNOTS ( 'NONE', 3,
 ( #8865, #8122, #3277, #3956, #8957, #3253, #8249, #6811, #2531, #6094, #1793, #5373, #1067, #4652, #345, #3905, #6069, #3927, #5343 ),
 .UNSPECIFIED., .F., .F.,
 ( 4, 1, 1, 1, 1, 1, 1, 1, 1, 1, 1, 1, 1, 1, 1, 1, 4 ),
 ( 0.0000000000000000000, 0.04078184587225965100, 0.08086958872158689400, 0.1202681657882665900, 0.1601868504553521900, 0.2004597376386386700, 0.2422651778979080000, 0.2864592615494681000, 0.3329520837492627700, 0.3844305340495299800, 0.4433891253601055500, 0.5116814722136831000, 0.5890200255490080100, 0.6762451906507719300, 0.7737051914728235700, 0.8815677677819827600, 1.000000000000000000 ),
 .UNSPECIFIED. ) ;
#1861 = DIRECTION ( 'NONE',  ( -1.000000000000000000, -0.0000000000000000000, -0.0000000000000000000 ) ) ;
#1862 = VERTEX_POINT ( 'NONE', #8508 ) ;
#1863 = COLOUR_RGB ( '',0.2509803921568627400, 0.2509803921568627400, 0.2509803921568627400 ) ;
#1864 = DIRECTION ( 'NONE',  ( -0.0000000000000000000, -1.000000000000000000, -0.0000000000000000000 ) ) ;
#1865 = CARTESIAN_POINT ( 'NONE',  ( -0.8000000000000037100, 0.4798999999999999400, 0.08924856655951159100 ) ) ;
#1866 =( LENGTH_UNIT ( ) NAMED_UNIT ( * ) SI_UNIT ( .MILLI., .METRE. ) );
#1867 = CARTESIAN_POINT ( 'NONE',  ( -0.4568848070411599100, 0.4799999999999999800, -0.07816351500812872300 ) ) ;
#1868 = DIRECTION ( 'NONE',  ( 0.7071067811865473500, 0.0000000000000000000, -0.7071067811865477900 ) ) ;
#1869 = ORIENTED_EDGE ( 'NONE', *, *, #4719, .F. ) ;
#1870 = ORIENTED_EDGE ( 'NONE', *, *, #1449, .F. ) ;
#1871 = CARTESIAN_POINT ( 'NONE',  ( 0.08515685994677196800, 0.4799999999999999800, -0.1107514334404884200 ) ) ;
#1872 = MECHANICAL_DESIGN_GEOMETRIC_PRESENTATION_REPRESENTATION (  '', ( #420 ), #2371 ) ;
#1873 = CARTESIAN_POINT ( 'NONE',  ( -0.01204964656633175000, 0.4799999999999997600, 0.05534224388446382100 ) ) ;
#1874 = EDGE_CURVE ( 'NONE', #3296, #8012, #6786, .T. ) ;
#1875 = MECHANICAL_DESIGN_GEOMETRIC_PRESENTATION_REPRESENTATION (  '', ( #422 ), #2374 ) ;
#1876 = FACE_OUTER_BOUND ( 'NONE', #3968, .T. ) ;
#1877 = ORIENTED_EDGE ( 'NONE', *, *, #5753, .T. ) ;
#1878 = CARTESIAN_POINT ( 'NONE',  ( 0.2914947114856441500, 0.4799999999999999800, 0.06257717813358745800 ) ) ;
#1879 = CARTESIAN_POINT ( 'NONE',  ( -0.06875685922795318800, 0.4798999999999999400, 0.002759691218717379200 ) ) ;
#1880 = ORIENTED_EDGE ( 'NONE', *, *, #8788, .T. ) ;
#1881 = ADVANCED_FACE ( 'NONE', ( #8459 ), #3609, .T. ) ;
#1882 = CARTESIAN_POINT ( 'NONE',  ( 0.4471461750939627100, 0.4799999999999999800, -0.06593012325315993100 ) ) ;
#1883 = CARTESIAN_POINT ( 'NONE',  ( -0.05933177182118689500, 0.4798999999999999400, -0.08519378311861393300 ) ) ;
#1884 = CARTESIAN_POINT ( 'NONE',  ( 0.2245126570481948700, 0.4799999999999997000, 0.09094113213447398100 ) ) ;
#1885 = CARTESIAN_POINT ( 'NONE',  ( -0.08709329588705649900, 0.4798999999999999900, -0.09022521573105910000 ) ) ;
#1886 = UNCERTAINTY_MEASURE_WITH_UNIT (LENGTH_MEASURE( 1.000000000000000100E-005 ), #6632, 'distance_accuracy_value', 'NONE');
#1887 = DIRECTION ( 'NONE',  ( 1.000000000000000000, 0.0000000000000000000, 0.0000000000000000000 ) ) ;
#1888 = DIRECTION ( 'NONE',  ( 0.0000000000000000000, 0.0000000000000000000, 1.000000000000000000 ) ) ;
#1889 = EDGE_CURVE ( 'NONE', #4822, #5658, #3978, .T. ) ;
#1890 = CARTESIAN_POINT ( 'NONE',  ( 0.2928491676390798100, 0.4798999999999999400, 0.5000000000000195400 ) ) ;
#1891 = CARTESIAN_POINT ( 'NONE',  ( 0.4022241676390798700, 0.4799999999999999800, 0.08924856655951159100 ) ) ;
#1892 = PRESENTATION_LAYER_ASSIGNMENT (  '', '', ( #927 ) ) ;
#1893 = CARTESIAN_POINT ( 'NONE',  ( 0.6799999999999999400, 0.4099999999999999200, -0.3799999999999998900 ) ) ;
#1894 = DIRECTION ( 'NONE',  ( 2.409338161078898700E-016, 0.0000000000000000000, 1.000000000000000000 ) ) ;
#1895 = AXIS2_PLACEMENT_3D ( 'NONE', #743, #5769, #1461 ) ;
#1896 = CARTESIAN_POINT ( 'NONE',  ( 0.09665665534786453700, 0.4799999999999998700, 0.06666938333599987900 ) ) ;
#1897 = AXIS2_PLACEMENT_3D ( 'NONE', #6633, #2348, #7350 ) ;
#1898 = VECTOR ( 'NONE', #21, 1000.000000000000000 ) ;
#1899 = SURFACE_SIDE_STYLE ('',( #3680 ) ) ;
#1900 = CARTESIAN_POINT ( 'NONE',  ( -0.2252876177142954000, 0.4799999999999999800, -0.05142219166977762100 ) ) ;
#1901 = DIRECTION ( 'NONE',  ( -0.0000000000000000000, 1.000000000000000000, -0.0000000000000000000 ) ) ;
#1902 = CARTESIAN_POINT ( 'NONE',  ( -0.3300000000000021800, 0.0000000000000000000, -0.2299999999999968700 ) ) ;
#1903 = ORIENTED_EDGE ( 'NONE', *, *, #2910, .F. ) ;
#1904 = AXIS2_PLACEMENT_3D ( 'NONE', #7153, #2886, #7866 ) ;
#1905 = CARTESIAN_POINT ( 'NONE',  ( -0.03401263954152080500, 0.4798999999999999400, 0.07981899736501511800 ) ) ;
#1906 = CARTESIAN_POINT ( 'NONE',  ( -0.1263415374891254900, 0.4798999999999999400, -0.01531874113279610300 ) ) ;
#1907 = B_SPLINE_CURVE_WITH_KNOTS ( 'NONE', 3,
 ( #2611, #6899, #8330, #4042, #9047, #4773, #460, #5495, #1188, #6214, #1915 ),
 .UNSPECIFIED., .F., .F.,
 ( 4, 1, 1, 1, 1, 1, 1, 1, 4 ),
 ( 0.0000000000000000000, 0.2042261540779101200, 0.3855417648063219600, 0.5445479239626395100, 0.6809444004243588900, 0.7947315708215031400, 0.8862118064819335400, 0.9537405078414521500, 1.000000000000000000 ),
 .UNSPECIFIED. ) ;
#1908 = CARTESIAN_POINT ( 'NONE',  ( -0.2277337582456542600, 0.4798999999999999400, -0.04241652988219474900 ) ) ;
#1909 = CARTESIAN_POINT ( 'NONE',  ( -0.08360595978182941400, 0.4799999999999999800, -0.09020138048308928800 ) ) ;
#1910 = CARTESIAN_POINT ( 'NONE',  ( 0.2396492046109731700, 0.4799999999999999800, 0.09175490055704214900 ) ) ;
#1911 = CARTESIAN_POINT ( 'NONE',  ( 0.1899385387712875200, 0.4798999999999999400, 0.07243921234552762300 ) ) ;
#1912 = SURFACE_STYLE_USAGE ( .BOTH. , #6208 ) ;
#1913 = CARTESIAN_POINT ( 'NONE',  ( -0.1251837526485609400, 0.4798999999999999900, -0.07186158050225668900 ) ) ;
#1914 = CARTESIAN_POINT ( 'NONE',  ( 0.1492047309762238300, 0.4798999999999999400, -0.01646836459525132000 ) ) ;
#1915 = CARTESIAN_POINT ( 'NONE',  ( 0.3967353855877976400, 0.4799999999999999800, 0.02574696399540898900 ) ) ;
#1916 = FILL_AREA_STYLE_COLOUR ( '', #6746 ) ;
#1917 = DIRECTION ( 'NONE',  ( -0.0000000000000000000, 1.000000000000000000, -0.0000000000000000000 ) ) ;
#1918 = EDGE_CURVE ( 'NONE', #4012, #5498, #383, .T. ) ;
#1919 = EDGE_CURVE ( 'NONE', #3055, #2411, #4391, .T. ) ;
#1920 = CARTESIAN_POINT ( 'NONE',  ( 0.4552739738667396200, 0.4799999999999999800, -0.07866143476893487600 ) ) ;
#1921 = CARTESIAN_POINT ( 'NONE',  ( -0.2144869428414484000, 0.4799999999999999800, -0.01097449533172405700 ) ) ;
#1922 = CARTESIAN_POINT ( 'NONE',  ( -0.008316710036694739000, 0.4798999999999999400, 0.02106120874001344400 ) ) ;
#1923 = CARTESIAN_POINT ( 'NONE',  ( 0.1175683000236200800, 0.4798999999999999400, 0.04392304871311511500 ) ) ;
#1924 = ADVANCED_FACE ( 'NONE', ( #7563 ), #2330, .T. ) ;
#1925 = CARTESIAN_POINT ( 'NONE',  ( 0.2444116676390797600, 0.4799999999999994800, -0.04408476677382174700 ) ) ;
#1926 = UNCERTAINTY_MEASURE_WITH_UNIT (LENGTH_MEASURE( 1.000000000000000100E-005 ), #1825, 'distance_accuracy_value', 'NONE');
#1927 = STYLED_ITEM ( 'NONE', ( #6573 ), #1881 ) ;
#1928 = CARTESIAN_POINT ( 'NONE',  ( 0.5003150198639749700, 0.4798999999999999900, -0.004361130115055737900 ) ) ;
#1929 = CARTESIAN_POINT ( 'NONE',  ( -0.01044709173744335000, 0.4799999999999999800, 0.01399243712467378500 ) ) ;
#1930 =( LENGTH_UNIT ( ) NAMED_UNIT ( * ) SI_UNIT ( .MILLI., .METRE. ) );
#1931 = VECTOR ( 'NONE', #5036, 1000.000000000000000 ) ;
#1932 = CARTESIAN_POINT ( 'NONE',  ( -0.07636223742445383300, 0.4799999999999997600, 0.09172928036691364900 ) ) ;
#1933 = COLOUR_RGB ( '',0.2509803921568627400, 0.2509803921568627400, 0.2509803921568627400 ) ;
#1934 = FACE_OUTER_BOUND ( 'NONE', #1757, .T. ) ;
#1935 = CARTESIAN_POINT ( 'NONE',  ( 0.7500000000000001100, 0.4299999999999999400, 0.3799999999999997800 ) ) ;
#1936 = CARTESIAN_POINT ( 'NONE',  ( -0.1237828437140439000, 0.4798999999999999400, -0.04626046793924062200 ) ) ;
#1937 = DIRECTION ( 'NONE',  ( -1.000000000000000000, 0.0000000000000000000, 0.0000000000000000000 ) ) ;
#1938 = VERTEX_POINT ( 'NONE', #2359 ) ;
#1939 = FILL_AREA_STYLE_COLOUR ( '', #1498 ) ;
#1940 = CARTESIAN_POINT ( 'NONE',  ( 0.1755798465284563500, 0.4799999999999997000, 0.04156579531364539700 ) ) ;
#1941 = LINE ( 'NONE', #7385, #29 ) ;
#1942 = ORIENTED_EDGE ( 'NONE', *, *, #5663, .F. ) ;
#1943 = PLANE ( 'NONE',  #1053 ) ;
#1944 = ORIENTED_EDGE ( 'NONE', *, *, #4422, .F. ) ;
#1945 = ORIENTED_EDGE ( 'NONE', *, *, #7438, .T. ) ;
#1946 = CARTESIAN_POINT ( 'NONE',  ( 0.08487641122882323700, 0.4798999999999999400, -0.08767451036356532800 ) ) ;
#1947 = PRESENTATION_LAYER_ASSIGNMENT (  '', '', ( #987 ) ) ;
#1948 = AXIS2_PLACEMENT_3D ( 'NONE', #5906, #1587, #6620 ) ;
#1949 = ORIENTED_EDGE ( 'NONE', *, *, #1856, .F. ) ;
#1950 = CARTESIAN_POINT ( 'NONE',  ( -0.07435960923380863200, 0.4799999999999999800, 0.06861230203317630900 ) ) ;
#1951 = CARTESIAN_POINT ( 'NONE',  ( 0.4231557227346922100, 0.4798999999999999400, 0.2239237311768671500 ) ) ;
#1952 = B_SPLINE_CURVE_WITH_KNOTS ( 'NONE', 3,
 ( #5054, #5797, #6506, #2217, #7212, #2943, #7936, #3660, #8649, #4367, #66 ),
 .UNSPECIFIED., .F., .F.,
 ( 4, 1, 1, 1, 1, 1, 1, 1, 4 ),
 ( 0.0000000000000000000, 0.1278926194654206600, 0.2515785135038565200, 0.3727928197023031000, 0.4927776986078528700, 0.6135900692425723100, 0.7378086492801454500, 0.8661799015391680200, 1.000000000000000000 ),
 .UNSPECIFIED. ) ;
#1953 = ORIENTED_EDGE ( 'NONE', *, *, #8516, .T. ) ;
#1954 = CARTESIAN_POINT ( 'NONE',  ( -0.1892356338901098300, 0.4799999999999999800, 0.03054027317155935000 ) ) ;
#1955 = ORIENTED_EDGE ( 'NONE', *, *, #7390, .F. ) ;
#1956 = CARTESIAN_POINT ( 'NONE',  ( 0.03180641310740318200, 0.4798999999999999400, 0.05750138188775518600 ) ) ;
#1957 = CARTESIAN_POINT ( 'NONE',  ( -0.8000000000000037100, 0.4799999999999999800, 0.5000000000000195400 ) ) ;
#1958 = CARTESIAN_POINT ( 'NONE',  ( 0.1235933136337752000, 0.4799999999999998700, -0.005622637359715435200 ) ) ;
#1959 = CARTESIAN_POINT ( 'NONE',  ( 0.2772394408272944000, 0.4798999999999999400, -0.03392495309225966600 ) ) ;
#1960 = SURFACE_STYLE_FILL_AREA ( #8911 ) ;
#1961 = EDGE_CURVE ( 'NONE', #3787, #4915, #1400, .T. ) ;
#1962 = VECTOR ( 'NONE', #4438, 1000.000000000000000 ) ;
#1963 = ORIENTED_EDGE ( 'NONE', *, *, #2421, .T. ) ;
#1964 = SURFACE_STYLE_FILL_AREA ( #7757 ) ;
#1965 = CARTESIAN_POINT ( 'NONE',  ( -0.2251639435427840500, 0.4799999999999999800, -0.05471174427044239000 ) ) ;
#1966 = EDGE_CURVE ( 'NONE', #1500, #534, #4561, .T. ) ;
#1967 = LINE ( 'NONE', #9024, #59 ) ;
#1968 = CARTESIAN_POINT ( 'NONE',  ( -0.05933177182118689500, 0.4799999999999999800, -0.08519378311861393300 ) ) ;
#1969 = CARTESIAN_POINT ( 'NONE',  ( -0.1979729651524991500, 0.4798999999999999400, 0.06335595866010169900 ) ) ;
#1970 = CARTESIAN_POINT ( 'NONE',  ( 0.07174877771603782600, 0.4798999999999999400, 0.09074408115166589200 ) ) ;
#1971 = CARTESIAN_POINT ( 'NONE',  ( 0.5230522485426804000, 0.4798999999999999900, 0.02392954565145692700 ) ) ;
#1972 = EDGE_LOOP ( 'NONE', ( #8213, #825, #6483, #8550 ) ) ;
#1973 = VECTOR ( 'NONE', #4595, 1000.000000000000200 ) ;
#1974 = LINE ( 'NONE', #2594, #62 ) ;
#1975 = CARTESIAN_POINT ( 'NONE',  ( 0.3300000000000062300, -0.02000000000000000000, -0.4299999999999968800 ) ) ;
#1976 = ADVANCED_FACE ( 'NONE', ( #4989 ), #5472, .T. ) ;
#1977 = DIRECTION ( 'NONE',  ( 0.0000000000000000000, 1.000000000000000000, -0.0000000000000000000 ) ) ;
#1978 = DIRECTION ( 'NONE',  ( -0.0000000000000000000, 0.0000000000000000000, -1.000000000000000000 ) ) ;
#1979 = CARTESIAN_POINT ( 'NONE',  ( -0.8363472814175904000, 0.4798999999999999400, 0.1365271858241528800 ) ) ;
#1980 = PLANE ( 'NONE',  #4786 ) ;
#1981 = CARTESIAN_POINT ( 'NONE',  ( 0.08093980004937621800, 0.4798999999999999400, -0.08757118985902769000 ) ) ;
#1982 = EDGE_CURVE ( 'NONE', #6383, #589, #1907, .T. ) ;
#1983 = ORIENTED_EDGE ( 'NONE', *, *, #2684, .F. ) ;
#1984 = LINE ( 'NONE', #2591, #1758 ) ;
#1985 = CARTESIAN_POINT ( 'NONE',  ( 0.03563186399874086100, 0.4800000000000000900, 0.06554055969388841700 ) ) ;
#1986 = CARTESIAN_POINT ( 'NONE',  ( -0.04050082640560121600, 0.4798999999999999400, 0.05104272148927453000 ) ) ;
#1987 = CARTESIAN_POINT ( 'NONE',  ( -0.8000000000000037100, 0.4799999999999999800, -0.003059125748180666100 ) ) ;
#1988 = CARTESIAN_POINT ( 'NONE',  ( -0.2399663942420156000, 0.4798999999999999400, -0.03007061762506919900 ) ) ;
#1989 = CARTESIAN_POINT ( 'NONE',  ( -0.2420164702925496300, 0.4798999999999999400, -0.08467510460407558200 ) ) ;
#1990 = CARTESIAN_POINT ( 'NONE',  ( 0.2203641702688738400, 0.4798999999999999400, 0.06526946024764260200 ) ) ;
#1991 = SURFACE_STYLE_USAGE ( .BOTH. , #6289 ) ;
#1992 = FILL_AREA_STYLE_COLOUR ( '', #6936 ) ;
#1993 = CARTESIAN_POINT ( 'NONE',  ( -0.2522692170902869900, 0.4798999999999999400, -0.1103827860943641500 ) ) ;
#1994 =( LENGTH_UNIT ( ) NAMED_UNIT ( * ) SI_UNIT ( .MILLI., .METRE. ) );
#1995 = ORIENTED_EDGE ( 'NONE', *, *, #1680, .F. ) ;
#1996 = CARTESIAN_POINT ( 'NONE',  ( 0.2989737251548724700, 0.4799999999999994800, -0.005238984306480358800 ) ) ;
#1997 = PRESENTATION_STYLE_ASSIGNMENT (( #4859 ) ) ;
#1998 = ORIENTED_EDGE ( 'NONE', *, *, #6184, .T. ) ;
#1999 = CARTESIAN_POINT ( 'NONE',  ( 0.4531055778954900000, 0.4799999999999999800, -0.08659277959433459000 ) ) ;
#2000 = ORIENTED_EDGE ( 'NONE', *, *, #6495, .T. ) ;
#2001 = DIRECTION ( 'NONE',  ( -0.0000000000000000000, 1.000000000000000000, -0.0000000000000000000 ) ) ;
#2002 = CARTESIAN_POINT ( 'NONE',  ( 0.1210707926717916000, 0.4799999999999999800, -0.04845513647703757200 ) ) ;
#2003 = CARTESIAN_POINT ( 'NONE',  ( 0.02571595843369252700, 0.4799999999999999800, 0.03881690550341690400 ) ) ;
#2004 = DIRECTION ( 'NONE',  ( -0.0000000000000000000, -1.000000000000000000, -0.0000000000000000000 ) ) ;
#2005 = CARTESIAN_POINT ( 'NONE',  ( 0.2667885389909079300, 0.4799999999999999800, 0.05601704655788187400 ) ) ;
#2006 = DIRECTION ( 'NONE',  ( -0.0000000000000000000, 0.0000000000000000000, 1.000000000000000000 ) ) ;
#2007 = CARTESIAN_POINT ( 'NONE',  ( -0.1276636528737408700, 0.4798999999999999400, -0.06039085651741150200 ) ) ;
#2008 = FILL_AREA_STYLE_COLOUR ( '', #3245 ) ;
#2009 = CARTESIAN_POINT ( 'NONE',  ( 0.06086095332602563900, 0.4799999999999999800, -0.07717885880198746600 ) ) ;
#2010 = CARTESIAN_POINT ( 'NONE',  ( 0.02111964483858683900, 0.4798999999999999400, -0.004887402567924482500 ) ) ;
#2011 = EDGE_CURVE ( 'NONE', #2454, #4443, #7881, .T. ) ;
#2012 = CARTESIAN_POINT ( 'NONE',  ( 0.02108012918314687900, 0.4799999999999999800, -0.01224743753609722900 ) ) ;
#2013 = ORIENTED_EDGE ( 'NONE', *, *, #5380, .T. ) ;
#2014 = CARTESIAN_POINT ( 'NONE',  ( 0.2177724083283035200, 0.4798999999999999900, -0.01668395913711647300 ) ) ;
#2015 = CARTESIAN_POINT ( 'NONE',  ( -0.2252876177142954000, 0.4799999999999999800, -0.05142219166977762100 ) ) ;
#2016 = CARTESIAN_POINT ( 'NONE',  ( -0.09053390404150492300, 0.4800000000000000400, -0.09019928205330064700 ) ) ;
#2017 =( LENGTH_UNIT ( ) NAMED_UNIT ( * ) SI_UNIT ( .MILLI., .METRE. ) );
#2018 = CARTESIAN_POINT ( 'NONE',  ( 0.3010249535783202100, 0.4799999999999999800, 0.03994252634477509600 ) ) ;
#2019 = DIRECTION ( 'NONE',  ( 0.0000000000000000000, 1.000000000000000000, -0.0000000000000000000 ) ) ;
#2020 = CARTESIAN_POINT ( 'NONE',  ( -0.1971610431055217900, 0.4798999999999999400, -0.06583207125394072200 ) ) ;
#2021 = ADVANCED_FACE ( 'NONE', ( #4315 ), #3620, .T. ) ;
#2022 = CARTESIAN_POINT ( 'NONE',  ( -0.1204921785147665400, 0.4799999999999998700, -0.04272258728664225100 ) ) ;
#2023 = MECHANICAL_DESIGN_GEOMETRIC_PRESENTATION_REPRESENTATION (  '', ( #574 ), #2509 ) ;
#2024 = ORIENTED_EDGE ( 'NONE', *, *, #6671, .F. ) ;
#2025 = B_SPLINE_SURFACE_WITH_KNOTS ( 'NONE', 3, 1, ( 
 ( #402, #8296 ),
 ( #4013, #9011 ),
 ( #4729, #425 ),
 ( #5464, #1139 ),
 ( #6177, #1882 ),
 ( #6890, #2601 ),
 ( #7612, #3336 ) ),
 .UNSPECIFIED., .F., .F., .F.,
 ( 4, 1, 1, 1, 4 ),
 ( 2, 2 ),
 ( 0.0000000000000000000, 0.2994325835200252800, 0.5657804253500458000, 0.7996368141693420700, 1.000000000000000000 ),
 ( 0.0000000000000000000, 1.000000000000000000 ),
 .UNSPECIFIED. ) ;
#2026 = CARTESIAN_POINT ( 'NONE',  ( -0.1519424017377920000, 0.4799999999999999800, -0.03937740102785248400 ) ) ;
#2027 = CARTESIAN_POINT ( 'NONE',  ( 0.2818612018334171200, 0.4798999999999999400, -0.03021055763244986900 ) ) ;
#2028 = CARTESIAN_POINT ( 'NONE',  ( 0.4523639740041287000, 0.4799999999999999800, -0.08397344580840078500 ) ) ;
#2029 = UNCERTAINTY_MEASURE_WITH_UNIT (LENGTH_MEASURE( 1.000000000000000100E-005 ), #3593, 'distance_accuracy_value', 'NONE');
#2030 = CARTESIAN_POINT ( 'NONE',  ( -0.02978509329153344500, 0.4798999999999999400, -0.09485439508649991200 ) ) ;
#2031 = VECTOR ( 'NONE', #8866, 1000.000000000000000 ) ;
#2032 = CARTESIAN_POINT ( 'NONE',  ( 0.08487641122882323700, 0.4799999999999999800, -0.08767451036356532800 ) ) ;
#2033 = PRESENTATION_LAYER_ASSIGNMENT (  '', '', ( #1554 ) ) ;
#2034 = CARTESIAN_POINT ( 'NONE',  ( 0.2089880412493445000, 0.4799999999999999800, -0.01034171856896718400 ) ) ;
#2035 = VECTOR ( 'NONE', #766, 1000.000000000000000 ) ;
#2036 = EDGE_CURVE ( 'NONE', #3771, #3698, #1733, .T. ) ;
#2037 =( NAMED_UNIT ( * ) PLANE_ANGLE_UNIT ( ) SI_UNIT ( $, .RADIAN. ) );
#2038 = SURFACE_SIDE_STYLE ('',( #4751 ) ) ;
#2039 = SURFACE_SIDE_STYLE ('',( #7330 ) ) ;
#2040 = DIRECTION ( 'NONE',  ( -0.0000000000000000000, 1.000000000000000000, -0.0000000000000000000 ) ) ;
#2041 =( LENGTH_UNIT ( ) NAMED_UNIT ( * ) SI_UNIT ( .MILLI., .METRE. ) );
#2042 = CARTESIAN_POINT ( 'NONE',  ( 0.02815457691549751900, 0.4799999999999999800, -0.06656509541211191900 ) ) ;
#2043 = FILL_AREA_STYLE ('',( #9183 ) ) ;
#2044 = CARTESIAN_POINT ( 'NONE',  ( -0.007150832360920352800, 0.4798999999999999400, 0.03247773322617825100 ) ) ;
#2045 = CARTESIAN_POINT ( 'NONE',  ( -0.1270606329630861700, 0.4800000000000000400, -0.06632259950227394100 ) ) ;
#2046 = CARTESIAN_POINT ( 'NONE',  ( -0.04017130613885603500, 0.4798999999999999400, 0.01811862411465422300 ) ) ;
#2047 = CARTESIAN_POINT ( 'NONE',  ( -0.2452918580019460300, 0.4799999999999999300, 0.06521010502105005500 ) ) ;
#2048 = DIRECTION ( 'NONE',  ( 0.0000000000000000000, 0.0000000000000000000, 1.000000000000000000 ) ) ;
#2049 = SURFACE_STYLE_FILL_AREA ( #3998 ) ;
#2050 = CARTESIAN_POINT ( 'NONE',  ( -0.1892712031670680300, 0.4798999999999999400, 0.03423127427357675100 ) ) ;
#2051 = LINE ( 'NONE', #282, #7536 ) ;
#2052 = CARTESIAN_POINT ( 'NONE',  ( -0.2174567771945788200, 0.4799999999999999800, 0.03310736051869686600 ) ) ;
#2053 = EDGE_LOOP ( 'NONE', ( #8098, #2305, #6520, #4525, #409, #6686, #2563, #2804, #5005, #7204, #9105, #3579, #99, #461, #7555, #2486 ) ) ;
#2054 = ORIENTED_EDGE ( 'NONE', *, *, #1370, .F. ) ;
#2055 = VECTOR ( 'NONE', #4158, 1000.000000000000000 ) ;
#2056 = ORIENTED_EDGE ( 'NONE', *, *, #5474, .T. ) ;
#2057 = CARTESIAN_POINT ( 'NONE',  ( -0.04040835229455207200, 0.4799999999999999800, -0.01521663150329944300 ) ) ;
#2058 = VECTOR ( 'NONE', #4665, 1000.000000000000000 ) ;
#2059 = CARTESIAN_POINT ( 'NONE',  ( -0.7999999999999700700, 0.0000000000000000000, -0.4999999999999813500 ) ) ;
#2060 = CYLINDRICAL_SURFACE ( 'NONE', #2267, 0.06250000000000005600 ) ;
#2061 = FILL_AREA_STYLE_COLOUR ( '', #143 ) ;
#2062 = AXIS2_PLACEMENT_3D ( 'NONE', #1777, #332, #4667 ) ;
#2063 = DIRECTION ( 'NONE',  ( -0.7071067811865479100, -0.0000000000000000000, -0.7071067811865472400 ) ) ;
#2064 = DIRECTION ( 'NONE',  ( -0.0000000000000000000, 1.000000000000000000, -0.0000000000000000000 ) ) ;
#2065 = ORIENTED_EDGE ( 'NONE', *, *, #1316, .T. ) ;
#2066 = ORIENTED_EDGE ( 'NONE', *, *, #9311, .T. ) ;
#2067 = LINE ( 'NONE', #9314, #153 ) ;
#2068 = CARTESIAN_POINT ( 'NONE',  ( 0.7999999999999963800, 0.4799999999999999800, 0.5000000000000195400 ) ) ;
#2069 = ORIENTED_EDGE ( 'NONE', *, *, #2158, .F. ) ;
#2070 = EDGE_LOOP ( 'NONE', ( #3759, #2754, #6449, #8746 ) ) ;
#2071 = DIRECTION ( 'NONE',  ( 0.0000000000000000000, 1.000000000000000000, 0.0000000000000000000 ) ) ;
#2072 = CARTESIAN_POINT ( 'NONE',  ( -0.2108347393058661300, 0.4800000000000000900, -0.008857797588381434400 ) ) ;
#2073 = ADVANCED_FACE ( 'NONE', ( #7444 ), #4648, .F. ) ;
#2074 = CARTESIAN_POINT ( 'NONE',  ( 0.1070815771440499900, 0.4798999999999999400, -0.1072479514087009700 ) ) ;
#2075 = PRESENTATION_STYLE_ASSIGNMENT (( #3732 ) ) ;
#2076 = CARTESIAN_POINT ( 'NONE',  ( -0.007150832360920352800, 0.4799999999999999800, 0.03247773322617825100 ) ) ;
#2077 = ORIENTED_EDGE ( 'NONE', *, *, #6299, .T. ) ;
#2078 = FACE_OUTER_BOUND ( 'NONE', #6050, .T. ) ;
#2079 = FILL_AREA_STYLE_COLOUR ( '', #8983 ) ;
#2080 = VECTOR ( 'NONE', #6550, 1000.000000000000000 ) ;
#2081 = UNCERTAINTY_MEASURE_WITH_UNIT (LENGTH_MEASURE( 1.000000000000000100E-005 ), #193, 'distance_accuracy_value', 'NONE');
#2082 = ORIENTED_EDGE ( 'NONE', *, *, #3083, .F. ) ;
#2083 = B_SPLINE_SURFACE_WITH_KNOTS ( 'NONE', 3, 1, ( 
 ( #6488, #7229 ),
 ( #2955, #7946 ),
 ( #3673, #8658 ),
 ( #4380, #74 ),
 ( #5093, #801 ),
 ( #5838, #1524 ),
 ( #6543, #2259 ) ),
 .UNSPECIFIED., .F., .F., .F.,
 ( 4, 1, 1, 1, 4 ),
 ( 2, 2 ),
 ( 0.0000000000000000000, 0.2603861425240845400, 0.5134251205046670400, 0.7599736215259990100, 1.000000000000000000 ),
 ( 0.0000000000000000000, 1.000000000000000000 ),
 .UNSPECIFIED. ) ;
#2084 = CARTESIAN_POINT ( 'NONE',  ( -0.01533681723306661900, 0.4799999999999999800, 0.06122415852873743000 ) ) ;
#2085 = PRESENTATION_STYLE_ASSIGNMENT (( #1606 ) ) ;
#2086 =( GEOMETRIC_REPRESENTATION_CONTEXT ( 3 ) GLOBAL_UNCERTAINTY_ASSIGNED_CONTEXT ( ( #3896 ) ) GLOBAL_UNIT_ASSIGNED_CONTEXT ( ( #8226, #3935, #8939 ) ) REPRESENTATION_CONTEXT ( 'NONE', 'WORKASPACE' ) );
#2087 = CARTESIAN_POINT ( 'NONE',  ( 0.07012016388423210300, 0.4799999999999999800, -0.1092566018798254600 ) ) ;
#2088 = CARTESIAN_POINT ( 'NONE',  ( 0.2878010907160026800, 0.4798999999999999400, 0.06753382296976800900 ) ) ;
#2089 = DIRECTION ( 'NONE',  ( -0.0000000000000000000, 0.0000000000000000000, -1.000000000000000000 ) ) ;
#2090 = ORIENTED_EDGE ( 'NONE', *, *, #1797, .T. ) ;
#2091 = LINE ( 'NONE', #4657, #5689 ) ;
#2092 = SURFACE_STYLE_USAGE ( .BOTH. , #6387 ) ;
#2093 = CARTESIAN_POINT ( 'NONE',  ( -0.3097149349250229400, 0.4798999999999999400, -0.02613604882510385500 ) ) ;
#2094 = FACE_OUTER_BOUND ( 'NONE', #8960, .T. ) ;
#2095 = CARTESIAN_POINT ( 'NONE',  ( 0.1492594240493360100, 0.4799999999999999800, -0.009389253953308930200 ) ) ;
#2096 = DIRECTION ( 'NONE',  ( 1.000000000000000000, 0.0000000000000000000, 0.0000000000000000000 ) ) ;
#2097 = CARTESIAN_POINT ( 'NONE',  ( -0.2462655905534579200, 0.4799999999999999800, 0.06535306749464529800 ) ) ;
#2098 = CARTESIAN_POINT ( 'NONE',  ( -0.2014373610862038600, 0.4799999999999998700, 0.06832837758806092900 ) ) ;
#2099 = SURFACE_STYLE_USAGE ( .BOTH. , #6391 ) ;
#2100 =( GEOMETRIC_REPRESENTATION_CONTEXT ( 3 ) GLOBAL_UNCERTAINTY_ASSIGNED_CONTEXT ( ( #996 ) ) GLOBAL_UNIT_ASSIGNED_CONTEXT ( ( #7692, #7722, #7747 ) ) REPRESENTATION_CONTEXT ( 'NONE', 'WORKASPACE' ) );
#2101 = CARTESIAN_POINT ( 'NONE',  ( -0.03758581324067734900, 0.4798999999999999400, -0.01391525974260285300 ) ) ;
#2102 = VERTEX_POINT ( 'NONE', #594 ) ;
#2103 = MECHANICAL_DESIGN_GEOMETRIC_PRESENTATION_REPRESENTATION (  '', ( #645 ), #2569 ) ;
#2104 = CARTESIAN_POINT ( 'NONE',  ( -0.1486757204171480800, 0.4799999999999999800, -0.03364883579553260700 ) ) ;
#2105 = FILL_AREA_STYLE_COLOUR ( '', #8314 ) ;
#2106 = CARTESIAN_POINT ( 'NONE',  ( 0.2928491676390798100, 0.4798999999999999400, -0.08254630523536017600 ) ) ;
#2107 =( LENGTH_UNIT ( ) NAMED_UNIT ( * ) SI_UNIT ( .MILLI., .METRE. ) );
#2108 = CARTESIAN_POINT ( 'NONE',  ( 0.02105429584420780800, 0.4798999999999999400, -0.009389253953308930200 ) ) ;
#2109 = CARTESIAN_POINT ( 'NONE',  ( 0.2618699560470151800, 0.4799999999999999800, -0.04161842942831314700 ) ) ;
#2110 = ORIENTED_EDGE ( 'NONE', *, *, #7246, .T. ) ;
#2111 = CARTESIAN_POINT ( 'NONE',  ( -0.1929582309487485000, 0.4798999999999999400, 0.01217924322529052500 ) ) ;
#2112 = ORIENTED_EDGE ( 'NONE', *, *, #3717, .F. ) ;
#2113 = CARTESIAN_POINT ( 'NONE',  ( 0.1368384144836544400, 0.4799999999999996500, -0.07932782748684143200 ) ) ;
#2114 = CARTESIAN_POINT ( 'NONE',  ( 0.04048538558779762900, 0.4800000000000000400, 0.07254183579028082600 ) ) ;
#2115 = CARTESIAN_POINT ( 'NONE',  ( -0.2174624295226774700, 0.4799999999999998700, 0.02973517257808490400 ) ) ;
#2116 =( NAMED_UNIT ( * ) PLANE_ANGLE_UNIT ( ) SI_UNIT ( $, .RADIAN. ) );
#2117 = EDGE_CURVE ( 'NONE', #3610, #3795, #6723, .T. ) ;
#2118 = EDGE_CURVE ( 'NONE', #5543, #6149, #6560, .T. ) ;
#2119 = B_SPLINE_SURFACE_WITH_KNOTS ( 'NONE', 3, 1, ( 
 ( #2229, #7231 ),
 ( #2957, #7949 ),
 ( #3676, #8661 ),
 ( #4382, #77 ),
 ( #5095, #803 ),
 ( #5840, #1527 ),
 ( #6546, #2261 ) ),
 .UNSPECIFIED., .F., .F., .F.,
 ( 4, 1, 1, 1, 4 ),
 ( 2, 2 ),
 ( 0.0000000000000000000, 0.2472940500353366700, 0.4956077709090498900, 0.7463591727731959700, 1.000000000000000000 ),
 ( 0.0000000000000000000, 1.000000000000000000 ),
 .UNSPECIFIED. ) ;
#2120 = CARTESIAN_POINT ( 'NONE',  ( -0.07978705030963835500, 0.4799999999999999800, 0.09181266912361417400 ) ) ;
#2121 = COLOUR_RGB ( '',1.000000000000000000, 1.000000000000000000, 0.5019607843137254800 ) ;
#2122 = ORIENTED_EDGE ( 'NONE', *, *, #3376, .T. ) ;
#2123 = CARTESIAN_POINT ( 'NONE',  ( 0.07011175412551617900, 0.4798999999999999400, 0.06508146422976449100 ) ) ;
#2124 =( LENGTH_UNIT ( ) NAMED_UNIT ( * ) SI_UNIT ( .MILLI., .METRE. ) );
#2125 = CARTESIAN_POINT ( 'NONE',  ( -0.09850438796157512400, 0.4799999999999998700, 0.09071653934920685700 ) ) ;
#2126 = CARTESIAN_POINT ( 'NONE',  ( 0.4231557227346922100, 0.4798999999999999400, 0.2239237311768671500 ) ) ;
#2127 = CARTESIAN_POINT ( 'NONE',  ( 0.1359400046351260900, 0.4799999999999999800, 0.06261181397293913400 ) ) ;
#2128 =( GEOMETRIC_REPRESENTATION_CONTEXT ( 3 ) GLOBAL_UNCERTAINTY_ASSIGNED_CONTEXT ( ( #5367 ) ) GLOBAL_UNIT_ASSIGNED_CONTEXT ( ( #6409, #2116, #7117 ) ) REPRESENTATION_CONTEXT ( 'NONE', 'WORKASPACE' ) );
#2129 = CARTESIAN_POINT ( 'NONE',  ( -0.8000000000000037100, 0.4799999999999999800, -0.1107514334404884300 ) ) ;
#2130 = CARTESIAN_POINT ( 'NONE',  ( -0.2381129603227704600, 0.4798999999999999400, 0.08754222616531967500 ) ) ;
#2131 = ADVANCED_FACE ( 'NONE', ( #2987 ), #4262, .F. ) ;
#2132 = CARTESIAN_POINT ( 'NONE',  ( -0.03758581324067734900, 0.4799999999999999800, -0.01391525974260285300 ) ) ;
#2133 = CARTESIAN_POINT ( 'NONE',  ( -0.1275907641834538300, 0.4799999999999999800, -0.05867014442759459200 ) ) ;
#2134 = CARTESIAN_POINT ( 'NONE',  ( -0.8000000000000037100, 0.4799999999999999800, -0.08767451036356535600 ) ) ;
#2135 = CARTESIAN_POINT ( 'NONE',  ( -0.2450377352047768100, 0.4799999999999999800, -0.08557959215079841100 ) ) ;
#2136 = CARTESIAN_POINT ( 'NONE',  ( 0.2750270306551428300, 0.4798999999999999400, 0.004287090166399186400 ) ) ;
#2137 = CARTESIAN_POINT ( 'NONE',  ( 0.02108012918314687900, 0.4800000000000000900, -0.01224743753609722900 ) ) ;
#2138 = CARTESIAN_POINT ( 'NONE',  ( 0.3030457902948182100, 0.4799999999999999800, 0.01833346705683764500 ) ) ;
#2139 = PRESENTATION_LAYER_ASSIGNMENT (  '', '', ( #1149 ) ) ;
#2140 = CARTESIAN_POINT ( 'NONE',  ( -0.1892021144122024400, 0.4800000000000000900, 0.03195689989284492700 ) ) ;
#2141 = CARTESIAN_POINT ( 'NONE',  ( 0.1481709673795926800, 0.4798999999999999400, -0.03575803804736122500 ) ) ;
#2142 = CARTESIAN_POINT ( 'NONE',  ( 0.04672078098471670700, 0.4799999999999999300, -0.005622654713496466300 ) ) ;
#2143 = CARTESIAN_POINT ( 'NONE',  ( -0.07092714034021147000, 0.4798999999999999400, -0.08902580864064145400 ) ) ;
#2144 = ORIENTED_EDGE ( 'NONE', *, *, #8220, .F. ) ;
#2145 = CARTESIAN_POINT ( 'NONE',  ( -0.2332251344006538200, 0.4798999999999999400, 0.002169096362027348300 ) ) ;
#2146 = COLOUR_RGB ( '',0.2509803921568627400, 0.2509803921568627400, 0.2509803921568627400 ) ;
#2147 = PRESENTATION_STYLE_ASSIGNMENT (( #4868 ) ) ;
#2148 = EDGE_CURVE ( 'NONE', #3201, #3787, #7983, .T. ) ;
#2149 = DIRECTION ( 'NONE',  ( -1.000000000000000000, 0.0000000000000000000, 0.0000000000000000000 ) ) ;
#2150 = CARTESIAN_POINT ( 'NONE',  ( 0.2592656690021549200, 0.4798999999999999400, 0.08858932808931026200 ) ) ;
#2151 = PLANE ( 'NONE',  #1904 ) ;
#2152 = PLANE ( 'NONE',  #7544 ) ;
#2153 = CARTESIAN_POINT ( 'NONE',  ( -0.1330472545985293100, 0.4798999999999999400, 0.07878596079913713400 ) ) ;
#2154 = CARTESIAN_POINT ( 'NONE',  ( 0.2718519855514091000, 0.4799999999999999800, -0.003129000313433032800 ) ) ;
#2155 = CARTESIAN_POINT ( 'NONE',  ( 0.08692090927917273100, 0.4799999999999999800, 0.09178579377132145600 ) ) ;
#2156 = CARTESIAN_POINT ( 'NONE',  ( -0.2452918580019460300, 0.4798999999999999400, 0.06521010502105005500 ) ) ;
#2157 = FILL_AREA_STYLE_COLOUR ( '', #2884 ) ;
#2158 = EDGE_CURVE ( 'NONE', #4991, #8765, #2067, .T. ) ;
#2159 = PRESENTATION_LAYER_ASSIGNMENT (  '', '', ( #1170 ) ) ;
#2160 = B_SPLINE_SURFACE_WITH_KNOTS ( 'NONE', 3, 1, ( 
 ( #1225, #8426 ),
 ( #4143, #9156 ),
 ( #4873, #570 ),
 ( #5606, #1294 ),
 ( #6321, #2018 ),
 ( #7030, #2758 ),
 ( #7746, #3476 ),
 ( #8467, #4168 ),
 ( #9188, #4904 ),
 ( #606, #5637 ),
 ( #1325, #6356 ) ),
 .UNSPECIFIED., .F., .F., .F.,
 ( 4, 1, 1, 1, 1, 1, 1, 1, 4 ),
 ( 2, 2 ),
 ( 0.0000000000000000000, 0.1324616222426384700, 0.2616495010354903900, 0.3875466984163662400, 0.5107816292933473600, 0.6326753605997108600, 0.7546603541381374800, 0.8765227798028654100, 1.000000000000000000 ),
 ( 0.0000000000000000000, 1.000000000000000000 ),
 .UNSPECIFIED. ) ;
#2161 =( NAMED_UNIT ( * ) PLANE_ANGLE_UNIT ( ) SI_UNIT ( $, .RADIAN. ) );
#2162 = PRESENTATION_LAYER_ASSIGNMENT (  '', '', ( #1176 ) ) ;
#2163 = DIRECTION ( 'NONE',  ( 1.000000000000000000, -0.0000000000000000000, 3.361026734705060600E-014 ) ) ;
#2164 = SURFACE_STYLE_USAGE ( .BOTH. , #6458 ) ;
#2165 = CARTESIAN_POINT ( 'NONE',  ( 0.2616608266021252500, 0.4799999999999995900, -0.01453897042080121000 ) ) ;
#2166 = VECTOR ( 'NONE', #1861, 1000.000000000000000 ) ;
#2167 = CARTESIAN_POINT ( 'NONE',  ( 0.02645478693947160900, 0.4798999999999999400, -0.06082243483537533300 ) ) ;
#2168 = EDGE_CURVE ( 'NONE', #2253, #3415, #5897, .T. ) ;
#2169 = CARTESIAN_POINT ( 'NONE',  ( -0.03821822900172235100, 0.4799999999999999800, 0.04688309419696026100 ) ) ;
#2170 = CARTESIAN_POINT ( 'NONE',  ( -0.1969877415885833700, 0.4798999999999999400, -0.05676375675497295800 ) ) ;
#2171 = CARTESIAN_POINT ( 'NONE',  ( 0.05493090049933837400, 0.4798999999999999400, 0.04937490075215274200 ) ) ;
#2172 = CARTESIAN_POINT ( 'NONE',  ( -0.06674403192013402000, 0.4798999999999999400, -0.08803418920062706900 ) ) ;
#2173 = SURFACE_STYLE_FILL_AREA ( #83 ) ;
#2174 = CARTESIAN_POINT ( 'NONE',  ( -0.2656444221045101100, 0.4799999999999998700, -0.003059125748180720300 ) ) ;
#2175 = CARTESIAN_POINT ( 'NONE',  ( -0.4398832041557922400, 0.4798999999999999400, -0.04793092061997560700 ) ) ;
#2176 = VECTOR ( 'NONE', #5773, 1000.000000000000000 ) ;
#2177 = B_SPLINE_SURFACE_WITH_KNOTS ( 'NONE', 3, 1, ( 
 ( #2891, #1460 ),
 ( #6482, #2187 ),
 ( #7184, #2921 ),
 ( #7910, #3632 ),
 ( #8627, #4342 ),
 ( #39, #5057 ),
 ( #769, #5800 ),
 ( #1483, #6509 ),
 ( #2220, #7217 ),
 ( #2947, #7939 ),
 ( #3665, #8652 ) ),
 .UNSPECIFIED., .F., .F., .F.,
 ( 4, 1, 1, 1, 1, 1, 1, 1, 4 ),
 ( 2, 2 ),
 ( 0.0000000000000000000, 0.1379032299933943800, 0.2688733426002938900, 0.3951781273461146800, 0.5170892381308885800, 0.6367430265135486400, 0.7562218164637978200, 0.8766283594636796700, 1.000000000000000000 ),
 ( 0.0000000000000000000, 1.000000000000000000 ),
 .UNSPECIFIED. ) ;
#2178 = CARTESIAN_POINT ( 'NONE',  ( 0.1453337029061355900, 0.4798999999999999400, 0.03566248771235894900 ) ) ;
#2179 = VERTEX_POINT ( 'NONE', #7607 ) ;
#2180 = CARTESIAN_POINT ( 'NONE',  ( 0.08093980004937621800, 0.4799999999999999800, -0.08757118985902769000 ) ) ;
#2181 = ORIENTED_EDGE ( 'NONE', *, *, #3256, .F. ) ;
#2182 = CARTESIAN_POINT ( 'NONE',  ( -0.6800000000000000500, 0.4099999999999999200, 0.4499999999999999600 ) ) ;
#2183 = CARTESIAN_POINT ( 'NONE',  ( 0.2064581363260614400, 0.4799999999999999800, 0.05169351213638086200 ) ) ;
#2184 = ORIENTED_EDGE ( 'NONE', *, *, #6475, .T. ) ;
#2185 = CARTESIAN_POINT ( 'NONE',  ( -0.1528385704762000000, 0.4799999999999998700, 0.05818153066037623500 ) ) ;
#2186 = ORIENTED_EDGE ( 'NONE', *, *, #8260, .F. ) ;
#2187 = CARTESIAN_POINT ( 'NONE',  ( 0.08284398673545218000, 0.4799999999999999800, 0.09174669429296336600 ) ) ;
#2188 = B_SPLINE_CURVE_WITH_KNOTS ( 'NONE', 3,
 ( #2904, #2170, #5622, #7891, #3618, #8609, #4324, #17, #5044, #756, #5784 ),
 .UNSPECIFIED., .F., .F.,
 ( 4, 1, 1, 1, 1, 1, 1, 1, 4 ),
 ( 0.0000000000000000000, 0.1158426906010180800, 0.2305685484828842200, 0.3473546045205445100, 0.4682527467344625400, 0.5923025714800842500, 0.7199701656206970400, 0.8556003811349103300, 1.000000000000000000 ),
 .UNSPECIFIED. ) ;
#2189 = PRESENTATION_STYLE_ASSIGNMENT (( #7926 ) ) ;
#2190 = CARTESIAN_POINT ( 'NONE',  ( 0.3773042958442078300, 0.4798999999999999400, 0.02077901527746031300 ) ) ;
#2191 = VECTOR ( 'NONE', #8863, 1000.000000000000000 ) ;
#2192 = PRESENTATION_LAYER_ASSIGNMENT (  '', '', ( #2670 ) ) ;
#2193 = EDGE_LOOP ( 'NONE', ( #4580, #316, #8035, #6204 ) ) ;
#2194 = CARTESIAN_POINT ( 'NONE',  ( -0.8000000000000037100, 0.4798999999999999400, -0.1107514334404884300 ) ) ;
#2195 = CARTESIAN_POINT ( 'NONE',  ( 0.1221978414379020200, 0.4799999999999995400, -0.04010149206607165800 ) ) ;
#2196 = CARTESIAN_POINT ( 'NONE',  ( 0.2373203214852334900, 0.4798999999999999400, -0.02100784369689868300 ) ) ;
#2197 = VECTOR ( 'NONE', #5981, 999.9999999999998900 ) ;
#2198 = VECTOR ( 'NONE', #8002, 1000.000000000000000 ) ;
#2199 = CARTESIAN_POINT ( 'NONE',  ( 0.03986971296293422700, 0.4800000000000000900, -0.08991605412561759500 ) ) ;
#2200 = ORIENTED_EDGE ( 'NONE', *, *, #7956, .F. ) ;
#2201 = B_SPLINE_CURVE_WITH_KNOTS ( 'NONE', 3,
 ( #9238, #652, #1368, #6402, #2109, #7107, #2839, #7828, #3559, #8534, #4254, #9274, #4979, #683, #5726, #1412, #6429, #2138, #7140 ),
 .UNSPECIFIED., .F., .F.,
 ( 4, 1, 1, 1, 1, 1, 1, 1, 1, 1, 1, 1, 1, 1, 1, 1, 4 ),
 ( 0.0000000000000000000, 0.06199741907572173200, 0.1220879540822920200, 0.1813753107870029500, 0.2395080083953658700, 0.2978356978967513500, 0.3568799706531179400, 0.4172818251154281600, 0.4796404090798155300, 0.5425000674783561100, 0.6049624196481899800, 0.6669910330782642400, 0.7302162430101636300, 0.7941728632512559100, 0.8604581431502612600, 0.9285781799847826500, 1.000000000000000000 ),
 .UNSPECIFIED. ) ;
#2202 = VECTOR ( 'NONE', #5184, 1000.000000000000000 ) ;
#2203 = CARTESIAN_POINT ( 'NONE',  ( -0.2630402554378434800, 0.4798999999999999400, -0.1107514334404884200 ) ) ;
#2204 = B_SPLINE_CURVE_WITH_KNOTS ( 'NONE', 3,
 ( #7856, #2869, #8584, #4286, #9305, #5014, #723, #5749, #1443, #6464, #2169, #7168, #2903, #7890, #3617 ),
 .UNSPECIFIED., .F., .F.,
 ( 4, 1, 1, 1, 1, 1, 1, 1, 1, 1, 1, 1, 4 ),
 ( 0.0000000000000000000, 0.1055838864195047100, 0.2058681332620123900, 0.3009467177422133800, 0.3930019285950109900, 0.4809485116065870800, 0.5628738662802260700, 0.6414613436333616000, 0.7177416181792267700, 0.7917717603087840500, 0.8627163930302564900, 0.9317768462002766800, 1.000000000000000000 ),
 .UNSPECIFIED. ) ;
#2205 = CARTESIAN_POINT ( 'NONE',  ( 0.07365060081523094900, 0.4799999999999999300, 0.06671863679232985200 ) ) ;
#2206 = VECTOR ( 'NONE', #7593, 1000.000000000000000 ) ;
#2207 = CARTESIAN_POINT ( 'NONE',  ( -0.06287916413657246300, 0.4798999999999999400, -0.08675527578161343300 ) ) ;
#2208 = EDGE_CURVE ( 'NONE', #5658, #2405, #7553, .T. ) ;
#2209 = FILL_AREA_STYLE_COLOUR ( '', #4647 ) ;
#2210 = ORIENTED_EDGE ( 'NONE', *, *, #3780, .F. ) ;
#2211 = VECTOR ( 'NONE', #235, 1000.000000000000000 ) ;
#2212 = CARTESIAN_POINT ( 'NONE',  ( 0.1092363737084014900, 0.4798999999999999400, 0.08754455524169688100 ) ) ;
#2213 = PRESENTATION_LAYER_ASSIGNMENT (  '', '', ( #1229 ) ) ;
#2214 =( LENGTH_UNIT ( ) NAMED_UNIT ( * ) SI_UNIT ( .MILLI., .METRE. ) );
#2215 = CARTESIAN_POINT ( 'NONE',  ( 0.3945204090424392400, 0.4799999999999999800, 0.03329850166576377900 ) ) ;
#2216 = CARTESIAN_POINT ( 'NONE',  ( 0.2373203214852334900, 0.4798999999999999400, -0.02100784369689868300 ) ) ;
#2217 = CARTESIAN_POINT ( 'NONE',  ( 0.2777885016322714200, 0.4799999999999999800, 0.07822718124162937600 ) ) ;
#2218 = CARTESIAN_POINT ( 'NONE',  ( -0.1633548574523271400, 0.4798999999999999400, 0.02524086836406198200 ) ) ;
#2219 = CARTESIAN_POINT ( 'NONE',  ( -0.05737467275633771600, 0.4798999999999999400, 0.006547559047152542000 ) ) ;
#2220 = CARTESIAN_POINT ( 'NONE',  ( 0.04458355294912030200, 0.4798999999999999400, 0.07714893593044150300 ) ) ;
#2221 = ORIENTED_EDGE ( 'NONE', *, *, #1889, .T. ) ;
#2222 = CARTESIAN_POINT ( 'NONE',  ( -0.2452918580019460300, 0.4799999999999999800, 0.06521010502105005500 ) ) ;
#2223 =( NAMED_UNIT ( * ) PLANE_ANGLE_UNIT ( ) SI_UNIT ( $, .RADIAN. ) );
#2224 = MECHANICAL_DESIGN_GEOMETRIC_PRESENTATION_REPRESENTATION (  '', ( #1233 ), #2698 ) ;
#2225 = MECHANICAL_DESIGN_GEOMETRIC_PRESENTATION_REPRESENTATION (  '', ( #774 ), #2703 ) ;
#2226 = B_SPLINE_SURFACE_WITH_KNOTS ( 'NONE', 3, 1, ( 
 ( #8629, #3667 ),
 ( #8654, #4373 ),
 ( #71, #5084 ),
 ( #796, #5830 ),
 ( #1520, #6537 ),
 ( #2252, #7258 ),
 ( #2982, #7970 ),
 ( #3694, #8693 ),
 ( #4403, #97 ),
 ( #5120, #830 ),
 ( #5858, #1548 ) ),
 .UNSPECIFIED., .F., .F., .F.,
 ( 4, 1, 1, 1, 1, 1, 1, 1, 4 ),
 ( 2, 2 ),
 ( 0.0000000000000000000, 0.1367294018595741300, 0.2685149167908283400, 0.3955294046848087900, 0.5199999535658116300, 0.6404964768412678700, 0.7612361017625323100, 0.8801067171759511300, 1.000000000000000000 ),
 ( 0.0000000000000000000, 1.000000000000000000 ),
 .UNSPECIFIED. ) ;
#2227 = PRESENTATION_STYLE_ASSIGNMENT (( #5229 ) ) ;
#2228 = CARTESIAN_POINT ( 'NONE',  ( 0.1071588710086234000, 0.4798999999999999400, -0.07896875865854860500 ) ) ;
#2229 = CARTESIAN_POINT ( 'NONE',  ( -0.4545867297968178600, 0.4798999999999999400, -0.08767451036356532800 ) ) ;
#2230 = EDGE_LOOP ( 'NONE', ( #3304, #6210, #638, #2701 ) ) ;
#2231 = CARTESIAN_POINT ( 'NONE',  ( -0.1202151952722019800, 0.4799999999999999800, 0.05542689514415944500 ) ) ;
#2232 = UNCERTAINTY_MEASURE_WITH_UNIT (LENGTH_MEASURE( 1.000000000000000100E-005 ), #1866, 'distance_accuracy_value', 'NONE');
#2233 = CARTESIAN_POINT ( 'NONE',  ( 0.06554240821013104800, 0.4798999999999999400, -0.1080474047078124500 ) ) ;
#2234 = DIRECTION ( 'NONE',  ( 1.000000000000000000, 0.0000000000000000000, -1.260700200564540300E-016 ) ) ;
#2235 = CARTESIAN_POINT ( 'NONE',  ( -0.2575600292699474800, 0.4799999999999999300, -0.1107304099711449900 ) ) ;
#2236 = CARTESIAN_POINT ( 'NONE',  ( 0.5321921163570284600, 0.4799999999999999800, 0.08924856655951159100 ) ) ;
#2237 = VECTOR ( 'NONE', #1339, 1000.000000000000000 ) ;
#2238 = VERTEX_POINT ( 'NONE', #1902 ) ;
#2239 = EDGE_LOOP ( 'NONE', ( #4190, #2302, #4577, #8672 ) ) ;
#2240 = SURFACE_STYLE_USAGE ( .BOTH. , #6526 ) ;
#2241 = EDGE_CURVE ( 'NONE', #5880, #3610, #7007, .T. ) ;
#2242 = B_SPLINE_SURFACE_WITH_KNOTS ( 'NONE', 3, 1, ( 
 ( #7941, #893 ),
 ( #5928, #1608 ),
 ( #6636, #2349 ),
 ( #7352, #3068 ),
 ( #8065, #3788 ),
 ( #8772, #4492 ),
 ( #198, #5211 ),
 ( #914, #5952 ),
 ( #1648, #6661 ),
 ( #2372, #7381 ),
 ( #3098, #8090 ),
 ( #3814, #8808 ),
 ( #4519, #228 ),
 ( #5241, #947 ),
 ( #5976, #1673 ),
 ( #6692, #2403 ),
 ( #7404, #3130 ),
 ( #8119, #3837 ),
 ( #8835, #4558 ) ),
 .UNSPECIFIED., .F., .F., .F.,
 ( 4, 1, 1, 1, 1, 1, 1, 1, 1, 1, 1, 1, 1, 1, 1, 1, 4 ),
 ( 2, 2 ),
 ( 0.0000000000000000000, 0.07736133711897587300, 0.1504798322806807100, 0.2199772368520740400, 0.2866809968624410800, 0.3496784941856624900, 0.4106796250174846700, 0.4694271135192909000, 0.5267557014271288000, 0.5831419808348369300, 0.6388244277786268000, 0.6952634704038110900, 0.7526958048985342700, 0.8108491833348950900, 0.8713563036360851800, 0.9344364309841271000, 1.000000000000000000 ),
 ( 0.0000000000000000000, 1.000000000000000000 ),
 .UNSPECIFIED. ) ;
#2243 = PLANE ( 'NONE',  #1655 ) ;
#2244 = CARTESIAN_POINT ( 'NONE',  ( 0.3300000000000062300, 0.0000000000000000000, -0.4299999999999968800 ) ) ;
#2245 = CARTESIAN_POINT ( 'NONE',  ( -0.05896651390370024500, 0.4799999999999999800, 0.005894319972092888300 ) ) ;
#2246 = CARTESIAN_POINT ( 'NONE',  ( -0.2250995503096383200, 0.4799999999999999800, -0.05642451036356533500 ) ) ;
#2247 = DIRECTION ( 'NONE',  ( 0.0000000000000000000, 1.000000000000000000, 0.0000000000000000000 ) ) ;
#2248 = FILL_AREA_STYLE_COLOUR ( '', #8698 ) ;
#2249 = CARTESIAN_POINT ( 'NONE',  ( -0.07809797056746485600, 0.4799999999999999800, 0.0001625855448025007800 ) ) ;
#2250 = MECHANICAL_DESIGN_GEOMETRIC_PRESENTATION_REPRESENTATION (  '', ( #795 ), #2725 ) ;
#2251 = CARTESIAN_POINT ( 'NONE',  ( -0.4704921785147664300, 0.4798999999999999400, -0.1107514334404885400 ) ) ;
#2252 = CARTESIAN_POINT ( 'NONE',  ( 0.2261098393819077600, 0.4798999999999999400, -0.04080584119551884700 ) ) ;
#2253 = VERTEX_POINT ( 'NONE', #3594 ) ;
#2254 = VERTEX_POINT ( 'NONE', #4815 ) ;
#2255 = CARTESIAN_POINT ( 'NONE',  ( -0.1118602361678396300, 0.4799999999999999300, -0.03733840335770689800 ) ) ;
#2256 = CARTESIAN_POINT ( 'NONE',  ( -0.8363472814175904000, 0.4799999999999999800, 0.1365271858241528800 ) ) ;
#2257 = UNCERTAINTY_MEASURE_WITH_UNIT (LENGTH_MEASURE( 1.000000000000000100E-005 ), #789, 'distance_accuracy_value', 'NONE');
#2258 = CARTESIAN_POINT ( 'NONE',  ( 0.05530831374821677800, 0.4799999999999999800, -0.06901451475417803800 ) ) ;
#2259 = CARTESIAN_POINT ( 'NONE',  ( 0.5146440394339515400, 0.4800000000000000400, 0.06128382296976801800 ) ) ;
#2260 = CARTESIAN_POINT ( 'NONE',  ( 0.08628189181662543300, 0.4799999999999995400, -0.08763007573182361700 ) ) ;
#2261 = CARTESIAN_POINT ( 'NONE',  ( -0.4682485887711768100, 0.4799999999999999800, -0.05073540779946278400 ) ) ;
#2262 = FILL_AREA_STYLE_COLOUR ( '', #718 ) ;
#2263 = ORIENTED_EDGE ( 'NONE', *, *, #6525, .T. ) ;
#2264 =( GEOMETRIC_REPRESENTATION_CONTEXT ( 3 ) GLOBAL_UNCERTAINTY_ASSIGNED_CONTEXT ( ( #2081 ) ) GLOBAL_UNIT_ASSIGNED_CONTEXT ( ( #193, #5206, #908 ) ) REPRESENTATION_CONTEXT ( 'NONE', 'WORKASPACE' ) );
#2265 = CARTESIAN_POINT ( 'NONE',  ( 0.7499999999999998900, 0.4099999999999999200, -0.3799999999999998900 ) ) ;
#2266 = CARTESIAN_POINT ( 'NONE',  ( -0.2252718344919020500, 0.4798999999999999400, -0.1041920641999062600 ) ) ;
#2267 = AXIS2_PLACEMENT_3D ( 'NONE', #8257, #3965, #3283 ) ;
#2268 = COLOUR_RGB ( '',0.2509803921568627400, 0.2509803921568627400, 0.2509803921568627400 ) ;
#2269 = CARTESIAN_POINT ( 'NONE',  ( -0.1452030416710394500, 0.4799999999999999800, -0.08986937050173710000 ) ) ;
#2270 = EDGE_CURVE ( 'NONE', #3787, #8599, #9133, .T. ) ;
#2271 = MECHANICAL_DESIGN_GEOMETRIC_PRESENTATION_REPRESENTATION (  '', ( #818 ), #2764 ) ;
#2272 = DIRECTION ( 'NONE',  ( 0.2443634065330170200, 0.0000000000000000000, -0.9696837244934966000 ) ) ;
#2273 = DIRECTION ( 'NONE',  ( -0.9754430732551391300, 0.0000000000000000000, -0.2202516988324253500 ) ) ;
#2274 = UNCERTAINTY_MEASURE_WITH_UNIT (LENGTH_MEASURE( 1.000000000000000100E-005 ), #6268, 'distance_accuracy_value', 'NONE');
#2275 = CARTESIAN_POINT ( 'NONE',  ( -0.1196049142976169800, 0.4799999999999999800, -0.01228731562101569700 ) ) ;
#2276 = CARTESIAN_POINT ( 'NONE',  ( -0.2350635510725072300, 0.4798999999999999400, -0.08091156875724109200 ) ) ;
#2277 = FACE_OUTER_BOUND ( 'NONE', #5073, .T. ) ;
#2278 = DIRECTION ( 'NONE',  ( 2.710505431213761600E-016, -0.0000000000000000000, 1.000000000000000000 ) ) ;
#2279 = CARTESIAN_POINT ( 'NONE',  ( -0.1156377261503191600, 0.4798999999999999400, -0.01076449845384717400 ) ) ;
#2280 = CARTESIAN_POINT ( 'NONE',  ( 0.03452472669895291500, 0.4798999999999999400, -0.08163327420180636900 ) ) ;
#2281 = PRESENTATION_LAYER_ASSIGNMENT (  '', '', ( #1302 ) ) ;
#2282 = CARTESIAN_POINT ( 'NONE',  ( -0.07019050956742498000, 0.4798999999999999400, -0.02507064895477502000 ) ) ;
#2283 = CARTESIAN_POINT ( 'NONE',  ( 0.04673913198975200600, 0.4798999999999999400, -0.01323582727338845800 ) ) ;
#2284 = COLOUR_RGB ( '',0.2509803921568627400, 0.2509803921568627400, 0.2509803921568627400 ) ;
#2285 = SURFACE_STYLE_USAGE ( .BOTH. , #6584 ) ;
#2286 = DIRECTION ( 'NONE',  ( 3.361026734705060600E-014, 0.0000000000000000000, -1.000000000000000000 ) ) ;
#2287 = SURFACE_SIDE_STYLE ('',( #866 ) ) ;
#2288 = CARTESIAN_POINT ( 'NONE',  ( 0.04682322412432289600, 0.4799999999999999800, -0.02046533565136255900 ) ) ;
#2289 = CARTESIAN_POINT ( 'NONE',  ( 0.2831395796343705300, 0.4798999999999999400, 0.07328140387899156900 ) ) ;
#2290 = ORIENTED_EDGE ( 'NONE', *, *, #8051, .F. ) ;
#2291 = ORIENTED_EDGE ( 'NONE', *, *, #529, .T. ) ;
#2292 = CARTESIAN_POINT ( 'NONE',  ( 0.1035559328613118000, 0.4799999999999999800, 0.06292495138189023500 ) ) ;
#2293 = ORIENTED_EDGE ( 'NONE', *, *, #6731, .T. ) ;
#2294 = EDGE_CURVE ( 'NONE', #6149, #1202, #1832, .T. ) ;
#2295 = LINE ( 'NONE', #6112, #7543 ) ;
#2296 = CARTESIAN_POINT ( 'NONE',  ( -0.1968944221045101100, 0.4799999999999999300, -0.05890848472253970600 ) ) ;
#2297 = CARTESIAN_POINT ( 'NONE',  ( -0.1987285124627989900, 0.4799999999999999300, -0.07265253080733502500 ) ) ;
#2298 = CARTESIAN_POINT ( 'NONE',  ( -0.2339071242306960700, 0.4799999999999999800, -0.1073277484808368800 ) ) ;
#2299 = CARTESIAN_POINT ( 'NONE',  ( -0.01533681723306661900, 0.4798999999999999400, 0.06122415852873743000 ) ) ;
#2300 = COLOUR_RGB ( '',1.000000000000000000, 1.000000000000000000, 0.5019607843137254800 ) ;
#2301 = CARTESIAN_POINT ( 'NONE',  ( -0.07543800392555809200, 0.4798999999999999400, -0.08975526283096542400 ) ) ;
#2302 = ORIENTED_EDGE ( 'NONE', *, *, #1627, .F. ) ;
#2303 = VERTEX_POINT ( 'NONE', #5587 ) ;
#2304 = VERTEX_POINT ( 'NONE', #6303 ) ;
#2305 = ORIENTED_EDGE ( 'NONE', *, *, #4719, .T. ) ;
#2306 = UNCERTAINTY_MEASURE_WITH_UNIT (LENGTH_MEASURE( 1.000000000000000100E-005 ), #3236, 'distance_accuracy_value', 'NONE');
#2307 = CARTESIAN_POINT ( 'NONE',  ( -0.1481767494444152500, 0.4799999999999999800, -0.08568858494006974200 ) ) ;
#2308 = VECTOR ( 'NONE', #3705, 1000.000000000000000 ) ;
#2309 = DIRECTION ( 'NONE',  ( 1.000000000000000000, 0.0000000000000000000, -1.084202172485504700E-016 ) ) ;
#2310 = CARTESIAN_POINT ( 'NONE',  ( 0.2667885389909079300, 0.4798999999999999400, 0.05601704655788187400 ) ) ;
#2311 = SURFACE_SIDE_STYLE ('',( #8795 ) ) ;
#2312 = CARTESIAN_POINT ( 'NONE',  ( -0.2542335652187368000, 0.4799999999999999800, -0.08698712833346206000 ) ) ;
#2313 = CARTESIAN_POINT ( 'NONE',  ( 0.2647122879903848800, 0.4798999999999999400, -0.01221868805007557700 ) ) ;
#2314 = EDGE_LOOP ( 'NONE', ( #3661, #3435, #2056, #137 ) ) ;
#2315 = CARTESIAN_POINT ( 'NONE',  ( 0.2444116676390797000, 0.4798999999999999400, -0.04408476677382174000 ) ) ;
#2316 = COLOUR_RGB ( '',1.000000000000000000, 1.000000000000000000, 0.5019607843137254800 ) ;
#2317 = CARTESIAN_POINT ( 'NONE',  ( 0.04669532148523342800, 0.4800000000000000400, -0.009469382158437138600 ) ) ;
#2318 = LINE ( 'NONE', #7314, #7793 ) ;
#2319 = CARTESIAN_POINT ( 'NONE',  ( -0.04295160020796046100, 0.4799999999999999300, -0.01634178704328557300 ) ) ;
#2320 = ORIENTED_EDGE ( 'NONE', *, *, #997, .T. ) ;
#2321 = CIRCLE ( 'NONE', #284, 0.06249999999999994400 ) ;
#2322 = CARTESIAN_POINT ( 'NONE',  ( -0.04370962389210225600, 0.4799999999999999800, -0.1043818352751713900 ) ) ;
#2323 = B_SPLINE_SURFACE_WITH_KNOTS ( 'NONE', 3, 1, ( 
 ( #4699, #8292 ),
 ( #4008, #9008 ),
 ( #4725, #421 ),
 ( #5459, #1136 ),
 ( #6173, #1873 ),
 ( #6886, #2596 ),
 ( #7608, #3332 ),
 ( #8315, #4031 ),
 ( #9036, #4758 ),
 ( #448, #5484 ),
 ( #1175, #6197 ),
 ( #1905, #6915 ),
 ( #2638, #7634 ),
 ( #3363, #8353 ),
 ( #4058, #9063 ),
 ( #4790, #487 ),
 ( #5516, #1206 ),
 ( #6243, #1932 ),
 ( #6947, #2672 ) ),
 .UNSPECIFIED., .F., .F., .F.,
 ( 4, 1, 1, 1, 1, 1, 1, 1, 1, 1, 1, 1, 1, 1, 1, 1, 4 ),
 ( 2, 2 ),
 ( 0.0000000000000000000, 0.07481596665055576000, 0.1485345605139197800, 0.2238723272963845700, 0.3012971209351249500, 0.3408936290197580600, 0.3803400620654401300, 0.4201265887284643100, 0.4599499070829667900, 0.5008311555562168200, 0.5419071755971083300, 0.5844387941530512200, 0.6280801713306064500, 0.7172666799070605000, 0.8078600064218676200, 0.9019246558363446200, 1.000000000000000000 ),
 ( 0.0000000000000000000, 1.000000000000000000 ),
 .UNSPECIFIED. ) ;
#2324 = CARTESIAN_POINT ( 'NONE',  ( 0.3864389112288232300, 0.4799999999999999800, 0.06128382296976801800 ) ) ;
#2325 = MECHANICAL_DESIGN_GEOMETRIC_PRESENTATION_REPRESENTATION (  '', ( #871 ), #2808 ) ;
#2326 = CARTESIAN_POINT ( 'NONE',  ( -0.07435960923380863200, 0.4798999999999999400, 0.06861230203317630900 ) ) ;
#2327 = DIRECTION ( 'NONE',  ( -0.9646002590657004600, 0.0000000000000000000, 0.2637164011023654400 ) ) ;
#2328 = CARTESIAN_POINT ( 'NONE',  ( -0.2671399572768467000, 0.4798999999999999400, -0.02614138604253067900 ) ) ;
#2329 = PRESENTATION_LAYER_ASSIGNMENT (  '', '', ( #1817 ) ) ;
#2330 = PLANE ( 'NONE',  #7695 ) ;
#2331 = ORIENTED_EDGE ( 'NONE', *, *, #6823, .F. ) ;
#2332 =( NAMED_UNIT ( * ) SI_UNIT ( $, .STERADIAN. ) SOLID_ANGLE_UNIT ( ) );
#2333 = CARTESIAN_POINT ( 'NONE',  ( 0.6800000000000000500, 0.4799999999999999800, -0.4500000000000000700 ) ) ;
#2334 = CARTESIAN_POINT ( 'NONE',  ( -0.07978705030963835500, 0.4798999999999999400, 0.09181266912361417400 ) ) ;
#2335 = B_SPLINE_CURVE_WITH_KNOTS ( 'NONE', 3,
 ( #129, #1297, #2762, #7751, #3478, #8470, #4172, #9191, #4908, #609, #5643, #1327, #6362, #2052, #7060 ),
 .UNSPECIFIED., .F., .F.,
 ( 4, 1, 1, 1, 1, 1, 1, 1, 1, 1, 1, 1, 4 ),
 ( 0.0000000000000000000, 0.08897095769895384300, 0.1722707767733135700, 0.2503120304637093100, 0.3246551996215513700, 0.3978444501802943000, 0.4733008807185328200, 0.5518258887444476000, 0.6347494834982533300, 0.7217660118923857600, 0.8103926655611190000, 0.9031752367994195800, 1.000000000000000000 ),
 .UNSPECIFIED. ) ;
#2336 = EDGE_CURVE ( 'NONE', #2983, #5714, #5431, .T. ) ;
#2337 = ORIENTED_EDGE ( 'NONE', *, *, #7200, .F. ) ;
#2338 = CARTESIAN_POINT ( 'NONE',  ( -0.1512260150150965800, 0.4799999999999999800, -0.08015987520222464500 ) ) ;
#2339 = COLOUR_RGB ( '',1.000000000000000000, 1.000000000000000000, 1.000000000000000000 ) ;
#2340 = EDGE_CURVE ( 'NONE', #3296, #2853, #4135, .T. ) ;
#2341 = EDGE_LOOP ( 'NONE', ( #1462, #7328, #5324, #5680 ) ) ;
#2342 = PRESENTATION_LAYER_ASSIGNMENT (  '', '', ( #1358 ) ) ;
#2343 = CARTESIAN_POINT ( 'NONE',  ( 0.3300000000000062300, 0.0000000000000000000, -0.4299999999999968800 ) ) ;
#2344 = FILL_AREA_STYLE_COLOUR ( '', #7901 ) ;
#2345 = CARTESIAN_POINT ( 'NONE',  ( 0.3300000000000063400, -0.02000000000000000000, 0.4300000000000032100 ) ) ;
#2346 = CARTESIAN_POINT ( 'NONE',  ( 0.4701728855877979100, 0.4798999999999999400, -0.1107514334404885200 ) ) ;
#2347 =( NAMED_UNIT ( * ) PLANE_ANGLE_UNIT ( ) SI_UNIT ( $, .RADIAN. ) );
#2348 = DIRECTION ( 'NONE',  ( 0.0000000000000000000, 1.000000000000000000, -0.0000000000000000000 ) ) ;
#2349 = CARTESIAN_POINT ( 'NONE',  ( 0.2012892102908130600, 0.4799999999999999800, 0.03709326784532016700 ) ) ;
#2350 = STYLED_ITEM ( 'NONE', ( #1267 ), #1209 ) ;
#2351 = ORIENTED_EDGE ( 'NONE', *, *, #2373, .T. ) ;
#2352 = VERTEX_POINT ( 'NONE', #1333 ) ;
#2353 = CARTESIAN_POINT ( 'NONE',  ( -0.09064125540633401200, 0.4799999999999999800, -0.03025416374167192200 ) ) ;
#2354 = CARTESIAN_POINT ( 'NONE',  ( 0.4362385907160029600, 0.4798999999999999400, -0.1107514334404884300 ) ) ;
#2355 = EDGE_CURVE ( 'NONE', #5658, #5900, #3534, .T. ) ;
#2356 = DIRECTION ( 'NONE',  ( -1.000000000000000000, 0.0000000000000000000, 2.478176394252579200E-016 ) ) ;
#2357 = CARTESIAN_POINT ( 'NONE',  ( -0.2784128586117402000, 0.4799999999999999800, 0.2929115155786376500 ) ) ;
#2358 = CARTESIAN_POINT ( 'NONE',  ( 0.6800000000000001600, 0.4099999999999999200, 0.4499999999999999000 ) ) ;
#2359 = CARTESIAN_POINT ( 'NONE',  ( 0.1749004496903617500, 0.4798999999999999400, 0.03540241271335774900 ) ) ;
#2360 = CARTESIAN_POINT ( 'NONE',  ( 0.1464990139577419000, 0.4798999999999999400, 0.02911537826589146200 ) ) ;
#2361 = CARTESIAN_POINT ( 'NONE',  ( -0.3300000000000021200, 0.0000000000000000000, 0.4300000000000032700 ) ) ;
#2362 = CARTESIAN_POINT ( 'NONE',  ( 0.1398604523792784900, 0.4799999999999999800, -0.07225108757328031800 ) ) ;
#2363 = B_SPLINE_SURFACE_WITH_KNOTS ( 'NONE', 3, 1, ( 
 ( #2593, #800 ),
 ( #5837, #1523 ),
 ( #6541, #2258 ),
 ( #7264, #2990 ),
 ( #7976, #3701 ),
 ( #8703, #4407 ),
 ( #102, #5124 ),
 ( #840, #5861 ),
 ( #1555, #6582 ),
 ( #2283, #7290 ),
 ( #3025, #8013 ) ),
 .UNSPECIFIED., .F., .F., .F.,
 ( 4, 1, 1, 1, 1, 1, 1, 1, 4 ),
 ( 2, 2 ),
 ( 0.0000000000000000000, 0.08388811327954566500, 0.1771540327539696500, 0.2825136355617229300, 0.3993998606601628600, 0.5294908061912203500, 0.6728021776758328400, 0.8295357616196701300, 1.000000000000000000 ),
 ( 0.0000000000000000000, 1.000000000000000000 ),
 .UNSPECIFIED. ) ;
#2364 = DIRECTION ( 'NONE',  ( 2.409338161078898700E-016, 0.0000000000000000000, 1.000000000000000000 ) ) ;
#2365 = CARTESIAN_POINT ( 'NONE',  ( -0.1344497326825258900, 0.4799999999999999300, 0.02741516950476742900 ) ) ;
#2366 = CARTESIAN_POINT ( 'NONE',  ( 0.1155914086579917000, 0.4798999999999999400, -0.06762977501357908500 ) ) ;
#2367 = CARTESIAN_POINT ( 'NONE',  ( 0.3864389112288232300, 0.4798999999999999400, 0.06128382296976800400 ) ) ;
#2368 = CARTESIAN_POINT ( 'NONE',  ( 0.07088692810268686100, 0.4798999999999999400, 0.6710791026590167100 ) ) ;
#2369 = VERTEX_POINT ( 'NONE', #618 ) ;
#2370 = B_SPLINE_CURVE_WITH_KNOTS ( 'NONE', 3,
 ( #1999, #2028, #7755, #3483, #8478, #4184, #9196 ),
 .UNSPECIFIED., .F., .F.,
 ( 4, 1, 1, 1, 4 ),
 ( 0.0000000000000000000, 0.2994325835200252800, 0.5657804253500458000, 0.7996368141693420700, 1.000000000000000000 ),
 .UNSPECIFIED. ) ;
#2371 =( GEOMETRIC_REPRESENTATION_CONTEXT ( 3 ) GLOBAL_UNCERTAINTY_ASSIGNED_CONTEXT ( ( #1695 ) ) GLOBAL_UNIT_ASSIGNED_CONTEXT ( ( #2778, #7765, #3493 ) ) REPRESENTATION_CONTEXT ( 'NONE', 'WORKASPACE' ) );
#2372 = CARTESIAN_POINT ( 'NONE',  ( 0.2125055664921425600, 0.4798999999999999400, 0.05974993189913020000 ) ) ;
#2373 = EDGE_CURVE ( 'NONE', #1290, #1055, #1617, .T. ) ;
#2374 =( GEOMETRIC_REPRESENTATION_CONTEXT ( 3 ) GLOBAL_UNCERTAINTY_ASSIGNED_CONTEXT ( ( #1596 ) ) GLOBAL_UNIT_ASSIGNED_CONTEXT ( ( #5223, #920, #5957 ) ) REPRESENTATION_CONTEXT ( 'NONE', 'WORKASPACE' ) );
#2375 = LINE ( 'NONE', #4106, #6841 ) ;
#2376 = CARTESIAN_POINT ( 'NONE',  ( 0.2306772869175047800, 0.4798999999999999400, 0.09168360510682284400 ) ) ;
#2377 = CARTESIAN_POINT ( 'NONE',  ( 0.5825927573826695800, 0.4799999999999999800, -0.1107514334404883400 ) ) ;
#2378 = CARTESIAN_POINT ( 'NONE',  ( -0.2627850316823737700, 0.4798999999999999400, -0.003030374750599459900 ) ) ;
#2379 =( NAMED_UNIT ( * ) SI_UNIT ( $, .STERADIAN. ) SOLID_ANGLE_UNIT ( ) );
#2380 = DIRECTION ( 'NONE',  ( -0.0000000000000000000, 0.0000000000000000000, 1.000000000000000000 ) ) ;
#2381 =( NAMED_UNIT ( * ) SI_UNIT ( $, .STERADIAN. ) SOLID_ANGLE_UNIT ( ) );
#2382 = CARTESIAN_POINT ( 'NONE',  ( -0.6799999999999998300, 0.4099999999999999200, -0.4499999999999999000 ) ) ;
#2383 = EDGE_CURVE ( 'NONE', #5895, #4443, #5198, .T. ) ;
#2384 = MECHANICAL_DESIGN_GEOMETRIC_PRESENTATION_REPRESENTATION (  '', ( #927 ), #2878 ) ;
#2385 = CARTESIAN_POINT ( 'NONE',  ( 0.1359400046351260900, 0.4799999999999993200, 0.06261181397293913400 ) ) ;
#2386 = CARTESIAN_POINT ( 'NONE',  ( -0.8000000000000038200, 0.4099999999999999200, -0.4499999999999999000 ) ) ;
#2387 = PRESENTATION_STYLE_ASSIGNMENT (( #4204 ) ) ;
#2388 = ADVANCED_FACE ( 'NONE', ( #3762 ), #6729, .T. ) ;
#2389 = PRESENTATION_LAYER_ASSIGNMENT (  '', '', ( #1424 ) ) ;
#2390 = CARTESIAN_POINT ( 'NONE',  ( -0.08531589646348447500, 0.4798999999999999900, -0.09023861292766789700 ) ) ;
#2391 = FACE_OUTER_BOUND ( 'NONE', #3239, .T. ) ;
#2392 = B_SPLINE_SURFACE_WITH_KNOTS ( 'NONE', 3, 1, ( 
 ( #6220, #501 ),
 ( #5527, #1218 ),
 ( #6255, #1950 ),
 ( #6957, #2685 ),
 ( #7684, #3400 ),
 ( #8393, #4105 ),
 ( #9113, #4828 ),
 ( #536, #5568 ),
 ( #1244, #6283 ),
 ( #1986, #6993 ),
 ( #2714, #7716 ),
 ( #3439, #8419 ),
 ( #4136, #9151 ),
 ( #4867, #564 ),
 ( #5601, #1287 ) ),
 .UNSPECIFIED., .F., .F., .F.,
 ( 4, 1, 1, 1, 1, 1, 1, 1, 1, 1, 1, 1, 4 ),
 ( 2, 2 ),
 ( 0.0000000000000000000, 0.1055838864195047100, 0.2058681332620123900, 0.3009467177422133800, 0.3930019285950109900, 0.4809485116065870800, 0.5628738662802260700, 0.6414613436333616000, 0.7177416181792267700, 0.7917717603087840500, 0.8627163930302564900, 0.9317768462002766800, 1.000000000000000000 ),
 ( 0.0000000000000000000, 1.000000000000000000 ),
 .UNSPECIFIED. ) ;
#2393 = VECTOR ( 'NONE', #6802, 999.9999999999998900 ) ;
#2394 = DIRECTION ( 'NONE',  ( -0.0000000000000000000, 1.000000000000000000, -0.0000000000000000000 ) ) ;
#2395 = VERTEX_POINT ( 'NONE', #7797 ) ;
#2396 = PRESENTATION_LAYER_ASSIGNMENT (  '', '', ( #1436 ) ) ;
#2397 =( LENGTH_UNIT ( ) NAMED_UNIT ( * ) SI_UNIT ( .MILLI., .METRE. ) );
#2398 = FACE_OUTER_BOUND ( 'NONE', #8143, .T. ) ;
#2399 = CARTESIAN_POINT ( 'NONE',  ( -0.1092653151319800500, 0.4798999999999999400, 0.06266855585511860200 ) ) ;
#2400 = DIRECTION ( 'NONE',  ( 1.000000000000000000, 0.0000000000000000000, -0.0000000000000000000 ) ) ;
#2401 = CARTESIAN_POINT ( 'NONE',  ( -0.04184634518143325000, 0.4799999999999999800, -0.01587963856869354900 ) ) ;
#2402 = VECTOR ( 'NONE', #4222, 1000.000000000000000 ) ;
#2403 = CARTESIAN_POINT ( 'NONE',  ( 0.2299455961912195700, 0.4799999999999999800, 0.06824815069004411300 ) ) ;
#2404 = PRESENTATION_LAYER_ASSIGNMENT (  '', '', ( #1437 ) ) ;
#2405 = VERTEX_POINT ( 'NONE', #7921 ) ;
#2406 = CARTESIAN_POINT ( 'NONE',  ( 0.3773042958442078300, 0.4799999999999999800, 0.02077901527746031300 ) ) ;
#2407 = ORIENTED_EDGE ( 'NONE', *, *, #583, .F. ) ;
#2408 = CARTESIAN_POINT ( 'NONE',  ( 0.1899385387712875200, 0.4798999999999999400, 0.07243921234552762300 ) ) ;
#2409 = SURFACE_STYLE_FILL_AREA ( #3641 ) ;
#2410 = ORIENTED_EDGE ( 'NONE', *, *, #4445, .T. ) ;
#2411 = VERTEX_POINT ( 'NONE', #4352 ) ;
#2412 = CARTESIAN_POINT ( 'NONE',  ( -0.1557735919052243600, 0.4799999999999999300, -0.06102739555498062200 ) ) ;
#2413 = B_SPLINE_SURFACE_WITH_KNOTS ( 'NONE', 3, 1, ( 
 ( #4301, #7179 ),
 ( #2918, #7905 ),
 ( #3627, #8623 ),
 ( #4337, #32 ),
 ( #5052, #764 ),
 ( #5795, #1479 ),
 ( #6504, #2215 ),
 ( #7209, #2941 ),
 ( #7934, #3658 ),
 ( #8646, #4365 ),
 ( #64, #5075 ) ),
 .UNSPECIFIED., .F., .F., .F.,
 ( 4, 1, 1, 1, 1, 1, 1, 1, 4 ),
 ( 2, 2 ),
 ( 0.0000000000000000000, 0.2042261540779101200, 0.3855417648063219600, 0.5445479239626395100, 0.6809444004243588900, 0.7947315708215031400, 0.8862118064819335400, 0.9537405078414521500, 1.000000000000000000 ),
 ( 0.0000000000000000000, 1.000000000000000000 ),
 .UNSPECIFIED. ) ;
#2414 = DIRECTION ( 'NONE',  ( 0.0000000000000000000, 1.000000000000000000, 0.0000000000000000000 ) ) ;
#2415 = CARTESIAN_POINT ( 'NONE',  ( 0.05914920655478035600, 0.4798999999999999400, -0.07505744418258641900 ) ) ;
#2416 =( LENGTH_UNIT ( ) NAMED_UNIT ( * ) SI_UNIT ( .MILLI., .METRE. ) );
#2417 = CYLINDRICAL_SURFACE ( 'NONE', #4826, 0.06249999999999984000 ) ;
#2418 = CARTESIAN_POINT ( 'NONE',  ( -0.1557735919052243600, 0.4798999999999999400, -0.06102739555498062200 ) ) ;
#2419 = VECTOR ( 'NONE', #3096, 1000.000000000000000 ) ;
#2420 = FACE_OUTER_BOUND ( 'NONE', #4683, .T. ) ;
#2421 = EDGE_CURVE ( 'NONE', #4736, #3647, #5007, .T. ) ;
#2422 = PRESENTATION_STYLE_ASSIGNMENT (( #3398 ) ) ;
#2423 = EDGE_CURVE ( 'NONE', #5543, #2682, #4302, .T. ) ;
#2424 = CARTESIAN_POINT ( 'NONE',  ( 0.1133812823038117300, 0.4798999999999999400, 0.08567743605068030300 ) ) ;
#2425 = VERTEX_POINT ( 'NONE', #5841 ) ;
#2426 = LINE ( 'NONE', #888, #6229 ) ;
#2427 = CARTESIAN_POINT ( 'NONE',  ( -0.09550769330598385400, 0.4798999999999999900, -0.08972654351245186500 ) ) ;
#2428 = ORIENTED_EDGE ( 'NONE', *, *, #3333, .F. ) ;
#2429 = AXIS2_PLACEMENT_3D ( 'NONE', #5650, #1334, #6372 ) ;
#2430 = LINE ( 'NONE', #179, #7681 ) ;
#2431 = LINE ( 'NONE', #7529, #499 ) ;
#2432 = CARTESIAN_POINT ( 'NONE',  ( -0.09850438796157512400, 0.4798999999999999400, 0.09071653934920685700 ) ) ;
#2433 = DIRECTION ( 'NONE',  ( -0.9805806756909201100, 0.0000000000000000000, -0.1961161351381842100 ) ) ;
#2434 = CARTESIAN_POINT ( 'NONE',  ( 0.2089880412493445000, 0.4798999999999999400, -0.01034171856896718400 ) ) ;
#2435 = VERTEX_POINT ( 'NONE', #7269 ) ;
#2436 = CARTESIAN_POINT ( 'NONE',  ( 0.04815518397962888200, 0.4799999999999999800, 0.02175133104079524400 ) ) ;
#2437 = COLOUR_RGB ( '',0.2509803921568627400, 0.2509803921568627400, 0.2509803921568627400 ) ;
#2438 = ADVANCED_FACE ( 'NONE', ( #8107 ), #531, .T. ) ;
#2439 = CARTESIAN_POINT ( 'NONE',  ( 0.7374999999999964900, 0.4299999999999999400, 0.5000000000000196500 ) ) ;
#2440 = CARTESIAN_POINT ( 'NONE',  ( -0.4398832041557922400, 0.4798999999999999400, -0.04793092061997560700 ) ) ;
#2441 = CARTESIAN_POINT ( 'NONE',  ( -0.1399725818496924100, 0.4798999999999999400, -0.09566349152459331700 ) ) ;
#2442 = VERTEX_POINT ( 'NONE', #845 ) ;
#2443 = CARTESIAN_POINT ( 'NONE',  ( -0.1369533469639187800, 0.4799999999999999800, 0.07600146924552876600 ) ) ;
#2444 = MECHANICAL_DESIGN_GEOMETRIC_PRESENTATION_REPRESENTATION (  '', ( #987 ), #2930 ) ;
#2445 = PLANE ( 'NONE',  #3158 ) ;
#2446 = DIRECTION ( 'NONE',  ( 2.409338161078899200E-016, 0.0000000000000000000, -1.000000000000000000 ) ) ;
#2447 = SURFACE_STYLE_USAGE ( .BOTH. , #6727 ) ;
#2448 = PRESENTATION_LAYER_ASSIGNMENT (  '', '', ( #1472 ) ) ;
#2449 = CARTESIAN_POINT ( 'NONE',  ( -0.1303085681761620700, 0.4798999999999999400, -0.1028607910484672200 ) ) ;
#2450 = CARTESIAN_POINT ( 'NONE',  ( 0.08692090927917273100, 0.4799999999999993200, 0.09178579377132145600 ) ) ;
#2451 = DIRECTION ( 'NONE',  ( 0.0000000000000000000, -0.0000000000000000000, 1.000000000000000000 ) ) ;
#2452 = CARTESIAN_POINT ( 'NONE',  ( -0.1175738794371388300, 0.4800000000000000400, -0.08154830731304681100 ) ) ;
#2453 = LINE ( 'NONE', #8760, #6037 ) ;
#2454 = VERTEX_POINT ( 'NONE', #3366 ) ;
#2455 = EDGE_CURVE ( 'NONE', #1186, #8902, #1722, .T. ) ;
#2456 = EDGE_CURVE ( 'NONE', #8351, #2793, #3645, .T. ) ;
#2457 = FILL_AREA_STYLE ('',( #1725 ) ) ;
#2458 = PRESENTATION_LAYER_ASSIGNMENT (  '', '', ( #1489 ) ) ;
#2459 = PRESENTATION_STYLE_ASSIGNMENT (( #8355 ) ) ;
#2460 = LINE ( 'NONE', #1240, #7713 ) ;
#2461 = ORIENTED_EDGE ( 'NONE', *, *, #7171, .T. ) ;
#2462 = CARTESIAN_POINT ( 'NONE',  ( -0.1528385704762000000, 0.4798999999999999400, 0.05818153066037623500 ) ) ;
#2463 = ORIENTED_EDGE ( 'NONE', *, *, #8168, .F. ) ;
#2464 = CARTESIAN_POINT ( 'NONE',  ( -0.08643769133527935700, 0.4799999999999998700, -0.1133155360045909700 ) ) ;
#2465 =( NAMED_UNIT ( * ) SI_UNIT ( $, .STERADIAN. ) SOLID_ANGLE_UNIT ( ) );
#2466 = DIRECTION ( 'NONE',  ( 0.0000000000000000000, 0.0000000000000000000, -1.000000000000000000 ) ) ;
#2467 = SURFACE_STYLE_USAGE ( .BOTH. , #6741 ) ;
#2468 = CARTESIAN_POINT ( 'NONE',  ( 0.1135960444899760900, 0.4798999999999999400, -0.1044558087498292400 ) ) ;
#2469 = FILL_AREA_STYLE ('',( #1738 ) ) ;
#2470 = COLOUR_RGB ( '',0.2509803921568627400, 0.2509803921568627400, 0.2509803921568627400 ) ;
#2471 = CARTESIAN_POINT ( 'NONE',  ( -0.1142504045538684800, 0.4799999999999999300, -0.1096724527833775100 ) ) ;
#2472 = UNCERTAINTY_MEASURE_WITH_UNIT (LENGTH_MEASURE( 1.000000000000000100E-005 ), #5180, 'distance_accuracy_value', 'NONE');
#2473 = EDGE_CURVE ( 'NONE', #7342, #1730, #9104, .T. ) ;
#2474 = CARTESIAN_POINT ( 'NONE',  ( -0.1634919389518877700, 0.4799999999999999800, 0.02176910464831358100 ) ) ;
#2475 = CARTESIAN_POINT ( 'NONE',  ( -0.4545867297968178600, 0.4798999999999999400, -0.08767451036356532800 ) ) ;
#2476 =( NAMED_UNIT ( * ) PLANE_ANGLE_UNIT ( ) SI_UNIT ( $, .RADIAN. ) );
#2477 = CARTESIAN_POINT ( 'NONE',  ( 0.2501394639788847000, 0.4799999999999998700, 0.06701309461438399700 ) ) ;
#2478 = CARTESIAN_POINT ( 'NONE',  ( -0.1306384734052515600, 0.4798999999999999400, 0.04051008871010736800 ) ) ;
#2479 = VERTEX_POINT ( 'NONE', #6248 ) ;
#2480 = FACE_OUTER_BOUND ( 'NONE', #6634, .T. ) ;
#2481 = CARTESIAN_POINT ( 'NONE',  ( -0.1556559860883113000, 0.4798999999999999400, -0.05190444755368325800 ) ) ;
#2482 = ADVANCED_FACE ( 'NONE', ( #5306 ), #6951, .F. ) ;
#2483 = CARTESIAN_POINT ( 'NONE',  ( -0.1275817352138010900, 0.4798999999999999900, -0.06340142333091181000 ) ) ;
#2484 = CARTESIAN_POINT ( 'NONE',  ( -0.2513466869853889200, 0.4798999999999999400, -0.02702259267880808800 ) ) ;
#2485 = B_SPLINE_SURFACE_WITH_KNOTS ( 'NONE', 3, 1, ( 
 ( #7453, #3175 ),
 ( #8172, #3897 ),
 ( #8885, #4608 ),
 ( #311, #5330 ),
 ( #1021, #6058 ),
 ( #1755, #6764 ),
 ( #2484, #7488 ),
 ( #3209, #8200 ),
 ( #3919, #8922 ),
 ( #4634, #335 ),
 ( #5360, #1054 ) ),
 .UNSPECIFIED., .F., .F., .F.,
 ( 4, 1, 1, 1, 1, 1, 1, 1, 4 ),
 ( 2, 2 ),
 ( 0.0000000000000000000, 0.1669801744060301100, 0.3208066328848155300, 0.4631345048703172700, 0.5942480539785204300, 0.7123671525397421400, 0.8194549510427506800, 0.9157522665813516700, 1.000000000000000000 ),
 ( 0.0000000000000000000, 1.000000000000000000 ),
 .UNSPECIFIED. ) ;
#2486 = ORIENTED_EDGE ( 'NONE', *, *, #8198, .T. ) ;
#2487 = UNCERTAINTY_MEASURE_WITH_UNIT (LENGTH_MEASURE( 1.000000000000000100E-005 ), #8365, 'distance_accuracy_value', 'NONE');
#2488 = PRODUCT ( 'ABS05W', 'ABS05W', '', ( #5105 ) ) ;
#2489 = CARTESIAN_POINT ( 'NONE',  ( -0.03984415307966887600, 0.4798999999999999400, -0.1023772984779228000 ) ) ;
#2490 = PLANE ( 'NONE',  #4125 ) ;
#2491 = LINE ( 'NONE', #6695, #342 ) ;
#2492 = FILL_AREA_STYLE ('',( #7494 ) ) ;
#2493 = STYLED_ITEM ( 'NONE', ( #1159 ), #3915 ) ;
#2494 = CARTESIAN_POINT ( 'NONE',  ( 0.08515685994677196800, 0.4798999999999999400, -0.1107514334404884200 ) ) ;
#2495 = DIRECTION ( 'NONE',  ( -0.0000000000000000000, -1.000000000000000000, -0.0000000000000000000 ) ) ;
#2496 = DIRECTION ( 'NONE',  ( 0.0000000000000000000, -1.000000000000000000, -0.0000000000000000000 ) ) ;
#2497 = CARTESIAN_POINT ( 'NONE',  ( -0.4553517041353178400, 0.4798999999999999400, -0.08450853002134016400 ) ) ;
#2498 = SURFACE_SIDE_STYLE ('',( #1291 ) ) ;
#2499 = CARTESIAN_POINT ( 'NONE',  ( -0.03641551214911559900, 0.4798999999999999400, 0.02545459736910321900 ) ) ;
#2500 = CARTESIAN_POINT ( 'NONE',  ( 0.2714918539554800300, 0.4798999999999999400, 0.04910939855490583500 ) ) ;
#2501 = FILL_AREA_STYLE ('',( #6048 ) ) ;
#2502 = PRODUCT_DEFINITION_SHAPE ( 'NONE', 'NONE',  #4918 ) ;
#2503 = ADVANCED_FACE ( 'NONE', ( #2742 ), #3432, .F. ) ;
#2504 = EDGE_CURVE ( 'NONE', #1077, #7339, #7541, .T. ) ;
#2505 = PRESENTATION_STYLE_ASSIGNMENT (( #8308 ) ) ;
#2506 = SURFACE_SIDE_STYLE ('',( #5470 ) ) ;
#2507 = CARTESIAN_POINT ( 'NONE',  ( -0.7999999999999700700, 0.4099999999999999200, -0.4999999999999813500 ) ) ;
#2508 = EDGE_LOOP ( 'NONE', ( #7506, #1953, #5675, #559, #2407 ) ) ;
#2509 =( GEOMETRIC_REPRESENTATION_CONTEXT ( 3 ) GLOBAL_UNCERTAINTY_ASSIGNED_CONTEXT ( ( #2813 ) ) GLOBAL_UNIT_ASSIGNED_CONTEXT ( ( #8455, #4160, #9176 ) ) REPRESENTATION_CONTEXT ( 'NONE', 'WORKASPACE' ) );
#2510 = VECTOR ( 'NONE', #5628, 1000.000000000000000 ) ;
#2511 = UNCERTAINTY_MEASURE_WITH_UNIT (LENGTH_MEASURE( 1.000000000000000100E-005 ), #37, 'distance_accuracy_value', 'NONE');
#2512 = EDGE_LOOP ( 'NONE', ( #6736, #6666, #8266, #3323 ) ) ;
#2513 = FILL_AREA_STYLE ('',( #1782 ) ) ;
#2514 = ORIENTED_EDGE ( 'NONE', *, *, #1556, .T. ) ;
#2515 = LINE ( 'NONE', #8169, #6329 ) ;
#2516 = FILL_AREA_STYLE_COLOUR ( '', #458 ) ;
#2517 = STYLED_ITEM ( 'NONE', ( #1844 ), #1074 ) ;
#2518 = CARTESIAN_POINT ( 'NONE',  ( 0.4589760417406934000, 0.4798999999999999400, -0.06509018226284692100 ) ) ;
#2519 = CARTESIAN_POINT ( 'NONE',  ( -0.02116036094384465500, 0.4799999999999998700, -0.08434467526248010100 ) ) ;
#2520 = CARTESIAN_POINT ( 'NONE',  ( -0.04048416569425369900, 0.4798999999999999400, -0.05434117703023201600 ) ) ;
#2521 = ORIENTED_EDGE ( 'NONE', *, *, #2623, .T. ) ;
#2522 = CARTESIAN_POINT ( 'NONE',  ( 0.2315023207729209300, 0.4798999999999999400, -0.02083765580415611300 ) ) ;
#2523 = LINE ( 'NONE', #5979, #5088 ) ;
#2524 = EDGE_LOOP ( 'NONE', ( #1044, #2069, #260, #8078 ) ) ;
#2525 = EDGE_LOOP ( 'NONE', ( #6015, #6455, #1880, #4332 ) ) ;
#2526 = MECHANICAL_DESIGN_GEOMETRIC_PRESENTATION_REPRESENTATION (  '', ( #1554 ), #3024 ) ;
#2527 = ORIENTED_EDGE ( 'NONE', *, *, #3899, .F. ) ;
#2528 = CARTESIAN_POINT ( 'NONE',  ( -0.05362882081050438000, 0.4798999999999999400, -0.02028957053254387300 ) ) ;
#2529 = EDGE_CURVE ( 'NONE', #6680, #3872, #3959, .T. ) ;
#2530 = PRESENTATION_STYLE_ASSIGNMENT (( #1849 ) ) ;
#2531 = CARTESIAN_POINT ( 'NONE',  ( 0.1097814405068637400, 0.4798999999999999400, 0.05727252782639169500 ) ) ;
#2532 = ORIENTED_EDGE ( 'NONE', *, *, #2781, .T. ) ;
#2533 = CARTESIAN_POINT ( 'NONE',  ( -0.4420845792883260600, 0.4798999999999999400, -0.05393292473434488400 ) ) ;
#2534 = PLANE ( 'NONE',  #772 ) ;
#2535 = VECTOR ( 'NONE', #8874, 1000.000000000000000 ) ;
#2536 = CARTESIAN_POINT ( 'NONE',  ( 0.2774386547504653600, 0.4799999999999998700, 0.02389209648765511200 ) ) ;
#2537 = CARTESIAN_POINT ( 'NONE',  ( -0.1986517577323316200, 0.4799999999999999800, -0.04620680730344347400 ) ) ;
#2538 = VERTEX_POINT ( 'NONE', #5623 ) ;
#2539 = CARTESIAN_POINT ( 'NONE',  ( -0.1263415374891254900, 0.4799999999999999800, -0.01531874113279610300 ) ) ;
#2540 = COLOUR_RGB ( '',0.2509803921568627400, 0.2509803921568627400, 0.2509803921568627400 ) ;
#2541 = CARTESIAN_POINT ( 'NONE',  ( -0.2269024349250230200, 0.4798999999999999400, -0.01587963856869354900 ) ) ;
#2542 = PRESENTATION_LAYER_ASSIGNMENT (  '', '', ( #1579 ) ) ;
#2543 = VERTEX_POINT ( 'NONE', #587 ) ;
#2544 = CARTESIAN_POINT ( 'NONE',  ( -0.2174072426173306600, 0.4799999999999999300, 0.03155625886720389600 ) ) ;
#2545 = MECHANICAL_DESIGN_GEOMETRIC_PRESENTATION_REPRESENTATION (  '', ( #1581 ), #3048 ) ;
#2546 = LINE ( 'NONE', #244, #8038 ) ;
#2547 = CARTESIAN_POINT ( 'NONE',  ( 0.4539292156342349400, 0.4799999999999999800, -0.08347280747430484100 ) ) ;
#2548 = ADVANCED_FACE ( 'NONE', ( #5660 ), #8414, .F. ) ;
#2549 = CARTESIAN_POINT ( 'NONE',  ( 0.3300000000000063400, -0.02000000000000000000, 0.4300000000000032100 ) ) ;
#2550 =( NAMED_UNIT ( * ) PLANE_ANGLE_UNIT ( ) SI_UNIT ( $, .RADIAN. ) );
#2551 = CARTESIAN_POINT ( 'NONE',  ( 0.2057637514265157300, 0.4799999999999999800, -0.006925124881373483300 ) ) ;
#2552 = DIRECTION ( 'NONE',  ( -0.0000000000000000000, 1.000000000000000000, -0.0000000000000000000 ) ) ;
#2553 = CARTESIAN_POINT ( 'NONE',  ( -0.2487806189414665800, 0.4799999999999999800, -0.02742624869205401200 ) ) ;
#2554 = CLOSED_SHELL ( 'NONE', ( #307, #915, #7845, #6308, #8810, #4079, #4743, #5654, #8272, #3100, #7658, #3185, #608, #369, #4494, #3355, #8227, #8306, #1255, #2131, #6011, #329, #416, #8103, #4794, #6819, #450, #8451, #8540, #5463, #3144, #5341, #2796, #5407, #213, #8356, #3892, #4171, #7516, #5285, #2503, #9010, #8401, #7804, #1109, #2482, #8965, #2641, #9264, #969, #1976, #1024, #1356, #510, #6361, #3802, #1005, #3947, #6908, #5609, #5715, #6706, #6773, #3999, #3392, #9202, #6662, #6201, #1715, #2021, #1881, #4127, #4229, #5243, #9096, #6743, #1633, #8154, #5366, #2590, #252, #7705, #6850, #6265, #2548, #5505, #1314, #5193, #2438, #8927, #6163, #5557, #4934, #2388, #8903, #6122, #9055, #7449, #7750, #4033, #3448, #3543, #9160, #6404, #7405, #4629, #7568, #6948, #3491, #7370, #4588, #1786, #7611, #7003, #7089, #1674, #8196, #8499, #1828, #6055, #3260, #1924, #7047, #1074, #8066, #2734, #2842, #3839, #4837 ) ) ;
#2555 = ORIENTED_EDGE ( 'NONE', *, *, #2875, .T. ) ;
#2556 = CARTESIAN_POINT ( 'NONE',  ( 0.2028675939357984000, 0.4799999999999999800, 0.08318717864074505500 ) ) ;
#2557 = CARTESIAN_POINT ( 'NONE',  ( -0.4531633903246654000, 0.4799999999999999800, -0.08372286046136139000 ) ) ;
#2558 = PRESENTATION_LAYER_ASSIGNMENT (  '', '', ( #1590 ) ) ;
#2559 = CARTESIAN_POINT ( 'NONE',  ( -0.2192631321514463300, 0.4799999999999999800, 0.08196728744728376500 ) ) ;
#2560 =( NAMED_UNIT ( * ) SI_UNIT ( $, .STERADIAN. ) SOLID_ANGLE_UNIT ( ) );
#2561 = STYLED_ITEM ( 'NONE', ( #131 ), #5366 ) ;
#2562 = CARTESIAN_POINT ( 'NONE',  ( -0.2269024349250229900, 0.4798999999999999400, -0.01587963856869354500 ) ) ;
#2563 = ORIENTED_EDGE ( 'NONE', *, *, #5603, .F. ) ;
#2564 = ORIENTED_EDGE ( 'NONE', *, *, #8081, .F. ) ;
#2565 = CARTESIAN_POINT ( 'NONE',  ( -0.4545867297968178600, 0.4799999999999999800, -0.08767451036356532800 ) ) ;
#2566 = CARTESIAN_POINT ( 'NONE',  ( -0.1541464173412422900, 0.4798999999999999400, -0.04549964835610165200 ) ) ;
#2567 = PRESENTATION_LAYER_ASSIGNMENT (  '', '', ( #3062 ) ) ;
#2568 = CARTESIAN_POINT ( 'NONE',  ( -0.1966668083029649000, 0.4798999999999999400, 0.005275879863557085900 ) ) ;
#2569 =( GEOMETRIC_REPRESENTATION_CONTEXT ( 3 ) GLOBAL_UNCERTAINTY_ASSIGNED_CONTEXT ( ( #1247 ) ) GLOBAL_UNIT_ASSIGNED_CONTEXT ( ( #1002, #6034, #1731 ) ) REPRESENTATION_CONTEXT ( 'NONE', 'WORKASPACE' ) );
#2570 =( NAMED_UNIT ( * ) PLANE_ANGLE_UNIT ( ) SI_UNIT ( $, .RADIAN. ) );
#2571 = CARTESIAN_POINT ( 'NONE',  ( 0.7500000000000001100, 0.4099999999999999200, 0.3799999999999998400 ) ) ;
#2572 = CARTESIAN_POINT ( 'NONE',  ( -0.1987285124627989900, 0.4799999999999999800, -0.07265253080733502500 ) ) ;
#2573 =( NAMED_UNIT ( * ) PLANE_ANGLE_UNIT ( ) SI_UNIT ( $, .RADIAN. ) );
#2574 = CARTESIAN_POINT ( 'NONE',  ( -0.04453188316987665600, 0.4799999999999999800, -0.06991363736588157600 ) ) ;
#2575 = SURFACE_STYLE_USAGE ( .BOTH. , #6853 ) ;
#2576 = DIRECTION ( 'NONE',  ( -2.710505431213763100E-016, 0.0000000000000000000, -1.000000000000000000 ) ) ;
#2577 = LINE ( 'NONE', #6898, #6399 ) ;
#2578 = FACE_OUTER_BOUND ( 'NONE', #8167, .T. ) ;
#2579 = CARTESIAN_POINT ( 'NONE',  ( -0.4531633903246654000, 0.4798999999999999400, -0.08372286046136139000 ) ) ;
#2580 = B_SPLINE_CURVE_WITH_KNOTS ( 'NONE', 3,
 ( #469, #3350, #1191, #6225, #1921, #6930, #2658, #7653, #3378, #8368, #4075, #9079, #4806, #505, #5530, #1223, #6258, #1954, #6960 ),
 .UNSPECIFIED., .F., .F.,
 ( 4, 1, 1, 1, 1, 1, 1, 1, 1, 1, 1, 1, 1, 1, 1, 1, 4 ),
 ( 0.0000000000000000000, 0.07046422592917486700, 0.1379569656042690700, 0.2035785636142840300, 0.2676916802449438300, 0.3301858648593750100, 0.3915337640898196600, 0.4526637734870353500, 0.5131537880892135300, 0.5734535531000288800, 0.6329675593891930200, 0.6923319074206214500, 0.7514741915716302000, 0.8121874455294299000, 0.8729617178483162200, 0.9354203067594909500, 1.000000000000000000 ),
 .UNSPECIFIED. ) ;
#2581 = CARTESIAN_POINT ( 'NONE',  ( -0.03542348481053111300, 0.4799999999999999800, 0.03239416977306104600 ) ) ;
#2582 = B_SPLINE_SURFACE_WITH_KNOTS ( 'NONE', 3, 1, ( 
 ( #1113, #9013 ),
 ( #4731, #427 ),
 ( #5466, #1142 ),
 ( #6180, #1884 ),
 ( #6893, #2604 ),
 ( #7615, #3339 ),
 ( #8323, #4037 ),
 ( #9043, #4766 ),
 ( #454, #5489 ),
 ( #1181, #6206 ),
 ( #1911, #6921 ),
 ( #2645, #7640 ),
 ( #3367, #8358 ),
 ( #4062, #9068 ),
 ( #4798, #491 ),
 ( #5521, #1214 ),
 ( #6249, #1940 ),
 ( #7076, #2816 ),
 ( #7808, #3522 ) ),
 .UNSPECIFIED., .F., .F., .F.,
 ( 4, 1, 1, 1, 1, 1, 1, 1, 1, 1, 1, 1, 1, 1, 1, 1, 4 ),
 ( 2, 2 ),
 ( 0.0000000000000000000, 0.06929802345975263900, 0.1355608441012816100, 0.1996709556470561100, 0.2617162384956086000, 0.3226619299471026900, 0.3829069237782243300, 0.4430320330728900200, 0.5035007873501625700, 0.5637242810171079200, 0.6239800220534744700, 0.6836293869955234500, 0.7438482724857306000, 0.8051918462295100100, 0.8676487429597673500, 0.9327780842312613000, 1.000000000000000000 ),
 ( 0.0000000000000000000, 1.000000000000000000 ),
 .UNSPECIFIED. ) ;
#2583 = ORIENTED_EDGE ( 'NONE', *, *, #215, .F. ) ;
#2584 = EDGE_CURVE ( 'NONE', #8441, #7818, #1820, .T. ) ;
#2585 = EDGE_CURVE ( 'NONE', #4915, #3331, #6024, .T. ) ;
#2586 = CARTESIAN_POINT ( 'NONE',  ( -0.007150832360920352800, 0.4799999999999999800, 0.03247773322617825100 ) ) ;
#2587 = CARTESIAN_POINT ( 'NONE',  ( 0.4593956419980541600, 0.4798999999999999400, -0.06359598472253973100 ) ) ;
#2588 =( NAMED_UNIT ( * ) SI_UNIT ( $, .STERADIAN. ) SOLID_ANGLE_UNIT ( ) );
#2589 = CARTESIAN_POINT ( 'NONE',  ( -0.4600947512605421100, 0.4799999999999999800, -0.06886721681788157700 ) ) ;
#2590 = ADVANCED_FACE ( 'NONE', ( #1133 ), #6755, .T. ) ;
#2591 = CARTESIAN_POINT ( 'NONE',  ( -0.7500000000000000000, 0.4099999999999999200, 0.3799999999999998900 ) ) ;
#2592 = FACE_OUTER_BOUND ( 'NONE', #8179, .T. ) ;
#2593 = CARTESIAN_POINT ( 'NONE',  ( 0.05827384712625907600, 0.4798999999999999400, -0.07397258728664228600 ) ) ;
#2594 = CARTESIAN_POINT ( 'NONE',  ( -0.7300000000000020900, -0.02000000000000000000, -0.4299999999999967200 ) ) ;
#2595 = PRESENTATION_STYLE_ASSIGNMENT (( #4394 ) ) ;
#2596 = CARTESIAN_POINT ( 'NONE',  ( -0.01533681723306661900, 0.4799999999999997600, 0.06122415852873743000 ) ) ;
#2597 = FACE_OUTER_BOUND ( 'NONE', #1004, .T. ) ;
#2598 = CARTESIAN_POINT ( 'NONE',  ( 0.2878010907160026800, 0.4799999999999999800, 0.06753382296976800900 ) ) ;
#2599 = CARTESIAN_POINT ( 'NONE',  ( -0.07809797056746485600, 0.4798999999999999400, 0.0001625855448025007800 ) ) ;
#2600 = B_SPLINE_CURVE_WITH_KNOTS ( 'NONE', 3,
 ( #20, #115, #690, #728, #783, #1473, #1446, #1417, #1508, #854, #811, #1566, #2207, #2172, #2143, #2301, #2872, #2906, #2935 ),
 .UNSPECIFIED., .F., .F.,
 ( 4, 1, 1, 1, 1, 1, 1, 1, 1, 1, 1, 1, 1, 1, 1, 1, 4 ),
 ( 0.0000000000000000000, 0.06715546744904561700, 0.1314033464826144800, 0.1927317719102092900, 0.2512526591565256700, 0.3077037298841910400, 0.3626989162982006700, 0.4177783327854303100, 0.4723043857981134600, 0.5278725997916962100, 0.5852299868117372100, 0.6450565760102916500, 0.7079523564294425400, 0.7744342720454280300, 0.8449404313752603100, 0.9204035944750274000, 1.000000000000000000 ),
 .UNSPECIFIED. ) ;
#2601 = CARTESIAN_POINT ( 'NONE',  ( 0.4460426604454859100, 0.4799999999999999800, -0.06213982481510015700 ) ) ;
#2602 = CARTESIAN_POINT ( 'NONE',  ( -0.06287916413657246300, 0.4798999999999999400, -0.08675527578161343300 ) ) ;
#2603 = CARTESIAN_POINT ( 'NONE',  ( 0.2720360169126763700, 0.4798999999999999400, 0.08243041134035139500 ) ) ;
#2604 = CARTESIAN_POINT ( 'NONE',  ( 0.2186493650667591400, 0.4799999999999997000, 0.08975714954853900000 ) ) ;
#2605 = DIRECTION ( 'NONE',  ( 0.0000000000000000000, 1.000000000000000000, 0.0000000000000000000 ) ) ;
#2606 = CARTESIAN_POINT ( 'NONE',  ( -0.09053390404150492300, 0.4798999999999999900, -0.09019928205330064700 ) ) ;
#2607 = PRESENTATION_STYLE_ASSIGNMENT (( #3606 ) ) ;
#2608 = PRESENTATION_LAYER_ASSIGNMENT (  '', '', ( #1654 ) ) ;
#2609 = MECHANICAL_DESIGN_GEOMETRIC_PRESENTATION_REPRESENTATION (  '', ( #1149 ), #3108 ) ;
#2610 = CARTESIAN_POINT ( 'NONE',  ( -0.2175700496216729000, 0.4799999999999999800, 0.02618386841484648300 ) ) ;
#2611 = CARTESIAN_POINT ( 'NONE',  ( 0.3864389112288232300, 0.4799999999999999800, 0.06128382296976800400 ) ) ;
#2612 = STYLED_ITEM ( 'NONE', ( #7451 ), #4743 ) ;
#2613 = VERTEX_POINT ( 'NONE', #7073 ) ;
#2614 = DIRECTION ( 'NONE',  ( 0.0000000000000000000, 0.0000000000000000000, -1.000000000000000000 ) ) ;
#2615 = VECTOR ( 'NONE', #8481, 1000.000000000000000 ) ;
#2616 = CARTESIAN_POINT ( 'NONE',  ( -0.3379200631301512200, 0.4798999999999999400, 0.5000000000000195400 ) ) ;
#2617 = DIRECTION ( 'NONE',  ( 0.0000000000000000000, 0.0000000000000000000, -1.000000000000000000 ) ) ;
#2618 = CARTESIAN_POINT ( 'NONE',  ( -0.03358730871380794000, 0.4798999999999999400, -0.01169336323131865000 ) ) ;
#2619 = SURFACE_STYLE_FILL_AREA ( #3604 ) ;
#2620 = CARTESIAN_POINT ( 'NONE',  ( 0.1001902256222111500, 0.4799999999999998700, 0.06503799325102885300 ) ) ;
#2621 = SURFACE_STYLE_FILL_AREA ( #5490 ) ;
#2622 = ORIENTED_EDGE ( 'NONE', *, *, #5333, .T. ) ;
#2623 = EDGE_CURVE ( 'NONE', #1186, #3558, #7877, .T. ) ;
#2624 = PRESENTATION_STYLE_ASSIGNMENT (( #2099 ) ) ;
#2625 = B_SPLINE_CURVE_WITH_KNOTS ( 'NONE', 3,
 ( #2993, #8634, #8706, #4411, #106, #5129, #844 ),
 .UNSPECIFIED., .F., .F.,
 ( 4, 1, 1, 1, 4 ),
 ( 0.0000000000000000000, 0.3293954641291830200, 0.6051903468528000400, 0.8278865786947355900, 1.000000000000000000 ),
 .UNSPECIFIED. ) ;
#2626 = VERTEX_POINT ( 'NONE', #1506 ) ;
#2627 = VECTOR ( 'NONE', #1528, 1000.000000000000000 ) ;
#2628 = ORIENTED_EDGE ( 'NONE', *, *, #3717, .T. ) ;
#2629 = ORIENTED_EDGE ( 'NONE', *, *, #759, .T. ) ;
#2630 =( LENGTH_UNIT ( ) NAMED_UNIT ( * ) SI_UNIT ( .MILLI., .METRE. ) );
#2631 = CARTESIAN_POINT ( 'NONE',  ( -0.2250995503096383200, 0.4799999999999999800, -0.05642451036356533500 ) ) ;
#2632 = EDGE_CURVE ( 'NONE', #2853, #8445, #4055, .T. ) ;
#2633 = MECHANICAL_DESIGN_GEOMETRIC_PRESENTATION_REPRESENTATION (  '', ( #1170 ), #3124 ) ;
#2634 = VECTOR ( 'NONE', #7315, 1000.000000000000000 ) ;
#2635 = CARTESIAN_POINT ( 'NONE',  ( -0.04040835229455207200, 0.4799999999999999800, -0.01521663150329944300 ) ) ;
#2636 = ORIENTED_EDGE ( 'NONE', *, *, #9312, .T. ) ;
#2637 = ORIENTED_EDGE ( 'NONE', *, *, #6650, .F. ) ;
#2638 = CARTESIAN_POINT ( 'NONE',  ( -0.03785048328347077900, 0.4798999999999999400, 0.08205928274364833500 ) ) ;
#2639 = MECHANICAL_DESIGN_GEOMETRIC_PRESENTATION_REPRESENTATION (  '', ( #1176 ), #3741 ) ;
#2640 = DIRECTION ( 'NONE',  ( -0.0000000000000000000, -1.000000000000000000, -0.0000000000000000000 ) ) ;
#2641 = ADVANCED_FACE ( 'NONE', ( #2398 ), #8669, .F. ) ;
#2642 = CARTESIAN_POINT ( 'NONE',  ( -0.2252876177142954000, 0.4798999999999999400, -0.05142219166977762100 ) ) ;
#2643 = CARTESIAN_POINT ( 'NONE',  ( -0.08531589646348447500, 0.4799999999999999800, -0.09023861292766789700 ) ) ;
#2644 = CARTESIAN_POINT ( 'NONE',  ( 0.2370398727672847500, 0.4799999999999999800, 0.09181266912361416000 ) ) ;
#2645 = CARTESIAN_POINT ( 'NONE',  ( 0.1864140810680234300, 0.4798999999999999400, 0.06808537590771603100 ) ) ;
#2646 =( NAMED_UNIT ( * ) PLANE_ANGLE_UNIT ( ) SI_UNIT ( $, .RADIAN. ) );
#2647 = ORIENTED_EDGE ( 'NONE', *, *, #707, .T. ) ;
#2648 = LINE ( 'NONE', #2964, #8344 ) ;
#2649 = CARTESIAN_POINT ( 'NONE',  ( -0.1270606329630861700, 0.4798999999999999900, -0.06632259950227394100 ) ) ;
#2650 = EDGE_CURVE ( 'NONE', #7091, #965, #8565, .T. ) ;
#2651 = CARTESIAN_POINT ( 'NONE',  ( 0.1492594240493360100, 0.4798999999999999400, -0.009389253953308930200 ) ) ;
#2652 = FILL_AREA_STYLE_COLOUR ( '', #6222 ) ;
#2653 = FILL_AREA_STYLE ('',( #1916 ) ) ;
#2654 = CARTESIAN_POINT ( 'NONE',  ( 0.2373203214852334900, 0.4798999999999999400, -0.02100784369689868300 ) ) ;
#2655 = UNCERTAINTY_MEASURE_WITH_UNIT (LENGTH_MEASURE( 1.000000000000000100E-005 ), #437, 'distance_accuracy_value', 'NONE');
#2656 = CARTESIAN_POINT ( 'NONE',  ( 0.4539292156342349400, 0.4799999999999999800, -0.08347280747430484100 ) ) ;
#2657 = ORIENTED_EDGE ( 'NONE', *, *, #6218, .F. ) ;
#2658 = CARTESIAN_POINT ( 'NONE',  ( -0.2074533235028784600, 0.4799999999999999800, -0.006488980930638601900 ) ) ;
#2659 = LINE ( 'NONE', #4829, #4559 ) ;
#2660 = CARTESIAN_POINT ( 'NONE',  ( -0.007210092368792714700, 0.4798999999999999400, 0.02858228420897854900 ) ) ;
#2661 = FILL_AREA_STYLE_COLOUR ( '', #2470 ) ;
#2662 = CARTESIAN_POINT ( 'NONE',  ( 0.1194595553023958100, 0.4798999999999999400, 0.03754545363268722800 ) ) ;
#2663 = FACE_OUTER_BOUND ( 'NONE', #5938, .T. ) ;
#2664 = CARTESIAN_POINT ( 'NONE',  ( 0.2464310062234046400, 0.4799999999999994800, -0.04403185850101495200 ) ) ;
#2665 = ORIENTED_EDGE ( 'NONE', *, *, #8856, .T. ) ;
#2666 = CARTESIAN_POINT ( 'NONE',  ( -0.6799999999999998300, 0.4099999999999999200, -0.3799999999999998400 ) ) ;
#2667 = SURFACE_STYLE_FILL_AREA ( #8287 ) ;
#2668 = CARTESIAN_POINT ( 'NONE',  ( 0.5075533776585060600, 0.4798999999999999900, 0.02602443247543330700 ) ) ;
#2669 = CARTESIAN_POINT ( 'NONE',  ( -0.008316710036694739000, 0.4799999999999999800, 0.02106120874001344400 ) ) ;
#2670 = STYLED_ITEM ( 'NONE', ( #1774 ), #2734 ) ;
#2671 =( NAMED_UNIT ( * ) SI_UNIT ( $, .STERADIAN. ) SOLID_ANGLE_UNIT ( ) );
#2672 = CARTESIAN_POINT ( 'NONE',  ( -0.07978705030963834100, 0.4799999999999997600, 0.09181266912361416000 ) ) ;
#2673 = AXIS2_PLACEMENT_3D ( 'NONE', #1893, #6905, #2617 ) ;
#2674 = VECTOR ( 'NONE', #850, 1000.000000000000000 ) ;
#2675 = ORIENTED_EDGE ( 'NONE', *, *, #4387, .F. ) ;
#2676 = CARTESIAN_POINT ( 'NONE',  ( -0.1204921785147665400, 0.4798999999999999400, -0.04272258728664225100 ) ) ;
#2677 = FILL_AREA_STYLE ('',( #1939 ) ) ;
#2678 = CARTESIAN_POINT ( 'NONE',  ( -0.2269024349250230200, 0.4798999999999999400, -0.01587963856869354900 ) ) ;
#2679 = B_SPLINE_CURVE_WITH_KNOTS ( 'NONE', 3,
 ( #444, #6967, #1231, #6913, #481, #545, #1167, #1200, #1900, #1965, #2631 ),
 .UNSPECIFIED., .F., .F.,
 ( 4, 1, 1, 1, 1, 1, 1, 1, 4 ),
 ( 0.0000000000000000000, 0.1323768784386560600, 0.2551949197670682600, 0.3737221416536684000, 0.4900113154474170000, 0.6078124214239345500, 0.7311098159015431100, 0.8599973777575846700, 1.000000000000000000 ),
 .UNSPECIFIED. ) ;
#2680 = CARTESIAN_POINT ( 'NONE',  ( 0.7500000000000001100, 0.4299999999999999400, 0.3799999999999998400 ) ) ;
#2681 = FILL_AREA_STYLE ('',( #2652 ) ) ;
#2682 = VERTEX_POINT ( 'NONE', #2236 ) ;
#2683 = ORIENTED_EDGE ( 'NONE', *, *, #8859, .F. ) ;
#2684 = EDGE_CURVE ( 'NONE', #5895, #1145, #5279, .T. ) ;
#2685 = CARTESIAN_POINT ( 'NONE',  ( -0.06798228385218312000, 0.4799999999999999800, 0.06763213386162252000 ) ) ;
#2686 = DIRECTION ( 'NONE',  ( -0.2201696736696640800, 0.0000000000000000000, -0.9754615906309143100 ) ) ;
#2687 = CARTESIAN_POINT ( 'NONE',  ( -0.2444505118480998800, 0.4798999999999999400, -0.02849983087638585300 ) ) ;
#2688 = STYLED_ITEM ( 'NONE', ( #4201 ), #8306 ) ;
#2689 = CARTESIAN_POINT ( 'NONE',  ( -0.2250995503096383200, 0.4798999999999999400, -0.05642451036356533500 ) ) ;
#2690 = CARTESIAN_POINT ( 'NONE',  ( 0.2007953617401702600, 0.4798999999999999400, 0.03428304122055190300 ) ) ;
#2691 = CARTESIAN_POINT ( 'NONE',  ( 0.02571595843369252700, 0.4798999999999999400, 0.03881690550341690400 ) ) ;
#2692 = CARTESIAN_POINT ( 'NONE',  ( 0.1236183984083103900, 0.4799999999999998700, -0.009469382158437138600 ) ) ;
#2693 = ADVANCED_FACE ( 'NONE', ( #4359 ), #5362, .F. ) ;
#2694 = CARTESIAN_POINT ( 'NONE',  ( 0.2818612018334171200, 0.4798999999999999400, -0.03021055763244986900 ) ) ;
#2695 = MECHANICAL_DESIGN_GEOMETRIC_PRESENTATION_REPRESENTATION (  '', ( #1229 ), #3174 ) ;
#2696 = DIRECTION ( 'NONE',  ( -0.0000000000000000000, 1.000000000000000000, -0.0000000000000000000 ) ) ;
#2697 = CARTESIAN_POINT ( 'NONE',  ( -0.06674403192013402000, 0.4799999999999999800, -0.08803418920062706900 ) ) ;
#2698 =( GEOMETRIC_REPRESENTATION_CONTEXT ( 3 ) GLOBAL_UNCERTAINTY_ASSIGNED_CONTEXT ( ( #5953 ) ) GLOBAL_UNIT_ASSIGNED_CONTEXT ( ( #6358, #470, #4717 ) ) REPRESENTATION_CONTEXT ( 'NONE', 'WORKASPACE' ) );
#2699 = CARTESIAN_POINT ( 'NONE',  ( -0.2052295950339041700, 0.4798999999999999400, 0.07264960799715855500 ) ) ;
#2700 = CARTESIAN_POINT ( 'NONE',  ( 0.05973917395315535300, 0.4798999999999999400, 0.08714282918330801300 ) ) ;
#2701 = ORIENTED_EDGE ( 'NONE', *, *, #3202, .T. ) ;
#2702 = CARTESIAN_POINT ( 'NONE',  ( 0.5239389112288233000, 0.4798999999999999900, 0.02001779732874236000 ) ) ;
#2703 =( GEOMETRIC_REPRESENTATION_CONTEXT ( 3 ) GLOBAL_UNCERTAINTY_ASSIGNED_CONTEXT ( ( #4884 ) ) GLOBAL_UNIT_ASSIGNED_CONTEXT ( ( #3922, #8929, #4642 ) ) REPRESENTATION_CONTEXT ( 'NONE', 'WORKASPACE' ) );
#2704 = SURFACE_SIDE_STYLE ('',( #5190 ) ) ;
#2705 = DIRECTION ( 'NONE',  ( -1.000000000000000000, 0.0000000000000000000, -0.0000000000000000000 ) ) ;
#2706 = FILL_AREA_STYLE_COLOUR ( '', #5997 ) ;
#2707 = FILL_AREA_STYLE_COLOUR ( '', #8217 ) ;
#2708 = DIRECTION ( 'NONE',  ( -0.9950371902099890400, 0.0000000000000000000, 0.09950371902099881800 ) ) ;
#2709 = VERTEX_POINT ( 'NONE', #1935 ) ;
#2710 = CARTESIAN_POINT ( 'NONE',  ( 0.07711550795373538200, 0.4798999999999999400, -0.08691683911642816800 ) ) ;
#2711 = COLOUR_RGB ( '',0.2509803921568627400, 0.2509803921568627400, 0.2509803921568627400 ) ;
#2712 = CARTESIAN_POINT ( 'NONE',  ( 0.03180641310740318200, 0.4800000000000000900, 0.05750138188775518600 ) ) ;
#2713 = VECTOR ( 'NONE', #859, 1000.000000000000000 ) ;
#2714 = CARTESIAN_POINT ( 'NONE',  ( -0.03821822900172235100, 0.4798999999999999400, 0.04688309419696026100 ) ) ;
#2715 = PLANE ( 'NONE',  #1468 ) ;
#2716 = EDGE_CURVE ( 'NONE', #1374, #4746, #9167, .T. ) ;
#2717 = CARTESIAN_POINT ( 'NONE',  ( -0.2360097047974040500, 0.4798999999999999400, -0.03241956585339412400 ) ) ;
#2718 = CARTESIAN_POINT ( 'NONE',  ( -0.2477371292948051500, 0.4798999999999999400, -0.08611474020080224500 ) ) ;
#2719 = CARTESIAN_POINT ( 'NONE',  ( 0.2265767697872150800, 0.4798999999999999400, 0.06750199996724409700 ) ) ;
#2720 =( NAMED_UNIT ( * ) PLANE_ANGLE_UNIT ( ) SI_UNIT ( $, .RADIAN. ) );
#2721 = CARTESIAN_POINT ( 'NONE',  ( -0.2627850316823737700, 0.4799999999999999800, -0.003030374750599459900 ) ) ;
#2722 = FACE_OUTER_BOUND ( 'NONE', #1816, .T. ) ;
#2723 = CARTESIAN_POINT ( 'NONE',  ( -0.2425168595500872800, 0.4798999999999999400, -0.1092944038099021200 ) ) ;
#2724 = CARTESIAN_POINT ( 'NONE',  ( 0.3008007456214070200, 0.4799999999999994800, 0.0007998350409279233100 ) ) ;
#2725 =( GEOMETRIC_REPRESENTATION_CONTEXT ( 3 ) GLOBAL_UNCERTAINTY_ASSIGNED_CONTEXT ( ( #240 ) ) GLOBAL_UNIT_ASSIGNED_CONTEXT ( ( #8392, #4103, #9109 ) ) REPRESENTATION_CONTEXT ( 'NONE', 'WORKASPACE' ) );
#2726 = STYLED_ITEM ( 'NONE', ( #4906 ), #3144 ) ;
#2727 = FILL_AREA_STYLE ('',( #4088 ) ) ;
#2728 = UNCERTAINTY_MEASURE_WITH_UNIT (LENGTH_MEASURE( 1.000000000000000100E-005 ), #9273, 'distance_accuracy_value', 'NONE');
#2729 = CARTESIAN_POINT ( 'NONE',  ( -0.07595689958189443000, 0.4798999999999999400, -0.1130753846678171600 ) ) ;
#2730 = COLOUR_RGB ( '',0.2509803921568627400, 0.2509803921568627400, 0.2509803921568627400 ) ;
#2731 = CARTESIAN_POINT ( 'NONE',  ( 0.1177562602539473900, 0.4799999999999999800, -0.06221825660495933200 ) ) ;
#2732 = CARTESIAN_POINT ( 'NONE',  ( 0.2373203214852334900, 0.4799999999999999800, -0.02100784369689868300 ) ) ;
#2733 = CARTESIAN_POINT ( 'NONE',  ( 0.02210335383524764100, 0.4799999999999999800, 0.01640831023492351700 ) ) ;
#2734 = ADVANCED_FACE ( 'NONE', ( #7275 ), #8385, .T. ) ;
#2735 = CARTESIAN_POINT ( 'NONE',  ( 0.2714918539554800300, 0.4799999999999999800, 0.04910939855490583500 ) ) ;
#2736 = ORIENTED_EDGE ( 'NONE', *, *, #6762, .F. ) ;
#2737 = CARTESIAN_POINT ( 'NONE',  ( 0.07833452055856852900, 0.4799999999999999800, 0.09161806153182054700 ) ) ;
#2738 = LINE ( 'NONE', #2680, #2510 ) ;
#2739 = ORIENTED_EDGE ( 'NONE', *, *, #1918, .T. ) ;
#2740 = FILL_AREA_STYLE ('',( #1277 ) ) ;
#2741 = CARTESIAN_POINT ( 'NONE',  ( 0.1749004496903617500, 0.4799999999999999800, 0.03540241271335774900 ) ) ;
#2742 = FACE_OUTER_BOUND ( 'NONE', #7172, .T. ) ;
#2743 = ORIENTED_EDGE ( 'NONE', *, *, #1889, .F. ) ;
#2744 = CARTESIAN_POINT ( 'NONE',  ( 0.05914920655478035600, 0.4799999999999999800, -0.07505744418258641900 ) ) ;
#2745 = CARTESIAN_POINT ( 'NONE',  ( 0.02105429584420780800, 0.4798999999999999400, -0.009389253953308930200 ) ) ;
#2746 = FACE_OUTER_BOUND ( 'NONE', #1134, .T. ) ;
#2747 = MECHANICAL_DESIGN_GEOMETRIC_PRESENTATION_REPRESENTATION (  '', ( #1773 ), #3231 ) ;
#2748 = ORIENTED_EDGE ( 'NONE', *, *, #6702, .F. ) ;
#2749 = ORIENTED_EDGE ( 'NONE', *, *, #6938, .T. ) ;
#2750 = SURFACE_STYLE_FILL_AREA ( #1511 ) ;
#2751 = DIRECTION ( 'NONE',  ( 0.0000000000000000000, -0.0000000000000000000, -1.000000000000000000 ) ) ;
#2752 = COLOUR_RGB ( '',0.2509803921568627400, 0.2509803921568627400, 0.2509803921568627400 ) ;
#2753 = CARTESIAN_POINT ( 'NONE',  ( -0.2251639435427840500, 0.4799999999999999800, -0.05471174427044239000 ) ) ;
#2754 = ORIENTED_EDGE ( 'NONE', *, *, #2840, .F. ) ;
#2755 = CARTESIAN_POINT ( 'NONE',  ( -0.1001177530421022600, 0.4800000000000000400, -0.08907792946577963700 ) ) ;
#2756 =( NAMED_UNIT ( * ) SI_UNIT ( $, .STERADIAN. ) SOLID_ANGLE_UNIT ( ) );
#2757 = ORIENTED_EDGE ( 'NONE', *, *, #6017, .T. ) ;
#2758 = CARTESIAN_POINT ( 'NONE',  ( 0.2994042689690222200, 0.4799999999999999800, 0.04594921516710241000 ) ) ;
#2759 = PLANE ( 'NONE',  #644 ) ;
#2760 = LINE ( 'NONE', #6829, #1737 ) ;
#2761 = CARTESIAN_POINT ( 'NONE',  ( -0.1968944221045101100, 0.4798999999999999400, -0.05890848472253970600 ) ) ;
#2762 = CARTESIAN_POINT ( 'NONE',  ( -0.2411927136267328600, 0.4799999999999999800, 0.06434850640940842400 ) ) ;
#2763 = EDGE_CURVE ( 'NONE', #7436, #1186, #4692, .T. ) ;
#2764 =( GEOMETRIC_REPRESENTATION_CONTEXT ( 3 ) GLOBAL_UNCERTAINTY_ASSIGNED_CONTEXT ( ( #6589 ) ) GLOBAL_UNIT_ASSIGNED_CONTEXT ( ( #8399, #8468, #9189 ) ) REPRESENTATION_CONTEXT ( 'NONE', 'WORKASPACE' ) );
#2765 = ORIENTED_EDGE ( 'NONE', *, *, #7741, .F. ) ;
#2766 = CARTESIAN_POINT ( 'NONE',  ( -0.03358730871380794000, 0.4798999999999999400, -0.01169336323131865000 ) ) ;
#2767 = PRESENTATION_STYLE_ASSIGNMENT (( #673 ) ) ;
#2768 = MECHANICAL_DESIGN_GEOMETRIC_PRESENTATION_REPRESENTATION (  '', ( #1302 ), #3243 ) ;
#2769 = CARTESIAN_POINT ( 'NONE',  ( -0.1445072319177880500, 0.4799999999999999800, -0.02830421404441476800 ) ) ;
#2770 = CARTESIAN_POINT ( 'NONE',  ( 0.2901448373461972800, 0.4798999999999999400, -0.02131197144651916400 ) ) ;
#2771 = CARTESIAN_POINT ( 'NONE',  ( -0.02428893520663916200, 0.4798999999999999400, -0.08880025124866138000 ) ) ;
#2772 = PLANE ( 'NONE',  #2429 ) ;
#2773 = ORIENTED_EDGE ( 'NONE', *, *, #87, .F. ) ;
#2774 = CARTESIAN_POINT ( 'NONE',  ( 0.2039950971907152400, 0.4799999999999999800, -0.004352826397954403500 ) ) ;
#2775 = COLOUR_RGB ( '',0.2509803921568627400, 0.2509803921568627400, 0.2509803921568627400 ) ;
#2776 = FACE_BOUND ( 'NONE', #2508, .T. ) ;
#2777 =( LENGTH_UNIT ( ) NAMED_UNIT ( * ) SI_UNIT ( .MILLI., .METRE. ) );
#2778 =( LENGTH_UNIT ( ) NAMED_UNIT ( * ) SI_UNIT ( .MILLI., .METRE. ) );
#2779 = CARTESIAN_POINT ( 'NONE',  ( -0.04184634518143325000, 0.4798999999999999400, -0.01587963856869354900 ) ) ;
#2780 = FILL_AREA_STYLE ('',( #8458 ) ) ;
#2781 = EDGE_CURVE ( 'NONE', #3331, #4998, #5033, .T. ) ;
#2782 = UNCERTAINTY_MEASURE_WITH_UNIT (LENGTH_MEASURE( 1.000000000000000100E-005 ), #7777, 'distance_accuracy_value', 'NONE');
#2783 = ORIENTED_EDGE ( 'NONE', *, *, #7988, .F. ) ;
#2784 = LINE ( 'NONE', #8705, #8254 ) ;
#2785 =( NAMED_UNIT ( * ) SI_UNIT ( $, .STERADIAN. ) SOLID_ANGLE_UNIT ( ) );
#2786 = CARTESIAN_POINT ( 'NONE',  ( 0.03214084241522546800, 0.4799999999999999800, -0.07697750037908376900 ) ) ;
#2787 = SURFACE_STYLE_USAGE ( .BOTH. , #7055 ) ;
#2788 = CARTESIAN_POINT ( 'NONE',  ( 0.3688507702031823000, 0.4799999999999999800, 0.08924856655951155000 ) ) ;
#2789 = CARTESIAN_POINT ( 'NONE',  ( -0.1276359696528179500, 0.4800000000000000400, -0.06140824625074400200 ) ) ;
#2790 = CARTESIAN_POINT ( 'NONE',  ( -0.04312218095120559600, 0.4798999999999999400, 0.01485409553723475600 ) ) ;
#2791 = CARTESIAN_POINT ( 'NONE',  ( -0.8000000000000037100, 0.4798999999999999400, -0.08254630523536017600 ) ) ;
#2792 = SURFACE_SIDE_STYLE ('',( #4364 ) ) ;
#2793 = VERTEX_POINT ( 'NONE', #4155 ) ;
#2794 = CARTESIAN_POINT ( 'NONE',  ( -0.1894081454857630400, 0.4798999999999999400, 0.03873936103652583100 ) ) ;
#2795 = ORIENTED_EDGE ( 'NONE', *, *, #661, .F. ) ;
#2796 = ADVANCED_FACE ( 'NONE', ( #8269 ), #3696, .T. ) ;
#2797 = CARTESIAN_POINT ( 'NONE',  ( 0.3967353855877976400, 0.4798999999999999400, 0.02574696399540898900 ) ) ;
#2798 = CARTESIAN_POINT ( 'NONE',  ( -0.03358730871380794000, 0.4799999999999999800, -0.01169336323131865000 ) ) ;
#2799 = DIRECTION ( 'NONE',  ( -0.0000000000000000000, 1.000000000000000000, -0.0000000000000000000 ) ) ;
#2800 = CARTESIAN_POINT ( 'NONE',  ( -0.1393544648409408800, 0.4799999999999999800, -0.02343392615996104500 ) ) ;
#2801 = SURFACE_SIDE_STYLE ('',( #5419 ) ) ;
#2802 = PRESENTATION_STYLE_ASSIGNMENT (( #1312 ) ) ;
#2803 = ORIENTED_EDGE ( 'NONE', *, *, #8260, .T. ) ;
#2804 = ORIENTED_EDGE ( 'NONE', *, *, #3004, .T. ) ;
#2805 = FILL_AREA_STYLE_COLOUR ( '', #8778 ) ;
#2806 = CARTESIAN_POINT ( 'NONE',  ( -0.1260046760937325000, 0.4799999999999999800, -0.05058563212352360600 ) ) ;
#2807 = CARTESIAN_POINT ( 'NONE',  ( -0.7375000000000038200, 0.4099999999999999200, 0.5000000000000195400 ) ) ;
#2808 =( GEOMETRIC_REPRESENTATION_CONTEXT ( 3 ) GLOBAL_UNCERTAINTY_ASSIGNED_CONTEXT ( ( #2892 ) ) GLOBAL_UNIT_ASSIGNED_CONTEXT ( ( #6851, #2573, #7581 ) ) REPRESENTATION_CONTEXT ( 'NONE', 'WORKASPACE' ) );
#2809 = CARTESIAN_POINT ( 'NONE',  ( -0.2074533235028784600, 0.4800000000000000900, -0.006488980930638601900 ) ) ;
#2810 = CARTESIAN_POINT ( 'NONE',  ( 0.1135960444899760900, 0.4798999999999999400, -0.1044558087498292400 ) ) ;
#2811 = CARTESIAN_POINT ( 'NONE',  ( 0.6800000000000001600, 0.4099999999999999200, 0.3799999999999998400 ) ) ;
#2812 = MECHANICAL_DESIGN_GEOMETRIC_PRESENTATION_REPRESENTATION (  '', ( #1817 ), #3279 ) ;
#2813 = UNCERTAINTY_MEASURE_WITH_UNIT (LENGTH_MEASURE( 1.000000000000000100E-005 ), #8455, 'distance_accuracy_value', 'NONE');
#2814 = COLOUR_RGB ( '',0.2509803921568627400, 0.2509803921568627400, 0.2509803921568627400 ) ;
#2815 = CARTESIAN_POINT ( 'NONE',  ( -0.8000000000000037100, 0.4799999999999999800, -0.1107514334404884300 ) ) ;
#2816 = CARTESIAN_POINT ( 'NONE',  ( 0.1751292898514973700, 0.4799999999999997000, 0.03747841511476078500 ) ) ;
#2817 = CARTESIAN_POINT ( 'NONE',  ( -0.02105452429790711700, 0.4799999999999999800, 0.06894639781943798200 ) ) ;
#2818 = EDGE_CURVE ( 'NONE', #3647, #2454, #2204, .T. ) ;
#2819 = CARTESIAN_POINT ( 'NONE',  ( 0.07996338405669065100, 0.4799999999999999800, -0.1106704923097518900 ) ) ;
#2820 = CARTESIAN_POINT ( 'NONE',  ( 0.04676951609813505300, 0.4798999999999999400, 0.001740832476883601700 ) ) ;
#2821 = LINE ( 'NONE', #1212, #667 ) ;
#2822 = CARTESIAN_POINT ( 'NONE',  ( 0.5239389112288233000, 0.4798999999999999400, 0.02001779732874219700 ) ) ;
#2823 =( NAMED_UNIT ( * ) PLANE_ANGLE_UNIT ( ) SI_UNIT ( $, .RADIAN. ) );
#2824 = PLANE ( 'NONE',  #9287 ) ;
#2825 = FILL_AREA_STYLE_COLOUR ( '', #8102 ) ;
#2826 = SURFACE_STYLE_USAGE ( .BOTH. , #2792 ) ;
#2827 = CARTESIAN_POINT ( 'NONE',  ( 0.4531055778954900000, 0.4799999999999999800, -0.08659277959433459000 ) ) ;
#2828 = CARTESIAN_POINT ( 'NONE',  ( -0.2052295950339041700, 0.4799999999999998700, 0.07264960799715855500 ) ) ;
#2829 = EDGE_CURVE ( 'NONE', #1290, #5593, #3008, .T. ) ;
#2830 = MECHANICAL_DESIGN_GEOMETRIC_PRESENTATION_REPRESENTATION (  '', ( #1358 ), #3293 ) ;
#2831 = CARTESIAN_POINT ( 'NONE',  ( -0.02985627019083636500, 0.4798999999999999400, -0.009386043318568472100 ) ) ;
#2832 = ORIENTED_EDGE ( 'NONE', *, *, #2294, .T. ) ;
#2833 = CARTESIAN_POINT ( 'NONE',  ( -0.1276636528737408700, 0.4799999999999999800, -0.06039085651741150200 ) ) ;
#2834 = DIRECTION ( 'NONE',  ( -0.0000000000000000000, 1.000000000000000000, -0.0000000000000000000 ) ) ;
#2835 = CARTESIAN_POINT ( 'NONE',  ( -0.2338880378716339000, 0.4798999999999999400, 0.06162776515726884500 ) ) ;
#2836 = PRESENTATION_LAYER_ASSIGNMENT (  '', '', ( #2350 ) ) ;
#2837 = FILL_AREA_STYLE_COLOUR ( '', #1857 ) ;
#2838 =( NAMED_UNIT ( * ) SI_UNIT ( $, .STERADIAN. ) SOLID_ANGLE_UNIT ( ) );
#2839 = CARTESIAN_POINT ( 'NONE',  ( 0.2723657610477038200, 0.4799999999999999800, -0.03706653172422581100 ) ) ;
#2840 = EDGE_CURVE ( 'NONE', #2425, #259, #7596, .T. ) ;
#2841 = CARTESIAN_POINT ( 'NONE',  ( -0.1915833910462871000, 0.4798999999999999400, 0.01586690085233346400 ) ) ;
#2842 = ADVANCED_FACE ( 'NONE', ( #1876 ), #2931, .T. ) ;
#2843 = CARTESIAN_POINT ( 'NONE',  ( 0.1398604523792784900, 0.4799999999999996500, -0.07225108757328031800 ) ) ;
#2844 = CARTESIAN_POINT ( 'NONE',  ( -0.2175700496216729000, 0.4799999999999998700, 0.02618386841484648300 ) ) ;
#2845 = DIRECTION ( 'NONE',  ( -0.9605820978530704700, 0.0000000000000000000, -0.2779964627188521400 ) ) ;
#2846 = CARTESIAN_POINT ( 'NONE',  ( 0.07734817670335823700, 0.4798999999999999400, 0.06790526311129419000 ) ) ;
#2847 =( NAMED_UNIT ( * ) SI_UNIT ( $, .STERADIAN. ) SOLID_ANGLE_UNIT ( ) );
#2848 = CARTESIAN_POINT ( 'NONE',  ( -0.1042437320105917100, 0.4799999999999998700, 0.08979801654413251100 ) ) ;
#2849 = CARTESIAN_POINT ( 'NONE',  ( 0.2878010907160026800, 0.4799999999999999800, 0.06753382296976800900 ) ) ;
#2850 = CARTESIAN_POINT ( 'NONE',  ( 0.1305822210241886500, 0.4799999999999999800, 0.07089681417547012700 ) ) ;
#2851 = FILL_AREA_STYLE_COLOUR ( '', #3772 ) ;
#2852 = CARTESIAN_POINT ( 'NONE',  ( -0.2457120583955844700, 0.4798999999999999400, 0.08848679040881266000 ) ) ;
#2853 = VERTEX_POINT ( 'NONE', #7952 ) ;
#2854 = DIRECTION ( 'NONE',  ( 1.000000000000000000, -0.0000000000000000000, 7.350523203291555000E-017 ) ) ;
#2855 = CYLINDRICAL_SURFACE ( 'NONE', #8250, 0.07000000000000002100 ) ;
#2856 = EDGE_CURVE ( 'NONE', #1612, #9246, #1195, .T. ) ;
#2857 = VECTOR ( 'NONE', #3504, 1000.000000000000000 ) ;
#2858 = CARTESIAN_POINT ( 'NONE',  ( 0.5011825009724130100, 0.4799999999999999800, 0.08924856655951161900 ) ) ;
#2859 = FACE_OUTER_BOUND ( 'NONE', #5815, .T. ) ;
#2860 = CARTESIAN_POINT ( 'NONE',  ( -0.2507990473211873500, 0.4799999999999999800, -0.08658625885347540100 ) ) ;
#2861 = CARTESIAN_POINT ( 'NONE',  ( 0.2735746229142497800, 0.4798999999999999400, 0.0004605687269530686600 ) ) ;
#2862 = ORIENTED_EDGE ( 'NONE', *, *, #8378, .T. ) ;
#2863 = VECTOR ( 'NONE', #8500, 1000.000000000000000 ) ;
#2864 = VERTEX_POINT ( 'NONE', #5101 ) ;
#2865 = CARTESIAN_POINT ( 'NONE',  ( 0.02113072581541172000, 0.4800000000000000900, -0.01784541556072833900 ) ) ;
#2866 = ORIENTED_EDGE ( 'NONE', *, *, #5567, .F. ) ;
#2867 = EDGE_LOOP ( 'NONE', ( #2866, #6766, #3154, #7092 ) ) ;
#2868 = COLOUR_RGB ( '',0.2509803921568627400, 0.2509803921568627400, 0.2509803921568627400 ) ;
#2869 = CARTESIAN_POINT ( 'NONE',  ( -0.07876806594008084500, 0.4799999999999999800, 0.06869389787143942400 ) ) ;
#2870 = CARTESIAN_POINT ( 'NONE',  ( 0.1486486213152760600, 0.4798999999999999400, -0.02970659590885668700 ) ) ;
#2871 = CARTESIAN_POINT ( 'NONE',  ( 0.04676951609813505300, 0.4799999999999999300, 0.001740832476883601700 ) ) ;
#2872 = CARTESIAN_POINT ( 'NONE',  ( -0.08027487915721669100, 0.4798999999999999400, -0.09012884898173409400 ) ) ;
#2873 = VERTEX_POINT ( 'NONE', #2961 ) ;
#2874 = ORIENTED_EDGE ( 'NONE', *, *, #8987, .F. ) ;
#2875 = EDGE_CURVE ( 'NONE', #477, #2442, #6708, .T. ) ;
#2876 = CARTESIAN_POINT ( 'NONE',  ( -0.2379398120100880400, 0.4798999999999999400, 0.0001155361708582900100 ) ) ;
#2877 = SURFACE_SIDE_STYLE ('',( #1639 ) ) ;
#2878 =( GEOMETRIC_REPRESENTATION_CONTEXT ( 3 ) GLOBAL_UNCERTAINTY_ASSIGNED_CONTEXT ( ( #6681 ) ) GLOBAL_UNIT_ASSIGNED_CONTEXT ( ( #7163, #2899, #7880 ) ) REPRESENTATION_CONTEXT ( 'NONE', 'WORKASPACE' ) );
#2879 = ORIENTED_EDGE ( 'NONE', *, *, #2960, .F. ) ;
#2880 = DIRECTION ( 'NONE',  ( 0.9379254195245924100, 0.0000000000000000000, 0.3468370040950322600 ) ) ;
#2881 = MECHANICAL_DESIGN_GEOMETRIC_PRESENTATION_REPRESENTATION (  '', ( #1424 ), #3352 ) ;
#2882 = SURFACE_STYLE_FILL_AREA ( #5222 ) ;
#2883 = STYLED_ITEM ( 'NONE', ( #483 ), #5967 ) ;
#2884 = COLOUR_RGB ( '',0.2509803921568627400, 0.2509803921568627400, 0.2509803921568627400 ) ;
#2885 = CARTESIAN_POINT ( 'NONE',  ( 0.2447616223153527000, 0.4798999999999999400, 0.09164171562687935300 ) ) ;
#2886 = DIRECTION ( 'NONE',  ( 1.000000000000000000, 0.0000000000000000000, 0.0000000000000000000 ) ) ;
#2887 = CARTESIAN_POINT ( 'NONE',  ( -0.8000000000000017100, 0.4099999999999999200, 0.4375000000000196000 ) ) ;
#2888 = EDGE_LOOP ( 'NONE', ( #7542, #69, #832, #7778 ) ) ;
#2889 = CARTESIAN_POINT ( 'NONE',  ( -0.1369533469639187800, 0.4798999999999999400, 0.07600146924552876600 ) ) ;
#2890 = CARTESIAN_POINT ( 'NONE',  ( 0.2673938308525509700, 0.4799999999999999800, -0.009470753861549862900 ) ) ;
#2891 = CARTESIAN_POINT ( 'NONE',  ( 0.08515685994677196800, 0.4798999999999999400, 0.09181266912361416000 ) ) ;
#2892 = UNCERTAINTY_MEASURE_WITH_UNIT (LENGTH_MEASURE( 1.000000000000000100E-005 ), #6851, 'distance_accuracy_value', 'NONE');
#2893 = CARTESIAN_POINT ( 'NONE',  ( -0.1204921785147665400, 0.4798999999999999400, -0.04272258728664225100 ) ) ;
#2894 = FILL_AREA_STYLE ('',( #7159 ) ) ;
#2895 = MECHANICAL_DESIGN_GEOMETRIC_PRESENTATION_REPRESENTATION (  '', ( #1436 ), #3359 ) ;
#2896 = ORIENTED_EDGE ( 'NONE', *, *, #1535, .T. ) ;
#2897 = SURFACE_STYLE_FILL_AREA ( #8129 ) ;
#2898 = MECHANICAL_DESIGN_GEOMETRIC_PRESENTATION_REPRESENTATION (  '', ( #1437 ), #3362 ) ;
#2899 =( NAMED_UNIT ( * ) PLANE_ANGLE_UNIT ( ) SI_UNIT ( $, .RADIAN. ) );
#2900 = CARTESIAN_POINT ( 'NONE',  ( 0.2583591537163446600, 0.4799999999999995900, -0.01656968608077187500 ) ) ;
#2901 = CARTESIAN_POINT ( 'NONE',  ( 0.02815457691549751900, 0.4798999999999999400, -0.06656509541211191900 ) ) ;
#2902 = ORIENTED_EDGE ( 'NONE', *, *, #2340, .T. ) ;
#2903 = CARTESIAN_POINT ( 'NONE',  ( -0.03554622990270495100, 0.4799999999999999800, 0.03823944984195898300 ) ) ;
#2904 = CARTESIAN_POINT ( 'NONE',  ( -0.1968944221045101100, 0.4798999999999999400, -0.05890848472253970600 ) ) ;
#2905 = CARTESIAN_POINT ( 'NONE',  ( 0.05761084502109040100, 0.4798999999999999400, 0.05372705571610886200 ) ) ;
#2906 = CARTESIAN_POINT ( 'NONE',  ( -0.08360595978182941400, 0.4798999999999999400, -0.09020138048308928800 ) ) ;
#2907 = CARTESIAN_POINT ( 'NONE',  ( -0.1263415374891254900, 0.4799999999999999800, -0.01531874113279610300 ) ) ;
#2908 = FILL_AREA_STYLE_COLOUR ( '', #4547 ) ;
#2909 = EDGE_CURVE ( 'NONE', #7818, #1146, #6916, .T. ) ;
#2910 = EDGE_CURVE ( 'NONE', #6365, #6377, #3131, .T. ) ;
#2911 = CARTESIAN_POINT ( 'NONE',  ( 0.1422109566944779500, 0.4798999999999999400, 0.04753676520920970000 ) ) ;
#2912 = UNCERTAINTY_MEASURE_WITH_UNIT (LENGTH_MEASURE( 1.000000000000000100E-005 ), #4855, 'distance_accuracy_value', 'NONE');
#2913 = LINE ( 'NONE', #8023, #4576 ) ;
#2914 = VERTEX_POINT ( 'NONE', #7984 ) ;
#2915 = UNCERTAINTY_MEASURE_WITH_UNIT (LENGTH_MEASURE( 1.000000000000000100E-005 ), #4016, 'distance_accuracy_value', 'NONE');
#2916 = CARTESIAN_POINT ( 'NONE',  ( 0.05827384712625907600, 0.4799999999999999800, -0.07397258728664228600 ) ) ;
#2917 = PLANE ( 'NONE',  #8073 ) ;
#2918 = CARTESIAN_POINT ( 'NONE',  ( 0.3871521149061151700, 0.4798999999999999400, 0.05886818449874793600 ) ) ;
#2919 = CARTESIAN_POINT ( 'NONE',  ( 0.2103126247148251200, 0.4799999999999999800, 0.05732071371728784300 ) ) ;
#2920 = CARTESIAN_POINT ( 'NONE',  ( -0.1552247633080226500, 0.4799999999999998700, 0.05389997448453461700 ) ) ;
#2921 = CARTESIAN_POINT ( 'NONE',  ( 0.07833452055856852900, 0.4799999999999999800, 0.09161806153182054700 ) ) ;
#2922 = PRESENTATION_LAYER_ASSIGNMENT (  '', '', ( #1927 ) ) ;
#2923 = CARTESIAN_POINT ( 'NONE',  ( -0.08531589646348447500, 0.4798999999999999900, -0.09023861292766789700 ) ) ;
#2924 = ORIENTED_EDGE ( 'NONE', *, *, #4330, .T. ) ;
#2925 = DIRECTION ( 'NONE',  ( 0.0000000000000000000, 1.000000000000000000, 0.0000000000000000000 ) ) ;
#2926 = CARTESIAN_POINT ( 'NONE',  ( 0.1210707926717916000, 0.4799999999999995400, -0.04845513647703757200 ) ) ;
#2927 = CARTESIAN_POINT ( 'NONE',  ( -0.2716139733865614600, 0.4798999999999999400, -0.08767451036356532800 ) ) ;
#2928 = UNCERTAINTY_MEASURE_WITH_UNIT (LENGTH_MEASURE( 1.000000000000000100E-005 ), #6, 'distance_accuracy_value', 'NONE');
#2929 = CARTESIAN_POINT ( 'NONE',  ( 0.04279430288880761000, 0.4800000000000000900, -0.09358640966647356600 ) ) ;
#2930 =( GEOMETRIC_REPRESENTATION_CONTEXT ( 3 ) GLOBAL_UNCERTAINTY_ASSIGNED_CONTEXT ( ( #2782 ) ) GLOBAL_UNIT_ASSIGNED_CONTEXT ( ( #7777, #3500, #8493 ) ) REPRESENTATION_CONTEXT ( 'NONE', 'WORKASPACE' ) );
#2931 = PLANE ( 'NONE',  #9134 ) ;
#2932 = SURFACE_SIDE_STYLE ('',( #4069 ) ) ;
#2933 = CARTESIAN_POINT ( 'NONE',  ( 0.07734817670335823700, 0.4799999999999999300, 0.06790526311129419000 ) ) ;
#2934 = MECHANICAL_DESIGN_GEOMETRIC_PRESENTATION_REPRESENTATION (  '', ( #1472 ), #3399 ) ;
#2935 = CARTESIAN_POINT ( 'NONE',  ( -0.08531589646348447500, 0.4798999999999999900, -0.09023861292766789700 ) ) ;
#2936 = ORIENTED_EDGE ( 'NONE', *, *, #4237, .T. ) ;
#2937 = DIRECTION ( 'NONE',  ( -0.0000000000000000000, -1.000000000000000000, -0.0000000000000000000 ) ) ;
#2938 = CARTESIAN_POINT ( 'NONE',  ( 0.1002706015599809900, 0.4798999999999999400, 0.09031052011221557500 ) ) ;
#2939 = EDGE_CURVE ( 'NONE', #3427, #5933, #982, .T. ) ;
#2940 =( NAMED_UNIT ( * ) SI_UNIT ( $, .STERADIAN. ) SOLID_ANGLE_UNIT ( ) );
#2941 = CARTESIAN_POINT ( 'NONE',  ( 0.3955049729344314300, 0.4799999999999999800, 0.03008110970862634700 ) ) ;
#2942 = DIRECTION ( 'NONE',  ( -0.0000000000000000000, 1.000000000000000000, -0.0000000000000000000 ) ) ;
#2943 = CARTESIAN_POINT ( 'NONE',  ( 0.2658478917403159800, 0.4799999999999999800, 0.08584523118204592800 ) ) ;
#2944 = CARTESIAN_POINT ( 'NONE',  ( -0.1634919389518877700, 0.4798999999999999400, 0.02176910464831358100 ) ) ;
#2945 = CARTESIAN_POINT ( 'NONE',  ( -0.05896651390370024500, 0.4798999999999999400, 0.005894319972092888300 ) ) ;
#2946 = ORIENTED_EDGE ( 'NONE', *, *, #8988, .F. ) ;
#2947 = CARTESIAN_POINT ( 'NONE',  ( 0.04186247362491164100, 0.4798999999999999400, 0.07408993813199533900 ) ) ;
#2948 = DIRECTION ( 'NONE',  ( -1.000000000000000000, 0.0000000000000000000, 0.0000000000000000000 ) ) ;
#2949 = EDGE_CURVE ( 'NONE', #9266, #2853, #6489, .T. ) ;
#2950 = MECHANICAL_DESIGN_GEOMETRIC_PRESENTATION_REPRESENTATION (  '', ( #1489 ), #3418 ) ;
#2951 = LINE ( 'NONE', #7278, #4827 ) ;
#2952 =( NAMED_UNIT ( * ) PLANE_ANGLE_UNIT ( ) SI_UNIT ( $, .RADIAN. ) );
#2953 = B_SPLINE_CURVE_WITH_KNOTS ( 'NONE', 3,
 ( #3093, #3128, #5265, #978, #6006, #1694, #6717, #2434, #7426, #3152, #8150 ),
 .UNSPECIFIED., .F., .F.,
 ( 4, 1, 1, 1, 1, 1, 1, 1, 4 ),
 ( 0.0000000000000000000, 0.1478596367312517400, 0.2835613219395483600, 0.4123693961385299100, 0.5342363558879446000, 0.6526916293119822100, 0.7686630594981226400, 0.8836524018604042800, 1.000000000000000000 ),
 .UNSPECIFIED. ) ;
#2954 = LINE ( 'NONE', #9292, #6742 ) ;
#2955 = CARTESIAN_POINT ( 'NONE',  ( 0.5003150198639749700, 0.4798999999999999900, -0.004361130115055737900 ) ) ;
#2956 = CARTESIAN_POINT ( 'NONE',  ( 0.1039631018915832700, 0.4798999999999999400, -0.08167477359008006000 ) ) ;
#2957 = CARTESIAN_POINT ( 'NONE',  ( -0.4553517041353178400, 0.4798999999999999400, -0.08450853002134016400 ) ) ;
#2958 = CARTESIAN_POINT ( 'NONE',  ( -0.1092653151319800500, 0.4799999999999999800, 0.06266855585511860200 ) ) ;
#2959 = CARTESIAN_POINT ( 'NONE',  ( 0.07012016388423210300, 0.4798999999999999400, -0.1092566018798254600 ) ) ;
#2960 = EDGE_CURVE ( 'NONE', #965, #3531, #8943, .T. ) ;
#2961 = CARTESIAN_POINT ( 'NONE',  ( -0.3097149349250229400, 0.4798999999999999400, 0.06617164348258851300 ) ) ;
#2962 = CARTESIAN_POINT ( 'NONE',  ( -0.2522692170902869900, 0.4799999999999999300, -0.1103827860943641500 ) ) ;
#2963 = CARTESIAN_POINT ( 'NONE',  ( -0.01227903748912554200, 0.4798999999999999400, -0.05434117703023201600 ) ) ;
#2964 = CARTESIAN_POINT ( 'NONE',  ( -0.8000000000000017100, 0.4099999999999999200, 0.4375000000000195400 ) ) ;
#2965 =( NAMED_UNIT ( * ) PLANE_ANGLE_UNIT ( ) SI_UNIT ( $, .RADIAN. ) );
#2966 = LINE ( 'NONE', #4347, #1028 ) ;
#2967 = FACE_OUTER_BOUND ( 'NONE', #5882, .T. ) ;
#2968 = VECTOR ( 'NONE', #558, 1000.000000000000000 ) ;
#2969 = ORIENTED_EDGE ( 'NONE', *, *, #8516, .F. ) ;
#2970 = EDGE_LOOP ( 'NONE', ( #2122, #2657, #2969, #4860 ) ) ;
#2971 = FILL_AREA_STYLE_COLOUR ( '', #1693 ) ;
#2972 = DIRECTION ( 'NONE',  ( 1.260700200564539800E-016, 0.0000000000000000000, 1.000000000000000000 ) ) ;
#2973 = UNCERTAINTY_MEASURE_WITH_UNIT (LENGTH_MEASURE( 1.000000000000000100E-005 ), #3040, 'distance_accuracy_value', 'NONE');
#2974 = CARTESIAN_POINT ( 'NONE',  ( -0.06493237708431490200, 0.4799999999999999800, 0.003911300221340775100 ) ) ;
#2975 = CARTESIAN_POINT ( 'NONE',  ( -0.2251513268288546100, 0.4799999999999999800, -0.05807058939789104500 ) ) ;
#2976 = CARTESIAN_POINT ( 'NONE',  ( 0.5167054956200970400, 0.4798999999999999900, 0.05207747691236887200 ) ) ;
#2977 = VERTEX_POINT ( 'NONE', #2333 ) ;
#2978 = CARTESIAN_POINT ( 'NONE',  ( -0.7999999999999700700, 0.4099999999999999200, -0.4999999999999813500 ) ) ;
#2979 = CARTESIAN_POINT ( 'NONE',  ( -0.08360452318380823300, 0.4799999999999999800, -0.001303761281976897600 ) ) ;
#2980 = CARTESIAN_POINT ( 'NONE',  ( -0.1558687810788690900, 0.4798999999999999400, -0.05854790779946279100 ) ) ;
#2981 = CARTESIAN_POINT ( 'NONE',  ( -0.2250995503096383200, 0.4798999999999999400, -0.05642451036356533500 ) ) ;
#2982 = CARTESIAN_POINT ( 'NONE',  ( 0.2306136609746329300, 0.4798999999999999400, -0.04227386886863683500 ) ) ;
#2983 = VERTEX_POINT ( 'NONE', #7334 ) ;
#2984 = ORIENTED_EDGE ( 'NONE', *, *, #7133, .F. ) ;
#2985 = CARTESIAN_POINT ( 'NONE',  ( -0.1076076416585267800, 0.4799999999999999300, -0.03559827422958656400 ) ) ;
#2986 = FILL_AREA_STYLE_COLOUR ( '', #6992 ) ;
#2987 = FACE_OUTER_BOUND ( 'NONE', #6500, .T. ) ;
#2988 = ORIENTED_EDGE ( 'NONE', *, *, #6487, .T. ) ;
#2989 = ORIENTED_EDGE ( 'NONE', *, *, #433, .F. ) ;
#2990 = CARTESIAN_POINT ( 'NONE',  ( 0.05305640521007182200, 0.4799999999999999800, -0.06316643407763482300 ) ) ;
#2991 = AXIS2_PLACEMENT_3D ( 'NONE', #8063, #3785, #5076 ) ;
#2992 = CARTESIAN_POINT ( 'NONE',  ( 0.08487641122882323700, 0.4799999999999995400, -0.08767451036356532800 ) ) ;
#2993 = CARTESIAN_POINT ( 'NONE',  ( -0.2623992297968178500, 0.4798999999999999400, 0.06617164348258851300 ) ) ;
#2994 = VECTOR ( 'NONE', #8222, 1000.000000000000000 ) ;
#2995 = CARTESIAN_POINT ( 'NONE',  ( -0.8000000000000037100, 0.4798999999999999400, -0.02613604882510385500 ) ) ;
#2996 = VERTEX_POINT ( 'NONE', #5134 ) ;
#2997 = VECTOR ( 'NONE', #5908, 1000.000000000000000 ) ;
#2998 = VECTOR ( 'NONE', #5687, 1000.000000000000000 ) ;
#2999 = CARTESIAN_POINT ( 'NONE',  ( -0.8000000000000037100, 0.4799999999999999800, -0.1107514334404884300 ) ) ;
#3000 = CARTESIAN_POINT ( 'NONE',  ( -0.2197984082433442100, 0.4798999999999999400, -0.1012783283098967100 ) ) ;
#3001 = DIRECTION ( 'NONE',  ( -0.0000000000000000000, 0.0000000000000000000, 1.000000000000000000 ) ) ;
#3002 = CIRCLE ( 'NONE', #5555, 0.06249999999999994400 ) ;
#3003 = CARTESIAN_POINT ( 'NONE',  ( -0.1968944221045101100, 0.4799999999999999300, -0.05890848472253970600 ) ) ;
#3004 = EDGE_CURVE ( 'NONE', #9099, #1938, #2913, .T. ) ;
#3005 = ORIENTED_EDGE ( 'NONE', *, *, #1961, .T. ) ;
#3006 = PRESENTATION_STYLE_ASSIGNMENT (( #1126 ) ) ;
#3007 = VECTOR ( 'NONE', #6531, 1000.000000000000000 ) ;
#3008 = B_SPLINE_CURVE_WITH_KNOTS ( 'NONE', 3,
 ( #7144, #3588, #5043, #755, #5783, #1469, #6496 ),
 .UNSPECIFIED., .F., .F.,
 ( 4, 1, 1, 1, 4 ),
 ( 0.0000000000000000000, 0.2994325835200252800, 0.5657804253500458000, 0.7996368141693420700, 1.000000000000000000 ),
 .UNSPECIFIED. ) ;
#3009 = DIRECTION ( 'NONE',  ( 0.1927583521884091700, 0.0000000000000000000, -0.9812462574000521100 ) ) ;
#3010 = STYLED_ITEM ( 'NONE', ( #133 ), #6265 ) ;
#3011 = CARTESIAN_POINT ( 'NONE',  ( -0.2630402554378434800, 0.4799999999999999800, -0.1107514334404884200 ) ) ;
#3012 = CARTESIAN_POINT ( 'NONE',  ( 0.2387245972258884300, 0.4798999999999999400, 0.06869891047335825700 ) ) ;
#3013 = CARTESIAN_POINT ( 'NONE',  ( -0.1253184115095509800, 0.4799999999999999800, -0.01481326959998527000 ) ) ;
#3014 = CARTESIAN_POINT ( 'NONE',  ( -0.2386573472971702500, 0.4798999999999999400, -0.08322929943278456500 ) ) ;
#3015 = CARTESIAN_POINT ( 'NONE',  ( 0.2774645522544642000, 0.4798999999999999400, 0.02218125886720390100 ) ) ;
#3016 = CARTESIAN_POINT ( 'NONE',  ( 0.2129478690239901800, 0.4798999999999999400, -0.03389009619556146400 ) ) ;
#3017 = CARTESIAN_POINT ( 'NONE',  ( -0.1196049142976169800, 0.4798999999999999400, -0.01228731562101569700 ) ) ;
#3018 = CARTESIAN_POINT ( 'NONE',  ( 0.03986971296293422700, 0.4798999999999999400, -0.08991605412561759500 ) ) ;
#3019 = EDGE_LOOP ( 'NONE', ( #7093, #4879, #8673, #4541 ) ) ;
#3020 = CARTESIAN_POINT ( 'NONE',  ( 0.6800000000000001600, 0.4099999999999999200, 0.4499999999999999000 ) ) ;
#3021 = CIRCLE ( 'NONE', #6848, 0.07000000000000002100 ) ;
#3022 = AXIS2_PLACEMENT_3D ( 'NONE', #829, #1353, #1394 ) ;
#3023 = CARTESIAN_POINT ( 'NONE',  ( -0.06412131144419340500, 0.4798999999999999400, -0.02343511408900197900 ) ) ;
#3024 =( GEOMETRIC_REPRESENTATION_CONTEXT ( 3 ) GLOBAL_UNCERTAINTY_ASSIGNED_CONTEXT ( ( #5877 ) ) GLOBAL_UNIT_ASSIGNED_CONTEXT ( ( #7242, #2965, #7958 ) ) REPRESENTATION_CONTEXT ( 'NONE', 'WORKASPACE' ) );
#3025 = CARTESIAN_POINT ( 'NONE',  ( 0.04669532148523342800, 0.4798999999999999400, -0.009469382158437138600 ) ) ;
#3026 = EDGE_CURVE ( 'NONE', #1605, #7226, #8155, .T. ) ;
#3027 =( NAMED_UNIT ( * ) PLANE_ANGLE_UNIT ( ) SI_UNIT ( $, .RADIAN. ) );
#3028 =( LENGTH_UNIT ( ) NAMED_UNIT ( * ) SI_UNIT ( .MILLI., .METRE. ) );
#3029 = CARTESIAN_POINT ( 'NONE',  ( 0.04669532148523342800, 0.4800000000000000400, -0.009469382158437138600 ) ) ;
#3030 = PLANE ( 'NONE',  #1948 ) ;
#3031 = ORIENTED_EDGE ( 'NONE', *, *, #994, .T. ) ;
#3032 = CARTESIAN_POINT ( 'NONE',  ( 0.2777885016322714200, 0.4798999999999999400, 0.07822718124162937600 ) ) ;
#3033 = CARTESIAN_POINT ( 'NONE',  ( 0.1097814405068637400, 0.4799999999999999800, 0.05727252782639169500 ) ) ;
#3034 = CARTESIAN_POINT ( 'NONE',  ( -0.1971610431055217900, 0.4799999999999999300, -0.06583207125394072200 ) ) ;
#3035 = CARTESIAN_POINT ( 'NONE',  ( -0.02105452429790711700, 0.4798999999999999400, 0.06894639781943798200 ) ) ;
#3036 = DIRECTION ( 'NONE',  ( -3.370319896183507600E-014, -0.0000000000000000000, 1.000000000000000000 ) ) ;
#3037 = ORIENTED_EDGE ( 'NONE', *, *, #7391, .T. ) ;
#3038 = VERTEX_POINT ( 'NONE', #5942 ) ;
#3039 = B_SPLINE_CURVE_WITH_KNOTS ( 'NONE', 3,
 ( #2440, #3160, #405, #5435, #1115, #6153, #1855, #6856, #2579, #7585, #3311 ),
 .UNSPECIFIED., .F., .F.,
 ( 4, 1, 1, 1, 1, 1, 1, 1, 4 ),
 ( 0.0000000000000000000, 0.1531481085926315300, 0.2994334688329064500, 0.4364263514567506800, 0.5656705729563579200, 0.6865083102878721800, 0.7992685160630037500, 0.9033947408013438500, 1.000000000000000000 ),
 .UNSPECIFIED. ) ;
#3040 =( LENGTH_UNIT ( ) NAMED_UNIT ( * ) SI_UNIT ( .MILLI., .METRE. ) );
#3041 = CARTESIAN_POINT ( 'NONE',  ( 0.2087546163570286300, 0.4799999999999999800, -0.03074342061997555100 ) ) ;
#3042 = CARTESIAN_POINT ( 'NONE',  ( 0.2714918539554800300, 0.4798999999999999400, 0.04910939855490583500 ) ) ;
#3043 =( LENGTH_UNIT ( ) NAMED_UNIT ( * ) SI_UNIT ( .MILLI., .METRE. ) );
#3044 = CARTESIAN_POINT ( 'NONE',  ( -0.2580419821680348100, 0.4799999999999999800, -0.08729823998404800900 ) ) ;
#3045 = CARTESIAN_POINT ( 'NONE',  ( 0.2583591537163446600, 0.4798999999999999400, -0.01656968608077187500 ) ) ;
#3046 = MECHANICAL_DESIGN_GEOMETRIC_PRESENTATION_REPRESENTATION (  '', ( #1579 ), #3509 ) ;
#3047 = FILL_AREA_STYLE ('',( #7316 ) ) ;
#3048 =( GEOMETRIC_REPRESENTATION_CONTEXT ( 3 ) GLOBAL_UNCERTAINTY_ASSIGNED_CONTEXT ( ( #8262 ) ) GLOBAL_UNIT_ASSIGNED_CONTEXT ( ( #4720, #417, #5452 ) ) REPRESENTATION_CONTEXT ( 'NONE', 'WORKASPACE' ) );
#3049 = CARTESIAN_POINT ( 'NONE',  ( -0.04184634518143325000, 0.4799999999999999300, -0.01587963856869354500 ) ) ;
#3050 = FILL_AREA_STYLE ('',( #2986 ) ) ;
#3051 = CARTESIAN_POINT ( 'NONE',  ( -0.03625623178681137300, 0.4799999999999999800, -0.1000596887812456500 ) ) ;
#3052 = FILL_AREA_STYLE_COLOUR ( '', #1636 ) ;
#3053 = CARTESIAN_POINT ( 'NONE',  ( -0.06198120213734824300, 0.4798999999999999400, 0.06624179164179694300 ) ) ;
#3054 = FILL_AREA_STYLE ('',( #108 ) ) ;
#3055 = VERTEX_POINT ( 'NONE', #1632 ) ;
#3056 = VECTOR ( 'NONE', #2942, 1000.000000000000000 ) ;
#3057 = MECHANICAL_DESIGN_GEOMETRIC_PRESENTATION_REPRESENTATION (  '', ( #1590 ), #3524 ) ;
#3058 = CARTESIAN_POINT ( 'NONE',  ( 0.1492594240493360100, 0.4799999999999993200, -0.009389253953308930200 ) ) ;
#3059 = DIRECTION ( 'NONE',  ( -0.9950371902099890400, 0.0000000000000000000, 0.09950371902099883200 ) ) ;
#3060 = FACE_OUTER_BOUND ( 'NONE', #5331, .T. ) ;
#3061 = SURFACE_STYLE_USAGE ( .BOTH. , #3121 ) ;
#3062 = STYLED_ITEM ( 'NONE', ( #4477 ), #416 ) ;
#3063 = DIRECTION ( 'NONE',  ( -0.0000000000000000000, -1.000000000000000000, -0.0000000000000000000 ) ) ;
#3064 = FILL_AREA_STYLE ('',( #2344 ) ) ;
#3065 = DIRECTION ( 'NONE',  ( -0.0000000000000000000, 1.000000000000000000, -0.0000000000000000000 ) ) ;
#3066 = CARTESIAN_POINT ( 'NONE',  ( 0.4589760417406934000, 0.4798999999999999400, -0.06509018226284692100 ) ) ;
#3067 = UNCERTAINTY_MEASURE_WITH_UNIT (LENGTH_MEASURE( 1.000000000000000100E-005 ), #6028, 'distance_accuracy_value', 'NONE');
#3068 = CARTESIAN_POINT ( 'NONE',  ( 0.2022302932849171500, 0.4799999999999999800, 0.04116115423825472000 ) ) ;
#3069 = PRESENTATION_LAYER_ASSIGNMENT (  '', '', ( #3549 ) ) ;
#3070 = UNCERTAINTY_MEASURE_WITH_UNIT (LENGTH_MEASURE( 1.000000000000000100E-005 ), #2107, 'distance_accuracy_value', 'NONE');
#3071 = CARTESIAN_POINT ( 'NONE',  ( -0.07680061766619629400, 0.4799999999999999800, -0.02679639765258216500 ) ) ;
#3072 = COLOUR_RGB ( '',0.2509803921568627400, 0.2509803921568627400, 0.2509803921568627400 ) ;
#3073 = CARTESIAN_POINT ( 'NONE',  ( -0.2175700496216729000, 0.4798999999999999400, 0.02618386841484648300 ) ) ;
#3074 = DIRECTION ( 'NONE',  ( -0.0000000000000000000, 1.000000000000000000, -0.0000000000000000000 ) ) ;
#3075 = VECTOR ( 'NONE', #5291, 1000.000000000000000 ) ;
#3076 = PLANE ( 'NONE',  #3816 ) ;
#3077 = SURFACE_SIDE_STYLE ('',( #4085 ) ) ;
#3078 = DIRECTION ( 'NONE',  ( 1.000000000000000000, -0.0000000000000000000, -3.986037398843766100E-017 ) ) ;
#3079 = ORIENTED_EDGE ( 'NONE', *, *, #8050, .F. ) ;
#3080 = ORIENTED_EDGE ( 'NONE', *, *, #4331, .T. ) ;
#3081 = ORIENTED_EDGE ( 'NONE', *, *, #2856, .F. ) ;
#3082 = EDGE_CURVE ( 'NONE', #6591, #3647, #6263, .T. ) ;
#3083 = EDGE_CURVE ( 'NONE', #1776, #7991, #2453, .T. ) ;
#3084 = CARTESIAN_POINT ( 'NONE',  ( 0.1453337029061355900, 0.4798999999999999400, 0.03566248771235894900 ) ) ;
#3085 = CARTESIAN_POINT ( 'NONE',  ( 0.1445308560796088900, 0.4799999999999999800, -0.05762714093044438200 ) ) ;
#3086 = ORIENTED_EDGE ( 'NONE', *, *, #4362, .T. ) ;
#3087 = ORIENTED_EDGE ( 'NONE', *, *, #8582, .F. ) ;
#3088 = ORIENTED_EDGE ( 'NONE', *, *, #8551, .F. ) ;
#3089 = ORIENTED_EDGE ( 'NONE', *, *, #1344, .F. ) ;
#3090 = STYLED_ITEM ( 'NONE', ( #9016 ), #1764 ) ;
#3091 = CARTESIAN_POINT ( 'NONE',  ( -0.1327832911638171800, 0.4799999999999999300, 0.03431048891207692800 ) ) ;
#3092 = CARTESIAN_POINT ( 'NONE',  ( 0.1101520298986300000, 0.4798999999999999400, -0.07578696137251733600 ) ) ;
#3093 = CARTESIAN_POINT ( 'NONE',  ( 0.2373203214852334900, 0.4798999999999999400, -0.02100784369689868300 ) ) ;
#3094 = ORIENTED_EDGE ( 'NONE', *, *, #9208, .T. ) ;
#3095 = PRESENTATION_STYLE_ASSIGNMENT (( #7819 ) ) ;
#3096 = DIRECTION ( 'NONE',  ( 0.1927583521884091700, 0.0000000000000000000, -0.9812462574000521100 ) ) ;
#3097 = PRESENTATION_STYLE_ASSIGNMENT (( #8300 ) ) ;
#3098 = CARTESIAN_POINT ( 'NONE',  ( 0.2149124876560090400, 0.4798999999999999400, 0.06189050272964937600 ) ) ;
#3099 = EDGE_LOOP ( 'NONE', ( #45, #4009, #5617, #737 ) ) ;
#3100 = ADVANCED_FACE ( 'NONE', ( #4114 ), #8794, .F. ) ;
#3101 = FACE_OUTER_BOUND ( 'NONE', #6111, .T. ) ;
#3102 = LINE ( 'NONE', #2190, #4767 ) ;
#3103 = DIRECTION ( 'NONE',  ( -0.0000000000000000000, 1.000000000000000000, -0.0000000000000000000 ) ) ;
#3104 = SURFACE_SIDE_STYLE ('',( #3200 ) ) ;
#3105 = VERTEX_POINT ( 'NONE', #2361 ) ;
#3106 = CARTESIAN_POINT ( 'NONE',  ( 0.7999999999999961600, 0.0000000000000000000, -0.4999999999999813500 ) ) ;
#3107 = CARTESIAN_POINT ( 'NONE',  ( 0.6800000000000001600, 0.4299999999999999400, 0.4499999999999999000 ) ) ;
#3108 =( GEOMETRIC_REPRESENTATION_CONTEXT ( 3 ) GLOBAL_UNCERTAINTY_ASSIGNED_CONTEXT ( ( #111 ) ) GLOBAL_UNIT_ASSIGNED_CONTEXT ( ( #8180, #3906, #8907 ) ) REPRESENTATION_CONTEXT ( 'NONE', 'WORKASPACE' ) );
#3109 = CARTESIAN_POINT ( 'NONE',  ( -0.5498992297968178200, 0.4798999999999999400, 0.08924856655951159100 ) ) ;
#3110 = CARTESIAN_POINT ( 'NONE',  ( 0.08487641122882323700, 0.4798999999999999400, -0.08767451036356532800 ) ) ;
#3111 = DIRECTION ( 'NONE',  ( 0.0000000000000000000, 0.0000000000000000000, -1.000000000000000000 ) ) ;
#3112 = AXIS2_PLACEMENT_3D ( 'NONE', #3107, #8096, #3821 ) ;
#3113 = FILL_AREA_STYLE ('',( #7255 ) ) ;
#3114 = VERTEX_POINT ( 'NONE', #3827 ) ;
#3115 = LINE ( 'NONE', #8816, #4778 ) ;
#3116 = CARTESIAN_POINT ( 'NONE',  ( 0.1333477727026172200, 0.4799999999999993200, 0.06691733310109122800 ) ) ;
#3117 = DIRECTION ( 'NONE',  ( 1.000000000000000000, 0.0000000000000000000, -1.084202172485504700E-016 ) ) ;
#3118 = SURFACE_SIDE_STYLE ('',( #7878 ) ) ;
#3119 = EDGE_CURVE ( 'NONE', #6252, #2983, #3458, .T. ) ;
#3120 = ORIENTED_EDGE ( 'NONE', *, *, #6991, .T. ) ;
#3121 = SURFACE_SIDE_STYLE ('',( #7605 ) ) ;
#3122 = EDGE_CURVE ( 'NONE', #5593, #3805, #5358, .T. ) ;
#3123 = CARTESIAN_POINT ( 'NONE',  ( -0.1275907641834538300, 0.4799999999999999800, -0.05867014442759459200 ) ) ;
#3124 =( GEOMETRIC_REPRESENTATION_CONTEXT ( 3 ) GLOBAL_UNCERTAINTY_ASSIGNED_CONTEXT ( ( #4824 ) ) GLOBAL_UNIT_ASSIGNED_CONTEXT ( ( #1076, #6114, #1804 ) ) REPRESENTATION_CONTEXT ( 'NONE', 'WORKASPACE' ) );
#3125 =( NAMED_UNIT ( * ) SI_UNIT ( $, .STERADIAN. ) SOLID_ANGLE_UNIT ( ) );
#3126 = CARTESIAN_POINT ( 'NONE',  ( -0.1027989112043203300, 0.4798999999999999400, 0.06534591485567665900 ) ) ;
#3127 = CARTESIAN_POINT ( 'NONE',  ( -0.6799999999999998300, 0.4299999999999999400, -0.3799999999999998400 ) ) ;
#3128 = CARTESIAN_POINT ( 'NONE',  ( 0.2353263352067849500, 0.4798999999999999400, -0.02094951570079366100 ) ) ;
#3129 = CARTESIAN_POINT ( 'NONE',  ( -0.3097149349250229400, 0.4799999999999999800, -0.02613604882510385500 ) ) ;
#3130 = CARTESIAN_POINT ( 'NONE',  ( 0.2335192128156985400, 0.4799999999999999800, 0.06862413252016094600 ) ) ;
#3131 = LINE ( 'NONE', #2999, #8373 ) ;
#3132 = ORIENTED_EDGE ( 'NONE', *, *, #3899, .T. ) ;
#3133 = CARTESIAN_POINT ( 'NONE',  ( 0.3788428867399549200, 0.4799999999999999800, 0.02756257180295862400 ) ) ;
#3134 = CARTESIAN_POINT ( 'NONE',  ( 0.1833463185632247200, 0.4798999999999999400, 0.06339777463450894900 ) ) ;
#3135 = CARTESIAN_POINT ( 'NONE',  ( -0.1555842613295942400, 0.4799999999999999300, -0.06595907870806759500 ) ) ;
#3136 = EDGE_CURVE ( 'NONE', #1257, #8042, #1537, .T. ) ;
#3137 = CARTESIAN_POINT ( 'NONE',  ( -0.1353559605660486200, 0.4799999999999999800, 0.02001779732874236000 ) ) ;
#3138 = CARTESIAN_POINT ( 'NONE',  ( -0.03535596056604862300, 0.4798999999999999400, 0.03383991271335774800 ) ) ;
#3139 =( NAMED_UNIT ( * ) SI_UNIT ( $, .STERADIAN. ) SOLID_ANGLE_UNIT ( ) );
#3140 = CARTESIAN_POINT ( 'NONE',  ( -0.1353559605660486200, 0.4798999999999999400, 0.02001779732874236000 ) ) ;
#3141 = COLOUR_RGB ( '',0.2509803921568627400, 0.2509803921568627400, 0.2509803921568627400 ) ;
#3142 = ORIENTED_EDGE ( 'NONE', *, *, #5281, .F. ) ;
#3143 = CARTESIAN_POINT ( 'NONE',  ( 0.1092363737084014900, 0.4798999999999999400, 0.08754455524169688100 ) ) ;
#3144 = ADVANCED_FACE ( 'NONE', ( #5126, #1311, #7033 ), #1687, .T. ) ;
#3145 = CARTESIAN_POINT ( 'NONE',  ( -0.1001177530421022600, 0.4798999999999999900, -0.08907792946577963700 ) ) ;
#3146 = PRESENTATION_STYLE_ASSIGNMENT (( #1295 ) ) ;
#3147 =( NAMED_UNIT ( * ) SI_UNIT ( $, .STERADIAN. ) SOLID_ANGLE_UNIT ( ) );
#3148 = CARTESIAN_POINT ( 'NONE',  ( -0.4204521144122024800, 0.4798999999999999400, 0.004633181944126846300 ) ) ;
#3149 = CARTESIAN_POINT ( 'NONE',  ( -0.1096979333544499400, 0.4798999999999999400, 0.08859296449965098400 ) ) ;
#3150 = CARTESIAN_POINT ( 'NONE',  ( 0.7374999999999964900, 0.4299999999999999400, 0.5000000000000196500 ) ) ;
#3151 = CARTESIAN_POINT ( 'NONE',  ( 0.3864389112288232300, 0.4798999999999999400, 0.06128382296976800400 ) ) ;
#3152 = CARTESIAN_POINT ( 'NONE',  ( 0.2039950971907152400, 0.4798999999999999400, -0.004352826397954403500 ) ) ;
#3153 = CARTESIAN_POINT ( 'NONE',  ( -0.7300000000000020900, 0.0000000000000000000, -0.4299999999999967200 ) ) ;
#3154 = ORIENTED_EDGE ( 'NONE', *, *, #7562, .T. ) ;
#3155 = FACE_BOUND ( 'NONE', #8825, .T. ) ;
#3156 = AXIS2_PLACEMENT_3D ( 'NONE', #424, #2640, #5518 ) ;
#3157 = CARTESIAN_POINT ( 'NONE',  ( 0.05084405955454786300, 0.4799999999999999800, 0.03761573566095950000 ) ) ;
#3158 = AXIS2_PLACEMENT_3D ( 'NONE', #4659, #351, #5376 ) ;
#3159 = DIRECTION ( 'NONE',  ( 1.000000000000000000, -0.0000000000000000000, 7.350523203291555000E-017 ) ) ;
#3160 = CARTESIAN_POINT ( 'NONE',  ( -0.4406281227619983600, 0.4798999999999999400, -0.04996192590991603600 ) ) ;
#3161 = SURFACE_STYLE_USAGE ( .BOTH. , #3104 ) ;
#3162 = CARTESIAN_POINT ( 'NONE',  ( -0.1369925007799706600, 0.4798999999999999400, -0.09825780909851533600 ) ) ;
#3163 = B_SPLINE_CURVE_WITH_KNOTS ( 'NONE', 3,
 ( #8438, #3451, #9166, #4882, #576, #5613, #1305, #6330, #2027, #7038, #2770, #7754, #3481, #8476, #4182, #9195, #4912, #616, #5647 ),
 .UNSPECIFIED., .F., .F.,
 ( 4, 1, 1, 1, 1, 1, 1, 1, 1, 1, 1, 1, 1, 1, 1, 1, 4 ),
 ( 0.0000000000000000000, 0.06199741907572173200, 0.1220879540822920200, 0.1813753107870029500, 0.2395080083953658700, 0.2978356978967513500, 0.3568799706531179400, 0.4172818251154281600, 0.4796404090798155300, 0.5425000674783561100, 0.6049624196481899800, 0.6669910330782642400, 0.7302162430101636300, 0.7941728632512559100, 0.8604581431502612600, 0.9285781799847826500, 1.000000000000000000 ),
 .UNSPECIFIED. ) ;
#3164 = CARTESIAN_POINT ( 'NONE',  ( -0.1440659182902960500, 0.4799999999999999800, 0.06966825261182328600 ) ) ;
#3165 = CARTESIAN_POINT ( 'NONE',  ( -0.8000000000000037100, 0.4798999999999999400, -0.08767451036356535600 ) ) ;
#3166 = CARTESIAN_POINT ( 'NONE',  ( -0.7999999999999700700, 0.0000000000000000000, -0.4999999999999813500 ) ) ;
#3167 =( NAMED_UNIT ( * ) PLANE_ANGLE_UNIT ( ) SI_UNIT ( $, .RADIAN. ) );
#3168 = CARTESIAN_POINT ( 'NONE',  ( -0.1212949903739160600, 0.4798999999999999400, -0.1072294211140097800 ) ) ;
#3169 = EDGE_CURVE ( 'NONE', #8048, #477, #6143, .T. ) ;
#3170 = AXIS2_PLACEMENT_3D ( 'NONE', #1706, #6726, #2446 ) ;
#3171 = CARTESIAN_POINT ( 'NONE',  ( 0.08515685994677196800, 0.4799999999999993200, 0.09181266912361416000 ) ) ;
#3172 = CARTESIAN_POINT ( 'NONE',  ( 0.6800000000000001600, 0.4099999999999999200, 0.3799999999999998400 ) ) ;
#3173 = CARTESIAN_POINT ( 'NONE',  ( -0.1199398601153296900, 0.4800000000000000400, -0.07928954667720115900 ) ) ;
#3174 =( GEOMETRIC_REPRESENTATION_CONTEXT ( 3 ) GLOBAL_UNCERTAINTY_ASSIGNED_CONTEXT ( ( #7788 ) ) GLOBAL_UNIT_ASSIGNED_CONTEXT ( ( #5467, #1144, #6181 ) ) REPRESENTATION_CONTEXT ( 'NONE', 'WORKASPACE' ) );
#3175 = CARTESIAN_POINT ( 'NONE',  ( -0.2684889733865615200, 0.4799999999999999800, -0.02613604882510380300 ) ) ;
#3176 = VECTOR ( 'NONE', #3317, 1000.000000000000000 ) ;
#3177 = UNCERTAINTY_MEASURE_WITH_UNIT (LENGTH_MEASURE( 1.000000000000000100E-005 ), #4027, 'distance_accuracy_value', 'NONE');
#3178 = SURFACE_STYLE_USAGE ( .BOTH. , #7457 ) ;
#3179 = CARTESIAN_POINT ( 'NONE',  ( -0.1573706304972390700, 0.4798999999999999400, 0.04948483943381474400 ) ) ;
#3180 = CARTESIAN_POINT ( 'NONE',  ( -0.08288149637855549100, 0.4799999999999998700, -0.1132340512281751300 ) ) ;
#3181 = CARTESIAN_POINT ( 'NONE',  ( 0.02464584017614726200, 0.4798999999999999400, 0.03317430675713498700 ) ) ;
#3182 = CARTESIAN_POINT ( 'NONE',  ( 0.2373203214852334700, 0.4798999999999999400, -0.02100784369689867900 ) ) ;
#3183 =( NAMED_UNIT ( * ) PLANE_ANGLE_UNIT ( ) SI_UNIT ( $, .RADIAN. ) );
#3184 = FACE_OUTER_BOUND ( 'NONE', #2525, .T. ) ;
#3185 = ADVANCED_FACE ( 'NONE', ( #408 ), #7143, .T. ) ;
#3186 = VERTEX_POINT ( 'NONE', #8195 ) ;
#3187 = SURFACE_STYLE_USAGE ( .BOTH. , #7470 ) ;
#3188 = VERTEX_POINT ( 'NONE', #3917 ) ;
#3189 = ORIENTED_EDGE ( 'NONE', *, *, #6081, .T. ) ;
#3190 = ORIENTED_EDGE ( 'NONE', *, *, #3794, .F. ) ;
#3191 = CARTESIAN_POINT ( 'NONE',  ( -0.1053821521148070500, 0.4799999999999999300, -0.1118012449992502900 ) ) ;
#3192 = PRESENTATION_STYLE_ASSIGNMENT (( #5913 ) ) ;
#3193 = DIRECTION ( 'NONE',  ( 0.0000000000000000000, 1.000000000000000000, 0.0000000000000000000 ) ) ;
#3194 = CARTESIAN_POINT ( 'NONE',  ( -0.4568848070411599100, 0.4798999999999999400, -0.07816351500812872300 ) ) ;
#3195 = DIRECTION ( 'NONE',  ( -0.9379254195245927400, 0.0000000000000000000, 0.3468370040950314300 ) ) ;
#3196 = CARTESIAN_POINT ( 'NONE',  ( 0.2539761828035294600, 0.4799999999999998700, 0.06560729968276285400 ) ) ;
#3197 = CARTESIAN_POINT ( 'NONE',  ( -0.1244506705425743300, 0.4798999999999999400, 0.05100199066128963800 ) ) ;
#3198 = CYLINDRICAL_SURFACE ( 'NONE', #5759, 0.07000000000000002100 ) ;
#3199 = ORIENTED_EDGE ( 'NONE', *, *, #8752, .T. ) ;
#3200 = SURFACE_STYLE_FILL_AREA ( #3050 ) ;
#3201 = VERTEX_POINT ( 'NONE', #4604 ) ;
#3202 = EDGE_CURVE ( 'NONE', #5189, #8775, #9032, .T. ) ;
#3203 = ORIENTED_EDGE ( 'NONE', *, *, #4549, .F. ) ;
#3204 = CARTESIAN_POINT ( 'NONE',  ( -0.1558687810788690900, 0.4798999999999999400, -0.05854790779946279100 ) ) ;
#3205 = ORIENTED_EDGE ( 'NONE', *, *, #8518, .T. ) ;
#3206 = CARTESIAN_POINT ( 'NONE',  ( -0.1276359696528179500, 0.4798999999999999900, -0.06140824625074400200 ) ) ;
#3207 = LINE ( 'NONE', #3931, #2994 ) ;
#3208 = UNCERTAINTY_MEASURE_WITH_UNIT (LENGTH_MEASURE( 1.000000000000000100E-005 ), #8747, 'distance_accuracy_value', 'NONE');
#3209 = CARTESIAN_POINT ( 'NONE',  ( -0.2487806189414665800, 0.4798999999999999400, -0.02742624869205401200 ) ) ;
#3210 = EDGE_LOOP ( 'NONE', ( #4416, #4317, #2765, #1046 ) ) ;
#3211 = VECTOR ( 'NONE', #9234, 1000.000000000000000 ) ;
#3212 = STYLED_ITEM ( 'NONE', ( #7225 ), #2073 ) ;
#3213 = FACE_OUTER_BOUND ( 'NONE', #3019, .T. ) ;
#3214 = PLANE ( 'NONE',  #1840 ) ;
#3215 = AXIS2_PLACEMENT_3D ( 'NONE', #2386, #7393, #3117 ) ;
#3216 = CARTESIAN_POINT ( 'NONE',  ( 0.4593956419980541600, 0.4798999999999999400, -0.06359598472253970300 ) ) ;
#3217 = ADVANCED_FACE ( 'NONE', ( #5233 ), #754, .F. ) ;
#3218 = CARTESIAN_POINT ( 'NONE',  ( -0.03625623178681137300, 0.4798999999999999400, -0.1000596887812456500 ) ) ;
#3219 = SURFACE_SIDE_STYLE ('',( #7959 ) ) ;
#3220 = PLANE ( 'NONE',  #8141 ) ;
#3221 = VERTEX_POINT ( 'NONE', #5384 ) ;
#3222 = PRESENTATION_STYLE_ASSIGNMENT (( #7502 ) ) ;
#3223 = CARTESIAN_POINT ( 'NONE',  ( 0.05530831374821677800, 0.4798999999999999400, -0.06901451475417803800 ) ) ;
#3224 = FILL_AREA_STYLE_COLOUR ( '', #3072 ) ;
#3225 = ORIENTED_EDGE ( 'NONE', *, *, #2763, .T. ) ;
#3226 = CARTESIAN_POINT ( 'NONE',  ( -0.5300000000000022500, -0.02000000000000000000, -0.4299999999999967700 ) ) ;
#3227 = STYLED_ITEM ( 'NONE', ( #6896 ), #7705 ) ;
#3228 =( LENGTH_UNIT ( ) NAMED_UNIT ( * ) SI_UNIT ( .MILLI., .METRE. ) );
#3229 = CARTESIAN_POINT ( 'NONE',  ( -0.04017130613885603500, 0.4798999999999999400, 0.01811862411465422300 ) ) ;
#3230 = CARTESIAN_POINT ( 'NONE',  ( 0.2733261166004520800, 0.4798999999999999400, 0.04525267302033288100 ) ) ;
#3231 =( GEOMETRIC_REPRESENTATION_CONTEXT ( 3 ) GLOBAL_UNCERTAINTY_ASSIGNED_CONTEXT ( ( #6250 ) ) GLOBAL_UNIT_ASSIGNED_CONTEXT ( ( #7000, #2720, #7721 ) ) REPRESENTATION_CONTEXT ( 'NONE', 'WORKASPACE' ) );
#3232 = SURFACE_STYLE_USAGE ( .BOTH. , #7505 ) ;
#3233 = COLOUR_RGB ( '',0.2509803921568627400, 0.2509803921568627400, 0.2509803921568627400 ) ;
#3234 = UNCERTAINTY_MEASURE_WITH_UNIT (LENGTH_MEASURE( 1.000000000000000100E-005 ), #6830, 'distance_accuracy_value', 'NONE');
#3235 = CARTESIAN_POINT ( 'NONE',  ( 0.7999999999999962700, 0.4299999999999999400, -0.4374999999999811800 ) ) ;
#3236 =( LENGTH_UNIT ( ) NAMED_UNIT ( * ) SI_UNIT ( .MILLI., .METRE. ) );
#3237 = CARTESIAN_POINT ( 'NONE',  ( -0.1263415374891254900, 0.4798999999999999400, -0.01531874113279610300 ) ) ;
#3238 = VECTOR ( 'NONE', #6705, 1000.000000000000000 ) ;
#3239 = EDGE_LOOP ( 'NONE', ( #2628, #8263, #4816, #1376 ) ) ;
#3240 = EDGE_CURVE ( 'NONE', #1035, #6252, #4569, .T. ) ;
#3241 = SURFACE_STYLE_USAGE ( .BOTH. , #7509 ) ;
#3242 = ORIENTED_EDGE ( 'NONE', *, *, #1779, .F. ) ;
#3243 =( GEOMETRIC_REPRESENTATION_CONTEXT ( 3 ) GLOBAL_UNCERTAINTY_ASSIGNED_CONTEXT ( ( #5282 ) ) GLOBAL_UNIT_ASSIGNED_CONTEXT ( ( #2124, #7125, #2847 ) ) REPRESENTATION_CONTEXT ( 'NONE', 'WORKASPACE' ) );
#3244 = FILL_AREA_STYLE ('',( #2516 ) ) ;
#3245 = COLOUR_RGB ( '',1.000000000000000000, 1.000000000000000000, 1.000000000000000000 ) ;
#3246 = VERTEX_POINT ( 'NONE', #6822 ) ;
#3247 = CARTESIAN_POINT ( 'NONE',  ( 0.4581789574970518400, 0.4798999999999999400, -0.06792860119938065600 ) ) ;
#3248 = VERTEX_POINT ( 'NONE', #7534 ) ;
#3249 = CARTESIAN_POINT ( 'NONE',  ( -0.01778709462469491000, 0.4799999999999998700, -0.07844774565217435500 ) ) ;
#3250 = DIRECTION ( 'NONE',  ( 0.2637164011023653800, 0.0000000000000000000, 0.9646002590657003500 ) ) ;
#3251 = CARTESIAN_POINT ( 'NONE',  ( 0.2260076052745496600, 0.4798999999999999400, -0.01989661860290873800 ) ) ;
#3252 = CARTESIAN_POINT ( 'NONE',  ( -0.04533180422756040400, 0.4798999999999999400, -0.01733703938819662600 ) ) ;
#3253 = CARTESIAN_POINT ( 'NONE',  ( 0.1001902256222111500, 0.4798999999999999400, 0.06503799325102885300 ) ) ;
#3254 = B_SPLINE_CURVE_WITH_KNOTS ( 'NONE', 3,
 ( #6039, #1150, #2610, #4522, #230, #5247, #5977, #7817, #8371, #8427, #8497, #8525, #9081, #2721, #9216 ),
 .UNSPECIFIED., .F., .F.,
 ( 4, 1, 1, 1, 1, 1, 1, 1, 1, 1, 1, 1, 4 ),
 ( 0.0000000000000000000, 0.08013990246525155800, 0.1562809906190944800, 0.2294060490129021800, 0.3017986969723056600, 0.3727428627695780200, 0.4426676099026292700, 0.5133209646126977200, 0.5865476923632091400, 0.6683225082295053400, 0.7636766255259053200, 0.8740807567185482400, 1.000000000000000000 ),
 .UNSPECIFIED. ) ;
#3255 = CARTESIAN_POINT ( 'NONE',  ( -0.4442565947616887700, 0.4798999999999999400, -0.05970245080526157000 ) ) ;
#3256 = EDGE_CURVE ( 'NONE', #7991, #3415, #621, .T. ) ;
#3257 = CARTESIAN_POINT ( 'NONE',  ( -0.4600947512605421100, 0.4798999999999999400, -0.06886721681788157700 ) ) ;
#3258 = CARTESIAN_POINT ( 'NONE',  ( 0.2774645522544642000, 0.4799999999999998700, 0.02218125886720390100 ) ) ;
#3259 = CARTESIAN_POINT ( 'NONE',  ( -0.2009849308869980900, 0.4799999999999999800, -0.04010103269202428000 ) ) ;
#3260 = ADVANCED_FACE ( 'NONE', ( #8363 ), #7572, .T. ) ;
#3261 = PRESENTATION_STYLE_ASSIGNMENT (( #5437 ) ) ;
#3262 = CARTESIAN_POINT ( 'NONE',  ( -0.4398832041557922400, 0.4799999999999999800, -0.04793092061997560700 ) ) ;
#3263 = CARTESIAN_POINT ( 'NONE',  ( -0.1286954649962675800, 0.4799999999999999800, -0.01659040057994625900 ) ) ;
#3264 = DIRECTION ( 'NONE',  ( -0.0000000000000000000, 1.000000000000000000, -0.0000000000000000000 ) ) ;
#3265 = EDGE_LOOP ( 'NONE', ( #4633, #6456, #8686, #1268 ) ) ;
#3266 = CARTESIAN_POINT ( 'NONE',  ( -0.3892021144122024300, 0.4798999999999999400, 0.08924856655951159100 ) ) ;
#3267 = CARTESIAN_POINT ( 'NONE',  ( 0.4535230106514431300, 0.4799999999999999800, -0.08519875633966538000 ) ) ;
#3268 = FILL_AREA_STYLE_COLOUR ( '', #4427 ) ;
#3269 = VECTOR ( 'NONE', #1917, 1000.000000000000000 ) ;
#3270 = CARTESIAN_POINT ( 'NONE',  ( 0.2039950971907152400, 0.4799999999999999800, -0.004352826397954403500 ) ) ;
#3271 = PLANE ( 'NONE',  #1718 ) ;
#3272 = CARTESIAN_POINT ( 'NONE',  ( -0.2451023434036867000, 0.4799999999999999800, -0.02830296534260581500 ) ) ;
#3273 = VECTOR ( 'NONE', #8062, 1000.000000000000000 ) ;
#3274 = B_SPLINE_CURVE_WITH_KNOTS ( 'NONE', 3,
 ( #1199, #5904, #2326, #7323, #3053, #8045, #3767, #8754, #4474, #178, #5183, #899, #5935, #1621, #6643 ),
 .UNSPECIFIED., .F., .F.,
 ( 4, 1, 1, 1, 1, 1, 1, 1, 1, 1, 1, 1, 4 ),
 ( 0.0000000000000000000, 0.1055838864195047100, 0.2058681332620123900, 0.3009467177422133800, 0.3930019285950109900, 0.4809485116065870800, 0.5628738662802260700, 0.6414613436333616000, 0.7177416181792267700, 0.7917717603087840500, 0.8627163930302564900, 0.9317768462002766800, 1.000000000000000000 ),
 .UNSPECIFIED. ) ;
#3275 = STYLED_ITEM ( 'NONE', ( #3540 ), #4079 ) ;
#3276 =( GEOMETRIC_REPRESENTATION_CONTEXT ( 3 ) GLOBAL_UNCERTAINTY_ASSIGNED_CONTEXT ( ( #6788 ) ) GLOBAL_UNIT_ASSIGNED_CONTEXT ( ( #4300, #1, #5024 ) ) REPRESENTATION_CONTEXT ( 'NONE', 'WORKASPACE' ) );
#3277 = CARTESIAN_POINT ( 'NONE',  ( 0.08910744402340087200, 0.4798999999999999400, 0.06858492330742369000 ) ) ;
#3278 = CARTESIAN_POINT ( 'NONE',  ( 0.1938719961578513300, 0.4799999999999999800, 0.07646212296699787800 ) ) ;
#3279 =( GEOMETRIC_REPRESENTATION_CONTEXT ( 3 ) GLOBAL_UNCERTAINTY_ASSIGNED_CONTEXT ( ( #5814 ) ) GLOBAL_UNIT_ASSIGNED_CONTEXT ( ( #5808, #1491, #6515 ) ) REPRESENTATION_CONTEXT ( 'NONE', 'WORKASPACE' ) );
#3280 = VECTOR ( 'NONE', #2149, 1000.000000000000000 ) ;
#3281 = CARTESIAN_POINT ( 'NONE',  ( -0.4541242841630058200, 0.4799999999999999800, -0.08639061198276350200 ) ) ;
#3282 = CARTESIAN_POINT ( 'NONE',  ( -0.2312180814100120200, 0.4799999999999999800, 0.08608838304360219600 ) ) ;
#3283 = DIRECTION ( 'NONE',  ( 0.0000000000000000000, 0.0000000000000000000, -1.000000000000000000 ) ) ;
#3284 = VECTOR ( 'NONE', #468, 1000.000000000000000 ) ;
#3285 = CARTESIAN_POINT ( 'NONE',  ( 0.08515685994677196800, 0.4798999999999999400, 0.06873574604669108200 ) ) ;
#3286 = EDGE_CURVE ( 'NONE', #1034, #5308, #5583, .T. ) ;
#3287 = CARTESIAN_POINT ( 'NONE',  ( 0.7374999999999964900, 0.4299999999999999400, 0.5000000000000196500 ) ) ;
#3288 = DIRECTION ( 'NONE',  ( -0.0000000000000000000, 1.000000000000000000, 0.0000000000000000000 ) ) ;
#3289 = SURFACE_STYLE_FILL_AREA ( #8469 ) ;
#3290 = CARTESIAN_POINT ( 'NONE',  ( -0.1556559860883113000, 0.4798999999999999400, -0.05190444755368325800 ) ) ;
#3291 = EDGE_CURVE ( 'NONE', #2479, #3427, #1984, .T. ) ;
#3292 = EDGE_LOOP ( 'NONE', ( #3684, #619, #2924, #4123 ) ) ;
#3293 =( GEOMETRIC_REPRESENTATION_CONTEXT ( 3 ) GLOBAL_UNCERTAINTY_ASSIGNED_CONTEXT ( ( #7186 ) ) GLOBAL_UNIT_ASSIGNED_CONTEXT ( ( #6847, #2570, #7579 ) ) REPRESENTATION_CONTEXT ( 'NONE', 'WORKASPACE' ) );
#3294 = ORIENTED_EDGE ( 'NONE', *, *, #3437, .F. ) ;
#3295 = CARTESIAN_POINT ( 'NONE',  ( -0.1929582309487485000, 0.4798999999999999400, 0.01217924322529052500 ) ) ;
#3296 = VERTEX_POINT ( 'NONE', #4750 ) ;
#3297 = PRESENTATION_STYLE_ASSIGNMENT (( #7702 ) ) ;
#3298 = MECHANICAL_DESIGN_GEOMETRIC_PRESENTATION_REPRESENTATION (  '', ( #2350 ), #3790 ) ;
#3299 = CARTESIAN_POINT ( 'NONE',  ( -0.5300000000000022500, -0.02000000000000000000, -0.4299999999999967700 ) ) ;
#3300 = CARTESIAN_POINT ( 'NONE',  ( -0.1969831954068295100, 0.4799999999999999800, -0.06121374063994312900 ) ) ;
#3301 = ADVANCED_FACE ( 'NONE', ( #7476 ), #4672, .F. ) ;
#3302 = UNCERTAINTY_MEASURE_WITH_UNIT (LENGTH_MEASURE( 1.000000000000000100E-005 ), #7046, 'distance_accuracy_value', 'NONE');
#3303 = CARTESIAN_POINT ( 'NONE',  ( -0.04626340368377569000, 0.4799999999999999800, -0.07313697926204562600 ) ) ;
#3304 = ORIENTED_EDGE ( 'NONE', *, *, #349, .F. ) ;
#3305 =( NAMED_UNIT ( * ) PLANE_ANGLE_UNIT ( ) SI_UNIT ( $, .RADIAN. ) );
#3306 = ORIENTED_EDGE ( 'NONE', *, *, #1162, .T. ) ;
#3307 = PLANE ( 'NONE',  #4607 ) ;
#3308 = VECTOR ( 'NONE', #3513, 1000.000000000000000 ) ;
#3309 = EDGE_LOOP ( 'NONE', ( #9014, #7883, #5359, #7326 ) ) ;
#3310 = ORIENTED_EDGE ( 'NONE', *, *, #4362, .F. ) ;
#3311 = CARTESIAN_POINT ( 'NONE',  ( -0.4545867297968178600, 0.4798999999999999400, -0.08767451036356532800 ) ) ;
#3312 = EDGE_CURVE ( 'NONE', #3771, #6377, #8475, .T. ) ;
#3313 = CARTESIAN_POINT ( 'NONE',  ( 0.1195705512122646200, 0.4798999999999999400, -0.1009092501790296600 ) ) ;
#3314 = SURFACE_SIDE_STYLE ('',( #8790 ) ) ;
#3315 = LINE ( 'NONE', #2358, #7786 ) ;
#3316 = VERTEX_POINT ( 'NONE', #443 ) ;
#3317 = DIRECTION ( 'NONE',  ( -0.0000000000000000000, -1.000000000000000000, -0.0000000000000000000 ) ) ;
#3318 = VECTOR ( 'NONE', #7331, 1000.000000000000000 ) ;
#3319 = EDGE_LOOP ( 'NONE', ( #7821, #4769, #8056, #882 ) ) ;
#3320 = DIRECTION ( 'NONE',  ( -0.0000000000000000000, 1.000000000000000000, -0.0000000000000000000 ) ) ;
#3321 = FACE_BOUND ( 'NONE', #525, .T. ) ;
#3322 = CARTESIAN_POINT ( 'NONE',  ( -0.4682485887711767500, 0.4799999999999999800, -0.05073540779946292300 ) ) ;
#3323 = ORIENTED_EDGE ( 'NONE', *, *, #3291, .F. ) ;
#3324 = DIRECTION ( 'NONE',  ( 7.350523203291555000E-017, 0.0000000000000000000, -1.000000000000000000 ) ) ;
#3325 = SURFACE_STYLE_FILL_AREA ( #5972 ) ;
#3326 = CARTESIAN_POINT ( 'NONE',  ( 0.6799999999999999400, 0.4299999999999999400, -0.3799999999999998900 ) ) ;
#3327 = SURFACE_SIDE_STYLE ('',( #6317 ) ) ;
#3328 = DIRECTION ( 'NONE',  ( -0.0000000000000000000, 1.000000000000000000, -0.0000000000000000000 ) ) ;
#3329 = AXIS2_PLACEMENT_3D ( 'NONE', #2811, #7806, #3518 ) ;
#3330 = ORIENTED_EDGE ( 'NONE', *, *, #268, .T. ) ;
#3331 = VERTEX_POINT ( 'NONE', #6236 ) ;
#3332 = CARTESIAN_POINT ( 'NONE',  ( -0.01844418706369705500, 0.4799999999999997600, 0.06571708651800538300 ) ) ;
#3333 = EDGE_CURVE ( 'NONE', #5308, #4460, #3021, .T. ) ;
#3334 = STYLED_ITEM ( 'NONE', ( #8591 ), #3448 ) ;
#3335 = CARTESIAN_POINT ( 'NONE',  ( -0.08951130973704736500, 0.4798999999999999400, -0.002864527757249786700 ) ) ;
#3336 = CARTESIAN_POINT ( 'NONE',  ( 0.4455334625108746100, 0.4799999999999999800, -0.06039085651741150900 ) ) ;
#3337 = CARTESIAN_POINT ( 'NONE',  ( -0.06674403192013402000, 0.4798999999999999400, -0.08803418920062706900 ) ) ;
#3338 = CARTESIAN_POINT ( 'NONE',  ( 0.2658478917403159800, 0.4798999999999999400, 0.08584523118204592800 ) ) ;
#3339 = CARTESIAN_POINT ( 'NONE',  ( 0.2130855740997273900, 0.4799999999999997000, 0.08805895200083331500 ) ) ;
#3340 = FILL_AREA_STYLE_COLOUR ( '', #4521 ) ;
#3341 = CARTESIAN_POINT ( 'NONE',  ( -0.1001177530421022600, 0.4798999999999999900, -0.08907792946577963700 ) ) ;
#3342 = ORIENTED_EDGE ( 'NONE', *, *, #7305, .T. ) ;
#3343 = PRESENTATION_STYLE_ASSIGNMENT (( #7508 ) ) ;
#3344 = CARTESIAN_POINT ( 'NONE',  ( -0.03555546085018612700, 0.4799999999999999800, 0.02956846725566330800 ) ) ;
#3345 = EDGE_CURVE ( 'NONE', #4600, #9023, #2784, .T. ) ;
#3346 = CARTESIAN_POINT ( 'NONE',  ( -0.2174072426173306600, 0.4798999999999998800, 0.03155625886720389600 ) ) ;
#3347 = UNCERTAINTY_MEASURE_WITH_UNIT (LENGTH_MEASURE( 1.000000000000000100E-005 ), #5157, 'distance_accuracy_value', 'NONE');
#3348 = DIRECTION ( 'NONE',  ( 0.0000000000000000000, 0.0000000000000000000, 1.000000000000000000 ) ) ;
#3349 = STYLED_ITEM ( 'NONE', ( #1168 ), #8196 ) ;
#3350 = CARTESIAN_POINT ( 'NONE',  ( -0.2254269380574042400, 0.4799999999999999800, -0.01541774477310016800 ) ) ;
#3351 = CARTESIAN_POINT ( 'NONE',  ( -0.02642284196950896200, 0.4798999999999999400, -0.006931179160868046300 ) ) ;
#3352 =( GEOMETRIC_REPRESENTATION_CONTEXT ( 3 ) GLOBAL_UNCERTAINTY_ASSIGNED_CONTEXT ( ( #4856 ) ) GLOBAL_UNIT_ASSIGNED_CONTEXT ( ( #6512, #2223, #7220 ) ) REPRESENTATION_CONTEXT ( 'NONE', 'WORKASPACE' ) );
#3353 = CARTESIAN_POINT ( 'NONE',  ( 0.1035559328613118000, 0.4799999999999998700, 0.06292495138189023500 ) ) ;
#3354 = ORIENTED_EDGE ( 'NONE', *, *, #6955, .T. ) ;
#3355 = ADVANCED_FACE ( 'NONE', ( #6593 ), #1558, .F. ) ;
#3356 = PRESENTATION_LAYER_ASSIGNMENT (  '', '', ( #2883 ) ) ;
#3357 =( NAMED_UNIT ( * ) SI_UNIT ( $, .STERADIAN. ) SOLID_ANGLE_UNIT ( ) );
#3358 = DIRECTION ( 'NONE',  ( 0.0000000000000000000, 1.000000000000000000, 0.0000000000000000000 ) ) ;
#3359 =( GEOMETRIC_REPRESENTATION_CONTEXT ( 3 ) GLOBAL_UNCERTAINTY_ASSIGNED_CONTEXT ( ( #1210 ) ) GLOBAL_UNIT_ASSIGNED_CONTEXT ( ( #5596, #5625, #5659 ) ) REPRESENTATION_CONTEXT ( 'NONE', 'WORKASPACE' ) );
#3360 = CARTESIAN_POINT ( 'NONE',  ( -0.7499999999999997800, 0.4299999999999999400, -0.3799999999999998900 ) ) ;
#3361 = CARTESIAN_POINT ( 'NONE',  ( -0.03358730871380794000, 0.4799999999999999800, -0.01169336323131865000 ) ) ;
#3362 =( GEOMETRIC_REPRESENTATION_CONTEXT ( 3 ) GLOBAL_UNCERTAINTY_ASSIGNED_CONTEXT ( ( #2257 ) ) GLOBAL_UNIT_ASSIGNED_CONTEXT ( ( #789, #5825, #1516 ) ) REPRESENTATION_CONTEXT ( 'NONE', 'WORKASPACE' ) );
#3363 = CARTESIAN_POINT ( 'NONE',  ( -0.04333082763667355600, 0.4798999999999999400, 0.08478920166679493300 ) ) ;
#3364 = SURFACE_SIDE_STYLE ('',( #7942 ) ) ;
#3365 = CARTESIAN_POINT ( 'NONE',  ( -0.2250995503096383200, 0.4798999999999999400, -0.05642451036356533500 ) ) ;
#3366 = CARTESIAN_POINT ( 'NONE',  ( -0.03535596056604862300, 0.4799999999999999800, 0.03383991271335774800 ) ) ;
#3367 = CARTESIAN_POINT ( 'NONE',  ( 0.1833463185632247200, 0.4798999999999999400, 0.06339777463450894900 ) ) ;
#3368 = FACE_OUTER_BOUND ( 'NONE', #9232, .T. ) ;
#3369 = CARTESIAN_POINT ( 'NONE',  ( -0.1276359696528179500, 0.4798999999999999900, -0.06140824625074400200 ) ) ;
#3370 = CARTESIAN_POINT ( 'NONE',  ( 0.1334366668808582800, 0.4798999999999999400, -0.08575682325369528300 ) ) ;
#3371 = CARTESIAN_POINT ( 'NONE',  ( -0.03641551214911559900, 0.4799999999999999800, 0.02545459736910321900 ) ) ;
#3372 = SURFACE_STYLE_USAGE ( .BOTH. , #7648 ) ;
#3373 = ORIENTED_EDGE ( 'NONE', *, *, #4734, .F. ) ;
#3374 = EDGE_CURVE ( 'NONE', #6591, #792, #3274, .T. ) ;
#3375 = VECTOR ( 'NONE', #7935, 1000.000000000000000 ) ;
#3376 = EDGE_CURVE ( 'NONE', #7991, #6144, #3789, .T. ) ;
#3377 = CARTESIAN_POINT ( 'NONE',  ( 0.4532292620746926100, 0.4799999999999999800, -0.08617973433235121000 ) ) ;
#3378 = CARTESIAN_POINT ( 'NONE',  ( -0.2015099767883141200, 0.4799999999999999800, -0.001024527746500970800 ) ) ;
#3379 = CARTESIAN_POINT ( 'NONE',  ( -0.007150832360920352800, 0.4798999999999999400, 0.03247773322617825100 ) ) ;
#3380 =( LENGTH_UNIT ( ) NAMED_UNIT ( * ) SI_UNIT ( .MILLI., .METRE. ) );
#3381 = CARTESIAN_POINT ( 'NONE',  ( 0.1209980308598313700, 0.4798999999999999400, 0.03013264905188695100 ) ) ;
#3382 = CARTESIAN_POINT ( 'NONE',  ( 0.2504075736359697700, 0.4799999999999994800, -0.04392766928028109900 ) ) ;
#3383 = VECTOR ( 'NONE', #1762, 1000.000000000000000 ) ;
#3384 = MECHANICAL_DESIGN_GEOMETRIC_PRESENTATION_REPRESENTATION (  '', ( #1927 ), #3863 ) ;
#3385 = CARTESIAN_POINT ( 'NONE',  ( 0.3565927476563602900, 0.4798999999999999400, 0.7611546737202212800 ) ) ;
#3386 = CARTESIAN_POINT ( 'NONE',  ( -0.04101404018219358800, 0.4799999999999999800, -0.05857554553479797600 ) ) ;
#3387 = CARTESIAN_POINT ( 'NONE',  ( 0.5135609093617647900, 0.4798999999999999900, 0.05549618089319472600 ) ) ;
#3388 = CARTESIAN_POINT ( 'NONE',  ( -0.007210092368792714700, 0.4799999999999999800, 0.02858228420897854900 ) ) ;
#3389 = CARTESIAN_POINT ( 'NONE',  ( 0.5146440394339514300, 0.4800000000000000400, 0.06128382296976800400 ) ) ;
#3390 = PLANE ( 'NONE',  #7604 ) ;
#3391 = FILL_AREA_STYLE_COLOUR ( '', #1550 ) ;
#3392 = ADVANCED_FACE ( 'NONE', ( #9267 ), #3076, .F. ) ;
#3393 = CARTESIAN_POINT ( 'NONE',  ( 0.2387245972258884300, 0.4799999999999999800, 0.06869891047335825700 ) ) ;
#3394 = FILL_AREA_STYLE ('',( #5520 ) ) ;
#3395 = FILL_AREA_STYLE ('',( #2707 ) ) ;
#3396 = SURFACE_SIDE_STYLE ('',( #3411 ) ) ;
#3397 = VECTOR ( 'NONE', #7513, 1000.000000000000000 ) ;
#3398 = SURFACE_STYLE_USAGE ( .BOTH. , #7682 ) ;
#3399 =( GEOMETRIC_REPRESENTATION_CONTEXT ( 3 ) GLOBAL_UNCERTAINTY_ASSIGNED_CONTEXT ( ( #6922 ) ) GLOBAL_UNIT_ASSIGNED_CONTEXT ( ( #1657, #6676, #2381 ) ) REPRESENTATION_CONTEXT ( 'NONE', 'WORKASPACE' ) );
#3400 = CARTESIAN_POINT ( 'NONE',  ( -0.06198120213734824300, 0.4799999999999999800, 0.06624179164179694300 ) ) ;
#3401 = FILL_AREA_STYLE_COLOUR ( '', #4035 ) ;
#3402 = PRESENTATION_STYLE_ASSIGNMENT (( #5385 ) ) ;
#3403 = SURFACE_SIDE_STYLE ('',( #5175 ) ) ;
#3404 = CARTESIAN_POINT ( 'NONE',  ( -0.2251513268288546100, 0.4798999999999999400, -0.05807058939789104500 ) ) ;
#3405 = CARTESIAN_POINT ( 'NONE',  ( 0.2022302932849171500, 0.4798999999999999400, 0.04116115423825472000 ) ) ;
#3406 = CARTESIAN_POINT ( 'NONE',  ( 0.02210335383524764100, 0.4798999999999999400, 0.01640831023492351700 ) ) ;
#3407 =( NAMED_UNIT ( * ) PLANE_ANGLE_UNIT ( ) SI_UNIT ( $, .RADIAN. ) );
#3408 = CARTESIAN_POINT ( 'NONE',  ( 0.2862049159213922400, 0.4798999999999999400, -0.02599342832165107300 ) ) ;
#3409 = ORIENTED_EDGE ( 'NONE', *, *, #8202, .T. ) ;
#3410 = EDGE_CURVE ( 'NONE', #6252, #1795, #1174, .T. ) ;
#3411 = SURFACE_STYLE_FILL_AREA ( #7680 ) ;
#3412 = ORIENTED_EDGE ( 'NONE', *, *, #2455, .T. ) ;
#3413 = VECTOR ( 'NONE', #9067, 1000.000000000000000 ) ;
#3414 = ORIENTED_EDGE ( 'NONE', *, *, #6787, .T. ) ;
#3415 = VERTEX_POINT ( 'NONE', #4534 ) ;
#3416 = LINE ( 'NONE', #5915, #6987 ) ;
#3417 = EDGE_CURVE ( 'NONE', #1084, #5593, #3115, .T. ) ;
#3418 =( GEOMETRIC_REPRESENTATION_CONTEXT ( 3 ) GLOBAL_UNCERTAINTY_ASSIGNED_CONTEXT ( ( #4133 ) ) GLOBAL_UNIT_ASSIGNED_CONTEXT ( ( #434, #5473, #1155 ) ) REPRESENTATION_CONTEXT ( 'NONE', 'WORKASPACE' ) );
#3419 = CARTESIAN_POINT ( 'NONE',  ( -0.07543800392555809200, 0.4799999999999999800, -0.08975526283096542400 ) ) ;
#3420 = CARTESIAN_POINT ( 'NONE',  ( -0.2140906681577126000, 0.4798999999999999400, 0.07936952459107328400 ) ) ;
#3421 = CARTESIAN_POINT ( 'NONE',  ( 0.04931043265204651500, 0.4798999999999999400, 0.08102610550915929900 ) ) ;
#3422 = ORIENTED_EDGE ( 'NONE', *, *, #6374, .T. ) ;
#3423 = LINE ( 'NONE', #7357, #9112 ) ;
#3424 = VECTOR ( 'NONE', #1937, 1000.000000000000000 ) ;
#3425 = DIRECTION ( 'NONE',  ( -0.0000000000000000000, 1.000000000000000000, -0.0000000000000000000 ) ) ;
#3426 = ORIENTED_EDGE ( 'NONE', *, *, #7481, .T. ) ;
#3427 = VERTEX_POINT ( 'NONE', #1681 ) ;
#3428 =( LENGTH_UNIT ( ) NAMED_UNIT ( * ) SI_UNIT ( .MILLI., .METRE. ) );
#3429 = LINE ( 'NONE', #3150, #7228 ) ;
#3430 = CARTESIAN_POINT ( 'NONE',  ( -0.8000000000000037100, 0.4798999999999999400, -0.1107514334404884300 ) ) ;
#3431 = CARTESIAN_POINT ( 'NONE',  ( 0.2372001291775411900, 0.4799999999999999800, 0.06873574604669108200 ) ) ;
#3432 = PLANE ( 'NONE',  #913 ) ;
#3433 = CARTESIAN_POINT ( 'NONE',  ( 0.3300000000000062300, -0.02000000000000000000, -0.4299999999999968800 ) ) ;
#3434 = FILL_AREA_STYLE_COLOUR ( '', #6049 ) ;
#3435 = ORIENTED_EDGE ( 'NONE', *, *, #5507, .T. ) ;
#3436 = CARTESIAN_POINT ( 'NONE',  ( 0.07349127126127662200, 0.4798999999999999400, -0.08582261882850486500 ) ) ;
#3437 = EDGE_CURVE ( 'NONE', #4523, #5927, #966, .T. ) ;
#3438 = CARTESIAN_POINT ( 'NONE',  ( 0.02839404318362426200, 0.4800000000000000900, 0.04865137584738724000 ) ) ;
#3439 = CARTESIAN_POINT ( 'NONE',  ( -0.03654370784024803300, 0.4798999999999999400, 0.04260742634220943100 ) ) ;
#3440 = DIRECTION ( 'NONE',  ( 0.0000000000000000000, 1.000000000000000000, -0.0000000000000000000 ) ) ;
#3441 = CARTESIAN_POINT ( 'NONE',  ( -0.2326397554619573600, 0.4798999999999999400, -0.03523829226340707800 ) ) ;
#3442 = ORIENTED_EDGE ( 'NONE', *, *, #5160, .T. ) ;
#3443 = CARTESIAN_POINT ( 'NONE',  ( -0.2542335652187368000, 0.4798999999999999400, -0.08698712833346206000 ) ) ;
#3444 = CARTESIAN_POINT ( 'NONE',  ( 0.2335192128156985400, 0.4798999999999999400, 0.06862413252016094600 ) ) ;
#3445 =( NAMED_UNIT ( * ) SI_UNIT ( $, .STERADIAN. ) SOLID_ANGLE_UNIT ( ) );
#3446 = CARTESIAN_POINT ( 'NONE',  ( -0.2339071242306960700, 0.4798999999999999400, -0.1073277484808368800 ) ) ;
#3447 = VECTOR ( 'NONE', #1901, 1000.000000000000000 ) ;
#3448 = ADVANCED_FACE ( 'NONE', ( #6693 ), #7412, .F. ) ;
#3449 = CARTESIAN_POINT ( 'NONE',  ( 0.3021875179232326200, 0.4799999999999994800, 0.007116590152036028600 ) ) ;
#3450 = ORIENTED_EDGE ( 'NONE', *, *, #5106, .T. ) ;
#3451 = CARTESIAN_POINT ( 'NONE',  ( 0.2464310062234046400, 0.4798999999999999400, -0.04403185850101495200 ) ) ;
#3452 = FILL_AREA_STYLE ('',( #5008 ) ) ;
#3453 = SURFACE_STYLE_USAGE ( .BOTH. , #7730 ) ;
#3454 = CARTESIAN_POINT ( 'NONE',  ( -0.08288149637855549100, 0.4798999999999999400, -0.1132340512281751300 ) ) ;
#3455 = CARTESIAN_POINT ( 'NONE',  ( 0.1130174078356532300, 0.4799999999999999800, -0.07211107755841711400 ) ) ;
#3456 = CARTESIAN_POINT ( 'NONE',  ( 0.6800000000000001600, 0.4299999999999999400, 0.3799999999999998400 ) ) ;
#3457 = PRESENTATION_LAYER_ASSIGNMENT (  '', '', ( #2493 ) ) ;
#3458 = LINE ( 'NONE', #3801, #8933 ) ;
#3459 = CARTESIAN_POINT ( 'NONE',  ( 0.02111964483858683900, 0.4799999999999999800, -0.004887402567924482500 ) ) ;
#3460 = ORIENTED_EDGE ( 'NONE', *, *, #7603, .F. ) ;
#3461 = CARTESIAN_POINT ( 'NONE',  ( 0.2748703652621245500, 0.4799999999999999800, 0.04114495216876389700 ) ) ;
#3462 = DIRECTION ( 'NONE',  ( -0.0000000000000000000, -1.000000000000000000, -0.0000000000000000000 ) ) ;
#3463 = SURFACE_STYLE_USAGE ( .BOTH. , #7737 ) ;
#3464 = CARTESIAN_POINT ( 'NONE',  ( 0.05827384712625907600, 0.4799999999999999800, -0.07397258728664228600 ) ) ;
#3465 = UNCERTAINTY_MEASURE_WITH_UNIT (LENGTH_MEASURE( 1.000000000000000100E-005 ), #89, 'distance_accuracy_value', 'NONE');
#3466 = CARTESIAN_POINT ( 'NONE',  ( 0.3964204923455045300, 0.4798999999999999400, 0.1987378688144615700 ) ) ;
#3467 = VECTOR ( 'NONE', #4011, 1000.000000000000000 ) ;
#3468 = ORIENTED_EDGE ( 'NONE', *, *, #9162, .F. ) ;
#3469 = ORIENTED_EDGE ( 'NONE', *, *, #5832, .F. ) ;
#3470 = EDGE_CURVE ( 'NONE', #2405, #1685, #292, .T. ) ;
#3471 = FILL_AREA_STYLE_COLOUR ( '', #4161 ) ;
#3472 = DIRECTION ( 'NONE',  ( -1.000000000000000000, 0.0000000000000000000, 0.0000000000000000000 ) ) ;
#3473 = CARTESIAN_POINT ( 'NONE',  ( -0.2250995503096383200, 0.4799999999999999800, -0.05642451036356533500 ) ) ;
#3474 = CARTESIAN_POINT ( 'NONE',  ( -0.1082090446442415500, 0.4800000000000000400, -0.08686876539724290600 ) ) ;
#3475 = CARTESIAN_POINT ( 'NONE',  ( -0.03535596056604862300, 0.4799999999999999800, 0.03383991271335774800 ) ) ;
#3476 = CARTESIAN_POINT ( 'NONE',  ( 0.2972145065672451300, 0.4799999999999999800, 0.05170498506211846500 ) ) ;
#3477 = CARTESIAN_POINT ( 'NONE',  ( 0.3773042958442078300, 0.4799999999999999800, 0.02077901527746031300 ) ) ;
#3478 = CARTESIAN_POINT ( 'NONE',  ( -0.2338880378716339000, 0.4799999999999999800, 0.06162776515726884500 ) ) ;
#3479 = CARTESIAN_POINT ( 'NONE',  ( -0.02985627019083636500, 0.4799999999999999800, -0.009386043318568472100 ) ) ;
#3480 = CARTESIAN_POINT ( 'NONE',  ( -0.1332391576982395500, 0.4799999999999999800, -0.01904503426423714800 ) ) ;
#3481 = CARTESIAN_POINT ( 'NONE',  ( 0.2965513324230236200, 0.4798999999999999400, -0.01091416471019558900 ) ) ;
#3482 = PRESENTATION_LAYER_ASSIGNMENT (  '', '', ( #2517 ) ) ;
#3483 = CARTESIAN_POINT ( 'NONE',  ( 0.4488874956000507000, 0.4799999999999999800, -0.07205667908745352900 ) ) ;
#3484 = CARTESIAN_POINT ( 'NONE',  ( -0.01778709462469491000, 0.4798999999999999400, -0.07844774565217435500 ) ) ;
#3485 = LINE ( 'NONE', #5398, #1790 ) ;
#3486 = FACE_OUTER_BOUND ( 'NONE', #4682, .T. ) ;
#3487 = SURFACE_SIDE_STYLE ('',( #1964 ) ) ;
#3488 = CARTESIAN_POINT ( 'NONE',  ( 0.3300000000000063400, -0.02000000000000000000, 0.4300000000000032100 ) ) ;
#3489 = EDGE_CURVE ( 'NONE', #2538, #2442, #7688, .T. ) ;
#3490 = CARTESIAN_POINT ( 'NONE',  ( -0.2254269380574042400, 0.4798999999999999400, -0.01541774477310016800 ) ) ;
#3491 = ADVANCED_FACE ( 'NONE', ( #5807 ), #5313, .F. ) ;
#3492 =( NAMED_UNIT ( * ) SI_UNIT ( $, .STERADIAN. ) SOLID_ANGLE_UNIT ( ) );
#3493 =( NAMED_UNIT ( * ) SI_UNIT ( $, .STERADIAN. ) SOLID_ANGLE_UNIT ( ) );
#3494 = UNCERTAINTY_MEASURE_WITH_UNIT (LENGTH_MEASURE( 1.000000000000000100E-005 ), #4646, 'distance_accuracy_value', 'NONE');
#3495 = FILL_AREA_STYLE ('',( #3434 ) ) ;
#3496 = ORIENTED_EDGE ( 'NONE', *, *, #1169, .F. ) ;
#3497 = SURFACE_STYLE_USAGE ( .BOTH. , #7770 ) ;
#3498 = DIRECTION ( 'NONE',  ( 0.0000000000000000000, 0.0000000000000000000, -1.000000000000000000 ) ) ;
#3499 = CARTESIAN_POINT ( 'NONE',  ( 0.03705658940049848900, 0.4799999999999999800, -0.08596860285159385600 ) ) ;
#3500 =( NAMED_UNIT ( * ) PLANE_ANGLE_UNIT ( ) SI_UNIT ( $, .RADIAN. ) );
#3501 = FILL_AREA_STYLE ('',( #4901 ) ) ;
#3502 = FILL_AREA_STYLE_COLOUR ( '', #5566 ) ;
#3503 = CARTESIAN_POINT ( 'NONE',  ( -0.04685027826412861000, 0.4798999999999999400, 0.01184612364857531200 ) ) ;
#3504 = DIRECTION ( 'NONE',  ( 1.000000000000000000, 0.0000000000000000000, 0.0000000000000000000 ) ) ;
#3505 = DIRECTION ( 'NONE',  ( -0.0000000000000000000, 1.000000000000000000, -0.0000000000000000000 ) ) ;
#3506 = LINE ( 'NONE', #1604, #3273 ) ;
#3507 = CARTESIAN_POINT ( 'NONE',  ( -0.1905079449705343300, 0.4798999999999999400, 0.04537450663280015500 ) ) ;
#3508 = VECTOR ( 'NONE', #4995, 1000.000000000000000 ) ;
#3509 =( GEOMETRIC_REPRESENTATION_CONTEXT ( 3 ) GLOBAL_UNCERTAINTY_ASSIGNED_CONTEXT ( ( #3982 ) ) GLOBAL_UNIT_ASSIGNED_CONTEXT ( ( #8707, #4412, #107 ) ) REPRESENTATION_CONTEXT ( 'NONE', 'WORKASPACE' ) );
#3510 = CARTESIAN_POINT ( 'NONE',  ( 0.5146440394339514300, 0.4798999999999999900, 0.06128382296976800400 ) ) ;
#3511 =( LENGTH_UNIT ( ) NAMED_UNIT ( * ) SI_UNIT ( .MILLI., .METRE. ) );
#3512 = SURFACE_SIDE_STYLE ('',( #622 ) ) ;
#3513 = DIRECTION ( 'NONE',  ( -0.0000000000000000000, 1.000000000000000000, -0.0000000000000000000 ) ) ;
#3514 = CARTESIAN_POINT ( 'NONE',  ( -0.8000000000000037100, 0.4799999999999999800, -0.1081873308763859100 ) ) ;
#3515 = CARTESIAN_POINT ( 'NONE',  ( -0.2043522365294199700, 0.4800000000000000900, -0.003864352503014531700 ) ) ;
#3516 = CARTESIAN_POINT ( 'NONE',  ( 0.1195705512122646200, 0.4798999999999999400, -0.1009092501790296600 ) ) ;
#3517 = ORIENTED_EDGE ( 'NONE', *, *, #4990, .T. ) ;
#3518 = DIRECTION ( 'NONE',  ( 0.0000000000000000000, 0.0000000000000000000, 1.000000000000000000 ) ) ;
#3519 = LINE ( 'NONE', #6380, #1598 ) ;
#3520 = ORIENTED_EDGE ( 'NONE', *, *, #5713, .F. ) ;
#3521 = VERTEX_POINT ( 'NONE', #300 ) ;
#3522 = CARTESIAN_POINT ( 'NONE',  ( 0.1749004496903617500, 0.4799999999999997000, 0.03540241271335774900 ) ) ;
#3523 = FACE_OUTER_BOUND ( 'NONE', #7769, .T. ) ;
#3524 =( GEOMETRIC_REPRESENTATION_CONTEXT ( 3 ) GLOBAL_UNCERTAINTY_ASSIGNED_CONTEXT ( ( #1380 ) ) GLOBAL_UNIT_ASSIGNED_CONTEXT ( ( #8236, #3943, #8945 ) ) REPRESENTATION_CONTEXT ( 'NONE', 'WORKASPACE' ) );
#3525 = CARTESIAN_POINT ( 'NONE',  ( -0.02705706389476209000, 0.4799999999999999800, 0.07476860311888361400 ) ) ;
#3526 = LINE ( 'NONE', #1158, #1610 ) ;
#3527 = PRESENTATION_LAYER_ASSIGNMENT (  '', '', ( #2561 ) ) ;
#3528 = FACE_OUTER_BOUND ( 'NONE', #7384, .T. ) ;
#3529 = ORIENTED_EDGE ( 'NONE', *, *, #7171, .F. ) ;
#3530 = SURFACE_STYLE_FILL_AREA ( #4836 ) ;
#3531 = VERTEX_POINT ( 'NONE', #4622 ) ;
#3532 = CARTESIAN_POINT ( 'NONE',  ( 0.08515685994677196800, 0.4799999999999999800, -0.1107514334404884200 ) ) ;
#3533 = CARTESIAN_POINT ( 'NONE',  ( 0.04815518397962888200, 0.4798999999999999400, 0.02175133104079524400 ) ) ;
#3534 = LINE ( 'NONE', #9089, #7103 ) ;
#3535 = VERTEX_POINT ( 'NONE', #6075 ) ;
#3536 = SURFACE_STYLE_USAGE ( .BOTH. , #7815 ) ;
#3537 = ORIENTED_EDGE ( 'NONE', *, *, #465, .F. ) ;
#3538 = CARTESIAN_POINT ( 'NONE',  ( 0.1488762657706486900, 0.4799999999999999800, 0.007138470274214762100 ) ) ;
#3539 = CARTESIAN_POINT ( 'NONE',  ( -0.7248313850588195000, 0.4798999999999999400, 0.5298445903071964400 ) ) ;
#3540 = PRESENTATION_STYLE_ASSIGNMENT (( #9097 ) ) ;
#3541 = CARTESIAN_POINT ( 'NONE',  ( -0.8000000000000037100, 0.4799999999999999800, -0.02613604882510385500 ) ) ;
#3542 = CARTESIAN_POINT ( 'NONE',  ( -0.2094564524055660700, 0.4799999999999998700, 0.07628453515512828600 ) ) ;
#3543 = ADVANCED_FACE ( 'NONE', ( #8702 ), #2445, .F. ) ;
#3544 = AXIS2_PLACEMENT_3D ( 'NONE', #2666, #3358, #9085 ) ;
#3545 = VECTOR ( 'NONE', #7841, 1000.000000000000100 ) ;
#3546 = EDGE_LOOP ( 'NONE', ( #3426, #3537, #2024, #5779 ) ) ;
#3547 = CARTESIAN_POINT ( 'NONE',  ( -0.02642284196950896200, 0.4798999999999999400, -0.006931179160868046300 ) ) ;
#3548 = SHAPE_DEFINITION_REPRESENTATION ( #2502, #7522 ) ;
#3549 = STYLED_ITEM ( 'NONE', ( #6954 ), #8903 ) ;
#3550 = ORIENTED_EDGE ( 'NONE', *, *, #4843, .F. ) ;
#3551 = CARTESIAN_POINT ( 'NONE',  ( -0.2278863143816873500, 0.4798999999999999400, 0.05765401863422569400 ) ) ;
#3552 = CARTESIAN_POINT ( 'NONE',  ( 0.05732084775917777000, 0.4799999999999999800, -0.07237926851964836300 ) ) ;
#3553 = CARTESIAN_POINT ( 'NONE',  ( 0.2774645522544642000, 0.4799999999999995900, 0.02218125886720390100 ) ) ;
#3554 = SURFACE_STYLE_FILL_AREA ( #8753 ) ;
#3555 = FILL_AREA_STYLE ('',( #7104 ) ) ;
#3556 = ORIENTED_EDGE ( 'NONE', *, *, #964, .F. ) ;
#3557 = LINE ( 'NONE', #1399, #1638 ) ;
#3558 = VERTEX_POINT ( 'NONE', #1799 ) ;
#3559 = CARTESIAN_POINT ( 'NONE',  ( 0.2818612018334171200, 0.4799999999999999800, -0.03021055763244986900 ) ) ;
#3560 = FACE_OUTER_BOUND ( 'NONE', #5413, .T. ) ;
#3561 = CARTESIAN_POINT ( 'NONE',  ( -0.1905108115296329000, 0.4798999999999999400, 0.01968603140837521200 ) ) ;
#3562 = CARTESIAN_POINT ( 'NONE',  ( 0.1425922868610773900, 0.4799999999999996500, -0.06453453379923532200 ) ) ;
#3563 = FILL_AREA_STYLE ('',( #5657 ) ) ;
#3564 = B_SPLINE_SURFACE_WITH_KNOTS ( 'NONE', 3, 1, ( 
 ( #5679, #8656 ),
 ( #4378, #73 ),
 ( #5089, #799 ),
 ( #5836, #1521 ),
 ( #6539, #2255 ),
 ( #7262, #2985 ),
 ( #7973, #3699 ),
 ( #8700, #4404 ),
 ( #100, #5122 ),
 ( #835, #5860 ),
 ( #1552, #6578 ),
 ( #2282, #7287 ),
 ( #3023, #8009 ),
 ( #3728, #8723 ),
 ( #4441, #128 ),
 ( #5152, #867 ),
 ( #5896, #1582 ),
 ( #6614, #2319 ),
 ( #7319, #3049 ) ),
 .UNSPECIFIED., .F., .F., .F.,
 ( 4, 1, 1, 1, 1, 1, 1, 1, 1, 1, 1, 1, 1, 1, 1, 1, 4 ),
 ( 2, 2 ),
 ( 0.0000000000000000000, 0.03274321823113739800, 0.07240960549385727600, 0.1196114857927603700, 0.1746729151985133000, 0.2373450901947012400, 0.3083524168429164800, 0.3876300477623601000, 0.4747836155862525400, 0.5633323159904142200, 0.6451362168299881200, 0.7202025267224658700, 0.7891341563324472100, 0.8514970735699660700, 0.9073306044315625500, 0.9569686823424199400, 1.000000000000000000 ),
 ( 0.0000000000000000000, 1.000000000000000000 ),
 .UNSPECIFIED. ) ;
#3565 = CARTESIAN_POINT ( 'NONE',  ( -0.2185930155690281600, 0.4799999999999998700, 0.02105205396695571500 ) ) ;
#3566 = DIRECTION ( 'NONE',  ( 0.0000000000000000000, -1.000000000000000000, 0.0000000000000000000 ) ) ;
#3567 = EDGE_CURVE ( 'NONE', #4713, #7223, #8131, .T. ) ;
#3568 = EDGE_CURVE ( 'NONE', #8765, #2793, #4245, .T. ) ;
#3569 = ORIENTED_EDGE ( 'NONE', *, *, #7619, .T. ) ;
#3570 = DIRECTION ( 'NONE',  ( 0.2443634065330170500, 0.0000000000000000000, -0.9696837244934966000 ) ) ;
#3571 = SURFACE_STYLE_FILL_AREA ( #277 ) ;
#3572 = CARTESIAN_POINT ( 'NONE',  ( 0.08383215328892838800, 0.4798999999999999400, 0.06868626609596162300 ) ) ;
#3573 = CARTESIAN_POINT ( 'NONE',  ( 0.4562386643625846400, 0.4798999999999999400, -0.07509126426259644900 ) ) ;
#3574 = CARTESIAN_POINT ( 'NONE',  ( -0.1096979333544499400, 0.4799999999999998700, 0.08859296449965098400 ) ) ;
#3575 = DIRECTION ( 'NONE',  ( -1.000000000000000000, -0.0000000000000000000, 2.710505431213763100E-016 ) ) ;
#3576 = CARTESIAN_POINT ( 'NONE',  ( 0.1244076573137866400, 0.4799999999999999800, 0.07786964748591154700 ) ) ;
#3577 = B_SPLINE_CURVE_WITH_KNOTS ( 'NONE', 3,
 ( #3722, #7998, #3016, #4435, #124, #5147, #863, #5888, #1576, #6608, #2315 ),
 .UNSPECIFIED., .F., .F.,
 ( 4, 1, 1, 1, 1, 1, 1, 1, 4 ),
 ( 0.0000000000000000000, 0.1367294018595741300, 0.2685149167908283400, 0.3955294046848087900, 0.5199999535658116300, 0.6404964768412678700, 0.7612361017625323100, 0.8801067171759511300, 1.000000000000000000 ),
 .UNSPECIFIED. ) ;
#3578 = AXIS2_PLACEMENT_3D ( 'NONE', #7834, #3566, #8547 ) ;
#3579 = ORIENTED_EDGE ( 'NONE', *, *, #4445, .F. ) ;
#3580 = CARTESIAN_POINT ( 'NONE',  ( -0.2540270504982417000, 0.4798999999999999400, 0.08916297178188721500 ) ) ;
#3581 = COLOUR_RGB ( '',1.000000000000000000, 1.000000000000000000, 0.5019607843137254800 ) ;
#3582 = CARTESIAN_POINT ( 'NONE',  ( -0.08531589646348447500, 0.4800000000000000400, -0.09023861292766789700 ) ) ;
#3583 = CARTESIAN_POINT ( 'NONE',  ( -0.2580419821680348100, 0.4799999999999999800, -0.08729823998404800900 ) ) ;
#3584 = EDGE_LOOP ( 'NONE', ( #7589, #2647, #5945, #648, #2896, #6978, #5079, #1433 ) ) ;
#3585 = CARTESIAN_POINT ( 'NONE',  ( 0.2718519855514091000, 0.4798999999999999400, -0.003129000313433032800 ) ) ;
#3586 = CARTESIAN_POINT ( 'NONE',  ( 0.02144456028855442500, 0.4800000000000000900, -0.02603626305378659000 ) ) ;
#3587 = CARTESIAN_POINT ( 'NONE',  ( 0.3476167958442077900, 0.4798999999999999400, -0.1107514334404885400 ) ) ;
#3588 = CARTESIAN_POINT ( 'NONE',  ( 0.4523639740041287000, 0.4798999999999999400, -0.08397344580840078500 ) ) ;
#3589 = CARTESIAN_POINT ( 'NONE',  ( 0.1490174915591031500, 0.4798999999999999400, -0.02328205710538374500 ) ) ;
#3590 = CARTESIAN_POINT ( 'NONE',  ( 0.04727867973543976200, 0.4799999999999999300, 0.01226084434581784300 ) ) ;
#3591 = PRESENTATION_LAYER_ASSIGNMENT (  '', '', ( #2612 ) ) ;
#3592 = CARTESIAN_POINT ( 'NONE',  ( -0.2434503257321920000, 0.4798999999999999400, -0.001345536536765257700 ) ) ;
#3593 =( LENGTH_UNIT ( ) NAMED_UNIT ( * ) SI_UNIT ( .MILLI., .METRE. ) );
#3594 = CARTESIAN_POINT ( 'NONE',  ( -0.4545867297968178600, 0.4798999999999999400, -0.08767451036356532800 ) ) ;
#3595 = UNCERTAINTY_MEASURE_WITH_UNIT (LENGTH_MEASURE( 1.000000000000000100E-005 ), #1165, 'distance_accuracy_value', 'NONE');
#3596 = EDGE_CURVE ( 'NONE', #8020, #4460, #2431, .T. ) ;
#3597 = SURFACE_SIDE_STYLE ('',( #1588 ) ) ;
#3598 = LINE ( 'NONE', #9260, #7395 ) ;
#3599 = CARTESIAN_POINT ( 'NONE',  ( 0.2370398727672847500, 0.4798999999999999400, 0.09181266912361416000 ) ) ;
#3600 = CARTESIAN_POINT ( 'NONE',  ( 0.4987385907160026800, 0.4800000000000000400, -0.01055111292766789500 ) ) ;
#3601 = SURFACE_SIDE_STYLE ('',( #8411 ) ) ;
#3602 = CARTESIAN_POINT ( 'NONE',  ( -0.1405954736143195700, 0.4798999999999999400, 0.07293268167040629900 ) ) ;
#3603 = CARTESIAN_POINT ( 'NONE',  ( 0.2616608266021252500, 0.4799999999999999800, -0.01453897042080121000 ) ) ;
#3604 = FILL_AREA_STYLE ('',( #2825 ) ) ;
#3605 = FILL_AREA_STYLE ('',( #2851 ) ) ;
#3606 = SURFACE_STYLE_USAGE ( .BOTH. , #7874 ) ;
#3607 = EDGE_CURVE ( 'NONE', #2977, #9023, #4326, .T. ) ;
#3608 = STYLED_ITEM ( 'NONE', ( #2505 ), #6743 ) ;
#3609 = B_SPLINE_SURFACE_WITH_KNOTS ( 'NONE', 3, 1, ( 
 ( #2108, #1410 ),
 ( #6428, #2137 ),
 ( #7139, #2865 ),
 ( #7853, #3586 ),
 ( #8578, #4283 ),
 ( #9303, #5011 ),
 ( #719, #5748 ),
 ( #1442, #6460 ),
 ( #2167, #7166 ),
 ( #2901, #7885 ),
 ( #3614, #8607 ),
 ( #4321, #14 ),
 ( #5041, #752 ),
 ( #5780, #1466 ),
 ( #6493, #2199 ),
 ( #7194, #2929 ),
 ( #7922, #3646 ),
 ( #8637, #4353 ),
 ( #53, #5065 ),
 ( #779, #5813 ),
 ( #1499, #6519 ),
 ( #2233, #7233 ),
 ( #2959, #7951 ),
 ( #3678, #8665 ),
 ( #4384, #80 ),
 ( #5097, #804 ),
 ( #5842, #1530 ) ),
 .UNSPECIFIED., .F., .F., .F.,
 ( 4, 1, 1, 1, 1, 1, 1, 1, 1, 1, 1, 1, 1, 1, 1, 1, 1, 1, 1, 1, 1, 1, 1, 1, 4 ),
 ( 2, 2 ),
 ( 0.0000000000000000000, 0.06311445839479325200, 0.1236146457694899300, 0.1809737111859574500, 0.2352614550083218500, 0.2871007018338718700, 0.3360307363034435400, 0.3823823485850659800, 0.4263340836597069900, 0.4682106947981599100, 0.5082496012618051800, 0.5466283366065848300, 0.5836495392304461600, 0.6189943150301618900, 0.6535830186205959800, 0.6871561361903311100, 0.7204221919788076400, 0.7532302188118164000, 0.7862601560779000100, 0.8195039834988837600, 0.8535452747120179100, 0.8883082803397297500, 0.9239958607406944000, 0.9613503047546446700, 1.000000000000000000 ),
 ( 0.0000000000000000000, 1.000000000000000000 ),
 .UNSPECIFIED. ) ;
#3610 = VERTEX_POINT ( 'NONE', #2586 ) ;
#3611 = DIRECTION ( 'NONE',  ( 1.195811219653129900E-016, -0.0000000000000000000, 1.000000000000000000 ) ) ;
#3612 = CARTESIAN_POINT ( 'NONE',  ( 0.2547407702587632400, 0.4799999999999995900, -0.01821646979768739800 ) ) ;
#3613 = UNCERTAINTY_MEASURE_WITH_UNIT (LENGTH_MEASURE( 1.000000000000000100E-005 ), #7441, 'distance_accuracy_value', 'NONE');
#3614 = CARTESIAN_POINT ( 'NONE',  ( 0.03002208964457968300, 0.4798999999999999400, -0.07195299839761100400 ) ) ;
#3615 = LINE ( 'NONE', #8862, #7185 ) ;
#3616 = EDGE_CURVE ( 'NONE', #4822, #3188, #6237, .T. ) ;
#3617 = CARTESIAN_POINT ( 'NONE',  ( -0.03535596056604862300, 0.4799999999999999800, 0.03383991271335774800 ) ) ;
#3618 = CARTESIAN_POINT ( 'NONE',  ( -0.2009849308869980900, 0.4798999999999999400, -0.04010103269202428000 ) ) ;
#3619 = CARTESIAN_POINT ( 'NONE',  ( 0.06054508827047879600, 0.4798999999999999400, 0.05727469689734178400 ) ) ;
#3620 = B_SPLINE_SURFACE_WITH_KNOTS ( 'NONE', 3, 1, ( 
 ( #6956, #530 ),
 ( #5565, #1243 ),
 ( #6281, #1985 ),
 ( #6988, #2712 ),
 ( #7711, #3438 ),
 ( #8417, #4134 ),
 ( #9149, #4863 ),
 ( #561, #5598 ),
 ( #1285, #6315 ),
 ( #2010, #7022 ),
 ( #2745, #7742 ) ),
 .UNSPECIFIED., .F., .F., .F.,
 ( 4, 1, 1, 1, 1, 1, 1, 1, 4 ),
 ( 2, 2 ),
 ( 0.0000000000000000000, 0.09742066817721496700, 0.2008855880393209700, 0.3111719701726503600, 0.4297979458253727300, 0.5577399263645875800, 0.6947152693641586200, 0.8421299102060551000, 1.000000000000000000 ),
 ( 0.0000000000000000000, 1.000000000000000000 ),
 .UNSPECIFIED. ) ;
#3621 = VECTOR ( 'NONE', #7248, 1000.000000000000000 ) ;
#3622 = CARTESIAN_POINT ( 'NONE',  ( -0.2523242962202639800, 0.4799999999999999800, 0.06598557465364053600 ) ) ;
#3624 = CARTESIAN_POINT ( 'NONE',  ( 0.1382403104677434000, 0.4798999999999999400, 0.05792310823300186200 ) ) ;
#3623 = COLOUR_RGB ( '',0.2509803921568627400, 0.2509803921568627400, 0.2509803921568627400 ) ;
#3625 = CARTESIAN_POINT ( 'NONE',  ( 0.07711550795373538200, 0.4799999999999999800, -0.08691683911642816800 ) ) ;
#3626 = DIRECTION ( 'NONE',  ( -0.0000000000000000000, 1.000000000000000000, -0.0000000000000000000 ) ) ;
#3627 = CARTESIAN_POINT ( 'NONE',  ( 0.3884985134888577200, 0.4798999999999999400, 0.05430789924313939700 ) ) ;
#3628 = CARTESIAN_POINT ( 'NONE',  ( 0.2149124876560090400, 0.4799999999999999800, 0.06189050272964937600 ) ) ;
#3629 = CARTESIAN_POINT ( 'NONE',  ( 0.04048538558779762900, 0.4798999999999999400, 0.07254183579028082600 ) ) ;
#3630 = CARTESIAN_POINT ( 'NONE',  ( -0.1573706304972390700, 0.4799999999999998700, 0.04948483943381474400 ) ) ;
#3631 = CARTESIAN_POINT ( 'NONE',  ( -0.05667006313015115300, 0.4798999999999999400, 0.006836707585152607800 ) ) ;
#3632 = CARTESIAN_POINT ( 'NONE',  ( 0.07174877771603782600, 0.4799999999999999800, 0.09074408115166589200 ) ) ;
#3633 = LINE ( 'NONE', #6826, #3397 ) ;
#3634 = UNCERTAINTY_MEASURE_WITH_UNIT (LENGTH_MEASURE( 1.000000000000000100E-005 ), #4303, 'distance_accuracy_value', 'NONE');
#3635 = MECHANICAL_DESIGN_GEOMETRIC_PRESENTATION_REPRESENTATION (  '', ( #2670 ), #4090 ) ;
#3636 = FACE_OUTER_BOUND ( 'NONE', #6904, .T. ) ;
#3637 = FILL_AREA_STYLE_COLOUR ( '', #3852 ) ;
#3638 = STYLED_ITEM ( 'NONE', ( #3668 ), #3802 ) ;
#3639 = PRESENTATION_STYLE_ASSIGNMENT (( #9103 ) ) ;
#3640 = CARTESIAN_POINT ( 'NONE',  ( 0.1195729450706154900, 0.4799999999999995400, -0.05582216352358407300 ) ) ;
#3641 = FILL_AREA_STYLE ('',( #2262 ) ) ;
#3642 = ORIENTED_EDGE ( 'NONE', *, *, #6164, .F. ) ;
#3643 = VECTOR ( 'NONE', #5468, 1000.000000000000000 ) ;
#3644 = VERTEX_POINT ( 'NONE', #4022 ) ;
#3645 = LINE ( 'NONE', #490, #5542 ) ;
#3646 = CARTESIAN_POINT ( 'NONE',  ( 0.04604290091196387000, 0.4800000000000000900, -0.09684506321505807800 ) ) ;
#3647 = VERTEX_POINT ( 'NONE', #4740 ) ;
#3648 = ORIENTED_EDGE ( 'NONE', *, *, #8788, .F. ) ;
#3649 =( LENGTH_UNIT ( ) NAMED_UNIT ( * ) SI_UNIT ( .MILLI., .METRE. ) );
#3650 = CARTESIAN_POINT ( 'NONE',  ( 0.08120528635082770200, 0.4799999999999999300, 0.06858814833841847500 ) ) ;
#3651 = CARTESIAN_POINT ( 'NONE',  ( -0.2452918580019460300, 0.4798999999999999400, 0.06521010502105005500 ) ) ;
#3652 = EDGE_CURVE ( 'NONE', #9023, #4012, #4086, .T. ) ;
#3653 = SURFACE_STYLE_FILL_AREA ( #5630 ) ;
#3654 = ORIENTED_EDGE ( 'NONE', *, *, #2168, .F. ) ;
#3655 = PRESENTATION_LAYER_ASSIGNMENT (  '', '', ( #2688 ) ) ;
#3656 = ORIENTED_EDGE ( 'NONE', *, *, #5998, .F. ) ;
#3657 = CARTESIAN_POINT ( 'NONE',  ( 0.09037698583651859700, 0.4798999999999999400, 0.09173314032602192200 ) ) ;
#3658 = CARTESIAN_POINT ( 'NONE',  ( 0.3961760393860038200, 0.4799999999999999800, 0.02763992935913689400 ) ) ;
#3659 = CARTESIAN_POINT ( 'NONE',  ( -0.2250995503096383200, 0.4798999999999999400, -0.05642451036356533500 ) ) ;
#3660 = CARTESIAN_POINT ( 'NONE',  ( 0.2522084878962144700, 0.4799999999999999800, 0.09041542154135584500 ) ) ;
#3661 = ORIENTED_EDGE ( 'NONE', *, *, #8391, .F. ) ;
#3662 = LINE ( 'NONE', #4833, #1740 ) ;
#3663 = CARTESIAN_POINT ( 'NONE',  ( -0.1635610887711768400, 0.4798999999999999400, 0.02001779732874236000 ) ) ;
#3664 = CARTESIAN_POINT ( 'NONE',  ( -0.06169485493217805000, 0.4798999999999999400, 0.005029543909762997600 ) ) ;
#3665 = CARTESIAN_POINT ( 'NONE',  ( 0.04048538558779762900, 0.4798999999999999400, 0.07254183579028082600 ) ) ;
#3666 = CARTESIAN_POINT ( 'NONE',  ( 0.2928491676390798100, 0.4798999999999999400, -0.1081873308763859100 ) ) ;
#3667 = CARTESIAN_POINT ( 'NONE',  ( 0.2087546163570283600, 0.4799999999999999800, -0.03074342061997558900 ) ) ;
#3668 = PRESENTATION_STYLE_ASSIGNMENT (( #2092 ) ) ;
#3669 = STYLED_ITEM ( 'NONE', ( #4323 ), #969 ) ;
#3670 = ORIENTED_EDGE ( 'NONE', *, *, #4804, .T. ) ;
#3671 = AXIS2_PLACEMENT_3D ( 'NONE', #4678, #371, #5391 ) ;
#3672 = PRESENTATION_STYLE_ASSIGNMENT (( #735 ) ) ;
#3673 = CARTESIAN_POINT ( 'NONE',  ( 0.5034233969742885100, 0.4798999999999999900, 0.007844176360473220300 ) ) ;
#3674 = PRESENTATION_STYLE_ASSIGNMENT (( #3453 ) ) ;
#3675 = CARTESIAN_POINT ( 'NONE',  ( 0.1005081031351723700, 0.4798999999999999400, -0.08384557868653648400 ) ) ;
#3676 = CARTESIAN_POINT ( 'NONE',  ( -0.4568848070411599100, 0.4798999999999999400, -0.07816351500812872300 ) ) ;
#3677 = CARTESIAN_POINT ( 'NONE',  ( -0.09589544829612867100, 0.4799999999999999800, 0.06733068515346203600 ) ) ;
#3678 = CARTESIAN_POINT ( 'NONE',  ( 0.07492539073779480600, 0.4798999999999999400, -0.1101461019810802700 ) ) ;
#3679 = ORIENTED_EDGE ( 'NONE', *, *, #2158, .T. ) ;
#3680 = SURFACE_STYLE_FILL_AREA ( #6189 ) ;
#3681 = CARTESIAN_POINT ( 'NONE',  ( -0.2472584228759852900, 0.4799999999999999300, -0.1099073087229682500 ) ) ;
#3682 = DIRECTION ( 'NONE',  ( -0.0000000000000000000, 1.000000000000000000, -0.0000000000000000000 ) ) ;
#3683 = EDGE_CURVE ( 'NONE', #7135, #2303, #283, .T. ) ;
#3684 = ORIENTED_EDGE ( 'NONE', *, *, #7322, .F. ) ;
#3685 = FILL_AREA_STYLE ('',( #2971 ) ) ;
#3686 = CARTESIAN_POINT ( 'NONE',  ( -0.7500000000000000000, 0.4099999999999999200, 0.3799999999999998900 ) ) ;
#3687 = CARTESIAN_POINT ( 'NONE',  ( -0.07314782722908086400, 0.4799999999999999800, 0.001541449955059053600 ) ) ;
#3688 = CARTESIAN_POINT ( 'NONE',  ( -0.2252522332938324300, 0.4799999999999999800, -0.06127860760657009900 ) ) ;
#3689 = CARTESIAN_POINT ( 'NONE',  ( 0.5213490526628203900, 0.4798999999999999900, 0.03144364738419130900 ) ) ;
#3690 = DIRECTION ( 'NONE',  ( 0.0000000000000000000, 0.0000000000000000000, 1.000000000000000000 ) ) ;
#3691 = CARTESIAN_POINT ( 'NONE',  ( -0.08951130973704736500, 0.4799999999999999800, -0.002864527757249786700 ) ) ;
#3692 = CARTESIAN_POINT ( 'NONE',  ( 0.02144456028855442500, 0.4798999999999999400, -0.02603626305378659000 ) ) ;
#3693 = DIRECTION ( 'NONE',  ( -1.000000000000000000, 0.0000000000000000000, 0.0000000000000000000 ) ) ;
#3694 = CARTESIAN_POINT ( 'NONE',  ( 0.2351618921670330900, 0.4798999999999999400, -0.04329378670731209200 ) ) ;
#3695 = PRESENTATION_LAYER_ASSIGNMENT (  '', '', ( #2726 ) ) ;
#3696 = B_SPLINE_SURFACE_WITH_KNOTS ( 'NONE', 3, 1, ( 
 ( #554, #7762 ),
 ( #3490, #8483 ),
 ( #4192, #9201 ),
 ( #4921, #623 ),
 ( #5653, #1336 ),
 ( #6376, #2072 ),
 ( #7071, #2809 ),
 ( #7803, #3515 ),
 ( #8510, #4227 ),
 ( #9242, #4948 ),
 ( #653, #5694 ),
 ( #1372, #6403 ),
 ( #2111, #7109 ),
 ( #2841, #7829 ),
 ( #3561, #8539 ),
 ( #4256, #9276 ),
 ( #4980, #686 ),
 ( #5728, #1414 ),
 ( #6430, #2140 ) ),
 .UNSPECIFIED., .F., .F., .F.,
 ( 4, 1, 1, 1, 1, 1, 1, 1, 1, 1, 1, 1, 1, 1, 1, 1, 4 ),
 ( 2, 2 ),
 ( 0.0000000000000000000, 0.07046422592917486700, 0.1379569656042690700, 0.2035785636142840300, 0.2676916802449438300, 0.3301858648593750100, 0.3915337640898196600, 0.4526637734870353500, 0.5131537880892135300, 0.5734535531000288800, 0.6329675593891930200, 0.6923319074206214500, 0.7514741915716302000, 0.8121874455294299000, 0.8729617178483162200, 0.9354203067594909500, 1.000000000000000000 ),
 ( 0.0000000000000000000, 1.000000000000000000 ),
 .UNSPECIFIED. ) ;
#3697 = SURFACE_STYLE_FILL_AREA ( #4095 ) ;
#3698 = VERTEX_POINT ( 'NONE', #8337 ) ;
#3699 = CARTESIAN_POINT ( 'NONE',  ( -0.1026532031704978500, 0.4799999999999999300, -0.03384738763579250900 ) ) ;
#3700 =( LENGTH_UNIT ( ) NAMED_UNIT ( * ) SI_UNIT ( .MILLI., .METRE. ) );
#3701 = CARTESIAN_POINT ( 'NONE',  ( 0.05106715822936150300, 0.4799999999999999800, -0.05648319101769202300 ) ) ;
#3702 = CARTESIAN_POINT ( 'NONE',  ( -0.7374999999999701800, 0.4099999999999999200, -0.4999999999999813500 ) ) ;
#3703 = FILL_AREA_STYLE_COLOUR ( '', #6366 ) ;
#3704 = CARTESIAN_POINT ( 'NONE',  ( 0.05827384712625907600, 0.4799999999999999800, -0.07397258728664228600 ) ) ;
#3705 = DIRECTION ( 'NONE',  ( -0.0000000000000000000, 1.000000000000000000, -0.0000000000000000000 ) ) ;
#3706 = SURFACE_STYLE_USAGE ( .BOTH. , #7980 ) ;
#3707 = LINE ( 'NONE', #4169, #7499 ) ;
#3708 = CARTESIAN_POINT ( 'NONE',  ( 0.08515685994677196800, 0.4800000000000000400, 0.06873574604669108200 ) ) ;
#3709 = AXIS2_PLACEMENT_3D ( 'NONE', #1642, #6654, #2364 ) ;
#3710 = DIRECTION ( 'NONE',  ( -1.000000000000000000, 0.0000000000000000000, 0.0000000000000000000 ) ) ;
#3711 = CARTESIAN_POINT ( 'NONE',  ( -0.2139358487583085100, 0.4798999999999999400, -0.09693057458491216600 ) ) ;
#3712 = CARTESIAN_POINT ( 'NONE',  ( -0.05667006313015115300, 0.4798999999999999400, 0.006836707585152607800 ) ) ;
#3713 = AXIS2_PLACEMENT_3D ( 'NONE', #8496, #4208, #9215 ) ;
#3714 = B_SPLINE_CURVE_WITH_KNOTS ( 'NONE', 3,
 ( #7174, #9247, #7898, #3622, #8616, #4329, #22 ),
 .UNSPECIFIED., .F., .F.,
 ( 4, 1, 1, 1, 4 ),
 ( 0.0000000000000000000, 0.3293954641291830200, 0.6051903468528000400, 0.8278865786947355900, 1.000000000000000000 ),
 .UNSPECIFIED. ) ;
#3715 = CIRCLE ( 'NONE', #7247, 0.06249999999999984000 ) ;
#3716 = PLANE ( 'NONE',  #8801 ) ;
#3717 = EDGE_CURVE ( 'NONE', #2369, #4632, #1967, .T. ) ;
#3718 = STYLED_ITEM ( 'NONE', ( #3146 ), #307 ) ;
#3719 = PLANE ( 'NONE',  #3709 ) ;
#3720 = DIRECTION ( 'NONE',  ( -0.0000000000000000000, 1.000000000000000000, 0.0000000000000000000 ) ) ;
#3721 = CARTESIAN_POINT ( 'NONE',  ( -0.2420164702925496300, 0.4798999999999999400, -0.08467510460407558200 ) ) ;
#3722 = CARTESIAN_POINT ( 'NONE',  ( 0.2087546163570286300, 0.4798999999999999400, -0.03074342061997555100 ) ) ;
#3723 = CARTESIAN_POINT ( 'NONE',  ( -0.1231519916777575500, 0.4798999999999999400, -0.01374295804994154400 ) ) ;
#3724 = ORIENTED_EDGE ( 'NONE', *, *, #8391, .T. ) ;
#3725 = CARTESIAN_POINT ( 'NONE',  ( 0.04604290091196387000, 0.4798999999999999400, -0.09684506321505807800 ) ) ;
#3726 = SURFACE_STYLE_FILL_AREA ( #4266 ) ;
#3727 = CARTESIAN_POINT ( 'NONE',  ( 0.4455334625108746700, 0.4798999999999999400, -0.06039085651741169000 ) ) ;
#3728 = CARTESIAN_POINT ( 'NONE',  ( -0.05860265251986498300, 0.4798999999999999400, -0.02183991773539444400 ) ) ;
#3729 = LINE ( 'NONE', #790, #2035 ) ;
#3730 =( NAMED_UNIT ( * ) SI_UNIT ( $, .STERADIAN. ) SOLID_ANGLE_UNIT ( ) );
#3731 = CARTESIAN_POINT ( 'NONE',  ( 0.7300000000000062000, 0.0000000000000000000, -0.4299999999999968800 ) ) ;
#3732 = SURFACE_STYLE_USAGE ( .BOTH. , #8017 ) ;
#3733 = CARTESIAN_POINT ( 'NONE',  ( 0.1153620302880422600, 0.4799999999999999800, 0.04931137535367253300 ) ) ;
#3734 = EDGE_CURVE ( 'NONE', #3531, #8765, #2580, .T. ) ;
#3735 = CARTESIAN_POINT ( 'NONE',  ( 0.1492594240493360100, 0.4798999999999999400, -0.009389253953308930200 ) ) ;
#3736 = CARTESIAN_POINT ( 'NONE',  ( -0.1971734808689498400, 0.4799999999999999800, -0.05249497801885336100 ) ) ;
#3737 = CARTESIAN_POINT ( 'NONE',  ( -0.1969831954068295100, 0.4799999999999999300, -0.06121374063994312900 ) ) ;
#3738 = CARTESIAN_POINT ( 'NONE',  ( -0.02705706389476209000, 0.4798999999999999400, 0.07476860311888361400 ) ) ;
#3739 = SURFACE_SIDE_STYLE ('',( #738 ) ) ;
#3740 = FACE_OUTER_BOUND ( 'NONE', #3960, .T. ) ;
#3741 =( GEOMETRIC_REPRESENTATION_CONTEXT ( 3 ) GLOBAL_UNCERTAINTY_ASSIGNED_CONTEXT ( ( #8966 ) ) GLOBAL_UNIT_ASSIGNED_CONTEXT ( ( #7090, #2952, #7945 ) ) REPRESENTATION_CONTEXT ( 'NONE', 'WORKASPACE' ) );
#3742 = CARTESIAN_POINT ( 'NONE',  ( 0.4987385907160026800, 0.4798999999999999900, -0.01055111292766789500 ) ) ;
#3743 = ORIENTED_EDGE ( 'NONE', *, *, #3734, .T. ) ;
#3744 = FACE_OUTER_BOUND ( 'NONE', #4907, .T. ) ;
#3745 = ORIENTED_EDGE ( 'NONE', *, *, #8095, .F. ) ;
#3746 = DIRECTION ( 'NONE',  ( 1.000000000000000000, 0.0000000000000000000, 0.0000000000000000000 ) ) ;
#3747 = CARTESIAN_POINT ( 'NONE',  ( 0.2748703652621245500, 0.4798999999999999400, 0.04114495216876389700 ) ) ;
#3748 = VECTOR ( 'NONE', #3462, 1000.000000000000000 ) ;
#3749 =( NAMED_UNIT ( * ) SI_UNIT ( $, .STERADIAN. ) SOLID_ANGLE_UNIT ( ) );
#3750 = CARTESIAN_POINT ( 'NONE',  ( -0.2622360325657197600, 0.4799999999999999800, -0.08754539757310084200 ) ) ;
#3751 = CARTESIAN_POINT ( 'NONE',  ( 0.2508035455496654400, 0.4798999999999999400, -0.01943996821797198300 ) ) ;
#3752 = ORIENTED_EDGE ( 'NONE', *, *, #7862, .T. ) ;
#3753 = DIRECTION ( 'NONE',  ( 1.000000000000000000, 0.0000000000000000000, 0.0000000000000000000 ) ) ;
#3754 = CARTESIAN_POINT ( 'NONE',  ( 0.3964204923455045300, 0.4799999999999999800, 0.1987378688144615700 ) ) ;
#3755 = B_SPLINE_CURVE_WITH_KNOTS ( 'NONE', 3,
 ( #7993, #3012, #4431, #120, #5144, #860, #5883, #1571, #6604, #2310, #7310, #3042, #8030, #3747, #8741, #4463, #159, #5169, #887 ),
 .UNSPECIFIED., .F., .F.,
 ( 4, 1, 1, 1, 1, 1, 1, 1, 1, 1, 1, 1, 1, 1, 1, 1, 4 ),
 ( 0.0000000000000000000, 0.06580103760947221500, 0.1286767959489722700, 0.1886758749524329000, 0.2475984367338940900, 0.3048494201188272600, 0.3617858992828990000, 0.4195227063685900100, 0.4786818154207401800, 0.5387695030440189400, 0.5987990560131537500, 0.6601842815006787600, 0.7229515306109660600, 0.7879926891048739700, 0.8554037684344735200, 0.9261530612840039900, 1.000000000000000000 ),
 .UNSPECIFIED. ) ;
#3756 = VECTOR ( 'NONE', #7533, 1000.000000000000000 ) ;
#3757 = SURFACE_STYLE_USAGE ( .BOTH. , #8036 ) ;
#3758 = VECTOR ( 'NONE', #3320, 1000.000000000000000 ) ;
#3759 = ORIENTED_EDGE ( 'NONE', *, *, #885, .F. ) ;
#3760 = ORIENTED_EDGE ( 'NONE', *, *, #5567, .T. ) ;
#3761 =( NAMED_UNIT ( * ) PLANE_ANGLE_UNIT ( ) SI_UNIT ( $, .RADIAN. ) );
#3762 = FACE_OUTER_BOUND ( 'NONE', #6427, .T. ) ;
#3763 = ORIENTED_EDGE ( 'NONE', *, *, #1316, .F. ) ;
#3764 = ORIENTED_EDGE ( 'NONE', *, *, #7078, .T. ) ;
#3765 = CARTESIAN_POINT ( 'NONE',  ( -0.02978509329153344500, 0.4799999999999999800, -0.09485439508649991200 ) ) ;
#3766 = VECTOR ( 'NONE', #9040, 999.9999999999998900 ) ;
#3767 = CARTESIAN_POINT ( 'NONE',  ( -0.05146316633015347200, 0.4798999999999999400, 0.06158484605036612000 ) ) ;
#3768 = CARTESIAN_POINT ( 'NONE',  ( -0.2645481926113444900, 0.4798999999999999400, -0.02615164004279017100 ) ) ;
#3769 = STYLED_ITEM ( 'NONE', ( #1249 ), #4629 ) ;
#3770 = SURFACE_STYLE_USAGE ( .BOTH. , #8049 ) ;
#3771 = VERTEX_POINT ( 'NONE', #7689 ) ;
#3772 = COLOUR_RGB ( '',1.000000000000000000, 1.000000000000000000, 0.5019607843137254800 ) ;
#3773 = CARTESIAN_POINT ( 'NONE',  ( 0.1492331068094243400, 0.4799999999999993200, -0.006544495676734369100 ) ) ;
#3774 = ORIENTED_EDGE ( 'NONE', *, *, #2650, .F. ) ;
#3775 = CARTESIAN_POINT ( 'NONE',  ( 0.09277136286965632900, 0.4799999999999999800, -0.1105275724435713800 ) ) ;
#3776 = EDGE_CURVE ( 'NONE', #1050, #1685, #906, .T. ) ;
#3777 = ORIENTED_EDGE ( 'NONE', *, *, #466, .T. ) ;
#3778 = VECTOR ( 'NONE', #2799, 1000.000000000000000 ) ;
#3779 = PRESENTATION_STYLE_ASSIGNMENT (( #2164 ) ) ;
#3780 = EDGE_CURVE ( 'NONE', #4528, #259, #8535, .T. ) ;
#3781 = AXIS2_PLACEMENT_3D ( 'NONE', #522, #5554, #1237 ) ;
#3782 = FILL_AREA_STYLE ('',( #1602 ) ) ;
#3783 = SURFACE_STYLE_USAGE ( .BOTH. , #8060 ) ;
#3784 = CARTESIAN_POINT ( 'NONE',  ( 0.1236183984083103900, 0.4798999999999999400, -0.009469382158437138600 ) ) ;
#3785 = DIRECTION ( 'NONE',  ( -0.0000000000000000000, 0.0000000000000000000, -1.000000000000000000 ) ) ;
#3786 = CARTESIAN_POINT ( 'NONE',  ( 0.4581789574970518400, 0.4798999999999999400, -0.06792860119938065600 ) ) ;
#3787 = VERTEX_POINT ( 'NONE', #4045 ) ;
#3788 = CARTESIAN_POINT ( 'NONE',  ( 0.2034524922086894400, 0.4799999999999999800, 0.04494033439981355600 ) ) ;
#3789 = LINE ( 'NONE', #5865, #185 ) ;
#3790 =( GEOMETRIC_REPRESENTATION_CONTEXT ( 3 ) GLOBAL_UNCERTAINTY_ASSIGNED_CONTEXT ( ( #6637 ) ) GLOBAL_UNIT_ASSIGNED_CONTEXT ( ( #3700, #3761, #3792 ) ) REPRESENTATION_CONTEXT ( 'NONE', 'WORKASPACE' ) );
#3791 = CARTESIAN_POINT ( 'NONE',  ( -0.06412131144419340500, 0.4799999999999999800, -0.02343511408900197900 ) ) ;
#3792 =( NAMED_UNIT ( * ) SI_UNIT ( $, .STERADIAN. ) SOLID_ANGLE_UNIT ( ) );
#3793 = CARTESIAN_POINT ( 'NONE',  ( -0.2202827879042626700, 0.4798999999999999400, 0.01629223226103382700 ) ) ;
#3794 = EDGE_CURVE ( 'NONE', #4512, #2682, #7683, .T. ) ;
#3795 = VERTEX_POINT ( 'NONE', #4206 ) ;
#3796 = FILL_AREA_STYLE_COLOUR ( '', #950 ) ;
#3797 = DIRECTION ( 'NONE',  ( -0.0000000000000000000, 1.000000000000000000, -0.0000000000000000000 ) ) ;
#3798 =( LENGTH_UNIT ( ) NAMED_UNIT ( * ) SI_UNIT ( .MILLI., .METRE. ) );
#3799 = ORIENTED_EDGE ( 'NONE', *, *, #1298, .F. ) ;
#3800 = CARTESIAN_POINT ( 'NONE',  ( 0.1438925009816657800, 0.4798999999999999400, 0.04180205308904070400 ) ) ;
#3801 = CARTESIAN_POINT ( 'NONE',  ( -0.8000000000000037100, 0.4798999999999999400, 0.08924856655951159100 ) ) ;
#3802 = ADVANCED_FACE ( 'NONE', ( #7458 ), #595, .T. ) ;
#3803 = CARTESIAN_POINT ( 'NONE',  ( 0.1468289262939791200, 0.4799999999999999800, -0.04674656256480985000 ) ) ;
#3804 = PRESENTATION_STYLE_ASSIGNMENT (( #57 ) ) ;
#3805 = VERTEX_POINT ( 'NONE', #635 ) ;
#3806 = ORIENTED_EDGE ( 'NONE', *, *, #6436, .T. ) ;
#3807 = PRESENTATION_STYLE_ASSIGNMENT (( #3061 ) ) ;
#3808 = CARTESIAN_POINT ( 'NONE',  ( -0.3097149349250229400, 0.4798999999999999400, -0.003059125748180666100 ) ) ;
#3809 = CARTESIAN_POINT ( 'NONE',  ( -0.1306384734052515600, 0.4799999999999999300, 0.04051008871010736800 ) ) ;
#3810 = CARTESIAN_POINT ( 'NONE',  ( 0.1039631018915832700, 0.4798999999999999400, -0.08167477359008006000 ) ) ;
#3811 = FILL_AREA_STYLE ('',( #911 ) ) ;
#3812 = CARTESIAN_POINT ( 'NONE',  ( 0.5146440394339514300, 0.4800000000000000400, 0.06128382296976800400 ) ) ;
#3813 = AXIS2_PLACEMENT_3D ( 'NONE', #9204, #4923, #625 ) ;
#3814 = CARTESIAN_POINT ( 'NONE',  ( 0.2175566131935491000, 0.4798999999999999400, 0.06369507778554567300 ) ) ;
#3815 = EDGE_CURVE ( 'NONE', #7256, #363, #4881, .T. ) ;
#3816 = AXIS2_PLACEMENT_3D ( 'NONE', #6674, #2380, #7387 ) ;
#3817 = B_SPLINE_SURFACE_WITH_KNOTS ( 'NONE', 3, 1, ( 
 ( #5922, #2464 ),
 ( #7460, #3180 ),
 ( #8176, #3902 ),
 ( #8893, #4612 ),
 ( #317, #5337 ),
 ( #1025, #6062 ),
 ( #1761, #6774 ),
 ( #2489, #7492 ),
 ( #3218, #8206 ),
 ( #3921, #8928 ),
 ( #4641, #341 ),
 ( #5368, #1061 ),
 ( #6088, #1787 ),
 ( #6804, #2519 ),
 ( #7517, #3249 ),
 ( #8242, #3948 ),
 ( #8950, #4677 ),
 ( #370, #5390 ),
 ( #1085, #6123 ) ),
 .UNSPECIFIED., .F., .F., .F.,
 ( 4, 1, 1, 1, 1, 1, 1, 1, 1, 1, 1, 1, 1, 1, 1, 1, 4 ),
 ( 2, 2 ),
 ( 0.0000000000000000000, 0.1004750608070148600, 0.1956443031597843700, 0.2860833790699328100, 0.3729828804699545900, 0.4150256681909619800, 0.4560516735090282000, 0.4959387495189002700, 0.5355660888033515500, 0.5740871099085044200, 0.6125192874870976100, 0.6510809601344452700, 0.6895131377130384600, 0.7662374603277351000, 0.8423504388672228300, 0.9199744947371038000, 1.000000000000000000 ),
 ( 0.0000000000000000000, 1.000000000000000000 ),
 .UNSPECIFIED. ) ;
#3818 = ORIENTED_EDGE ( 'NONE', *, *, #6671, .T. ) ;
#3819 = CARTESIAN_POINT ( 'NONE',  ( 0.2348875879834621300, 0.4798999999999999400, 0.09176901037762041900 ) ) ;
#3820 = FILL_AREA_STYLE ('',( #6168 ) ) ;
#3821 = DIRECTION ( 'NONE',  ( -1.000000000000000000, 0.0000000000000000000, 3.986037398843766100E-017 ) ) ;
#3822 = CARTESIAN_POINT ( 'NONE',  ( -0.3300000000000021800, -0.02000000000000000000, -0.2299999999999968700 ) ) ;
#3823 = SURFACE_STYLE_USAGE ( .BOTH. , #8097 ) ;
#3824 = EDGE_CURVE ( 'NONE', #6108, #2914, #3002, .T. ) ;
#3825 = ORIENTED_EDGE ( 'NONE', *, *, #6901, .F. ) ;
#3826 = CARTESIAN_POINT ( 'NONE',  ( 0.1305822210241886500, 0.4799999999999993200, 0.07089681417547012700 ) ) ;
#3827 = CARTESIAN_POINT ( 'NONE',  ( 0.08515685994677196800, 0.4798999999999999400, -0.1107514334404884200 ) ) ;
#3828 = STYLED_ITEM ( 'NONE', ( #3875 ), #5557 ) ;
#3829 =( LENGTH_UNIT ( ) NAMED_UNIT ( * ) SI_UNIT ( .MILLI., .METRE. ) );
#3830 = MECHANICAL_DESIGN_GEOMETRIC_PRESENTATION_REPRESENTATION (  '', ( #2883 ), #4297 ) ;
#3831 = CARTESIAN_POINT ( 'NONE',  ( 0.07088692810268686100, 0.4799999999999999800, 0.6710791026590167100 ) ) ;
#3832 = CARTESIAN_POINT ( 'NONE',  ( -0.1274492939561577300, 0.4799999999999999800, -0.05533040091596191200 ) ) ;
#3833 = CARTESIAN_POINT ( 'NONE',  ( -0.8000000000000037100, 0.4798999999999999400, -0.1081873308763859100 ) ) ;
#3834 = CARTESIAN_POINT ( 'NONE',  ( -0.09589544829612867100, 0.4798999999999999400, 0.06733068515346203600 ) ) ;
#3835 = DIRECTION ( 'NONE',  ( 0.0000000000000000000, 0.0000000000000000000, 1.000000000000000000 ) ) ;
#3836 = CARTESIAN_POINT ( 'NONE',  ( -0.05667006313015115300, 0.4798999999999999400, 0.006836707585152607800 ) ) ;
#3837 = CARTESIAN_POINT ( 'NONE',  ( 0.2359574670481951200, 0.4799999999999999800, 0.06869806578207557400 ) ) ;
#3838 = AXIS2_PLACEMENT_3D ( 'NONE', #3127, #8114, #3835 ) ;
#3839 = ADVANCED_FACE ( 'NONE', ( #1058 ), #6534, .T. ) ;
#3840 = CARTESIAN_POINT ( 'NONE',  ( 0.3849325734440920400, 0.4799999999999999800, 0.05456578975971333000 ) ) ;
#3841 = CARTESIAN_POINT ( 'NONE',  ( 0.1785617619342629600, 0.4798999999999999400, 0.05311021501145781600 ) ) ;
#3842 = PRESENTATION_STYLE_ASSIGNMENT (( #4737 ) ) ;
#3843 = CARTESIAN_POINT ( 'NONE',  ( -0.1539047953627465900, 0.4799999999999999300, -0.07319601629216675200 ) ) ;
#3844 = UNCERTAINTY_MEASURE_WITH_UNIT (LENGTH_MEASURE( 1.000000000000000100E-005 ), #2777, 'distance_accuracy_value', 'NONE');
#3845 = CARTESIAN_POINT ( 'NONE',  ( -0.09249789922386361700, 0.4799999999999999800, 0.09133319993347403800 ) ) ;
#3846 = SURFACE_SIDE_STYLE ('',( #2897 ) ) ;
#3847 = FILL_AREA_STYLE ('',( #8817 ) ) ;
#3848 = FILL_AREA_STYLE_COLOUR ( '', #5317 ) ;
#3849 = CARTESIAN_POINT ( 'NONE',  ( -0.1555842613295942400, 0.4798999999999999400, -0.06595907870806759500 ) ) ;
#3850 = EDGE_CURVE ( 'NONE', #4713, #5189, #3577, .T. ) ;
#3851 = EDGE_CURVE ( 'NONE', #2179, #2793, #2318, .T. ) ;
#3852 = COLOUR_RGB ( '',0.2509803921568627400, 0.2509803921568627400, 0.2509803921568627400 ) ;
#3853 = CARTESIAN_POINT ( 'NONE',  ( 0.1048808777238821700, 0.4798999999999999400, 0.08914084938878956400 ) ) ;
#3854 = FILL_AREA_STYLE ('',( #8138 ) ) ;
#3855 = CARTESIAN_POINT ( 'NONE',  ( -0.1043561649828923900, 0.4798999999999999900, -0.08812116859260738000 ) ) ;
#3856 = LINE ( 'NONE', #492, #5774 ) ;
#3857 = ORIENTED_EDGE ( 'NONE', *, *, #4255, .T. ) ;
#3858 = LINE ( 'NONE', #6013, #5778 ) ;
#3859 = ORIENTED_EDGE ( 'NONE', *, *, #3489, .F. ) ;
#3860 = ORIENTED_EDGE ( 'NONE', *, *, #215, .T. ) ;
#3861 = ORIENTED_EDGE ( 'NONE', *, *, #8564, .F. ) ;
#3862 = B_SPLINE_CURVE_WITH_KNOTS ( 'NONE', 3,
 ( #2732, #7733, #4888, #582, #5619, #1309, #6339, #2034, #7044, #2774, #7758 ),
 .UNSPECIFIED., .F., .F.,
 ( 4, 1, 1, 1, 1, 1, 1, 1, 4 ),
 ( 0.0000000000000000000, 0.1478596367312517400, 0.2835613219395483600, 0.4123693961385299100, 0.5342363558879446000, 0.6526916293119822100, 0.7686630594981226400, 0.8836524018604042800, 1.000000000000000000 ),
 .UNSPECIFIED. ) ;
#3863 =( GEOMETRIC_REPRESENTATION_CONTEXT ( 3 ) GLOBAL_UNCERTAINTY_ASSIGNED_CONTEXT ( ( #2728 ) ) GLOBAL_UNIT_ASSIGNED_CONTEXT ( ( #9273, #4976, #682 ) ) REPRESENTATION_CONTEXT ( 'NONE', 'WORKASPACE' ) );
#3864 = CARTESIAN_POINT ( 'NONE',  ( -0.08968664442060171600, 0.4799999999999999800, -0.1132274103751050000 ) ) ;
#3865 = CARTESIAN_POINT ( 'NONE',  ( -0.3097149349250229400, 0.4798999999999999400, -0.003059125748180666100 ) ) ;
#3866 = CARTESIAN_POINT ( 'NONE',  ( -0.1198219407877447700, 0.4798999999999999400, 0.08547937120631721200 ) ) ;
#3867 = FILL_AREA_STYLE ('',( #7346 ) ) ;
#3868 = ORIENTED_EDGE ( 'NONE', *, *, #4566, .F. ) ;
#3869 = FILL_AREA_STYLE_COLOUR ( '', #8082 ) ;
#3870 = VERTEX_POINT ( 'NONE', #7253 ) ;
#3871 = CARTESIAN_POINT ( 'NONE',  ( 0.05493090049933837400, 0.4799999999999999800, 0.04937490075215274200 ) ) ;
#3872 = VERTEX_POINT ( 'NONE', #8034 ) ;
#3874 = VECTOR ( 'NONE', #6699, 1000.000000000000000 ) ;
#3873 = PLANE ( 'NONE',  #4533 ) ;
#3875 = PRESENTATION_STYLE_ASSIGNMENT (( #3757 ) ) ;
#3876 = CARTESIAN_POINT ( 'NONE',  ( -0.1154036699570989700, 0.4798999999999999400, -0.03908890000646136200 ) ) ;
#3877 = ORIENTED_EDGE ( 'NONE', *, *, #3470, .F. ) ;
#3878 = CARTESIAN_POINT ( 'NONE',  ( -0.1337443001616771500, 0.4798999999999999400, -0.1006244864515424100 ) ) ;
#3879 = FACE_OUTER_BOUND ( 'NONE', #5130, .T. ) ;
#3880 = CARTESIAN_POINT ( 'NONE',  ( -0.1501675022324114300, 0.4799999999999999800, 0.06225760382893177200 ) ) ;
#3881 = STYLED_ITEM ( 'NONE', ( #3672 ), #7568 ) ;
#3882 = FACE_OUTER_BOUND ( 'NONE', #8779, .T. ) ;
#3883 = CARTESIAN_POINT ( 'NONE',  ( -0.7402604273725036400, 0.4799999999999999800, -0.09739572627498027700 ) ) ;
#3884 = CARTESIAN_POINT ( 'NONE',  ( -0.7500000000000000000, 0.4299999999999999400, 0.3799999999999998900 ) ) ;
#3885 = VECTOR ( 'NONE', #9213, 1000.000000000000000 ) ;
#3886 = PRESENTATION_LAYER_ASSIGNMENT (  '', '', ( #4358 ) ) ;
#3887 = CARTESIAN_POINT ( 'NONE',  ( -0.1053821521148070500, 0.4798999999999999400, -0.1118012449992502900 ) ) ;
#3888 = ORIENTED_EDGE ( 'NONE', *, *, #7741, .T. ) ;
#3889 = SURFACE_STYLE_FILL_AREA ( #1012 ) ;
#3890 = CARTESIAN_POINT ( 'NONE',  ( -0.1286954649962675800, 0.4798999999999999400, -0.01659040057994625900 ) ) ;
#3891 = DIRECTION ( 'NONE',  ( 0.0000000000000000000, 1.000000000000000000, 0.0000000000000000000 ) ) ;
#3892 = ADVANCED_FACE ( 'NONE', ( #5916 ), #8717, .F. ) ;
#3893 = CARTESIAN_POINT ( 'NONE',  ( -0.1219789849795182400, 0.4800000000000000400, -0.07690935908261138700 ) ) ;
#3894 = LINE ( 'NONE', #7540, #7693 ) ;
#3895 = EDGE_CURVE ( 'NONE', #4443, #9275, #217, .T. ) ;
#3896 = UNCERTAINTY_MEASURE_WITH_UNIT (LENGTH_MEASURE( 1.000000000000000100E-005 ), #8226, 'distance_accuracy_value', 'NONE');
#3897 = CARTESIAN_POINT ( 'NONE',  ( -0.2671399572768467000, 0.4799999999999999800, -0.02614138604253067900 ) ) ;
#3898 = ORIENTED_EDGE ( 'NONE', *, *, #3345, .F. ) ;
#3899 = EDGE_CURVE ( 'NONE', #4600, #8484, #7121, .T. ) ;
#3900 =( NAMED_UNIT ( * ) PLANE_ANGLE_UNIT ( ) SI_UNIT ( $, .RADIAN. ) );
#3901 = CARTESIAN_POINT ( 'NONE',  ( -0.1606355676415114600, 0.4798999999999999400, 0.04018089860937548700 ) ) ;
#3902 = CARTESIAN_POINT ( 'NONE',  ( -0.07595689958189443000, 0.4799999999999998700, -0.1130753846678171600 ) ) ;
#3903 = DIRECTION ( 'NONE',  ( 0.0000000000000000000, -0.0000000000000000000, 1.000000000000000000 ) ) ;
#3904 = ORIENTED_EDGE ( 'NONE', *, *, #2241, .F. ) ;
#3905 = CARTESIAN_POINT ( 'NONE',  ( 0.1230328117274274300, 0.4798999999999999400, 0.01223401998325403800 ) ) ;
#3906 =( NAMED_UNIT ( * ) PLANE_ANGLE_UNIT ( ) SI_UNIT ( $, .RADIAN. ) );
#3907 = CARTESIAN_POINT ( 'NONE',  ( -0.09604860761622506500, 0.4799999999999999300, -0.1130548464763175400 ) ) ;
#3908 = EDGE_CURVE ( 'NONE', #5900, #2626, #1405, .T. ) ;
#3909 = PLANE ( 'NONE',  #5986 ) ;
#3910 = DIRECTION ( 'NONE',  ( -0.0000000000000000000, 0.0000000000000000000, -1.000000000000000000 ) ) ;
#3911 = CARTESIAN_POINT ( 'NONE',  ( 0.2575979239244575700, 0.4799999999999998700, 0.06385902734456291900 ) ) ;
#3912 = CARTESIAN_POINT ( 'NONE',  ( -0.1150714410712377800, 0.4798999999999999400, 0.05925859448650572900 ) ) ;
#3913 = SURFACE_STYLE_FILL_AREA ( #3495 ) ;
#3914 = EDGE_LOOP ( 'NONE', ( #6985, #5267, #1819, #9121 ) ) ;
#3915 = ADVANCED_FACE ( 'NONE', ( #3101, #3321 ), #1573, .T. ) ;
#3916 = B_SPLINE_CURVE_WITH_KNOTS ( 'NONE', 3,
 ( #4953, #5026, #736, #5763, #1456, #6478, #2183, #7180, #2919, #7906, #3628, #8624, #4338, #33, #5053, #765, #5796, #1480, #6505 ),
 .UNSPECIFIED., .F., .F.,
 ( 4, 1, 1, 1, 1, 1, 1, 1, 1, 1, 1, 1, 1, 1, 1, 1, 4 ),
 ( 0.0000000000000000000, 0.07736133711897587300, 0.1504798322806807100, 0.2199772368520740400, 0.2866809968624410800, 0.3496784941856624900, 0.4106796250174846700, 0.4694271135192909000, 0.5267557014271288000, 0.5831419808348369300, 0.6388244277786268000, 0.6952634704038110900, 0.7526958048985342700, 0.8108491833348950900, 0.8713563036360851800, 0.9344364309841271000, 1.000000000000000000 ),
 .UNSPECIFIED. ) ;
#3917 = CARTESIAN_POINT ( 'NONE',  ( -0.2684889733865615200, 0.4800000000000000400, -0.02613604882510380300 ) ) ;
#3918 = CARTESIAN_POINT ( 'NONE',  ( -0.1276636528737409000, 0.4798999999999999900, -0.06039085651741150900 ) ) ;
#3919 = CARTESIAN_POINT ( 'NONE',  ( -0.2464992351103215100, 0.4798999999999999400, -0.02788107746512798200 ) ) ;
#3920 = SURFACE_SIDE_STYLE ('',( #6857 ) ) ;
#3921 = CARTESIAN_POINT ( 'NONE',  ( -0.03291356148525644700, 0.4798999999999999400, -0.09755167251749929900 ) ) ;
#3922 =( LENGTH_UNIT ( ) NAMED_UNIT ( * ) SI_UNIT ( .MILLI., .METRE. ) );
#3923 = SURFACE_STYLE_USAGE ( .BOTH. , #8208 ) ;
#3924 = SURFACE_SIDE_STYLE ('',( #5086 ) ) ;
#3925 = EDGE_LOOP ( 'NONE', ( #3774, #493, #4539, #5724 ) ) ;
#3926 = MECHANICAL_DESIGN_GEOMETRIC_PRESENTATION_REPRESENTATION (  '', ( #2493 ), #4409 ) ;
#3927 = CARTESIAN_POINT ( 'NONE',  ( 0.1235933136337752000, 0.4798999999999999400, -0.005622637359715435200 ) ) ;
#3928 = MECHANICAL_DESIGN_GEOMETRIC_PRESENTATION_REPRESENTATION (  '', ( #1654 ), #4414 ) ;
#3929 = SURFACE_SIDE_STYLE ('',( #1125 ) ) ;
#3930 = ORIENTED_EDGE ( 'NONE', *, *, #2504, .F. ) ;
#3931 = CARTESIAN_POINT ( 'NONE',  ( 0.08515685994677196800, 0.4798999999999999400, 0.06873574604669108200 ) ) ;
#3932 =( NAMED_UNIT ( * ) SI_UNIT ( $, .STERADIAN. ) SOLID_ANGLE_UNIT ( ) );
#3933 = CARTESIAN_POINT ( 'NONE',  ( -0.04685027826412861000, 0.4798999999999999400, 0.01184612364857531200 ) ) ;
#3934 = CARTESIAN_POINT ( 'NONE',  ( 0.2748703652621245500, 0.4798999999999999400, 0.04114495216876389700 ) ) ;
#3935 =( NAMED_UNIT ( * ) PLANE_ANGLE_UNIT ( ) SI_UNIT ( $, .RADIAN. ) );
#3936 = PRESENTATION_STYLE_ASSIGNMENT (( #3187 ) ) ;
#3937 = EDGE_CURVE ( 'NONE', #1145, #9275, #2426, .T. ) ;
#3938 = CARTESIAN_POINT ( 'NONE',  ( -0.3300000000000021800, -0.02000000000000000000, -0.2299999999999968700 ) ) ;
#3939 =( NAMED_UNIT ( * ) SI_UNIT ( $, .STERADIAN. ) SOLID_ANGLE_UNIT ( ) );
#3940 = LINE ( 'NONE', #2346, #7306 ) ;
#3941 = CARTESIAN_POINT ( 'NONE',  ( -0.7300000000000020900, 0.0000000000000000000, -0.4299999999999967200 ) ) ;
#3942 = PRESENTATION_LAYER_ASSIGNMENT (  '', '', ( #3010 ) ) ;
#3943 =( NAMED_UNIT ( * ) PLANE_ANGLE_UNIT ( ) SI_UNIT ( $, .RADIAN. ) );
#3944 = SURFACE_STYLE_USAGE ( .BOTH. , #8239 ) ;
#3945 = MECHANICAL_DESIGN_GEOMETRIC_PRESENTATION_REPRESENTATION (  '', ( #2517 ), #4440 ) ;
#3946 = CARTESIAN_POINT ( 'NONE',  ( 0.4571341667377635800, 0.4798999999999999400, -0.07197912122611274700 ) ) ;
#3947 = ADVANCED_FACE ( 'NONE', ( #6012 ), #6867, .T. ) ;
#3948 = CARTESIAN_POINT ( 'NONE',  ( -0.01487044672807826200, 0.4799999999999998700, -0.07080803911754111900 ) ) ;
#3949 = CARTESIAN_POINT ( 'NONE',  ( 0.2210055668201566500, 0.4798999999999999400, -0.01837649288098800300 ) ) ;
#3950 = CARTESIAN_POINT ( 'NONE',  ( 0.3029705002345284800, 0.4798999999999999400, 0.02726030227481218000 ) ) ;
#3951 = CARTESIAN_POINT ( 'NONE',  ( -0.04184634518143325000, 0.4798999999999999400, -0.01587963856869354900 ) ) ;
#3952 = LINE ( 'NONE', #8992, #7759 ) ;
#3953 = UNCERTAINTY_MEASURE_WITH_UNIT (LENGTH_MEASURE( 1.000000000000000100E-005 ), #6054, 'distance_accuracy_value', 'NONE');
#3954 = EDGE_CURVE ( 'NONE', #7332, #8343, #3429, .T. ) ;
#3955 = SURFACE_STYLE_FILL_AREA ( #2457 ) ;
#3956 = CARTESIAN_POINT ( 'NONE',  ( 0.09297346587472872500, 0.4798999999999999400, 0.06791709636242752900 ) ) ;
#3957 = ORIENTED_EDGE ( 'NONE', *, *, #8461, .F. ) ;
#3958 = ORIENTED_EDGE ( 'NONE', *, *, #7562, .F. ) ;
#3959 = LINE ( 'NONE', #9175, #3748 ) ;
#3960 = EDGE_LOOP ( 'NONE', ( #2989, #6881, #5197, #6810 ) ) ;
#3961 = CARTESIAN_POINT ( 'NONE',  ( -0.4462409130974885300, 0.4798999999999999400, -0.06518142956844770500 ) ) ;
#3962 = LINE ( 'NONE', #6821, #3756 ) ;
#3963 = CARTESIAN_POINT ( 'NONE',  ( -0.4637668159616974400, 0.4798999999999999400, -0.05965593747061195800 ) ) ;
#3964 = CARTESIAN_POINT ( 'NONE',  ( -0.1894081454857630400, 0.4799999999999999800, 0.03873936103652583100 ) ) ;
#3965 = DIRECTION ( 'NONE',  ( -0.0000000000000000000, -1.000000000000000000, -0.0000000000000000000 ) ) ;
#3966 = LINE ( 'NONE', #4690, #7545 ) ;
#3967 = CARTESIAN_POINT ( 'NONE',  ( -0.2042841037811179700, 0.4799999999999999800, -0.03425188201920507900 ) ) ;
#3968 = EDGE_LOOP ( 'NONE', ( #6730, #3294, #8676, #1397 ) ) ;
#3969 = ORIENTED_EDGE ( 'NONE', *, *, #1628, .F. ) ;
#3970 = VECTOR ( 'NONE', #9035, 1000.000000000000000 ) ;
#3971 = EDGE_LOOP ( 'NONE', ( #1402, #7454, #3818, #3354, #3888, #2290, #4177 ) ) ;
#3972 = ORIENTED_EDGE ( 'NONE', *, *, #8418, .F. ) ;
#3973 = CARTESIAN_POINT ( 'NONE',  ( -0.4406281227619983600, 0.4799999999999999800, -0.04996192590991603600 ) ) ;
#3974 = CARTESIAN_POINT ( 'NONE',  ( -0.1332391576982395500, 0.4799999999999999800, -0.01904503426423714800 ) ) ;
#3975 = FACE_OUTER_BOUND ( 'NONE', #7244, .T. ) ;
#3976 = EDGE_LOOP ( 'NONE', ( #720, #6375, #2936, #8766 ) ) ;
#3977 = FACE_OUTER_BOUND ( 'NONE', #1631, .T. ) ;
#3978 = LINE ( 'NONE', #2995, #7792 ) ;
#3979 = STYLED_ITEM ( 'NONE', ( #6983 ), #2482 ) ;
#3980 = SURFACE_STYLE_FILL_AREA ( #891 ) ;
#3981 = STYLED_ITEM ( 'NONE', ( #7259 ), #3301 ) ;
#3982 = UNCERTAINTY_MEASURE_WITH_UNIT (LENGTH_MEASURE( 1.000000000000000100E-005 ), #8707, 'distance_accuracy_value', 'NONE');
#3983 = CARTESIAN_POINT ( 'NONE',  ( 0.4532292620746926100, 0.4799999999999999800, -0.08617973433235121000 ) ) ;
#3984 = UNCERTAINTY_MEASURE_WITH_UNIT (LENGTH_MEASURE( 1.000000000000000100E-005 ), #8040, 'distance_accuracy_value', 'NONE');
#3985 = CARTESIAN_POINT ( 'NONE',  ( -0.1275907641834538300, 0.4798999999999999400, -0.05867014442759459200 ) ) ;
#3986 = CARTESIAN_POINT ( 'NONE',  ( -0.04066337692251564100, 0.4798999999999999400, -0.05577330180296315900 ) ) ;
#3987 = CARTESIAN_POINT ( 'NONE',  ( 0.2031055778954899100, 0.4799999999999999800, -0.003059125748180720700 ) ) ;
#3988 = FILL_AREA_STYLE ('',( #8245 ) ) ;
#3989 = VERTEX_POINT ( 'NONE', #6715 ) ;
#3990 = VECTOR ( 'NONE', #2834, 1000.000000000000000 ) ;
#3991 = COLOUR_RGB ( '',1.000000000000000000, 1.000000000000000000, 1.000000000000000000 ) ;
#3992 = CARTESIAN_POINT ( 'NONE',  ( -0.1558687810788690900, 0.4799999999999999800, -0.05854790779946279100 ) ) ;
#3993 = CARTESIAN_POINT ( 'NONE',  ( 0.1864140810680234300, 0.4799999999999999800, 0.06808537590771603100 ) ) ;
#3994 = CARTESIAN_POINT ( 'NONE',  ( -0.4545867297968178600, 0.4799999999999999800, -0.08767451036356532800 ) ) ;
#3995 = EDGE_LOOP ( 'NONE', ( #8134, #814, #2743, #972 ) ) ;
#3996 = CARTESIAN_POINT ( 'NONE',  ( -0.2457120583955844700, 0.4799999999999999800, 0.08848679040881266000 ) ) ;
#3997 = MECHANICAL_DESIGN_GEOMETRIC_PRESENTATION_REPRESENTATION (  '', ( #2561 ), #4481 ) ;
#3998 = FILL_AREA_STYLE ('',( #414 ) ) ;
#3999 = ADVANCED_FACE ( 'NONE', ( #5326 ), #3817, .T. ) ;
#4000 = DIRECTION ( 'NONE',  ( -1.000000000000000000, 0.0000000000000000000, -7.350523203291555000E-017 ) ) ;
#4001 = SURFACE_SIDE_STYLE ('',( #2667 ) ) ;
#4002 = VERTEX_POINT ( 'NONE', #6739 ) ;
#4003 = CARTESIAN_POINT ( 'NONE',  ( -0.1557970592202259900, 0.4798999999999999400, -0.05630875115672507500 ) ) ;
#4004 = ORIENTED_EDGE ( 'NONE', *, *, #6787, .F. ) ;
#4005 = MECHANICAL_DESIGN_GEOMETRIC_PRESENTATION_REPRESENTATION (  '', ( #3062 ), #4485 ) ;
#4006 = CARTESIAN_POINT ( 'NONE',  ( -0.1905108115296329000, 0.4798999999999999400, 0.01968603140837521200 ) ) ;
#4007 = AXIS2_PLACEMENT_3D ( 'NONE', #4555, #8833, #2466 ) ;
#4008 = CARTESIAN_POINT ( 'NONE',  ( -0.007255208572721291400, 0.4798999999999999400, 0.03509155534988960000 ) ) ;
#4009 = ORIENTED_EDGE ( 'NONE', *, *, #8737, .F. ) ;
#4010 = CARTESIAN_POINT ( 'NONE',  ( 0.3030601779941858300, 0.4799999999999999800, 0.02287759479907831500 ) ) ;
#4011 = DIRECTION ( 'NONE',  ( -0.0000000000000000000, -1.000000000000000000, -0.0000000000000000000 ) ) ;
#4012 = VERTEX_POINT ( 'NONE', #7547 ) ;
#4013 = CARTESIAN_POINT ( 'NONE',  ( 0.4523639740041287000, 0.4798999999999999400, -0.08397344580840078500 ) ) ;
#4014 = CARTESIAN_POINT ( 'NONE',  ( -0.04828185556634684300, 0.4799999999999999800, -0.07610084371244564500 ) ) ;
#4015 = CARTESIAN_POINT ( 'NONE',  ( -0.8000000000000037100, 0.4798999999999999400, -0.1107514334404884300 ) ) ;
#4016 =( LENGTH_UNIT ( ) NAMED_UNIT ( * ) SI_UNIT ( .MILLI., .METRE. ) );
#4017 = FILL_AREA_STYLE ('',( #1767 ) ) ;
#4018 = EDGE_CURVE ( 'NONE', #2303, #3105, #2760, .T. ) ;
#4019 = EDGE_CURVE ( 'NONE', #9029, #4523, #4651, .T. ) ;
#4020 = UNCERTAINTY_MEASURE_WITH_UNIT (LENGTH_MEASURE( 1.000000000000000100E-005 ), #8439, 'distance_accuracy_value', 'NONE');
#4021 = CARTESIAN_POINT ( 'NONE',  ( 0.4589760417406934000, 0.4799999999999999800, -0.06509018226284692100 ) ) ;
#4022 = CARTESIAN_POINT ( 'NONE',  ( 0.4593956419980541600, 0.4799999999999999800, -0.06359598472253975800 ) ) ;
#4023 = CARTESIAN_POINT ( 'NONE',  ( 0.08648123488288662900, 0.4798999999999999400, 0.06868518495197509200 ) ) ;
#4024 = ORIENTED_EDGE ( 'NONE', *, *, #4687, .T. ) ;
#4025 = DIRECTION ( 'NONE',  ( -0.0000000000000000000, -1.000000000000000000, -0.0000000000000000000 ) ) ;
#4026 = PRESENTATION_LAYER_ASSIGNMENT (  '', '', ( #3090 ) ) ;
#4027 =( LENGTH_UNIT ( ) NAMED_UNIT ( * ) SI_UNIT ( .MILLI., .METRE. ) );
#4028 = CARTESIAN_POINT ( 'NONE',  ( 0.3031055778954899200, 0.4799999999999999800, 0.02065882296976799500 ) ) ;
#4029 = ORIENTED_EDGE ( 'NONE', *, *, #4504, .T. ) ;
#4030 = CIRCLE ( 'NONE', #3838, 0.07000000000000002100 ) ;
#4031 = CARTESIAN_POINT ( 'NONE',  ( -0.02105452429790711700, 0.4799999999999997600, 0.06894639781943798200 ) ) ;
#4032 = CARTESIAN_POINT ( 'NONE',  ( -0.1011733214317817500, 0.4798999999999999400, -0.006040134328138619500 ) ) ;
#4033 = ADVANCED_FACE ( 'NONE', ( #6340 ), #2025, .T. ) ;
#4034 = CARTESIAN_POINT ( 'NONE',  ( -0.07092714034021147000, 0.4798999999999999400, -0.08902580864064145400 ) ) ;
#4035 = COLOUR_RGB ( '',0.2509803921568627400, 0.2509803921568627400, 0.2509803921568627400 ) ;
#4036 = CARTESIAN_POINT ( 'NONE',  ( 0.2592656690021549200, 0.4798999999999999400, 0.08858932808931026200 ) ) ;
#4037 = CARTESIAN_POINT ( 'NONE',  ( 0.2078045219379108000, 0.4799999999999997000, 0.08591312047500022900 ) ) ;
#4038 = CARTESIAN_POINT ( 'NONE',  ( 0.7999999999999963800, 0.0000000000000000000, 0.5000000000000195400 ) ) ;
#4039 = CARTESIAN_POINT ( 'NONE',  ( -0.1082090446442415500, 0.4798999999999999900, -0.08686876539724290600 ) ) ;
#4040 = STYLED_ITEM ( 'NONE', ( #1112 ), #7405 ) ;
#4041 = DIRECTION ( 'NONE',  ( 2.409338161078899200E-016, 0.0000000000000000000, -1.000000000000000000 ) ) ;
#4042 = CARTESIAN_POINT ( 'NONE',  ( 0.3903185834463459600, 0.4799999999999999800, 0.04784325544829225200 ) ) ;
#4043 = MECHANICAL_DESIGN_GEOMETRIC_PRESENTATION_REPRESENTATION (  '', ( #2612 ), #4536 ) ;
#4044 = CARTESIAN_POINT ( 'NONE',  ( 0.05106715822936150300, 0.4798999999999999400, -0.05648319101769202300 ) ) ;
#4045 = CARTESIAN_POINT ( 'NONE',  ( 0.08515685994677196800, 0.4798999999999999400, 0.09181266912361416000 ) ) ;
#4046 = CARTESIAN_POINT ( 'NONE',  ( -0.02044718425467371300, 0.4798999999999999400, -0.001593203914336226200 ) ) ;
#4047 = DIRECTION ( 'NONE',  ( -0.9294238257626789000, 0.0000000000000000000, -0.3690140269754869600 ) ) ;
#4048 = CARTESIAN_POINT ( 'NONE',  ( 0.1067360765826604100, 0.4799999999999998700, 0.06032180233841716300 ) ) ;
#4049 = EDGE_CURVE ( 'NONE', #7034, #1050, #1184, .T. ) ;
#4050 = LINE ( 'NONE', #5441, #7867 ) ;
#4051 = DIRECTION ( 'NONE',  ( 0.0000000000000000000, 0.0000000000000000000, -1.000000000000000000 ) ) ;
#4052 = DIRECTION ( 'NONE',  ( -0.2202516988324253200, 0.0000000000000000000, 0.9754430732551390100 ) ) ;
#4053 = EDGE_CURVE ( 'NONE', #3186, #2538, #9241, .T. ) ;
#4054 = CARTESIAN_POINT ( 'NONE',  ( -0.4398832041557922400, 0.4799999999999999800, -0.04793092061997560700 ) ) ;
#4055 = LINE ( 'NONE', #2963, #5988 ) ;
#4056 = CARTESIAN_POINT ( 'NONE',  ( -0.02642284196950896200, 0.4799999999999999800, -0.006931179160868046300 ) ) ;
#4057 = CIRCLE ( 'NONE', #875, 0.06999999999999996500 ) ;
#4058 = CARTESIAN_POINT ( 'NONE',  ( -0.05060963538961389000, 0.4798999999999999400, 0.08764495608716252300 ) ) ;
#4059 =( LENGTH_UNIT ( ) NAMED_UNIT ( * ) SI_UNIT ( .MILLI., .METRE. ) );
#4060 = CARTESIAN_POINT ( 'NONE',  ( -0.7374999999999701800, 0.4299999999999999400, -0.4999999999999813500 ) ) ;
#4061 = ORIENTED_EDGE ( 'NONE', *, *, #5744, .T. ) ;
#4062 = CARTESIAN_POINT ( 'NONE',  ( 0.1807367319079733500, 0.4798999999999999400, 0.05840445809264559200 ) ) ;
#4063 = ORIENTED_EDGE ( 'NONE', *, *, #1119, .F. ) ;
#4064 = CARTESIAN_POINT ( 'NONE',  ( -0.7402604273725036400, 0.4798999999999999400, -0.09739572627498027700 ) ) ;
#4065 = ORIENTED_EDGE ( 'NONE', *, *, #1709, .T. ) ;
#4066 = ORIENTED_EDGE ( 'NONE', *, *, #6901, .T. ) ;
#4067 = CARTESIAN_POINT ( 'NONE',  ( 0.7500000000000001100, 0.4099999999999999200, 0.3799999999999998400 ) ) ;
#4068 = EDGE_CURVE ( 'NONE', #2425, #7886, #8826, .T. ) ;
#4069 = SURFACE_STYLE_FILL_AREA ( #1470 ) ;
#4070 = CARTESIAN_POINT ( 'NONE',  ( -0.04017130613885603500, 0.4799999999999999800, 0.01811862411465422300 ) ) ;
#4071 = LINE ( 'NONE', #8151, #6002 ) ;
#4072 = PRESENTATION_STYLE_ASSIGNMENT (( #7843 ) ) ;
#4073 =( NAMED_UNIT ( * ) PLANE_ANGLE_UNIT ( ) SI_UNIT ( $, .RADIAN. ) );
#4074 = SURFACE_SIDE_STYLE ('',( #8749 ) ) ;
#4075 = CARTESIAN_POINT ( 'NONE',  ( -0.1966668083029649000, 0.4799999999999999800, 0.005275879863557085900 ) ) ;
#4076 = ORIENTED_EDGE ( 'NONE', *, *, #2585, .T. ) ;
#4077 = DIRECTION ( 'NONE',  ( -0.3690140269754869600, 0.0000000000000000000, 0.9294238257626789000 ) ) ;
#4078 = CARTESIAN_POINT ( 'NONE',  ( 0.1221616069265563800, 0.4798999999999999400, 0.02169818436589617000 ) ) ;
#4079 = ADVANCED_FACE ( 'NONE', ( #7557, #5677, #1837 ), #5519, .F. ) ;
#4080 = CARTESIAN_POINT ( 'NONE',  ( 0.2562671834102793200, 0.4799999999999994800, -0.04307162364464444500 ) ) ;
#4081 = FACE_OUTER_BOUND ( 'NONE', #3099, .T. ) ;
#4082 = COLOUR_RGB ( '',0.2509803921568627400, 0.2509803921568627400, 0.2509803921568627400 ) ;
#4083 = ORIENTED_EDGE ( 'NONE', *, *, #7774, .T. ) ;
#4084 = FILL_AREA_STYLE ('',( #9131 ) ) ;
#4085 = SURFACE_STYLE_FILL_AREA ( #7363 ) ;
#4086 = CIRCLE ( 'NONE', #2673, 0.07000000000000002100 ) ;
#4087 = CARTESIAN_POINT ( 'NONE',  ( -0.04310348261925431300, 0.4799999999999999800, -0.06639986689017647600 ) ) ;
#4088 = FILL_AREA_STYLE_COLOUR ( '', #7015 ) ;
#4089 = CARTESIAN_POINT ( 'NONE',  ( -0.007150832360920352800, 0.4799999999999999800, 0.03247773322617825100 ) ) ;
#4090 =( GEOMETRIC_REPRESENTATION_CONTEXT ( 3 ) GLOBAL_UNCERTAINTY_ASSIGNED_CONTEXT ( ( #5315 ) ) GLOBAL_UNIT_ASSIGNED_CONTEXT ( ( #524, #5556, #1238 ) ) REPRESENTATION_CONTEXT ( 'NONE', 'WORKASPACE' ) );
#4091 = CARTESIAN_POINT ( 'NONE',  ( 0.5153080826220947100, 0.4800000000000000400, 0.05831824386690259700 ) ) ;
#4092 = EDGE_LOOP ( 'NONE', ( #6172, #6096, #486, #8238, #1854, #4351, #6796, #3079, #8545, #3225, #2521, #1618, #3648, #7623, #7767, #271, #4198, #599, #309 ) ) ;
#4093 = FILL_AREA_STYLE_COLOUR ( '', #8989 ) ;
#4094 = PRESENTATION_LAYER_ASSIGNMENT (  '', '', ( #3638 ) ) ;
#4095 = FILL_AREA_STYLE ('',( #3391 ) ) ;
#4096 = SURFACE_SIDE_STYLE ('',( #5436 ) ) ;
#4097 = SURFACE_STYLE_USAGE ( .BOTH. , #8387 ) ;
#4098 = SURFACE_STYLE_USAGE ( .BOTH. , #8388 ) ;
#4099 = SURFACE_SIDE_STYLE ('',( #5536 ) ) ;
#4100 =( LENGTH_UNIT ( ) NAMED_UNIT ( * ) SI_UNIT ( .MILLI., .METRE. ) );
#4101 = ORIENTED_EDGE ( 'NONE', *, *, #516, .T. ) ;
#4102 = FILL_AREA_STYLE_COLOUR ( '', #4252 ) ;
#4103 =( NAMED_UNIT ( * ) PLANE_ANGLE_UNIT ( ) SI_UNIT ( $, .RADIAN. ) );
#4104 = EDGE_CURVE ( 'NONE', #5541, #3221, #5510, .T. ) ;
#4105 = CARTESIAN_POINT ( 'NONE',  ( -0.05646805047816530500, 0.4799999999999999800, 0.06413868136176266400 ) ) ;
#4106 = CARTESIAN_POINT ( 'NONE',  ( 0.2928491676390798100, 0.4798999999999999400, -0.1081873308763859100 ) ) ;
#4107 =( LENGTH_UNIT ( ) NAMED_UNIT ( * ) SI_UNIT ( .MILLI., .METRE. ) );
#4108 = MECHANICAL_DESIGN_GEOMETRIC_PRESENTATION_REPRESENTATION (  '', ( #2688 ), #4602 ) ;
#4109 = CARTESIAN_POINT ( 'NONE',  ( -0.2252522332938324300, 0.4798999999999999400, -0.06127860760657009900 ) ) ;
#4110 = CARTESIAN_POINT ( 'NONE',  ( 0.2048257672558268500, 0.4798999999999999400, 0.04846353818871447500 ) ) ;
#4111 = CARTESIAN_POINT ( 'NONE',  ( 0.02111964483858683900, 0.4798999999999999400, -0.004887402567924482500 ) ) ;
#4112 = DIRECTION ( 'NONE',  ( -0.0000000000000000000, 1.000000000000000000, -0.0000000000000000000 ) ) ;
#4113 = CARTESIAN_POINT ( 'NONE',  ( -0.2630402554378434800, 0.4798999999999999400, -0.1107514334404884200 ) ) ;
#4114 = FACE_OUTER_BOUND ( 'NONE', #4458, .T. ) ;
#4115 = ORIENTED_EDGE ( 'NONE', *, *, #6652, .T. ) ;
#4116 = CARTESIAN_POINT ( 'NONE',  ( 0.2901448373461972800, 0.4798999999999999400, -0.02131197144651916400 ) ) ;
#4117 = STYLED_ITEM ( 'NONE', ( #715 ), #6122 ) ;
#4118 = UNCERTAINTY_MEASURE_WITH_UNIT (LENGTH_MEASURE( 1.000000000000000100E-005 ), #7292, 'distance_accuracy_value', 'NONE');
#4119 = CARTESIAN_POINT ( 'NONE',  ( -0.08360595978182941400, 0.4799999999999999800, -0.09020138048308928800 ) ) ;
#4120 = AXIS2_PLACEMENT_3D ( 'NONE', #4845, #2163, #2286 ) ;
#4121 = LINE ( 'NONE', #1279, #7943 ) ;
#4122 = CARTESIAN_POINT ( 'NONE',  ( -0.2249338518306448800, 0.4798999999999999400, 0.08425826533562999500 ) ) ;
#4123 = ORIENTED_EDGE ( 'NONE', *, *, #5998, .T. ) ;
#4124 = CARTESIAN_POINT ( 'NONE',  ( 0.04186247362491164100, 0.4798999999999999400, 0.07408993813199533900 ) ) ;
#4125 = AXIS2_PLACEMENT_3D ( 'NONE', #5369, #1062, #6089 ) ;
#4126 =( NAMED_UNIT ( * ) SI_UNIT ( $, .STERADIAN. ) SOLID_ANGLE_UNIT ( ) );
#4127 = ADVANCED_FACE ( 'NONE', ( #6672 ), #8240, .T. ) ;
#4128 = CARTESIAN_POINT ( 'NONE',  ( 0.2417057609144025500, 0.4799999999999999800, 0.06862687690480662200 ) ) ;
#4129 = SURFACE_SIDE_STYLE ('',( #821 ) ) ;
#4130 = CARTESIAN_POINT ( 'NONE',  ( 0.7999999999999962700, 0.4099999999999999200, -0.4374999999999811800 ) ) ;
#4131 = CARTESIAN_POINT ( 'NONE',  ( -0.007617771517981123900, 0.4799999999999999800, 0.02476323159672952400 ) ) ;
#4132 = CARTESIAN_POINT ( 'NONE',  ( 0.07002556793490274900, 0.4798999999999999400, -0.08434039120230110700 ) ) ;
#4133 = UNCERTAINTY_MEASURE_WITH_UNIT (LENGTH_MEASURE( 1.000000000000000100E-005 ), #434, 'distance_accuracy_value', 'NONE');
#4134 = CARTESIAN_POINT ( 'NONE',  ( 0.02571595843369252700, 0.4800000000000000900, 0.03881690550341690400 ) ) ;
#4135 = B_SPLINE_CURVE_WITH_KNOTS ( 'NONE', 3,
 ( #8440, #3454, #2729, #4151, #9171, #4883, #579, #5616, #1307, #6332, #2030, #7043, #2771, #7756, #3484, #8479, #4185, #9197, #4916 ),
 .UNSPECIFIED., .F., .F.,
 ( 4, 1, 1, 1, 1, 1, 1, 1, 1, 1, 1, 1, 1, 1, 1, 1, 4 ),
 ( 0.0000000000000000000, 0.1004750608070148600, 0.1956443031597843700, 0.2860833790699328100, 0.3729828804699545900, 0.4150256681909619800, 0.4560516735090282000, 0.4959387495189002700, 0.5355660888033515500, 0.5740871099085044200, 0.6125192874870976100, 0.6510809601344452700, 0.6895131377130384600, 0.7662374603277351000, 0.8423504388672228300, 0.9199744947371038000, 1.000000000000000000 ),
 .UNSPECIFIED. ) ;
#4136 = CARTESIAN_POINT ( 'NONE',  ( -0.03554622990270495100, 0.4798999999999999400, 0.03823944984195898300 ) ) ;
#4137 = ORIENTED_EDGE ( 'NONE', *, *, #5042, .F. ) ;
#4138 = FILL_AREA_STYLE ('',( #3401 ) ) ;
#4139 = EDGE_CURVE ( 'NONE', #5544, #6147, #2188, .T. ) ;
#4140 = CARTESIAN_POINT ( 'NONE',  ( -0.2298655769608778400, 0.4798999999999999400, -0.03857656862774610400 ) ) ;
#4141 = CARTESIAN_POINT ( 'NONE',  ( -0.2622360325657197600, 0.4798999999999999400, -0.08754539757310084200 ) ) ;
#4142 = CARTESIAN_POINT ( 'NONE',  ( 0.2372001291775411900, 0.4798999999999999400, 0.06873574604669108200 ) ) ;
#4143 = CARTESIAN_POINT ( 'NONE',  ( 0.3030601779941858300, 0.4798999999999999400, 0.02287759479907831500 ) ) ;
#4144 = CARTESIAN_POINT ( 'NONE',  ( -0.8000000000000037100, 0.4799999999999999800, 0.5000000000000195400 ) ) ;
#4145 = CARTESIAN_POINT ( 'NONE',  ( -0.2252718344919020500, 0.4798999999999999400, -0.1041920641999062600 ) ) ;
#4146 = CARTESIAN_POINT ( 'NONE',  ( 0.3029289790344422100, 0.4799999999999994800, 0.01379025488641571300 ) ) ;
#4147 = VERTEX_POINT ( 'NONE', #6465 ) ;
#4148 = PRESENTATION_LAYER_ASSIGNMENT (  '', '', ( #3212 ) ) ;
#4149 = MECHANICAL_DESIGN_GEOMETRIC_PRESENTATION_REPRESENTATION (  '', ( #2726 ), #4639 ) ;
#4150 =( NAMED_UNIT ( * ) PLANE_ANGLE_UNIT ( ) SI_UNIT ( $, .RADIAN. ) );
#4151 = CARTESIAN_POINT ( 'NONE',  ( -0.06589526471116254100, 0.4798999999999999400, -0.1117553077885402200 ) ) ;
#4152 = LINE ( 'NONE', #2439, #5859 ) ;
#4153 = CARTESIAN_POINT ( 'NONE',  ( 0.1071588710086234000, 0.4799999999999999800, -0.07896875865854860500 ) ) ;
#4154 = DIRECTION ( 'NONE',  ( 0.0000000000000000000, 0.0000000000000000000, 1.000000000000000000 ) ) ;
#4155 = CARTESIAN_POINT ( 'NONE',  ( -0.2628399349250230000, 0.4799999999999999800, 0.08924856655951159100 ) ) ;
#4156 = PLANE ( 'NONE',  #98 ) ;
#4157 = CARTESIAN_POINT ( 'NONE',  ( 0.2768494739570286900, 0.4799999999999999800, 0.03212943893669725100 ) ) ;
#4158 = DIRECTION ( 'NONE',  ( -0.0000000000000000000, -1.000000000000000000, -0.0000000000000000000 ) ) ;
#4159 = B_SPLINE_CURVE_WITH_KNOTS ( 'NONE', 3,
 ( #8558, #6388, #5000, #702, #5738, #1431, #6448, #2154, #7156, #2890, #7870, #3603, #8597, #4306, #5, #5029, #740, #5767, #1459 ),
 .UNSPECIFIED., .F., .F.,
 ( 4, 1, 1, 1, 1, 1, 1, 1, 1, 1, 1, 1, 1, 1, 1, 1, 4 ),
 ( 0.0000000000000000000, 0.07286593345653499800, 0.1418868719641257200, 0.2074526264147113500, 0.2704376800000970500, 0.3316408722476698000, 0.3901075774931578300, 0.4480692869488359700, 0.5055029519245369800, 0.5624881528337243300, 0.6190843288847297500, 0.6764155306922384800, 0.7354523604507929900, 0.7962407694486781700, 0.8604056780892035400, 0.9283049272851059400, 1.000000000000000000 ),
 .UNSPECIFIED. ) ;
#4160 =( NAMED_UNIT ( * ) PLANE_ANGLE_UNIT ( ) SI_UNIT ( $, .RADIAN. ) );
#4161 = COLOUR_RGB ( '',0.2509803921568627400, 0.2509803921568627400, 0.2509803921568627400 ) ;
#4162 = PRESENTATION_LAYER_ASSIGNMENT (  '', '', ( #3227 ) ) ;
#4163 = CARTESIAN_POINT ( 'NONE',  ( 0.02113072581541172000, 0.4799999999999999800, -0.01784541556072833900 ) ) ;
#4164 = CARTESIAN_POINT ( 'NONE',  ( -0.1558687810788690900, 0.4798999999999999400, -0.05854790779946279100 ) ) ;
#4165 = PLANE ( 'NONE',  #1784 ) ;
#4166 = CARTESIAN_POINT ( 'NONE',  ( -0.1148311161986199800, 0.4800000000000000400, -0.08358976543083732100 ) ) ;
#4167 = CARTESIAN_POINT ( 'NONE',  ( -0.03542348481053111300, 0.4799999999999999800, 0.03239416977306104600 ) ) ;
#4168 = CARTESIAN_POINT ( 'NONE',  ( 0.2945585297356919700, 0.4799999999999999800, 0.05722842763333203800 ) ) ;
#4169 = CARTESIAN_POINT ( 'NONE',  ( -0.8000000000000037100, 0.4799999999999999800, 0.02771010502105003500 ) ) ;
#4170 = SURFACE_SIDE_STYLE ('',( #3289 ) ) ;
#4171 = ADVANCED_FACE ( 'NONE', ( #7667 ), #8256, .T. ) ;
#4172 = CARTESIAN_POINT ( 'NONE',  ( -0.2278863143816873500, 0.4799999999999999800, 0.05765401863422569400 ) ) ;
#4173 = ORIENTED_EDGE ( 'NONE', *, *, #8738, .F. ) ;
#4174 = EDGE_CURVE ( 'NONE', #8326, #7041, #1504, .T. ) ;
#4175 = ORIENTED_EDGE ( 'NONE', *, *, #87, .T. ) ;
#4176 = AXIS2_PLACEMENT_3D ( 'NONE', #4144, #9157, #9053 ) ;
#4177 = ORIENTED_EDGE ( 'NONE', *, *, #7862, .F. ) ;
#4178 = CARTESIAN_POINT ( 'NONE',  ( -0.02044718425467371300, 0.4798999999999999400, -0.001593203914336226200 ) ) ;
#4179 = VECTOR ( 'NONE', #1049, 1000.000000000000000 ) ;
#4180 = STYLED_ITEM ( 'NONE', ( #1019 ), #8540 ) ;
#4181 = CARTESIAN_POINT ( 'NONE',  ( -0.1286954649962675800, 0.4799999999999999800, -0.01659040057994625900 ) ) ;
#4182 = CARTESIAN_POINT ( 'NONE',  ( 0.3008007456214070200, 0.4798999999999999400, 0.0007998350409279233100 ) ) ;
#4183 = LINE ( 'NONE', #7552, #596 ) ;
#4184 = CARTESIAN_POINT ( 'NONE',  ( 0.4460426604454859100, 0.4799999999999999800, -0.06213982481510015700 ) ) ;
#4185 = CARTESIAN_POINT ( 'NONE',  ( -0.01286667560226245400, 0.4798999999999999400, -0.06274495613042348200 ) ) ;
#4186 = ORIENTED_EDGE ( 'NONE', *, *, #1045, .F. ) ;
#4187 = PRESENTATION_STYLE_ASSIGNMENT (( #7974 ) ) ;
#4188 = ORIENTED_EDGE ( 'NONE', *, *, #5280, .F. ) ;
#4189 =( LENGTH_UNIT ( ) NAMED_UNIT ( * ) SI_UNIT ( .MILLI., .METRE. ) );
#4190 = ORIENTED_EDGE ( 'NONE', *, *, #5196, .F. ) ;
#4191 = ORIENTED_EDGE ( 'NONE', *, *, #4843, .T. ) ;
#4192 = CARTESIAN_POINT ( 'NONE',  ( -0.2225381662312596300, 0.4798999999999999400, -0.01451343530781846000 ) ) ;
#4193 = CARTESIAN_POINT ( 'NONE',  ( 0.08515685994677196800, 0.4799999999999996500, -0.1107514334404884200 ) ) ;
#4194 = COLOUR_RGB ( '',1.000000000000000000, 1.000000000000000000, 0.5019607843137254800 ) ;
#4195 = CARTESIAN_POINT ( 'NONE',  ( 0.08284398673545218000, 0.4799999999999999800, 0.09174669429296336600 ) ) ;
#4196 = COLOUR_RGB ( '',1.000000000000000000, 1.000000000000000000, 1.000000000000000000 ) ;
#4197 = SURFACE_SIDE_STYLE ('',( #3913 ) ) ;
#4198 = ORIENTED_EDGE ( 'NONE', *, *, #1449, .T. ) ;
#4199 =( NAMED_UNIT ( * ) PLANE_ANGLE_UNIT ( ) SI_UNIT ( $, .RADIAN. ) );
#4200 = EDGE_CURVE ( 'NONE', #4523, #1257, #3416, .T. ) ;
#4201 = PRESENTATION_STYLE_ASSIGNMENT (( #1013 ) ) ;
#4202 = CARTESIAN_POINT ( 'NONE',  ( -0.007255208572721291400, 0.4799999999999999800, 0.03509155534988960000 ) ) ;
#4203 = CARTESIAN_POINT ( 'NONE',  ( 0.04279430288880761000, 0.4799999999999999800, -0.09358640966647356600 ) ) ;
#4204 = SURFACE_STYLE_USAGE ( .BOTH. , #8494 ) ;
#4205 = ORIENTED_EDGE ( 'NONE', *, *, #4722, .F. ) ;
#4206 = CARTESIAN_POINT ( 'NONE',  ( -0.07978705030963835500, 0.4799999999999999800, 0.09181266912361417400 ) ) ;
#4207 = CARTESIAN_POINT ( 'NONE',  ( -0.05143773741682231000, 0.4798999999999999400, 0.009119067205154096600 ) ) ;
#4208 = DIRECTION ( 'NONE',  ( -0.0000000000000000000, -1.000000000000000000, -0.0000000000000000000 ) ) ;
#4209 = FILL_AREA_STYLE ('',( #7001 ) ) ;
#4210 = STYLED_ITEM ( 'NONE', ( #7205 ), #1633 ) ;
#4211 = SURFACE_SIDE_STYLE ('',( #5217 ) ) ;
#4212 = FILL_AREA_STYLE_COLOUR ( '', #6882 ) ;
#4213 = CARTESIAN_POINT ( 'NONE',  ( -0.1923665477870603000, 0.4798999999999999400, 0.05175695748006946300 ) ) ;
#4214 = CARTESIAN_POINT ( 'NONE',  ( 0.6800000000000001600, 0.4299999999999999400, 0.4499999999999999000 ) ) ;
#4215 = CARTESIAN_POINT ( 'NONE',  ( -0.02642284196950896200, 0.4799999999999999800, -0.006931179160868046300 ) ) ;
#4216 = EDGE_LOOP ( 'NONE', ( #9138, #9219, #3752, #3679 ) ) ;
#4217 =( NAMED_UNIT ( * ) SI_UNIT ( $, .STERADIAN. ) SOLID_ANGLE_UNIT ( ) );
#4218 = FACE_OUTER_BOUND ( 'NONE', #4307, .T. ) ;
#4219 =( LENGTH_UNIT ( ) NAMED_UNIT ( * ) SI_UNIT ( .MILLI., .METRE. ) );
#4220 = CARTESIAN_POINT ( 'NONE',  ( 0.7300000000000062000, -0.02000000000000000000, -0.4299999999999968800 ) ) ;
#4221 = CARTESIAN_POINT ( 'NONE',  ( -0.1237828437140439000, 0.4799999999999999800, -0.04626046793924062200 ) ) ;
#4222 = DIRECTION ( 'NONE',  ( 1.000000000000000000, 0.0000000000000000000, 0.0000000000000000000 ) ) ;
#4223 = ORIENTED_EDGE ( 'NONE', *, *, #5727, .T. ) ;
#4224 = PRESENTATION_LAYER_ASSIGNMENT (  '', '', ( #3275 ) ) ;
#4225 = AXIS2_PLACEMENT_3D ( 'NONE', #8622, #4336, #31 ) ;
#4226 = SURFACE_STYLE_FILL_AREA ( #306 ) ;
#4227 = CARTESIAN_POINT ( 'NONE',  ( -0.2015099767883141200, 0.4800000000000000900, -0.001024527746500970800 ) ) ;
#4228 = ORIENTED_EDGE ( 'NONE', *, *, #56, .T. ) ;
#4229 = ADVANCED_FACE ( 'NONE', ( #5082 ), #5162, .T. ) ;
#4230 = CARTESIAN_POINT ( 'NONE',  ( 0.1249060375321274100, 0.4798999999999999400, -0.09659786790109702000 ) ) ;
#4231 = CARTESIAN_POINT ( 'NONE',  ( 0.07174877771603782600, 0.4799999999999999800, 0.09074408115166589200 ) ) ;
#4232 = DIRECTION ( 'NONE',  ( -0.0000000000000000000, 1.000000000000000000, -0.0000000000000000000 ) ) ;
#4233 = CARTESIAN_POINT ( 'NONE',  ( -0.3097149349250229400, 0.4799999999999999800, 0.06617164348258851300 ) ) ;
#4234 = CARTESIAN_POINT ( 'NONE',  ( -0.03401263954152080500, 0.4799999999999999800, 0.07981899736501511800 ) ) ;
#4235 = ORIENTED_EDGE ( 'NONE', *, *, #7647, .F. ) ;
#4236 = ORIENTED_EDGE ( 'NONE', *, *, #3954, .F. ) ;
#4237 = EDGE_CURVE ( 'NONE', #1145, #7486, #6494, .T. ) ;
#4238 = PLANE ( 'NONE',  #831 ) ;
#4239 = CARTESIAN_POINT ( 'NONE',  ( 0.05084405955454786300, 0.4798999999999999400, 0.03761573566095950000 ) ) ;
#4240 = FILL_AREA_STYLE_COLOUR ( '', #3623 ) ;
#4241 = CARTESIAN_POINT ( 'NONE',  ( -0.08196461742398948600, 0.4798999999999999400, 0.09179469884652491400 ) ) ;
#4242 =( NAMED_UNIT ( * ) PLANE_ANGLE_UNIT ( ) SI_UNIT ( $, .RADIAN. ) );
#4243 = CARTESIAN_POINT ( 'NONE',  ( 0.1475804547541854400, 0.4799999999999999800, 0.02219045439251033500 ) ) ;
#4244 = PLANE ( 'NONE',  #4176 ) ;
#4245 = B_SPLINE_CURVE_WITH_KNOTS ( 'NONE', 3,
 ( #6815, #1770, #3964, #8962, #4689, #384, #5404, #1094, #6135, #1824, #6838, #2559, #7565, #3282, #8282, #3996, #8990, #4716, #412 ),
 .UNSPECIFIED., .F., .F.,
 ( 4, 1, 1, 1, 1, 1, 1, 1, 1, 1, 1, 1, 1, 1, 1, 1, 4 ),
 ( 0.0000000000000000000, 0.06425457542470294800, 0.1273603868320974100, 0.1894718420926419800, 0.2517207629332008400, 0.3120272840890018200, 0.3686746571150509300, 0.4226814918055485900, 0.4740604252251504600, 0.5257737722739167500, 0.5796221048577135900, 0.6373752855308653100, 0.6984003818208007800, 0.7643573310122577800, 0.8363147679791490500, 0.9146777942540464900, 1.000000000000000000 ),
 .UNSPECIFIED. ) ;
#4246 = CARTESIAN_POINT ( 'NONE',  ( -0.2140906681577126000, 0.4799999999999998700, 0.07936952459107328400 ) ) ;
#4247 = EDGE_CURVE ( 'NONE', #4460, #7673, #2515, .T. ) ;
#4248 = CARTESIAN_POINT ( 'NONE',  ( -0.02329812598244858400, 0.4798999999999999400, -0.004323607012758710900 ) ) ;
#4249 = CARTESIAN_POINT ( 'NONE',  ( -0.2230688344906436600, 0.4798999999999999400, 0.05197725654786820200 ) ) ;
#4250 = CARTESIAN_POINT ( 'NONE',  ( -0.2260992528468941400, 0.4799999999999999800, -0.06593720625141591400 ) ) ;
#4251 = CARTESIAN_POINT ( 'NONE',  ( 0.2774351175710143000, 0.4799999999999995900, 0.02055085290819130800 ) ) ;
#4252 = COLOUR_RGB ( '',1.000000000000000000, 1.000000000000000000, 1.000000000000000000 ) ;
#4253 = SURFACE_STYLE_USAGE ( .BOTH. , #8533 ) ;
#4254 = CARTESIAN_POINT ( 'NONE',  ( 0.2901448373461972800, 0.4799999999999999800, -0.02131197144651916400 ) ) ;
#4255 = EDGE_CURVE ( 'NONE', #1605, #2304, #593, .T. ) ;
#4256 = CARTESIAN_POINT ( 'NONE',  ( -0.1897405826841074300, 0.4798999999999999400, 0.02365132395241151600 ) ) ;
#4257 = CARTESIAN_POINT ( 'NONE',  ( 0.1445308560796088900, 0.4799999999999996500, -0.05762714093044438200 ) ) ;
#4258 = SURFACE_STYLE_USAGE ( .BOTH. , #8542 ) ;
#4259 = EDGE_LOOP ( 'NONE', ( #6193, #377, #4609, #717 ) ) ;
#4260 = CARTESIAN_POINT ( 'NONE',  ( -0.2202827879042626700, 0.4799999999999998700, 0.01629223226103382700 ) ) ;
#4261 = CARTESIAN_POINT ( 'NONE',  ( -0.4682485887711767500, 0.4799999999999999800, -0.05073540779946292300 ) ) ;
#4262 = PLANE ( 'NONE',  #8946 ) ;
#4263 = UNCERTAINTY_MEASURE_WITH_UNIT (LENGTH_MEASURE( 1.000000000000000100E-005 ), #4327, 'distance_accuracy_value', 'NONE');
#4264 = LINE ( 'NONE', #7649, #7852 ) ;
#4265 = CARTESIAN_POINT ( 'NONE',  ( 0.2373203214852334900, 0.4799999999999999800, -0.02100784369689868300 ) ) ;
#4266 = FILL_AREA_STYLE ('',( #659 ) ) ;
#4267 = DIRECTION ( 'NONE',  ( 0.0000000000000000000, -0.0000000000000000000, 1.000000000000000000 ) ) ;
#4268 = CARTESIAN_POINT ( 'NONE',  ( -0.1148865701014939200, 0.4799999999999998700, 0.08714592988951824800 ) ) ;
#4269 = FILL_AREA_STYLE ('',( #6481 ) ) ;
#4270 = CARTESIAN_POINT ( 'NONE',  ( 0.1172879097797329800, 0.4799999999999999800, 0.08342377481319475400 ) ) ;
#4271 = PRESENTATION_STYLE_ASSIGNMENT (( #5295 ) ) ;
#4272 = PLANE ( 'NONE',  #5893 ) ;
#4273 = CARTESIAN_POINT ( 'NONE',  ( -0.2598202068999455600, 0.4798999999999999400, 0.08921923757523406200 ) ) ;
#4274 = PRESENTATION_STYLE_ASSIGNMENT (( #6503 ) ) ;
#4275 = STYLED_ITEM ( 'NONE', ( #8544 ), #2590 ) ;
#4276 = EDGE_CURVE ( 'NONE', #8115, #2369, #4418, .T. ) ;
#4277 = SURFACE_STYLE_FILL_AREA ( #3501 ) ;
#4278 = PLANE ( 'NONE',  #1338 ) ;
#4279 = PRESENTATION_LAYER_ASSIGNMENT (  '', '', ( #3334 ) ) ;
#4280 = CARTESIAN_POINT ( 'NONE',  ( -0.2668057327519391400, 0.4799999999999999800, -0.08765033468506047700 ) ) ;
#4281 = CARTESIAN_POINT ( 'NONE',  ( 0.2697416823820942800, 0.4798999999999999400, -0.006405435731798100500 ) ) ;
#4282 = UNCERTAINTY_MEASURE_WITH_UNIT (LENGTH_MEASURE( 1.000000000000000100E-005 ), #777, 'distance_accuracy_value', 'NONE');
#4283 = CARTESIAN_POINT ( 'NONE',  ( 0.02199248984826680500, 0.4800000000000000900, -0.03381477176352524300 ) ) ;
#4284 = CARTESIAN_POINT ( 'NONE',  ( -0.007150832360920352800, 0.4798999999999999400, 0.03247773322617825100 ) ) ;
#4285 = LINE ( 'NONE', #6085, #2393 ) ;
#4286 = CARTESIAN_POINT ( 'NONE',  ( -0.06798228385218312000, 0.4799999999999999800, 0.06763213386162252000 ) ) ;
#4287 = CARTESIAN_POINT ( 'NONE',  ( 0.1492047309762238300, 0.4798999999999999400, -0.01646836459525132000 ) ) ;
#4288 = CARTESIAN_POINT ( 'NONE',  ( 0.04815518397962888200, 0.4799999999999999300, 0.02175133104079524400 ) ) ;
#4289 = ORIENTED_EDGE ( 'NONE', *, *, #5523, .F. ) ;
#4290 = SURFACE_STYLE_USAGE ( .BOTH. , #3739 ) ;
#4291 = EDGE_CURVE ( 'NONE', #549, #5880, #8221, .T. ) ;
#4292 = CARTESIAN_POINT ( 'NONE',  ( -0.2499088099053042600, 0.4798999999999999400, -0.002336785869173325400 ) ) ;
#4293 =( NAMED_UNIT ( * ) SI_UNIT ( $, .STERADIAN. ) SOLID_ANGLE_UNIT ( ) );
#4294 = LINE ( 'NONE', #6373, #2402 ) ;
#4295 = PRESENTATION_LAYER_ASSIGNMENT (  '', '', ( #3349 ) ) ;
#4296 = ORIENTED_EDGE ( 'NONE', *, *, #465, .T. ) ;
#4297 =( GEOMETRIC_REPRESENTATION_CONTEXT ( 3 ) GLOBAL_UNCERTAINTY_ASSIGNED_CONTEXT ( ( #5142 ) ) GLOBAL_UNIT_ASSIGNED_CONTEXT ( ( #7462, #3183, #8178 ) ) REPRESENTATION_CONTEXT ( 'NONE', 'WORKASPACE' ) );
#4298 = CARTESIAN_POINT ( 'NONE',  ( 0.07349127126127662200, 0.4799999999999999800, -0.08582261882850486500 ) ) ;
#4299 = ORIENTED_EDGE ( 'NONE', *, *, #8376, .F. ) ;
#4300 =( LENGTH_UNIT ( ) NAMED_UNIT ( * ) SI_UNIT ( .MILLI., .METRE. ) );
#4301 = CARTESIAN_POINT ( 'NONE',  ( 0.3864389112288232300, 0.4798999999999999400, 0.06128382296976800400 ) ) ;
#4302 = LINE ( 'NONE', #5096, #2627 ) ;
#4303 =( LENGTH_UNIT ( ) NAMED_UNIT ( * ) SI_UNIT ( .MILLI., .METRE. ) );
#4304 = VERTEX_POINT ( 'NONE', #8231 ) ;
#4305 = CARTESIAN_POINT ( 'NONE',  ( -0.1440659182902960500, 0.4798999999999999400, 0.06966825261182328600 ) ) ;
#4306 = CARTESIAN_POINT ( 'NONE',  ( 0.2547407702587632400, 0.4799999999999999800, -0.01821646979768739800 ) ) ;
#4307 = EDGE_LOOP ( 'NONE', ( #4299, #192, #4545, #2351 ) ) ;
#4308 = SURFACE_STYLE_USAGE ( .BOTH. , #8598 ) ;
#4309 = SURFACE_SIDE_STYLE ('',( #5911 ) ) ;
#4310 =( NAMED_UNIT ( * ) PLANE_ANGLE_UNIT ( ) SI_UNIT ( $, .RADIAN. ) );
#4311 = LINE ( 'NONE', #8784, #482 ) ;
#4312 = STYLED_ITEM ( 'NONE', ( #7040 ), #608 ) ;
#4313 = LINE ( 'NONE', #4517, #7895 ) ;
#4314 = VECTOR ( 'NONE', #5711, 1000.000000000000000 ) ;
#4315 = FACE_OUTER_BOUND ( 'NONE', #1271, .T. ) ;
#4316 = B_SPLINE_CURVE_WITH_KNOTS ( 'NONE', 3,
 ( #3138, #325, #6792, #2499, #7503, #3229, #8224, #3933, #8937, #4660, #352 ),
 .UNSPECIFIED., .F., .F.,
 ( 4, 1, 1, 1, 1, 1, 1, 1, 4 ),
 ( 0.0000000000000000000, 0.1177675192120363300, 0.2301764485440568100, 0.3398429589695385300, 0.4506252599208620500, 0.5669428888721623800, 0.6960213064547944300, 0.8394383602270613100, 1.000000000000000000 ),
 .UNSPECIFIED. ) ;
#4317 = ORIENTED_EDGE ( 'NONE', *, *, #2456, .F. ) ;
#4318 = PRESENTATION_STYLE_ASSIGNMENT (( #3783 ) ) ;
#4319 = CARTESIAN_POINT ( 'NONE',  ( 0.1235941168054562900, 0.4798999999999999400, -0.01323608864660931100 ) ) ;
#4320 = CARTESIAN_POINT ( 'NONE',  ( 0.2508035455496654400, 0.4799999999999995900, -0.01943996821797198300 ) ) ;
#4321 = CARTESIAN_POINT ( 'NONE',  ( 0.03214084241522546800, 0.4798999999999999400, -0.07697750037908376900 ) ) ;
#4322 = ORIENTED_EDGE ( 'NONE', *, *, #1488, .T. ) ;
#4323 = PRESENTATION_STYLE_ASSIGNMENT (( #4290 ) ) ;
#4324 = CARTESIAN_POINT ( 'NONE',  ( -0.2085008602792692800, 0.4798999999999999400, -0.02876636416621974500 ) ) ;
#4325 = CARTESIAN_POINT ( 'NONE',  ( 0.06357449389413390200, 0.4798999999999999400, 0.06032578304330774000 ) ) ;
#4326 = LINE ( 'NONE', #5444, #6022 ) ;
#4327 =( LENGTH_UNIT ( ) NAMED_UNIT ( * ) SI_UNIT ( .MILLI., .METRE. ) );
#4328 = CARTESIAN_POINT ( 'NONE',  ( -0.8000000000000037100, 0.4798999999999999400, 0.02771010502105003500 ) ) ;
#4329 = CARTESIAN_POINT ( 'NONE',  ( -0.2462655905534579200, 0.4799999999999999800, 0.06535306749464529800 ) ) ;
#4330 = EDGE_CURVE ( 'NONE', #2303, #4896, #6100, .T. ) ;
#4331 = EDGE_CURVE ( 'NONE', #1374, #6990, #7771, .T. ) ;
#4332 = ORIENTED_EDGE ( 'NONE', *, *, #9074, .T. ) ;
#4333 = VECTOR ( 'NONE', #4900, 1000.000000000000000 ) ;
#4334 = CARTESIAN_POINT ( 'NONE',  ( 0.1333477727026172200, 0.4798999999999999400, 0.06691733310109122800 ) ) ;
#4335 = CARTESIAN_POINT ( 'NONE',  ( 0.07002556793490274900, 0.4799999999999999800, -0.08434039120230110700 ) ) ;
#4336 = DIRECTION ( 'NONE',  ( 0.0000000000000000000, 1.000000000000000000, 0.0000000000000000000 ) ) ;
#4337 = CARTESIAN_POINT ( 'NONE',  ( 0.3903185834463459600, 0.4798999999999999400, 0.04784325544829225200 ) ) ;
#4338 = CARTESIAN_POINT ( 'NONE',  ( 0.2203641702688738400, 0.4799999999999999800, 0.06526946024764260200 ) ) ;
#4339 = CARTESIAN_POINT ( 'NONE',  ( -0.07978705030963835500, 0.4798999999999999400, 0.09181266912361417400 ) ) ;
#4340 = CARTESIAN_POINT ( 'NONE',  ( -0.1591785536292419900, 0.4799999999999998700, 0.04490409715149521600 ) ) ;
#4341 = SURFACE_STYLE_USAGE ( .BOTH. , #8626 ) ;
#4342 = CARTESIAN_POINT ( 'NONE',  ( 0.06556770677878413800, 0.4799999999999999800, 0.08920583464766401700 ) ) ;
#4343 = STYLED_ITEM ( 'NONE', ( #167 ), #1924 ) ;
#4344 = ORIENTED_EDGE ( 'NONE', *, *, #1666, .T. ) ;
#4345 = SURFACE_STYLE_USAGE ( .BOTH. , #4309 ) ;
#4346 = FILL_AREA_STYLE ('',( #2157 ) ) ;
#4347 = CARTESIAN_POINT ( 'NONE',  ( 0.4231557227346922100, 0.4799999999999999800, 0.2239237311768671500 ) ) ;
#4348 = VECTOR ( 'NONE', #7300, 1000.000000000000000 ) ;
#4349 = CARTESIAN_POINT ( 'NONE',  ( 0.1177562602539473900, 0.4799999999999995400, -0.06221825660495933200 ) ) ;
#4350 = FILL_AREA_STYLE ('',( #7920 ) ) ;
#4351 = ORIENTED_EDGE ( 'NONE', *, *, #406, .T. ) ;
#4352 = CARTESIAN_POINT ( 'NONE',  ( 0.1236183984083103900, 0.4799999999999999800, -0.009469382158437138600 ) ) ;
#4353 = CARTESIAN_POINT ( 'NONE',  ( 0.04948042335789060900, 0.4800000000000000900, -0.09977586022248262400 ) ) ;
#4354 = AXIS2_PLACEMENT_3D ( 'NONE', #9210, #4926, #633 ) ;
#4355 = SURFACE_SIDE_STYLE ('',( #5721 ) ) ;
#4356 =( NAMED_UNIT ( * ) SI_UNIT ( $, .STERADIAN. ) SOLID_ANGLE_UNIT ( ) );
#4357 = CARTESIAN_POINT ( 'NONE',  ( 0.08383215328892838800, 0.4799999999999999300, 0.06868626609596162300 ) ) ;
#4358 = STYLED_ITEM ( 'NONE', ( #6000 ), #4910 ) ;
#4359 = FACE_OUTER_BOUND ( 'NONE', #7348, .T. ) ;
#4360 = ORIENTED_EDGE ( 'NONE', *, *, #7902, .T. ) ;
#4361 =( NAMED_UNIT ( * ) SI_UNIT ( $, .STERADIAN. ) SOLID_ANGLE_UNIT ( ) );
#4362 = EDGE_CURVE ( 'NONE', #435, #7673, #2295, .T. ) ;
#4363 = DIRECTION ( 'NONE',  ( 0.0000000000000000000, 0.0000000000000000000, 1.000000000000000000 ) ) ;
#4364 = SURFACE_STYLE_FILL_AREA ( #472 ) ;
#4365 = CARTESIAN_POINT ( 'NONE',  ( 0.3965737145762713300, 0.4799999999999999800, 0.02629409853240388300 ) ) ;
#4366 = FILL_AREA_STYLE ('',( #8647 ) ) ;
#4367 = CARTESIAN_POINT ( 'NONE',  ( 0.2396492046109731700, 0.4799999999999999800, 0.09175490055704214900 ) ) ;
#4368 = CARTESIAN_POINT ( 'NONE',  ( -0.1635610887711768400, 0.4798999999999999400, 0.02001779732874236000 ) ) ;
#4369 = CARTESIAN_POINT ( 'NONE',  ( -0.06493237708431490200, 0.4798999999999999400, 0.003911300221340775100 ) ) ;
#4370 = UNCERTAINTY_MEASURE_WITH_UNIT (LENGTH_MEASURE( 1.000000000000000100E-005 ), #5733, 'distance_accuracy_value', 'NONE');
#4371 = CARTESIAN_POINT ( 'NONE',  ( -0.8000000000000037100, 0.4798999999999999400, 0.08924856655951159100 ) ) ;
#4372 =( LENGTH_UNIT ( ) NAMED_UNIT ( * ) SI_UNIT ( .MILLI., .METRE. ) );
#4373 = CARTESIAN_POINT ( 'NONE',  ( 0.2101694194834711500, 0.4799999999999999800, -0.03180510871650175200 ) ) ;
#4374 = AXIS2_PLACEMENT_3D ( 'NONE', #5529, #1221, #6257 ) ;
#4375 = EDGE_CURVE ( 'NONE', #2543, #4528, #4811, .T. ) ;
#4376 = STYLED_ITEM ( 'NONE', ( #5064 ), #6908 ) ;
#4377 = ORIENTED_EDGE ( 'NONE', *, *, #1709, .F. ) ;
#4378 = CARTESIAN_POINT ( 'NONE',  ( -0.1197976115748101800, 0.4798999999999999400, -0.04213059043051117800 ) ) ;
#4379 = LINE ( 'NONE', #5338, #6285 ) ;
#4380 = CARTESIAN_POINT ( 'NONE',  ( 0.5075533776585060600, 0.4798999999999999900, 0.02602443247543330700 ) ) ;
#4381 = CARTESIAN_POINT ( 'NONE',  ( 0.09690523584733433400, 0.4798999999999999400, -0.08559690349517958000 ) ) ;
#4382 = CARTESIAN_POINT ( 'NONE',  ( -0.4600947512605421100, 0.4798999999999999400, -0.06886721681788157700 ) ) ;
#4383 = CARTESIAN_POINT ( 'NONE',  ( -0.08358405623864192900, 0.4799999999999999800, 0.06865831658658258500 ) ) ;
#4384 = CARTESIAN_POINT ( 'NONE',  ( 0.07996338405669065100, 0.4798999999999999400, -0.1106704923097518900 ) ) ;
#4385 = ORIENTED_EDGE ( 'NONE', *, *, #8871, .F. ) ;
#4386 = PRESENTATION_STYLE_ASSIGNMENT (( #2575 ) ) ;
#4387 = EDGE_CURVE ( 'NONE', #8599, #3331, #3962, .T. ) ;
#4388 = CARTESIAN_POINT ( 'NONE',  ( -0.7499999999999997800, 0.4099999999999999200, -0.3799999999999998900 ) ) ;
#4389 = CARTESIAN_POINT ( 'NONE',  ( -0.2425168595500872800, 0.4799999999999999300, -0.1092944038099021200 ) ) ;
#4390 = DIRECTION ( 'NONE',  ( -3.370319896183507600E-014, -0.0000000000000000000, 1.000000000000000000 ) ) ;
#4391 = B_SPLINE_CURVE_WITH_KNOTS ( 'NONE', 3,
 ( #3708, #7270, #847, #5870, #1561, #6590, #2292, #7298, #3033, #8019, #3733, #8731, #4451, #141, #5158, #876, #5909, #1589, #6622 ),
 .UNSPECIFIED., .F., .F.,
 ( 4, 1, 1, 1, 1, 1, 1, 1, 1, 1, 1, 1, 1, 1, 1, 1, 4 ),
 ( 0.0000000000000000000, 0.04078184587225965100, 0.08086958872158689400, 0.1202681657882665900, 0.1601868504553521900, 0.2004597376386386700, 0.2422651778979080000, 0.2864592615494681000, 0.3329520837492627700, 0.3844305340495299800, 0.4433891253601055500, 0.5116814722136831000, 0.5890200255490080100, 0.6762451906507719300, 0.7737051914728235700, 0.8815677677819827600, 1.000000000000000000 ),
 .UNSPECIFIED. ) ;
#4392 = VECTOR ( 'NONE', #3746, 1000.000000000000000 ) ;
#4393 = DIRECTION ( 'NONE',  ( 0.0000000000000000000, 0.0000000000000000000, 1.000000000000000000 ) ) ;
#4394 = SURFACE_STYLE_USAGE ( .BOTH. , #8681 ) ;
#4395 = SURFACE_SIDE_STYLE ('',( #4889 ) ) ;
#4396 = CARTESIAN_POINT ( 'NONE',  ( -0.08360452318380823300, 0.4799999999999999800, -0.001303761281976897600 ) ) ;
#4397 = CARTESIAN_POINT ( 'NONE',  ( -0.2260992528468941400, 0.4799999999999999800, -0.06593720625141591400 ) ) ;
#4398 = CARTESIAN_POINT ( 'NONE',  ( 0.5239389112288233000, 0.4798999999999999400, 0.02001779732874219700 ) ) ;
#4399 = SURFACE_SIDE_STYLE ('',( #8460 ) ) ;
#4400 = CARTESIAN_POINT ( 'NONE',  ( -0.09547536417299895600, 0.4799999999999999800, -0.004451587916966088900 ) ) ;
#4401 = CARTESIAN_POINT ( 'NONE',  ( 0.02281039783921088800, 0.4798999999999999400, -0.04117418641858437000 ) ) ;
#4402 =( NAMED_UNIT ( * ) PLANE_ANGLE_UNIT ( ) SI_UNIT ( $, .RADIAN. ) );
#4403 = CARTESIAN_POINT ( 'NONE',  ( 0.2397700189219626500, 0.4798999999999999400, -0.04398310719639446400 ) ) ;
#4404 = CARTESIAN_POINT ( 'NONE',  ( -0.09700491231097437000, 0.4799999999999999300, -0.03204463457562468200 ) ) ;
#4405 = CARTESIAN_POINT ( 'NONE',  ( 0.7499999999999998900, 0.4299999999999999400, -0.3799999999999998900 ) ) ;
#4406 = FACE_OUTER_BOUND ( 'NONE', #151, .T. ) ;
#4407 = CARTESIAN_POINT ( 'NONE',  ( 0.04942934843876041500, 0.4799999999999999800, -0.04886195902578040200 ) ) ;
#4408 = FILL_AREA_STYLE_COLOUR ( '', #8422 ) ;
#4409 =( GEOMETRIC_REPRESENTATION_CONTEXT ( 3 ) GLOBAL_UNCERTAINTY_ASSIGNED_CONTEXT ( ( #7855 ) ) GLOBAL_UNIT_ASSIGNED_CONTEXT ( ( #3043, #8031, #3749 ) ) REPRESENTATION_CONTEXT ( 'NONE', 'WORKASPACE' ) );
#4410 = CARTESIAN_POINT ( 'NONE',  ( -0.6799999999999998300, 0.4099999999999999200, -0.3799999999999998400 ) ) ;
#4411 = CARTESIAN_POINT ( 'NONE',  ( -0.2523242962202639800, 0.4798999999999999400, 0.06598557465364053600 ) ) ;
#4412 =( NAMED_UNIT ( * ) PLANE_ANGLE_UNIT ( ) SI_UNIT ( $, .RADIAN. ) );
#4413 = EDGE_LOOP ( 'NONE', ( #1614, #1313, #7569, #5599 ) ) ;
#4414 =( GEOMETRIC_REPRESENTATION_CONTEXT ( 3 ) GLOBAL_UNCERTAINTY_ASSIGNED_CONTEXT ( ( #8142 ) ) GLOBAL_UNIT_ASSIGNED_CONTEXT ( ( #1591, #6624, #2332 ) ) REPRESENTATION_CONTEXT ( 'NONE', 'WORKASPACE' ) );
#4415 = FACE_OUTER_BOUND ( 'NONE', #4417, .T. ) ;
#4416 = ORIENTED_EDGE ( 'NONE', *, *, #3851, .T. ) ;
#4417 = EDGE_LOOP ( 'NONE', ( #6491, #5340, #5411, #5416 ) ) ;
#4418 = LINE ( 'NONE', #145, #4179 ) ;
#4419 = CARTESIAN_POINT ( 'NONE',  ( -0.2088351942311002200, 0.4798999999999999400, -0.09171048194641112600 ) ) ;
#4420 =( NAMED_UNIT ( * ) PLANE_ANGLE_UNIT ( ) SI_UNIT ( $, .RADIAN. ) );
#4421 = VERTEX_POINT ( 'NONE', #5584 ) ;
#4422 = EDGE_CURVE ( 'NONE', #8048, #2538, #9226, .T. ) ;
#4423 = SURFACE_STYLE_FILL_AREA ( #7263 ) ;
#4424 = VERTEX_POINT ( 'NONE', #6301 ) ;
#4425 = ORIENTED_EDGE ( 'NONE', *, *, #3470, .T. ) ;
#4426 = ORIENTED_EDGE ( 'NONE', *, *, #6256, .T. ) ;
#4427 = COLOUR_RGB ( '',0.2509803921568627400, 0.2509803921568627400, 0.2509803921568627400 ) ;
#4428 = CARTESIAN_POINT ( 'NONE',  ( -0.09604860761622506500, 0.4799999999999999800, -0.1130548464763175400 ) ) ;
#4429 = MECHANICAL_DESIGN_GEOMETRIC_PRESENTATION_REPRESENTATION (  '', ( #3010 ), #4909 ) ;
#4430 = CARTESIAN_POINT ( 'NONE',  ( -0.8000000000000037100, 0.4799999999999999800, 0.08924856655951159100 ) ) ;
#4431 = CARTESIAN_POINT ( 'NONE',  ( 0.2417057609144025500, 0.4798999999999999400, 0.06862687690480662200 ) ) ;
#4432 = CARTESIAN_POINT ( 'NONE',  ( -0.2450377352047768100, 0.4798999999999999400, -0.08557959215079841100 ) ) ;
#4433 = CARTESIAN_POINT ( 'NONE',  ( 0.2768951058777767700, 0.4798999999999999400, 0.01275306896190035000 ) ) ;
#4434 = ORIENTED_EDGE ( 'NONE', *, *, #1477, .T. ) ;
#4435 = CARTESIAN_POINT ( 'NONE',  ( 0.2172817522868137100, 0.4798999999999999400, -0.03662011247047131800 ) ) ;
#4436 = CARTESIAN_POINT ( 'NONE',  ( -0.1253184115095509800, 0.4798999999999999400, -0.01481326959998527000 ) ) ;
#4437 = UNCERTAINTY_MEASURE_WITH_UNIT (LENGTH_MEASURE( 1.000000000000000100E-005 ), #565, 'distance_accuracy_value', 'NONE');
#4438 = DIRECTION ( 'NONE',  ( -0.0000000000000000000, -1.000000000000000000, -0.0000000000000000000 ) ) ;
#4439 = FACE_OUTER_BOUND ( 'NONE', #9235, .T. ) ;
#4440 =( GEOMETRIC_REPRESENTATION_CONTEXT ( 3 ) GLOBAL_UNCERTAINTY_ASSIGNED_CONTEXT ( ( #1635 ) ) GLOBAL_UNIT_ASSIGNED_CONTEXT ( ( #4372, #4402, #4932 ) ) REPRESENTATION_CONTEXT ( 'NONE', 'WORKASPACE' ) );
#4441 = CARTESIAN_POINT ( 'NONE',  ( -0.05362882081050438000, 0.4798999999999999400, -0.02028957053254387300 ) ) ;
#4442 = CARTESIAN_POINT ( 'NONE',  ( -0.7999999999999700700, 0.4299999999999999400, -0.4999999999999813500 ) ) ;
#4443 = VERTEX_POINT ( 'NONE', #546 ) ;
#4444 = AXIS2_PLACEMENT_3D ( 'NONE', #8674, #4393, #88 ) ;
#4445 = EDGE_CURVE ( 'NONE', #5189, #4304, #3163, .T. ) ;
#4446 = CARTESIAN_POINT ( 'NONE',  ( 0.3788428867399549200, 0.4798999999999999400, 0.02756257180295862400 ) ) ;
#4447 = VECTOR ( 'NONE', #2063, 999.9999999999998900 ) ;
#4448 = CARTESIAN_POINT ( 'NONE',  ( -0.2784128586117402000, 0.4798999999999999400, 0.2929115155786376500 ) ) ;
#4449 = SURFACE_SIDE_STYLE ('',( #4771 ) ) ;
#4450 =( NAMED_UNIT ( * ) PLANE_ANGLE_UNIT ( ) SI_UNIT ( $, .RADIAN. ) );
#4451 = CARTESIAN_POINT ( 'NONE',  ( 0.1194595553023958100, 0.4799999999999999800, 0.03754545363268722800 ) ) ;
#4452 = ORIENTED_EDGE ( 'NONE', *, *, #6081, .F. ) ;
#4453 = PRESENTATION_STYLE_ASSIGNMENT (( #7294 ) ) ;
#4454 = CARTESIAN_POINT ( 'NONE',  ( -0.2009849308869980900, 0.4799999999999999800, -0.04010103269202428000 ) ) ;
#4455 = CARTESIAN_POINT ( 'NONE',  ( -0.1968944221045101100, 0.4799999999999999300, -0.05890848472253970600 ) ) ;
#4456 = CARTESIAN_POINT ( 'NONE',  ( -0.03401263954152080500, 0.4798999999999999400, 0.07981899736501511800 ) ) ;
#4457 = LINE ( 'NONE', #6061, #8259 ) ;
#4458 = EDGE_LOOP ( 'NONE', ( #8290, #7887, #3898, #3132 ) ) ;
#4459 = CARTESIAN_POINT ( 'NONE',  ( -0.1053821521148070500, 0.4799999999999999800, -0.1118012449992502900 ) ) ;
#4460 = VERTEX_POINT ( 'NONE', #6367 ) ;
#4461 = UNCERTAINTY_MEASURE_WITH_UNIT (LENGTH_MEASURE( 1.000000000000000100E-005 ), #4821, 'distance_accuracy_value', 'NONE');
#4462 = CARTESIAN_POINT ( 'NONE',  ( 0.7374999999999962700, 0.4099999999999999200, -0.4999999999999813500 ) ) ;
#4463 = CARTESIAN_POINT ( 'NONE',  ( 0.2768494739570286900, 0.4798999999999999400, 0.03212943893669725100 ) ) ;
#4464 = CARTESIAN_POINT ( 'NONE',  ( 0.7999999999999963800, 0.4299999999999999400, 0.5000000000000196500 ) ) ;
#4465 = CARTESIAN_POINT ( 'NONE',  ( -0.2668057327519391400, 0.4799999999999999800, -0.08765033468506047700 ) ) ;
#4466 = CARTESIAN_POINT ( 'NONE',  ( 0.2420461908631674200, 0.4798999999999999400, -0.02087646325525032200 ) ) ;
#4467 = DIRECTION ( 'NONE',  ( 0.2441807451853939500, 0.0000000000000000000, 0.9697297374427091800 ) ) ;
#4468 =( NAMED_UNIT ( * ) PLANE_ANGLE_UNIT ( ) SI_UNIT ( $, .RADIAN. ) );
#4469 = AXIS2_PLACEMENT_3D ( 'NONE', #6167, #1868, #6876 ) ;
#4470 = ORIENTED_EDGE ( 'NONE', *, *, #3824, .T. ) ;
#4471 = CARTESIAN_POINT ( 'NONE',  ( -0.7300000000000019800, 0.0000000000000000000, 0.4300000000000032700 ) ) ;
#4472 = CARTESIAN_POINT ( 'NONE',  ( -0.02428893520663916200, 0.4799999999999999800, -0.08880025124866138000 ) ) ;
#4473 = SURFACE_SIDE_STYLE ('',( #3554 ) ) ;
#4474 = CARTESIAN_POINT ( 'NONE',  ( -0.04340644685049665400, 0.4798999999999999400, 0.05501246494551027100 ) ) ;
#4475 = DIRECTION ( 'NONE',  ( 0.0000000000000000000, -0.0000000000000000000, -1.000000000000000000 ) ) ;
#4476 = CARTESIAN_POINT ( 'NONE',  ( -0.2573591232752067100, 0.4798999999999999400, -0.02641658644770685000 ) ) ;
#4477 = PRESENTATION_STYLE_ASSIGNMENT (( #6192 ) ) ;
#4478 =( NAMED_UNIT ( * ) PLANE_ANGLE_UNIT ( ) SI_UNIT ( $, .RADIAN. ) );
#4479 = STYLED_ITEM ( 'NONE', ( #3674 ), #8066 ) ;
#4480 = CARTESIAN_POINT ( 'NONE',  ( 0.1491816909009880400, 0.4799999999999993200, -0.0009867004230227191400 ) ) ;
#4481 =( GEOMETRIC_REPRESENTATION_CONTEXT ( 3 ) GLOBAL_UNCERTAINTY_ASSIGNED_CONTEXT ( ( #2232 ) ) GLOBAL_UNIT_ASSIGNED_CONTEXT ( ( #1866, #6866, #2588 ) ) REPRESENTATION_CONTEXT ( 'NONE', 'WORKASPACE' ) );
#4482 = CARTESIAN_POINT ( 'NONE',  ( 0.1070815771440499900, 0.4799999999999999800, -0.1072479514087009700 ) ) ;
#4483 = PRESENTATION_STYLE_ASSIGNMENT (( #6932 ) ) ;
#4484 = VECTOR ( 'NONE', #489, 1000.000000000000000 ) ;
#4485 =( GEOMETRIC_REPRESENTATION_CONTEXT ( 3 ) GLOBAL_UNCERTAINTY_ASSIGNED_CONTEXT ( ( #2274 ) ) GLOBAL_UNIT_ASSIGNED_CONTEXT ( ( #6268, #6937, #7629 ) ) REPRESENTATION_CONTEXT ( 'NONE', 'WORKASPACE' ) );
#4486 = SURFACE_STYLE_USAGE ( .BOTH. , #8767 ) ;
#4487 =( NAMED_UNIT ( * ) PLANE_ANGLE_UNIT ( ) SI_UNIT ( $, .RADIAN. ) );
#4488 = CARTESIAN_POINT ( 'NONE',  ( 0.1235941168054562900, 0.4798999999999999400, -0.01323608864660931100 ) ) ;
#4489 = CARTESIAN_POINT ( 'NONE',  ( 0.2444116676390797000, 0.4799999999999999800, -0.04408476677382174000 ) ) ;
#4490 = CARTESIAN_POINT ( 'NONE',  ( 0.4560980792775131700, 0.4798999999999999400, -0.07554138693499275200 ) ) ;
#4491 = ORIENTED_EDGE ( 'NONE', *, *, #7685, .F. ) ;
#4492 = CARTESIAN_POINT ( 'NONE',  ( 0.2048257672558268500, 0.4799999999999999800, 0.04846353818871447500 ) ) ;
#4493 = MECHANICAL_DESIGN_GEOMETRIC_PRESENTATION_REPRESENTATION (  '', ( #3549 ), #4970 ) ;
#4494 = ADVANCED_FACE ( 'NONE', ( #5664 ), #2855, .T. ) ;
#4495 = CARTESIAN_POINT ( 'NONE',  ( -0.05362882081050438000, 0.4799999999999999800, -0.02028957053254387300 ) ) ;
#4496 = CARTESIAN_POINT ( 'NONE',  ( -0.2255791033759024800, 0.4798999999999999400, 0.008083135907427730200 ) ) ;
#4497 = VECTOR ( 'NONE', #5208, 1000.000000000000000 ) ;
#4498 = PLANE ( 'NONE',  #3112 ) ;
#4499 = SURFACE_SIDE_STYLE ('',( #7578 ) ) ;
#4500 =( NAMED_UNIT ( * ) SI_UNIT ( $, .STERADIAN. ) SOLID_ANGLE_UNIT ( ) );
#4501 = CARTESIAN_POINT ( 'NONE',  ( 0.7999999999999963800, 0.4299999999999999400, 0.5000000000000196500 ) ) ;
#4502 = CARTESIAN_POINT ( 'NONE',  ( 0.06115688652624488200, 0.4798999999999999400, -0.1065641130166651300 ) ) ;
#4503 = CIRCLE ( 'NONE', #4225, 0.06999999999999996500 ) ;
#4504 = EDGE_CURVE ( 'NONE', #8888, #6861, #9108, .T. ) ;
#4505 = EDGE_CURVE ( 'NONE', #2626, #2613, #8548, .T. ) ;
#4506 = CARTESIAN_POINT ( 'NONE',  ( 0.1422109566944779500, 0.4798999999999999400, 0.04753676520920970000 ) ) ;
#4507 = FILL_AREA_STYLE ('',( #187 ) ) ;
#4508 = FACE_OUTER_BOUND ( 'NONE', #4092, .T. ) ;
#4509 = CARTESIAN_POINT ( 'NONE',  ( 0.1481709673795926800, 0.4799999999999999800, -0.03575803804736122500 ) ) ;
#4510 = MECHANICAL_DESIGN_GEOMETRIC_PRESENTATION_REPRESENTATION (  '', ( #3090 ), #5002 ) ;
#4511 = CARTESIAN_POINT ( 'NONE',  ( -0.7500000000000000000, 0.4299999999999999400, 0.3799999999999998900 ) ) ;
#4512 = VERTEX_POINT ( 'NONE', #2858 ) ;
#4513 = CARTESIAN_POINT ( 'NONE',  ( -0.08196461742398948600, 0.4798999999999999400, 0.09179469884652491400 ) ) ;
#4514 = CARTESIAN_POINT ( 'NONE',  ( -0.1279660896067398000, 0.4799999999999999300, 0.04609624853305671600 ) ) ;
#4515 = CARTESIAN_POINT ( 'NONE',  ( 0.09690523584733433400, 0.4798999999999999400, -0.08559690349517958000 ) ) ;
#4516 = SURFACE_STYLE_USAGE ( .BOTH. , #8804 ) ;
#4517 = CARTESIAN_POINT ( 'NONE',  ( -0.007150832360920352800, 0.4798999999999999400, 0.03247773322617825100 ) ) ;
#4518 = VECTOR ( 'NONE', #8581, 1000.000000000000000 ) ;
#4519 = CARTESIAN_POINT ( 'NONE',  ( 0.2203641702688738400, 0.4798999999999999400, 0.06526946024764260200 ) ) ;
#4520 = PRESENTATION_STYLE_ASSIGNMENT (( #4308 ) ) ;
#4521 = COLOUR_RGB ( '',0.2509803921568627400, 0.2509803921568627400, 0.2509803921568627400 ) ;
#4522 = CARTESIAN_POINT ( 'NONE',  ( -0.2185930155690281600, 0.4799999999999999800, 0.02105205396695571500 ) ) ;
#4523 = VERTEX_POINT ( 'NONE', #8570 ) ;
#4524 = COLOUR_RGB ( '',0.2509803921568627400, 0.2509803921568627400, 0.2509803921568627400 ) ;
#4525 = ORIENTED_EDGE ( 'NONE', *, *, #8821, .F. ) ;
#4526 = CARTESIAN_POINT ( 'NONE',  ( 0.2245126570481948700, 0.4798999999999999400, 0.09094113213447398100 ) ) ;
#4527 = DIRECTION ( 'NONE',  ( -1.000000000000000000, 0.0000000000000000000, 2.853163611803960300E-016 ) ) ;
#4528 = VERTEX_POINT ( 'NONE', #3582 ) ;
#4529 = ORIENTED_EDGE ( 'NONE', *, *, #8916, .T. ) ;
#4530 = SURFACE_STYLE_USAGE ( .BOTH. , #8813 ) ;
#4531 = UNCERTAINTY_MEASURE_WITH_UNIT (LENGTH_MEASURE( 1.000000000000000100E-005 ), #5293, 'distance_accuracy_value', 'NONE');
#4532 = CARTESIAN_POINT ( 'NONE',  ( 0.2087546163570286300, 0.4798999999999999400, -0.03074342061997555100 ) ) ;
#4533 = AXIS2_PLACEMENT_3D ( 'NONE', #320, #5344, #1033 ) ;
#4534 = CARTESIAN_POINT ( 'NONE',  ( -0.4545867297968178600, 0.4799999999999999800, -0.08767451036356532800 ) ) ;
#4535 = CARTESIAN_POINT ( 'NONE',  ( 0.08093980004937621800, 0.4798999999999999400, -0.08757118985902769000 ) ) ;
#4536 =( GEOMETRIC_REPRESENTATION_CONTEXT ( 3 ) GLOBAL_UNCERTAINTY_ASSIGNED_CONTEXT ( ( #5970 ) ) GLOBAL_UNIT_ASSIGNED_CONTEXT ( ( #5348, #1037, #6073 ) ) REPRESENTATION_CONTEXT ( 'NONE', 'WORKASPACE' ) );
#4537 =( NAMED_UNIT ( * ) PLANE_ANGLE_UNIT ( ) SI_UNIT ( $, .RADIAN. ) );
#4538 = LINE ( 'NONE', #1577, #2634 ) ;
#4539 = ORIENTED_EDGE ( 'NONE', *, *, #5397, .T. ) ;
#4540 = CARTESIAN_POINT ( 'NONE',  ( 0.1276230948741368900, 0.4799999999999993200, 0.07456518512417424600 ) ) ;
#4541 = ORIENTED_EDGE ( 'NONE', *, *, #3291, .T. ) ;
#4542 = ADVANCED_FACE ( 'NONE', ( #1135 ), #4278, .T. ) ;
#4543 =( NAMED_UNIT ( * ) SI_UNIT ( $, .STERADIAN. ) SOLID_ANGLE_UNIT ( ) );
#4544 = EDGE_CURVE ( 'NONE', #7486, #38, #7651, .T. ) ;
#4545 = ORIENTED_EDGE ( 'NONE', *, *, #5823, .T. ) ;
#4546 = VECTOR ( 'NONE', #4390, 1000.000000000000000 ) ;
#4547 = COLOUR_RGB ( '',0.2509803921568627400, 0.2509803921568627400, 0.2509803921568627400 ) ;
#4548 = CARTESIAN_POINT ( 'NONE',  ( -0.08643769133527935700, 0.4799999999999999800, -0.1133155360045909700 ) ) ;
#4549 = EDGE_CURVE ( 'NONE', #7673, #7041, #4057, .T. ) ;
#4550 = CARTESIAN_POINT ( 'NONE',  ( -0.1260046760937325000, 0.4799999999999999800, -0.05058563212352360600 ) ) ;
#4551 = PRESENTATION_LAYER_ASSIGNMENT (  '', '', ( #3608 ) ) ;
#4552 = DIRECTION ( 'NONE',  ( -1.000000000000000000, 0.0000000000000000000, 0.0000000000000000000 ) ) ;
#4553 = CARTESIAN_POINT ( 'NONE',  ( -0.08858784990738323400, 0.4798999999999999400, 0.06850667736971252600 ) ) ;
#4554 = SURFACE_SIDE_STYLE ('',( #227 ) ) ;
#4555 = CARTESIAN_POINT ( 'NONE',  ( -0.7999999999999700700, 0.4299999999999999400, -0.4999999999999813500 ) ) ;
#4556 = CARTESIAN_POINT ( 'NONE',  ( 0.4987385907160026800, 0.4800000000000000400, -0.01055111292766789500 ) ) ;
#4557 = ORIENTED_EDGE ( 'NONE', *, *, #2036, .F. ) ;
#4558 = CARTESIAN_POINT ( 'NONE',  ( 0.2372001291775411900, 0.4799999999999999800, 0.06873574604669108200 ) ) ;
#4559 = VECTOR ( 'NONE', #3472, 1000.000000000000000 ) ;
#4560 = SURFACE_STYLE_FILL_AREA ( #2513 ) ;
#4561 = B_SPLINE_CURVE_WITH_KNOTS ( 'NONE', 3,
 ( #4685, #8958, #5399, #1090, #6130, #1815, #6835, #2556, #7558, #3278, #8279, #3993, #8981, #4711, #411, #5438, #1117, #6157, #1859 ),
 .UNSPECIFIED., .F., .F.,
 ( 4, 1, 1, 1, 1, 1, 1, 1, 1, 1, 1, 1, 1, 1, 1, 1, 4 ),
 ( 0.0000000000000000000, 0.06929802345975263900, 0.1355608441012816100, 0.1996709556470561100, 0.2617162384956086000, 0.3226619299471026900, 0.3829069237782243300, 0.4430320330728900200, 0.5035007873501625700, 0.5637242810171079200, 0.6239800220534744700, 0.6836293869955234500, 0.7438482724857306000, 0.8051918462295100100, 0.8676487429597673500, 0.9327780842312613000, 1.000000000000000000 ),
 .UNSPECIFIED. ) ;
#4562 = CARTESIAN_POINT ( 'NONE',  ( 0.7999999999999963800, 0.4099999999999999200, 0.5000000000000196500 ) ) ;
#4563 = DIRECTION ( 'NONE',  ( -0.0000000000000000000, 1.000000000000000000, -0.0000000000000000000 ) ) ;
#4564 = CARTESIAN_POINT ( 'NONE',  ( 0.1755798465284563500, 0.4798999999999999400, 0.04156579531364539700 ) ) ;
#4565 = CARTESIAN_POINT ( 'NONE',  ( -0.1512260150150965800, 0.4799999999999999300, -0.08015987520222464500 ) ) ;
#4566 = EDGE_CURVE ( 'NONE', #6600, #3771, #250, .T. ) ;
#4567 = EDGE_LOOP ( 'NONE', ( #169, #5090, #7434, #8793 ) ) ;
#4568 = CARTESIAN_POINT ( 'NONE',  ( -0.1042437320105917100, 0.4799999999999999800, 0.08979801654413251100 ) ) ;
#4569 = LINE ( 'NONE', #356, #8144 ) ;
#4570 =( LENGTH_UNIT ( ) NAMED_UNIT ( * ) SI_UNIT ( .MILLI., .METRE. ) );
#4571 = SURFACE_STYLE_USAGE ( .BOTH. , #8845 ) ;
#4572 = CARTESIAN_POINT ( 'NONE',  ( -0.1512260150150965800, 0.4798999999999999400, -0.08015987520222464500 ) ) ;
#4573 = CARTESIAN_POINT ( 'NONE',  ( 0.1002706015599809900, 0.4798999999999999400, 0.09031052011221557500 ) ) ;
#4574 = SURFACE_STYLE_USAGE ( .BOTH. , #8852 ) ;
#4575 = CARTESIAN_POINT ( 'NONE',  ( -0.1082090446442415500, 0.4798999999999999900, -0.08686876539724290600 ) ) ;
#4576 = VECTOR ( 'NONE', #3059, 1000.000000000000200 ) ;
#4577 = ORIENTED_EDGE ( 'NONE', *, *, #5789, .F. ) ;
#4578 = B_SPLINE_CURVE_WITH_KNOTS ( 'NONE', 3,
 ( #2095, #7085, #7816, #3538, #8524, #4243, #9259, #4963, #671, #5708, #1392, #6417, #2127, #7129, #2850, #7842, #3576, #8561, #4270, #9295, #5001, #703, #5739, #1432, #6450, #2155, #7157 ),
 .UNSPECIFIED., .F., .F.,
 ( 4, 1, 1, 1, 1, 1, 1, 1, 1, 1, 1, 1, 1, 1, 1, 1, 1, 1, 1, 1, 1, 1, 1, 1, 4 ),
 ( 0.0000000000000000000, 0.06287394621143259400, 0.1228366299919130400, 0.1796565674430314300, 0.2339600122308622400, 0.2855950186955589200, 0.3345131060783808600, 0.3809048259061766900, 0.4248945919393347600, 0.4665290347654875700, 0.5064882940692466700, 0.5450315536447545300, 0.5818311798231345900, 0.6174482799494435100, 0.6520669127690462700, 0.6858797142465107300, 0.7191745547913927000, 0.7521816462063934900, 0.7852401639180915900, 0.8186564497770839600, 0.8525477406533118500, 0.8876263422585191100, 0.9236350780687508900, 0.9610218444769893500, 1.000000000000000000 ),
 .UNSPECIFIED. ) ;
#4579 = CARTESIAN_POINT ( 'NONE',  ( 0.7999999999999961600, 0.4099999999999999800, -0.4999999999999813500 ) ) ;
#4580 = ORIENTED_EDGE ( 'NONE', *, *, #1919, .F. ) ;
#4581 = CARTESIAN_POINT ( 'NONE',  ( -0.1288689737070422300, 0.4798999999999999400, 0.08124240229316423400 ) ) ;
#4582 = ORIENTED_EDGE ( 'NONE', *, *, #1961, .F. ) ;
#4583 = SURFACE_SIDE_STYLE ('',( #1514 ) ) ;
#4584 = FILL_AREA_STYLE_COLOUR ( '', #6067 ) ;
#4585 = FILL_AREA_STYLE ('',( #3869 ) ) ;
#4586 = DIRECTION ( 'NONE',  ( -0.0000000000000000000, 1.000000000000000000, -0.0000000000000000000 ) ) ;
#4587 = CARTESIAN_POINT ( 'NONE',  ( 0.06054508827047879600, 0.4799999999999999800, 0.05727469689734178400 ) ) ;
#4588 = ADVANCED_FACE ( 'NONE', ( #23 ), #2083, .T. ) ;
#4589 = MECHANICAL_DESIGN_GEOMETRIC_PRESENTATION_REPRESENTATION (  '', ( #3638 ), #5060 ) ;
#4590 = CARTESIAN_POINT ( 'NONE',  ( 0.6800000000000000500, 0.4099999999999999200, -0.4500000000000000700 ) ) ;
#4591 = CARTESIAN_POINT ( 'NONE',  ( -0.1076076416585267800, 0.4798999999999999400, -0.03559827422958656400 ) ) ;
#4592 = CARTESIAN_POINT ( 'NONE',  ( -0.1303085681761620700, 0.4798999999999999400, -0.1028607910484672200 ) ) ;
#4593 = CARTESIAN_POINT ( 'NONE',  ( -0.1552247633080226500, 0.4799999999999999800, 0.05389997448453461700 ) ) ;
#4594 = CARTESIAN_POINT ( 'NONE',  ( 0.3903185834463459600, 0.4798999999999999400, 0.04784325544829225200 ) ) ;
#4595 = DIRECTION ( 'NONE',  ( 0.9950371902099890400, 0.0000000000000000000, 0.09950371902099911000 ) ) ;
#4596 = PLANE ( 'NONE',  #6052 ) ;
#4597 = CARTESIAN_POINT ( 'NONE',  ( 0.2387245972258884300, 0.4798999999999999400, 0.06869891047335825700 ) ) ;
#4598 = CARTESIAN_POINT ( 'NONE',  ( -0.08968664442060171600, 0.4798999999999999400, -0.1132274103751050000 ) ) ;
#4599 = EDGE_CURVE ( 'NONE', #7234, #6108, #4849, .T. ) ;
#4600 = VERTEX_POINT ( 'NONE', #7977 ) ;
#4601 = UNCERTAINTY_MEASURE_WITH_UNIT (LENGTH_MEASURE( 1.000000000000000100E-005 ), #224, 'distance_accuracy_value', 'NONE');
#4602 =( GEOMETRIC_REPRESENTATION_CONTEXT ( 3 ) GLOBAL_UNCERTAINTY_ASSIGNED_CONTEXT ( ( #5989 ) ) GLOBAL_UNIT_ASSIGNED_CONTEXT ( ( #6046, #1745, #6751 ) ) REPRESENTATION_CONTEXT ( 'NONE', 'WORKASPACE' ) );
#4603 = DIRECTION ( 'NONE',  ( -2.853163611803959800E-016, -0.0000000000000000000, 1.000000000000000000 ) ) ;
#4604 = CARTESIAN_POINT ( 'NONE',  ( 0.1492594240493360100, 0.4798999999999999400, -0.009389253953308930200 ) ) ;
#4605 = CARTESIAN_POINT ( 'NONE',  ( 0.2444116676390797600, 0.4798999999999999400, -0.04408476677382174700 ) ) ;
#4606 = CARTESIAN_POINT ( 'NONE',  ( -0.1237824334254670800, 0.4800000000000000400, -0.07447767615186243200 ) ) ;
#4607 = AXIS2_PLACEMENT_3D ( 'NONE', #6894, #2605, #7617 ) ;
#4608 = CARTESIAN_POINT ( 'NONE',  ( -0.2645481926113444900, 0.4799999999999999800, -0.02615164004279017100 ) ) ;
#4609 = ORIENTED_EDGE ( 'NONE', *, *, #3119, .F. ) ;
#4610 = PRESENTATION_LAYER_ASSIGNMENT (  '', '', ( #3669 ) ) ;
#4611 = CARTESIAN_POINT ( 'NONE',  ( -0.1627255969315809200, 0.4798999999999999400, 0.03036162415774828300 ) ) ;
#4612 = CARTESIAN_POINT ( 'NONE',  ( -0.06589526471116254100, 0.4799999999999998700, -0.1117553077885402200 ) ) ;
#4613 = CARTESIAN_POINT ( 'NONE',  ( 0.2005414753313876900, 0.4798999999999999400, 0.03283831014925515200 ) ) ;
#4614 = VECTOR ( 'NONE', #158, 1000.000000000000000 ) ;
#4615 = DIRECTION ( 'NONE',  ( -1.000000000000000000, 0.0000000000000000000, 0.0000000000000000000 ) ) ;
#4616 = STYLED_ITEM ( 'NONE', ( #8955 ), #9202 ) ;
#4617 = COLOUR_RGB ( '',0.2509803921568627400, 0.2509803921568627400, 0.2509803921568627400 ) ;
#4618 = DIRECTION ( 'NONE',  ( -0.0000000000000000000, -1.000000000000000000, -0.0000000000000000000 ) ) ;
#4619 = UNCERTAINTY_MEASURE_WITH_UNIT (LENGTH_MEASURE( 1.000000000000000100E-005 ), #3380, 'distance_accuracy_value', 'NONE');
#4620 = CARTESIAN_POINT ( 'NONE',  ( -0.08968664442060171600, 0.4799999999999999300, -0.1132274103751050000 ) ) ;
#4621 = SURFACE_SIDE_STYLE ('',( #1960 ) ) ;
#4622 = CARTESIAN_POINT ( 'NONE',  ( -0.2269024349250230200, 0.4799999999999999800, -0.01587963856869354900 ) ) ;
#4623 = CARTESIAN_POINT ( 'NONE',  ( -0.6800000000000000500, 0.4299999999999999400, 0.4499999999999999600 ) ) ;
#4624 = CARTESIAN_POINT ( 'NONE',  ( 0.2608845382875773500, 0.4799999999999998700, 0.06159533313372909200 ) ) ;
#4625 = CARTESIAN_POINT ( 'NONE',  ( -0.1027989112043203300, 0.4798999999999999400, 0.06534591485567665900 ) ) ;
#4626 = EDGE_CURVE ( 'NONE', #5429, #6365, #2966, .T. ) ;
#4627 = CARTESIAN_POINT ( 'NONE',  ( -0.3592742297968178900, 0.4798999999999999400, 0.08924856655951159100 ) ) ;
#4628 = CARTESIAN_POINT ( 'NONE',  ( 0.2444116676390797000, 0.4798999999999999400, -0.04408476677382174000 ) ) ;
#4629 = ADVANCED_FACE ( 'NONE', ( #3184 ), #5192, .T. ) ;
#4630 = CARTESIAN_POINT ( 'NONE',  ( -0.8000000000000037100, 0.4798999999999999400, -0.1107514334404884300 ) ) ;
#4631 = PRESENTATION_STYLE_ASSIGNMENT (( #3463 ) ) ;
#4632 = VERTEX_POINT ( 'NONE', #103 ) ;
#4633 = ORIENTED_EDGE ( 'NONE', *, *, #8551, .T. ) ;
#4634 = CARTESIAN_POINT ( 'NONE',  ( -0.2451023434036867000, 0.4798999999999999400, -0.02830296534260581500 ) ) ;
#4635 = ORIENTED_EDGE ( 'NONE', *, *, #1874, .F. ) ;
#4636 = MECHANICAL_DESIGN_GEOMETRIC_PRESENTATION_REPRESENTATION (  '', ( #3212 ), #5117 ) ;
#4637 =( LENGTH_UNIT ( ) NAMED_UNIT ( * ) SI_UNIT ( .MILLI., .METRE. ) );
#4638 = SURFACE_STYLE_FILL_AREA ( #5405 ) ;
#4639 =( GEOMETRIC_REPRESENTATION_CONTEXT ( 3 ) GLOBAL_UNCERTAINTY_ASSIGNED_CONTEXT ( ( #5640 ) ) GLOBAL_UNIT_ASSIGNED_CONTEXT ( ( #272, #5284, #992 ) ) REPRESENTATION_CONTEXT ( 'NONE', 'WORKASPACE' ) );
#4640 = SURFACE_SIDE_STYLE ('',( #6369 ) ) ;
#4641 = CARTESIAN_POINT ( 'NONE',  ( -0.02978509329153344500, 0.4798999999999999400, -0.09485439508649991200 ) ) ;
#4642 =( NAMED_UNIT ( * ) SI_UNIT ( $, .STERADIAN. ) SOLID_ANGLE_UNIT ( ) );
#4643 = ORIENTED_EDGE ( 'NONE', *, *, #7390, .T. ) ;
#4644 =( NAMED_UNIT ( * ) PLANE_ANGLE_UNIT ( ) SI_UNIT ( $, .RADIAN. ) );
#4645 = ORIENTED_EDGE ( 'NONE', *, *, #388, .T. ) ;
#4646 =( LENGTH_UNIT ( ) NAMED_UNIT ( * ) SI_UNIT ( .MILLI., .METRE. ) );
#4647 = COLOUR_RGB ( '',0.7529411764705882200, 0.7529411764705882200, 0.7529411764705882200 ) ;
#4648 = CYLINDRICAL_SURFACE ( 'NONE', #6574, 0.06999999999999996500 ) ;
#4649 = ORIENTED_EDGE ( 'NONE', *, *, #1666, .F. ) ;
#4650 = ORIENTED_EDGE ( 'NONE', *, *, #3202, .F. ) ;
#4651 = LINE ( 'NONE', #2549, #841 ) ;
#4652 = CARTESIAN_POINT ( 'NONE',  ( 0.1209980308598313700, 0.4798999999999999400, 0.03013264905188695100 ) ) ;
#4653 = ORIENTED_EDGE ( 'NONE', *, *, #5744, .F. ) ;
#4654 = COLOUR_RGB ( '',1.000000000000000000, 1.000000000000000000, 1.000000000000000000 ) ;
#4655 =( LENGTH_UNIT ( ) NAMED_UNIT ( * ) SI_UNIT ( .MILLI., .METRE. ) );
#4656 = CARTESIAN_POINT ( 'NONE',  ( 0.05315748863583925900, 0.4798999999999999400, -0.1023621177836013700 ) ) ;
#4657 = CARTESIAN_POINT ( 'NONE',  ( -0.8000000000000037100, 0.4798999999999999400, -0.1107514334404884300 ) ) ;
#4658 = MECHANICAL_DESIGN_GEOMETRIC_PRESENTATION_REPRESENTATION (  '', ( #3227 ), #5133 ) ;
#4659 = CARTESIAN_POINT ( 'NONE',  ( -0.8000000000000037100, 0.4798999999999999400, 0.08924856655951159100 ) ) ;
#4660 = CARTESIAN_POINT ( 'NONE',  ( -0.05486158551022651800, 0.4798999999999999400, 0.007625572139757398100 ) ) ;
#4661 = CARTESIAN_POINT ( 'NONE',  ( 0.2760106802066496500, 0.4798999999999999400, 0.03676277001641564000 ) ) ;
#4662 = STYLED_ITEM ( 'NONE', ( #4520 ), #5243 ) ;
#4663 = ADVANCED_FACE ( 'NONE', ( #9251 ), #842, .F. ) ;
#4664 = ORIENTED_EDGE ( 'NONE', *, *, #6731, .F. ) ;
#4665 = DIRECTION ( 'NONE',  ( -2.478176394252578700E-016, -0.0000000000000000000, -1.000000000000000000 ) ) ;
#4666 = VECTOR ( 'NONE', #2972, 1000.000000000000000 ) ;
#4667 = DIRECTION ( 'NONE',  ( 0.0000000000000000000, 0.0000000000000000000, -1.000000000000000000 ) ) ;
#4668 = FILL_AREA_STYLE ('',( #6800 ) ) ;
#4669 = VECTOR ( 'NONE', #5648, 1000.000000000000000 ) ;
#4670 = PRESENTATION_LAYER_ASSIGNMENT (  '', '', ( #3718 ) ) ;
#4671 = ORIENTED_EDGE ( 'NONE', *, *, #8678, .T. ) ;
#4672 = CYLINDRICAL_SURFACE ( 'NONE', #7355, 0.07000000000000007600 ) ;
#4673 = AXIS2_PLACEMENT_3D ( 'NONE', #3573, #8555, #4267 ) ;
#4674 =( NAMED_UNIT ( * ) PLANE_ANGLE_UNIT ( ) SI_UNIT ( $, .RADIAN. ) );
#4675 = CARTESIAN_POINT ( 'NONE',  ( 0.4560980792775131700, 0.4798999999999999400, -0.07554138693499275200 ) ) ;
#4676 = B_SPLINE_CURVE_WITH_KNOTS ( 'NONE', 3,
 ( #984, #1701, #8159, #3876, #8868, #4591, #295, #5305, #1007, #6041, #5327, #6093, #1792, #6807, #2528, #7523, #3252, #8247, #3951 ),
 .UNSPECIFIED., .F., .F.,
 ( 4, 1, 1, 1, 1, 1, 1, 1, 1, 1, 1, 1, 1, 1, 1, 1, 4 ),
 ( 0.0000000000000000000, 0.03274321823113739800, 0.07240960549385727600, 0.1196114857927603700, 0.1746729151985133000, 0.2373450901947012400, 0.3083524168429164800, 0.3876300477623601000, 0.4747836155862525400, 0.5633323159904142200, 0.6451362168299881200, 0.7202025267224658700, 0.7891341563324472100, 0.8514970735699660700, 0.9073306044315625500, 0.9569686823424199400, 1.000000000000000000 ),
 .UNSPECIFIED. ) ;
#4677 = CARTESIAN_POINT ( 'NONE',  ( -0.01286667560226245400, 0.4799999999999998700, -0.06274495613042348200 ) ) ;
#4678 = CARTESIAN_POINT ( 'NONE',  ( -0.6800000000000000500, 0.4099999999999999200, 0.3799999999999998900 ) ) ;
#4679 = CARTESIAN_POINT ( 'NONE',  ( 0.2165528383142737200, 0.4798999999999999400, -0.01611093043147043100 ) ) ;
#4680 = CARTESIAN_POINT ( 'NONE',  ( 0.3010249535783202100, 0.4798999999999999400, 0.03994252634477509600 ) ) ;
#4681 = CARTESIAN_POINT ( 'NONE',  ( -0.2684889733865615200, 0.4800000000000000400, -0.02613604882510380300 ) ) ;
#4682 = EDGE_LOOP ( 'NONE', ( #9007, #5798, #663, #9039 ) ) ;
#4683 = EDGE_LOOP ( 'NONE', ( #8106, #4004, #954, #5722 ) ) ;
#4684 = CARTESIAN_POINT ( 'NONE',  ( -0.3049990026257116100, 0.4799999999999999800, 0.3169527561793178400 ) ) ;
#4685 = CARTESIAN_POINT ( 'NONE',  ( 0.2370398727672847500, 0.4799999999999999800, 0.09181266912361416000 ) ) ;
#4686 = CARTESIAN_POINT ( 'NONE',  ( -0.4481867001737224700, 0.4798999999999999400, -0.07029130031632407900 ) ) ;
#4687 = EDGE_CURVE ( 'NONE', #2405, #2626, #6684, .T. ) ;
#4688 = CARTESIAN_POINT ( 'NONE',  ( -0.4682485887711767500, 0.4798999999999999400, -0.05073540779946292300 ) ) ;
#4689 = CARTESIAN_POINT ( 'NONE',  ( -0.1923665477870603000, 0.4799999999999999800, 0.05175695748006946300 ) ) ;
#4690 = CARTESIAN_POINT ( 'NONE',  ( 0.02105429584420780800, 0.4798999999999999400, -0.009389253953308930200 ) ) ;
#4691 = CARTESIAN_POINT ( 'NONE',  ( -0.2085008602792692800, 0.4799999999999999800, -0.02876636416621974500 ) ) ;
#4692 = LINE ( 'NONE', #3430, #6611 ) ;
#4693 = ORIENTED_EDGE ( 'NONE', *, *, #2875, .F. ) ;
#4694 = ORIENTED_EDGE ( 'NONE', *, *, #3954, .T. ) ;
#4695 = CARTESIAN_POINT ( 'NONE',  ( -0.4442565947616887700, 0.4799999999999999800, -0.05970245080526157000 ) ) ;
#4696 = CARTESIAN_POINT ( 'NONE',  ( -0.1393544648409408800, 0.4799999999999999800, -0.02343392615996104500 ) ) ;
#4697 = CYLINDRICAL_SURFACE ( 'NONE', #3544, 0.07000000000000002100 ) ;
#4698 = CARTESIAN_POINT ( 'NONE',  ( -0.2183852566322618000, 0.4798999999999999400, -0.01285867582440614900 ) ) ;
#4699 = CARTESIAN_POINT ( 'NONE',  ( -0.007150832360920352800, 0.4798999999999999400, 0.03247773322617825100 ) ) ;
#4700 = CARTESIAN_POINT ( 'NONE',  ( 0.4531055778954900000, 0.4799999999999999800, -0.08659277959433459000 ) ) ;
#4701 = ADVANCED_FACE ( 'NONE', ( #4764 ), #4498, .T. ) ;
#4702 = DIRECTION ( 'NONE',  ( 1.000000000000000000, 0.0000000000000000000, -2.710505431213761100E-016 ) ) ;
#4703 = CARTESIAN_POINT ( 'NONE',  ( -0.04101404018219358800, 0.4798999999999999400, -0.05857554553479797600 ) ) ;
#4704 = FILL_AREA_STYLE_COLOUR ( '', #2711 ) ;
#4705 = SURFACE_SIDE_STYLE ('',( #6107 ) ) ;
#4706 = PRESENTATION_STYLE_ASSIGNMENT (( #4097 ) ) ;
#4707 = CARTESIAN_POINT ( 'NONE',  ( -0.7499999999999997800, 0.4799999999999999800, -0.3799999999999998900 ) ) ;
#4708 = MECHANICAL_DESIGN_GEOMETRIC_PRESENTATION_REPRESENTATION (  '', ( #3275 ), #5181 ) ;
#4709 = AXIS2_PLACEMENT_3D ( 'NONE', #5761, #1453, #6476 ) ;
#4710 = SURFACE_SIDE_STYLE ('',( #5381 ) ) ;
#4711 = CARTESIAN_POINT ( 'NONE',  ( 0.1807367319079733500, 0.4799999999999999800, 0.05840445809264559200 ) ) ;
#4712 = PRESENTATION_LAYER_ASSIGNMENT (  '', '', ( #3769 ) ) ;
#4713 = VERTEX_POINT ( 'NONE', #4532 ) ;
#4714 = PRESENTATION_STYLE_ASSIGNMENT (( #5077 ) ) ;
#4715 = B_SPLINE_CURVE_WITH_KNOTS ( 'NONE', 3,
 ( #8294, #4010, #9009, #4727, #423, #5461, #1137, #6175, #1878, #6888, #2598 ),
 .UNSPECIFIED., .F., .F.,
 ( 4, 1, 1, 1, 1, 1, 1, 1, 4 ),
 ( 0.0000000000000000000, 0.1324616222426384700, 0.2616495010354903900, 0.3875466984163662400, 0.5107816292933473600, 0.6326753605997108600, 0.7546603541381374800, 0.8765227798028654100, 1.000000000000000000 ),
 .UNSPECIFIED. ) ;
#4716 = CARTESIAN_POINT ( 'NONE',  ( -0.2598202068999455600, 0.4799999999999999800, 0.08921923757523406200 ) ) ;
#4717 =( NAMED_UNIT ( * ) SI_UNIT ( $, .STERADIAN. ) SOLID_ANGLE_UNIT ( ) );
#4718 = DIRECTION ( 'NONE',  ( -1.000000000000000000, 0.0000000000000000000, 0.0000000000000000000 ) ) ;
#4719 = EDGE_CURVE ( 'NONE', #6895, #8048, #7676, .T. ) ;
#4720 =( LENGTH_UNIT ( ) NAMED_UNIT ( * ) SI_UNIT ( .MILLI., .METRE. ) );
#4721 = CARTESIAN_POINT ( 'NONE',  ( -0.1558687810788690900, 0.4798999999999999400, -0.05854790779946279100 ) ) ;
#4722 = EDGE_CURVE ( 'NONE', #5787, #7256, #274, .T. ) ;
#4723 = STYLED_ITEM ( 'NONE', ( #3297 ), #6404 ) ;
#4724 = CARTESIAN_POINT ( 'NONE',  ( -0.1893015719068190900, 0.4798999999999999400, 0.02775354848935840700 ) ) ;
#4725 = CARTESIAN_POINT ( 'NONE',  ( -0.007462430044848654200, 0.4798999999999999400, 0.04028086102604823400 ) ) ;
#4726 = STYLED_ITEM ( 'NONE', ( #4187 ), #1255 ) ;
#4727 = CARTESIAN_POINT ( 'NONE',  ( 0.3022355724466071500, 0.4799999999999999800, 0.03371903194100104400 ) ) ;
#4728 = CARTESIAN_POINT ( 'NONE',  ( -0.05737467275633771600, 0.4798999999999999400, 0.006547559047152542000 ) ) ;
#4729 = CARTESIAN_POINT ( 'NONE',  ( 0.4509627071140558400, 0.4798999999999999400, -0.07902419223646857400 ) ) ;
#4730 = CARTESIAN_POINT ( 'NONE',  ( -0.05061181927964881300, 0.4799999999999999800, -0.07877031133666104200 ) ) ;
#4731 = CARTESIAN_POINT ( 'NONE',  ( 0.2348875879834621300, 0.4798999999999999400, 0.09176901037762041900 ) ) ;
#4732 = SURFACE_SIDE_STYLE ('',( #5422 ) ) ;
#4733 = DIRECTION ( 'NONE',  ( -1.000000000000000000, 0.0000000000000000000, 0.0000000000000000000 ) ) ;
#4734 = EDGE_CURVE ( 'NONE', #3795, #363, #7616, .T. ) ;
#4735 =( NAMED_UNIT ( * ) SI_UNIT ( $, .STERADIAN. ) SOLID_ANGLE_UNIT ( ) );
#4736 = VERTEX_POINT ( 'NONE', #3137 ) ;
#4737 = SURFACE_STYLE_USAGE ( .BOTH. , #9021 ) ;
#4738 = SURFACE_STYLE_USAGE ( .BOTH. , #9022 ) ;
#4739 = VECTOR ( 'NONE', #7849, 1000.000000000000000 ) ;
#4740 = CARTESIAN_POINT ( 'NONE',  ( -0.08102903748912550200, 0.4799999999999999800, 0.06873574604669108200 ) ) ;
#4741 = DIRECTION ( 'NONE',  ( 1.000000000000000000, 0.0000000000000000000, 0.0000000000000000000 ) ) ;
#4742 = CARTESIAN_POINT ( 'NONE',  ( 0.08910744402340087200, 0.4798999999999999400, 0.06858492330742369000 ) ) ;
#4743 = ADVANCED_FACE ( 'NONE', ( #4081, #51 ), #3909, .F. ) ;
#4744 = ORIENTED_EDGE ( 'NONE', *, *, #2117, .T. ) ;
#4745 = FACE_OUTER_BOUND ( 'NONE', #8027, .T. ) ;
#4746 = VERTEX_POINT ( 'NONE', #8185 ) ;
#4747 = ORIENTED_EDGE ( 'NONE', *, *, #3683, .T. ) ;
#4748 = ORIENTED_EDGE ( 'NONE', *, *, #8095, .T. ) ;
#4749 = CARTESIAN_POINT ( 'NONE',  ( -0.04048416569425369900, 0.4798999999999999400, -0.05434117703023201600 ) ) ;
#4750 = CARTESIAN_POINT ( 'NONE',  ( -0.08643769133527935700, 0.4798999999999999400, -0.1133155360045909700 ) ) ;
#4751 = SURFACE_STYLE_FILL_AREA ( #6344 ) ;
#4752 = FILL_AREA_STYLE ('',( #4812 ) ) ;
#4753 = CARTESIAN_POINT ( 'NONE',  ( 0.2774645522544642000, 0.4798999999999999400, 0.02218125886720390100 ) ) ;
#4754 = ORIENTED_EDGE ( 'NONE', *, *, #3286, .F. ) ;
#4755 = ORIENTED_EDGE ( 'NONE', *, *, #56, .F. ) ;
#4756 = PRESENTATION_LAYER_ASSIGNMENT (  '', '', ( #4275 ) ) ;
#4757 = ORIENTED_EDGE ( 'NONE', *, *, #7861, .F. ) ;
#4758 = CARTESIAN_POINT ( 'NONE',  ( -0.02394923821442552700, 0.4799999999999997600, 0.07193238821532989300 ) ) ;
#4759 = EDGE_CURVE ( 'NONE', #7799, #4424, #8677, .T. ) ;
#4760 = MECHANICAL_DESIGN_GEOMETRIC_PRESENTATION_REPRESENTATION (  '', ( #3334 ), #5244 ) ;
#4761 = CARTESIAN_POINT ( 'NONE',  ( -0.1112454811144233800, 0.4798999999999999400, -0.009205402488003233000 ) ) ;
#4762 = CARTESIAN_POINT ( 'NONE',  ( 0.04263452556923402100, 0.4799999999999999800, 0.6685269051138672500 ) ) ;
#4763 = CARTESIAN_POINT ( 'NONE',  ( -0.07543800392555809200, 0.4798999999999999400, -0.08975526283096542400 ) ) ;
#4764 = FACE_OUTER_BOUND ( 'NONE', #7551, .T. ) ;
#4765 = CARTESIAN_POINT ( 'NONE',  ( 0.2522084878962144700, 0.4798999999999999400, 0.09041542154135584500 ) ) ;
#4766 = CARTESIAN_POINT ( 'NONE',  ( 0.2028675939357984000, 0.4799999999999997000, 0.08318717864074505500 ) ) ;
#4767 = VECTOR ( 'NONE', #7912, 1000.000000000000000 ) ;
#4768 = DIRECTION ( 'NONE',  ( 1.000000000000000000, 0.0000000000000000000, 0.0000000000000000000 ) ) ;
#4769 = ORIENTED_EDGE ( 'NONE', *, *, #3410, .F. ) ;
#4770 = CARTESIAN_POINT ( 'NONE',  ( -0.1148311161986199800, 0.4798999999999999900, -0.08358976543083732100 ) ) ;
#4771 = SURFACE_STYLE_FILL_AREA ( #8728 ) ;
#4772 = CARTESIAN_POINT ( 'NONE',  ( 0.1475888008084116100, 0.4798999999999999400, -0.04144015126454014100 ) ) ;
#4773 = CARTESIAN_POINT ( 'NONE',  ( 0.3933800605922543900, 0.4799999999999999800, 0.03735511227333245700 ) ) ;
#4774 = EDGE_CURVE ( 'NONE', #6141, #3055, #3207, .T. ) ;
#4775 = CARTESIAN_POINT ( 'NONE',  ( 0.04824450795311535600, 0.4798999999999999400, -0.04031581158022795600 ) ) ;
#4776 = ORIENTED_EDGE ( 'NONE', *, *, #2373, .F. ) ;
#4777 = MECHANICAL_DESIGN_GEOMETRIC_PRESENTATION_REPRESENTATION (  '', ( #3349 ), #5253 ) ;
#4778 = VECTOR ( 'NONE', #872, 1000.000000000000200 ) ;
#4779 = CARTESIAN_POINT ( 'NONE',  ( -0.01561965074877237800, 0.4798999999999999400, 0.004280888164450304100 ) ) ;
#4780 = PRESENTATION_LAYER_ASSIGNMENT (  '', '', ( #3828 ) ) ;
#4781 = CARTESIAN_POINT ( 'NONE',  ( 0.1097814405068637400, 0.4799999999999998700, 0.05727252782639169500 ) ) ;
#4782 = PRESENTATION_LAYER_ASSIGNMENT (  '', '', ( #5258 ) ) ;
#4783 = DIRECTION ( 'NONE',  ( -0.0000000000000000000, 1.000000000000000000, -0.0000000000000000000 ) ) ;
#4784 = ORIENTED_EDGE ( 'NONE', *, *, #8278, .T. ) ;
#4785 = CARTESIAN_POINT ( 'NONE',  ( -0.4704921785147664300, 0.4798999999999999400, -0.1107514334404885400 ) ) ;
#4786 = AXIS2_PLACEMENT_3D ( 'NONE', #6379, #7019, #9144 ) ;
#4787 = CARTESIAN_POINT ( 'NONE',  ( -0.08643769133527935700, 0.4799999999999999800, -0.1133155360045909700 ) ) ;
#4788 = CARTESIAN_POINT ( 'NONE',  ( -0.02044718425467371300, 0.4799999999999999800, -0.001593203914336226200 ) ) ;
#4789 = STYLED_ITEM ( 'NONE', ( #7624 ), #9055 ) ;
#4790 = CARTESIAN_POINT ( 'NONE',  ( -0.05988137523471297900, 0.4798999999999999400, 0.09002313165757043500 ) ) ;
#4791 = VECTOR ( 'NONE', #1532, 1000.000000000000000 ) ;
#4792 =( NAMED_UNIT ( * ) SI_UNIT ( $, .STERADIAN. ) SOLID_ANGLE_UNIT ( ) );
#4793 = EDGE_LOOP ( 'NONE', ( #4967, #3081, #85, #2527 ) ) ;
#4794 = ADVANCED_FACE ( 'NONE', ( #1052 ), #2119, .T. ) ;
#4795 = FILL_AREA_STYLE_COLOUR ( '', #7343 ) ;
#4796 = DIRECTION ( 'NONE',  ( -0.0000000000000000000, 1.000000000000000000, -0.0000000000000000000 ) ) ;
#4797 = DIRECTION ( 'NONE',  ( -0.0000000000000000000, 1.000000000000000000, -0.0000000000000000000 ) ) ;
#4798 = CARTESIAN_POINT ( 'NONE',  ( 0.1785617619342629600, 0.4798999999999999400, 0.05311021501145781600 ) ) ;
#4799 = DIRECTION ( 'NONE',  ( 0.9950371902099890400, 0.0000000000000000000, 0.09950371902099911000 ) ) ;
#4800 = CARTESIAN_POINT ( 'NONE',  ( 0.1398604523792784900, 0.4798999999999999400, -0.07225108757328031800 ) ) ;
#4801 = CARTESIAN_POINT ( 'NONE',  ( -0.04685027826412861000, 0.4799999999999999800, 0.01184612364857531200 ) ) ;
#4802 = ORIENTED_EDGE ( 'NONE', *, *, #5069, .T. ) ;
#4803 =( LENGTH_UNIT ( ) NAMED_UNIT ( * ) SI_UNIT ( .MILLI., .METRE. ) );
#4804 = EDGE_CURVE ( 'NONE', #4975, #8888, #2625, .T. ) ;
#4805 = EDGE_CURVE ( 'NONE', #1685, #2613, #5907, .T. ) ;
#4806 = CARTESIAN_POINT ( 'NONE',  ( -0.1929582309487485000, 0.4799999999999999800, 0.01217924322529052500 ) ) ;
#4807 = CARTESIAN_POINT ( 'NONE',  ( 0.07365060081523094900, 0.4799999999999999800, 0.06671863679232985200 ) ) ;
#4808 = CARTESIAN_POINT ( 'NONE',  ( -0.2444505118480998800, 0.4800000000000000400, -0.02849983087638585300 ) ) ;
#4809 = CARTESIAN_POINT ( 'NONE',  ( 0.1230328117274274300, 0.4798999999999999400, 0.01223401998325403800 ) ) ;
#4810 = CARTESIAN_POINT ( 'NONE',  ( 0.2618699560470151800, 0.4799999999999994800, -0.04161842942831314700 ) ) ;
#4811 = B_SPLINE_CURVE_WITH_KNOTS ( 'NONE', 3,
 ( #1802, #331, #3386, #8380, #4087, #9087, #4813, #518, #5546, #1232, #6269, #1968, #6968, #2697, #7697, #3419, #8404, #4119, #9132 ),
 .UNSPECIFIED., .F., .F.,
 ( 4, 1, 1, 1, 1, 1, 1, 1, 1, 1, 1, 1, 1, 1, 1, 1, 4 ),
 ( 0.0000000000000000000, 0.06715546744904561700, 0.1314033464826144800, 0.1927317719102092900, 0.2512526591565256700, 0.3077037298841910400, 0.3626989162982006700, 0.4177783327854303100, 0.4723043857981134600, 0.5278725997916962100, 0.5852299868117372100, 0.6450565760102916500, 0.7079523564294425400, 0.7744342720454280300, 0.8449404313752603100, 0.9204035944750274000, 1.000000000000000000 ),
 .UNSPECIFIED. ) ;
#4812 = FILL_AREA_STYLE_COLOUR ( '', #2814 ) ;
#4813 = CARTESIAN_POINT ( 'NONE',  ( -0.04626340368377569000, 0.4799999999999999800, -0.07313697926204562600 ) ) ;
#4814 = FILL_AREA_STYLE_COLOUR ( '', #2540 ) ;
#4815 = CARTESIAN_POINT ( 'NONE',  ( -0.2656444221045100600, 0.4799999999999999800, -0.003059125748180666100 ) ) ;
#4816 = ORIENTED_EDGE ( 'NONE', *, *, #8198, .F. ) ;
#4817 = CARTESIAN_POINT ( 'NONE',  ( 0.5167054956200970400, 0.4800000000000000400, 0.05207747691236887200 ) ) ;
#4818 = SURFACE_STYLE_USAGE ( .BOTH. , #9095 ) ;
#4819 =( LENGTH_UNIT ( ) NAMED_UNIT ( * ) SI_UNIT ( .MILLI., .METRE. ) );
#4820 =( NAMED_UNIT ( * ) PLANE_ANGLE_UNIT ( ) SI_UNIT ( $, .RADIAN. ) );
#4821 =( LENGTH_UNIT ( ) NAMED_UNIT ( * ) SI_UNIT ( .MILLI., .METRE. ) );
#4822 = VERTEX_POINT ( 'NONE', #6587 ) ;
#4823 =( NAMED_UNIT ( * ) SI_UNIT ( $, .STERADIAN. ) SOLID_ANGLE_UNIT ( ) );
#4824 = UNCERTAINTY_MEASURE_WITH_UNIT (LENGTH_MEASURE( 1.000000000000000100E-005 ), #1076, 'distance_accuracy_value', 'NONE');
#4825 = PRESENTATION_LAYER_ASSIGNMENT (  '', '', ( #3881 ) ) ;
#4826 = AXIS2_PLACEMENT_3D ( 'NONE', #4501, #8076, #3111 ) ;
#4827 = VECTOR ( 'NONE', #8714, 1000.000000000000000 ) ;
#4828 = CARTESIAN_POINT ( 'NONE',  ( -0.05146316633015347200, 0.4799999999999999800, 0.06158484605036612000 ) ) ;
#4829 = CARTESIAN_POINT ( 'NONE',  ( -0.8000000000000037100, 0.4799999999999999800, -0.1107514334404884300 ) ) ;
#4830 =( NAMED_UNIT ( * ) SI_UNIT ( $, .STERADIAN. ) SOLID_ANGLE_UNIT ( ) );
#4831 = CARTESIAN_POINT ( 'NONE',  ( -0.2275649888927072400, 0.4798999999999999400, -0.07027117684042179200 ) ) ;
#4832 = CARTESIAN_POINT ( 'NONE',  ( 0.2082268217377376300, 0.4798999999999999400, 0.05468125584180188300 ) ) ;
#4833 = CARTESIAN_POINT ( 'NONE',  ( -0.8000000000000037100, 0.4799999999999999800, 0.5000000000000195400 ) ) ;
#4834 = LINE ( 'NONE', #4997, #6528 ) ;
#4835 = CARTESIAN_POINT ( 'NONE',  ( 0.7999999999999961600, 0.4099999999999999200, -0.4999999999999813500 ) ) ;
#4836 = FILL_AREA_STYLE ('',( #5286 ) ) ;
#4837 = ADVANCED_FACE ( 'NONE', ( #3975 ), #3030, .F. ) ;
#4838 = CARTESIAN_POINT ( 'NONE',  ( 0.2936711956114460000, 0.4798999999999999400, -0.01631886631771981400 ) ) ;
#4839 = EDGE_CURVE ( 'NONE', #4822, #7034, #8593, .T. ) ;
#4840 = FACE_OUTER_BOUND ( 'NONE', #4969, .T. ) ;
#4841 = PLANE ( 'NONE',  #5947 ) ;
#4842 = AXIS2_PLACEMENT_3D ( 'NONE', #2616, #7625, #3348 ) ;
#4843 = EDGE_CURVE ( 'NONE', #7041, #8441, #3315, .T. ) ;
#4844 = AXIS2_PLACEMENT_3D ( 'NONE', #1890, #6900, #2614 ) ;
#4845 = CARTESIAN_POINT ( 'NONE',  ( -0.7999999999999700700, 0.4799999999999999800, -0.4999999999999813500 ) ) ;
#4846 = CARTESIAN_POINT ( 'NONE',  ( -0.2381129603227704600, 0.4798999999999999400, 0.08754222616531967500 ) ) ;
#4847 = DIRECTION ( 'NONE',  ( -0.0000000000000000000, 1.000000000000000000, -0.0000000000000000000 ) ) ;
#4848 = FILL_AREA_STYLE_COLOUR ( '', #5801 ) ;
#4849 = LINE ( 'NONE', #3702, #8657 ) ;
#4850 = FACE_OUTER_BOUND ( 'NONE', #2070, .T. ) ;
#4851 = CARTESIAN_POINT ( 'NONE',  ( 0.04048538558779762900, 0.4800000000000000400, 0.07254183579028082600 ) ) ;
#4852 = FILL_AREA_STYLE ('',( #6963 ) ) ;
#4853 = CARTESIAN_POINT ( 'NONE',  ( 0.2501394639788847000, 0.4799999999999999800, 0.06701309461438399700 ) ) ;
#4854 = ORIENTED_EDGE ( 'NONE', *, *, #3312, .T. ) ;
#4855 =( LENGTH_UNIT ( ) NAMED_UNIT ( * ) SI_UNIT ( .MILLI., .METRE. ) );
#4856 = UNCERTAINTY_MEASURE_WITH_UNIT (LENGTH_MEASURE( 1.000000000000000100E-005 ), #6512, 'distance_accuracy_value', 'NONE');
#4857 = ORIENTED_EDGE ( 'NONE', *, *, #5843, .F. ) ;
#4858 = CARTESIAN_POINT ( 'NONE',  ( -0.7375000000000038200, 0.4299999999999999400, 0.5000000000000195400 ) ) ;
#4859 = SURFACE_STYLE_USAGE ( .BOTH. , #4197 ) ;
#4860 = ORIENTED_EDGE ( 'NONE', *, *, #3083, .T. ) ;
#4861 = CARTESIAN_POINT ( 'NONE',  ( 0.06680491740959561300, 0.4798999999999999400, -0.08234560558445241900 ) ) ;
#4862 = EDGE_CURVE ( 'NONE', #6600, #6365, #7111, .T. ) ;
#4863 = CARTESIAN_POINT ( 'NONE',  ( 0.02361835048342529600, 0.4800000000000000900, 0.02807624212241274800 ) ) ;
#4864 = PRESENTATION_STYLE_ASSIGNMENT (( #8931 ) ) ;
#4865 = EDGE_LOOP ( 'NONE', ( #1270, #8780, #7299, #9102 ) ) ;
#4866 = ORIENTED_EDGE ( 'NONE', *, *, #8752, .F. ) ;
#4867 = CARTESIAN_POINT ( 'NONE',  ( -0.03541912527250146900, 0.4798999999999999400, 0.03530045005552751700 ) ) ;
#4868 = SURFACE_STYLE_USAGE ( .BOTH. , #9152 ) ;
#4869 = CARTESIAN_POINT ( 'NONE',  ( -0.2277337582456542600, 0.4798999999999999400, -0.04241652988219474900 ) ) ;
#4870 = ORIENTED_EDGE ( 'NONE', *, *, #5280, .T. ) ;
#4871 = CARTESIAN_POINT ( 'NONE',  ( -0.2699713207242840400, 0.4798999999999999400, -0.08766625115907120100 ) ) ;
#4872 = ORIENTED_EDGE ( 'NONE', *, *, #8871, .T. ) ;
#4873 = CARTESIAN_POINT ( 'NONE',  ( 0.3029705002345284800, 0.4798999999999999400, 0.02726030227481218000 ) ) ;
#4874 = CARTESIAN_POINT ( 'NONE',  ( 0.2101694194834711500, 0.4799999999999999800, -0.03180510871650175200 ) ) ;
#4875 = CARTESIAN_POINT ( 'NONE',  ( -0.2139358487583085100, 0.4798999999999999400, -0.09693057458491216600 ) ) ;
#4876 = CARTESIAN_POINT ( 'NONE',  ( 0.3030457902948182100, 0.4799999999999994800, 0.01833346705683764500 ) ) ;
#4877 = SURFACE_STYLE_FILL_AREA ( #4350 ) ;
#4878 = FACE_OUTER_BOUND ( 'NONE', #6780, .T. ) ;
#4879 = ORIENTED_EDGE ( 'NONE', *, *, #2856, .T. ) ;
#4880 = LINE ( 'NONE', #4220, #2998 ) ;
#4881 = LINE ( 'NONE', #4368, #6794 ) ;
#4882 = CARTESIAN_POINT ( 'NONE',  ( 0.2562671834102793200, 0.4798999999999999400, -0.04307162364464444500 ) ) ;
#4883 = CARTESIAN_POINT ( 'NONE',  ( -0.04915067021660431800, 0.4798999999999999400, -0.1069507996255165300 ) ) ;
#4884 = UNCERTAINTY_MEASURE_WITH_UNIT (LENGTH_MEASURE( 1.000000000000000100E-005 ), #3922, 'distance_accuracy_value', 'NONE');
#4885 = CARTESIAN_POINT ( 'NONE',  ( 0.1005081031351723700, 0.4799999999999999800, -0.08384557868653648400 ) ) ;
#4886 = EDGE_LOOP ( 'NONE', ( #2066, #9159, #4205, #6499 ) ) ;
#4887 = FACE_OUTER_BOUND ( 'NONE', #902, .T. ) ;
#4888 = CARTESIAN_POINT ( 'NONE',  ( 0.2315023207729209300, 0.4799999999999999800, -0.02083765580415611300 ) ) ;
#4889 = SURFACE_STYLE_FILL_AREA ( #8682 ) ;
#4890 = SURFACE_SIDE_STYLE ('',( #55 ) ) ;
#4891 = ADVANCED_FACE ( 'NONE', ( #6878 ), #2417, .F. ) ;
#4892 = CARTESIAN_POINT ( 'NONE',  ( 0.2774386547504653600, 0.4799999999999999800, 0.02389209648765511200 ) ) ;
#4893 = FILL_AREA_STYLE_COLOUR ( '', #9223 ) ;
#4894 = STYLED_ITEM ( 'NONE', ( #1823 ), #4494 ) ;
#4895 = CARTESIAN_POINT ( 'NONE',  ( -0.2444505118480998800, 0.4798999999999999400, -0.02849983087638585300 ) ) ;
#4896 = VERTEX_POINT ( 'NONE', #3822 ) ;
#4897 = FILL_AREA_STYLE_COLOUR ( '', #9116 ) ;
#4898 = EDGE_CURVE ( 'NONE', #4012, #7665, #4311, .T. ) ;
#4899 = CARTESIAN_POINT ( 'NONE',  ( 0.02199248984826680500, 0.4799999999999999800, -0.03381477176352524300 ) ) ;
#4900 = DIRECTION ( 'NONE',  ( 1.000000000000000000, 0.0000000000000000000, 0.0000000000000000000 ) ) ;
#4901 = FILL_AREA_STYLE_COLOUR ( '', #695 ) ;
#4902 = CARTESIAN_POINT ( 'NONE',  ( -0.1199398601153296900, 0.4800000000000000400, -0.07928954667720115900 ) ) ;
#4903 = CARTESIAN_POINT ( 'NONE',  ( -0.03555546085018612700, 0.4799999999999999800, 0.02956846725566330800 ) ) ;
#4904 = CARTESIAN_POINT ( 'NONE',  ( 0.2914947114856441500, 0.4799999999999999800, 0.06257717813358745800 ) ) ;
#4905 =( LENGTH_UNIT ( ) NAMED_UNIT ( * ) SI_UNIT ( .MILLI., .METRE. ) );
#4906 = PRESENTATION_STYLE_ASSIGNMENT (( #4574 ) ) ;
#4907 = EDGE_LOOP ( 'NONE', ( #1258, #1157, #1517, #1544, #1196, #5571, #7537, #142, #1983, #6333, #376, #5996, #6407, #817, #2637, #8456 ) ) ;
#4908 = CARTESIAN_POINT ( 'NONE',  ( -0.2230688344906436600, 0.4799999999999999800, 0.05197725654786820200 ) ) ;
#4909 =( GEOMETRIC_REPRESENTATION_CONTEXT ( 3 ) GLOBAL_UNCERTAINTY_ASSIGNED_CONTEXT ( ( #1100 ) ) GLOBAL_UNIT_ASSIGNED_CONTEXT ( ( #8174, #3900, #8890 ) ) REPRESENTATION_CONTEXT ( 'NONE', 'WORKASPACE' ) );
#4910 = MANIFOLD_SOLID_BREP ( 'Boss-Extrude5', #174 ) ;
#4911 = CARTESIAN_POINT ( 'NONE',  ( -0.02329812598244858400, 0.4799999999999999800, -0.004323607012758710900 ) ) ;
#4912 = CARTESIAN_POINT ( 'NONE',  ( 0.3029289790344422100, 0.4798999999999999400, 0.01379025488641571300 ) ) ;
#4913 = VERTEX_POINT ( 'NONE', #237 ) ;
#4914 = CARTESIAN_POINT ( 'NONE',  ( -0.6799999999999998300, 0.4299999999999999400, -0.4499999999999999000 ) ) ;
#4915 = VERTEX_POINT ( 'NONE', #8846 ) ;
#4916 = CARTESIAN_POINT ( 'NONE',  ( -0.01227903748912554200, 0.4798999999999999400, -0.05434117703023201600 ) ) ;
#4917 =( NAMED_UNIT ( * ) SI_UNIT ( $, .STERADIAN. ) SOLID_ANGLE_UNIT ( ) );
#4918 = PRODUCT_DEFINITION ( 'UNKNOWN', '', #5394, #5353 ) ;
#4919 = CARTESIAN_POINT ( 'NONE',  ( -0.8000000000000037100, 0.4798999999999999400, -0.003059125748180666100 ) ) ;
#4920 = EDGE_CURVE ( 'NONE', #8042, #7660, #9110, .T. ) ;
#4921 = CARTESIAN_POINT ( 'NONE',  ( -0.2183852566322618000, 0.4798999999999999400, -0.01285867582440614900 ) ) ;
#4922 = CARTESIAN_POINT ( 'NONE',  ( 0.08772538748820649100, 0.4799999999999996500, -0.1106759205485954400 ) ) ;
#4923 = DIRECTION ( 'NONE',  ( 0.9812462574000521100, 0.0000000000000000000, 0.1927583521884091700 ) ) ;
#4924 = CARTESIAN_POINT ( 'NONE',  ( -0.007150832360920352800, 0.4798999999999999400, 0.03247773322617825100 ) ) ;
#4925 = CARTESIAN_POINT ( 'NONE',  ( 0.04948042335789060900, 0.4799999999999999800, -0.09977586022248262400 ) ) ;
#4926 = DIRECTION ( 'NONE',  ( -0.0000000000000000000, 0.0000000000000000000, -1.000000000000000000 ) ) ;
#4927 =( NAMED_UNIT ( * ) PLANE_ANGLE_UNIT ( ) SI_UNIT ( $, .RADIAN. ) );
#4928 = CARTESIAN_POINT ( 'NONE',  ( -0.07978705030963835500, 0.4798999999999999400, 0.09181266912361417400 ) ) ;
#4929 = CARTESIAN_POINT ( 'NONE',  ( -0.05486158551022651800, 0.4798999999999999400, 0.007625572139757398100 ) ) ;
#4930 = CARTESIAN_POINT ( 'NONE',  ( 0.7999999999999961600, 0.4299999999999999400, -0.4374999999999813500 ) ) ;
#4931 = UNCERTAINTY_MEASURE_WITH_UNIT (LENGTH_MEASURE( 1.000000000000000100E-005 ), #3028, 'distance_accuracy_value', 'NONE');
#4932 =( NAMED_UNIT ( * ) SI_UNIT ( $, .STERADIAN. ) SOLID_ANGLE_UNIT ( ) );
#4933 = CARTESIAN_POINT ( 'NONE',  ( -0.1949247564976442400, 0.4798999999999999400, 0.05778351706124351700 ) ) ;
#4934 = ADVANCED_FACE ( 'NONE', ( #1726 ), #8316, .T. ) ;
#4935 = DIRECTION ( 'NONE',  ( -0.0000000000000000000, -1.000000000000000000, -0.0000000000000000000 ) ) ;
#4936 =( LENGTH_UNIT ( ) NAMED_UNIT ( * ) SI_UNIT ( .MILLI., .METRE. ) );
#4937 = ORIENTED_EDGE ( 'NONE', *, *, #433, .T. ) ;
#4938 = LINE ( 'NONE', #2216, #3056 ) ;
#4939 = PRESENTATION_LAYER_ASSIGNMENT (  '', '', ( #3979 ) ) ;
#4940 = DIRECTION ( 'NONE',  ( 0.0000000000000000000, 0.0000000000000000000, 1.000000000000000000 ) ) ;
#4941 = PRESENTATION_LAYER_ASSIGNMENT (  '', '', ( #3981 ) ) ;
#4942 =( NAMED_UNIT ( * ) SI_UNIT ( $, .STERADIAN. ) SOLID_ANGLE_UNIT ( ) );
#4943 = CARTESIAN_POINT ( 'NONE',  ( -0.1353559605660486200, 0.4799999999999999800, 0.02001779732874236000 ) ) ;
#4944 = COLOUR_RGB ( '',0.2509803921568627400, 0.2509803921568627400, 0.2509803921568627400 ) ;
#4945 = CARTESIAN_POINT ( 'NONE',  ( 0.2774645522544642000, 0.4798999999999999400, 0.02218125886720390100 ) ) ;
#4946 = CARTESIAN_POINT ( 'NONE',  ( -0.1215939848083436700, 0.4799999999999999800, -0.04390716819442154500 ) ) ;
#4947 = CARTESIAN_POINT ( 'NONE',  ( -0.7300000000000020900, 0.0000000000000000000, -0.4299999999999967200 ) ) ;
#4948 = CARTESIAN_POINT ( 'NONE',  ( -0.1989316222552515700, 0.4800000000000000900, 0.002028765907778444100 ) ) ;
#4949 = CARTESIAN_POINT ( 'NONE',  ( 0.1295449516113071400, 0.4798999999999999400, -0.09156693057853256000 ) ) ;
#4950 = CARTESIAN_POINT ( 'NONE',  ( 0.05973917395315535300, 0.4799999999999999800, 0.08714282918330801300 ) ) ;
#4951 =( NAMED_UNIT ( * ) PLANE_ANGLE_UNIT ( ) SI_UNIT ( $, .RADIAN. ) );
#4952 = PLANE ( 'NONE',  #6451 ) ;
#4953 = CARTESIAN_POINT ( 'NONE',  ( 0.2005414753313876900, 0.4799999999999999800, 0.03283831014925515200 ) ) ;
#4954 = AXIS2_PLACEMENT_3D ( 'NONE', #362, #5386, #1078 ) ;
#4955 = CARTESIAN_POINT ( 'NONE',  ( -0.04333082763667355600, 0.4799999999999999800, 0.08478920166679493300 ) ) ;
#4956 = AXIS2_PLACEMENT_3D ( 'NONE', #4835, #541, #5577 ) ;
#4957 = UNCERTAINTY_MEASURE_WITH_UNIT (LENGTH_MEASURE( 1.000000000000000100E-005 ), #8600, 'distance_accuracy_value', 'NONE');
#4958 = SURFACE_SIDE_STYLE ('',( #575 ) ) ;
#4959 = CARTESIAN_POINT ( 'NONE',  ( 0.05493090049933837400, 0.4798999999999999400, 0.04937490075215274200 ) ) ;
#4960 = LINE ( 'NONE', #6071, #6855 ) ;
#4961 = DIRECTION ( 'NONE',  ( 0.3467321834683856900, 0.0000000000000000000, 0.9379641746608693400 ) ) ;
#4962 = CARTESIAN_POINT ( 'NONE',  ( -0.08623016032902695900, 0.4798999999999999400, 0.09175949764081486900 ) ) ;
#4963 = CARTESIAN_POINT ( 'NONE',  ( 0.1453337029061355900, 0.4799999999999999800, 0.03566248771235894900 ) ) ;
#4964 = CARTESIAN_POINT ( 'NONE',  ( 0.2087546163570286300, 0.4799999999999999800, -0.03074342061997555100 ) ) ;
#4965 = CARTESIAN_POINT ( 'NONE',  ( -0.2192631321514463300, 0.4799999999999998700, 0.08196728744728376500 ) ) ;
#4966 = SURFACE_STYLE_FILL_AREA ( #3244 ) ;
#4967 = ORIENTED_EDGE ( 'NONE', *, *, #9312, .F. ) ;
#4968 = VERTEX_POINT ( 'NONE', #8963 ) ;
#4969 = EDGE_LOOP ( 'NONE', ( #8482, #1219, #5188, #3205 ) ) ;
#4970 =( GEOMETRIC_REPRESENTATION_CONTEXT ( 3 ) GLOBAL_UNCERTAINTY_ASSIGNED_CONTEXT ( ( #8900 ) ) GLOBAL_UNIT_ASSIGNED_CONTEXT ( ( #8930, #4644, #343 ) ) REPRESENTATION_CONTEXT ( 'NONE', 'WORKASPACE' ) );
#4971 = CARTESIAN_POINT ( 'NONE',  ( -0.2194493922812022200, 0.4798999999999999400, 0.04469955880480359200 ) ) ;
#4972 = CARTESIAN_POINT ( 'NONE',  ( -0.2295499968785681100, 0.4799999999999999800, -0.07427956865508801600 ) ) ;
#4973 = CARTESIAN_POINT ( 'NONE',  ( 0.2773778014156608700, 0.4799999999999995900, 0.01737607437201899700 ) ) ;
#4974 = ORIENTED_EDGE ( 'NONE', *, *, #7774, .F. ) ;
#4975 = VERTEX_POINT ( 'NONE', #6021 ) ;
#4976 =( NAMED_UNIT ( * ) PLANE_ANGLE_UNIT ( ) SI_UNIT ( $, .RADIAN. ) );
#4977 = ORIENTED_EDGE ( 'NONE', *, *, #6650, .T. ) ;
#4978 = ORIENTED_EDGE ( 'NONE', *, *, #1966, .T. ) ;
#4979 = CARTESIAN_POINT ( 'NONE',  ( 0.2965513324230236200, 0.4799999999999999800, -0.01091416471019558900 ) ) ;
#4980 = CARTESIAN_POINT ( 'NONE',  ( -0.1893015719068190900, 0.4798999999999999400, 0.02775354848935840700 ) ) ;
#4981 = ADVANCED_FACE ( 'NONE', ( #2746 ), #2060, .F. ) ;
#4982 = CARTESIAN_POINT ( 'NONE',  ( 0.1459136359114474900, 0.4799999999999996500, -0.05166443431078723100 ) ) ;
#4983 = PRESENTATION_STYLE_ASSIGNMENT (( #5959 ) ) ;
#4984 =( NAMED_UNIT ( * ) PLANE_ANGLE_UNIT ( ) SI_UNIT ( $, .RADIAN. ) );
#4985 =( NAMED_UNIT ( * ) SI_UNIT ( $, .STERADIAN. ) SOLID_ANGLE_UNIT ( ) );
#4986 = EDGE_LOOP ( 'NONE', ( #3342, #8580, #5552, #1834 ) ) ;
#4987 = CARTESIAN_POINT ( 'NONE',  ( -0.2226614949798173500, 0.4799999999999998700, 0.01197032204480888600 ) ) ;
#4988 = EDGE_CURVE ( 'NONE', #8994, #1739, #366, .T. ) ;
#4989 = FACE_OUTER_BOUND ( 'NONE', #848, .T. ) ;
#4990 = EDGE_CURVE ( 'NONE', #7354, #4998, #3966, .T. ) ;
#4991 = VERTEX_POINT ( 'NONE', #1122 ) ;
#4992 = SURFACE_SIDE_STYLE ('',( #1047 ) ) ;
#4993 = COLOUR_RGB ( '',1.000000000000000000, 1.000000000000000000, 0.5019607843137254800 ) ;
#4994 = VECTOR ( 'NONE', #6453, 1000.000000000000000 ) ;
#4995 = DIRECTION ( 'NONE',  ( 0.0000000000000000000, 0.0000000000000000000, 1.000000000000000000 ) ) ;
#4996 = SURFACE_STYLE_USAGE ( .BOTH. , #9291 ) ;
#4997 = CARTESIAN_POINT ( 'NONE',  ( -0.03535596056604862300, 0.4798999999999999400, 0.03383991271335774800 ) ) ;
#4998 = VERTEX_POINT ( 'NONE', #6864 ) ;
#4999 = CARTESIAN_POINT ( 'NONE',  ( -0.1198219407877447700, 0.4799999999999998700, 0.08547937120631721200 ) ) ;
#5000 = CARTESIAN_POINT ( 'NONE',  ( 0.2773778014156608700, 0.4799999999999999800, 0.01737607437201899700 ) ) ;
#5001 = CARTESIAN_POINT ( 'NONE',  ( 0.1092363737084014900, 0.4799999999999999800, 0.08754455524169688100 ) ) ;
#5002 =( GEOMETRIC_REPRESENTATION_CONTEXT ( 3 ) GLOBAL_UNCERTAINTY_ASSIGNED_CONTEXT ( ( #2029 ) ) GLOBAL_UNIT_ASSIGNED_CONTEXT ( ( #3593, #8589, #4293 ) ) REPRESENTATION_CONTEXT ( 'NONE', 'WORKASPACE' ) );
#5003 = CARTESIAN_POINT ( 'NONE',  ( -0.2628399349250230000, 0.4798999999999999400, 0.08924856655951159100 ) ) ;
#5004 = B_SPLINE_CURVE_WITH_KNOTS ( 'NONE', 3,
 ( #3704, #3552, #105, #5128, #843, #5866, #1559, #6586, #2288, #7295, #3029 ),
 .UNSPECIFIED., .F., .F.,
 ( 4, 1, 1, 1, 1, 1, 1, 1, 4 ),
 ( 0.0000000000000000000, 0.08388811327954566500, 0.1771540327539696500, 0.2825136355617229300, 0.3993998606601628600, 0.5294908061912203500, 0.6728021776758328400, 0.8295357616196701300, 1.000000000000000000 ),
 .UNSPECIFIED. ) ;
#5005 = ORIENTED_EDGE ( 'NONE', *, *, #1418, .F. ) ;
#5006 = VECTOR ( 'NONE', #3797, 1000.000000000000000 ) ;
#5007 = B_SPLINE_CURVE_WITH_KNOTS ( 'NONE', 3,
 ( #4943, #50, #8635, #778, #5812, #1494, #6518, #2231, #7232, #2958, #7950, #3677, #8662, #4383, #79 ),
 .UNSPECIFIED., .F., .F.,
 ( 4, 1, 1, 1, 1, 1, 1, 1, 1, 1, 1, 1, 4 ),
 ( 0.0000000000000000000, 0.09379647069693197700, 0.1801880710186106700, 0.2603631916661888200, 0.3348466760639743400, 0.4070930058327157900, 0.4814483792884679500, 0.5592709137563655100, 0.6422698113109349700, 0.7285859445716477100, 0.8159775452756133900, 0.9060351298875352100, 1.000000000000000000 ),
 .UNSPECIFIED. ) ;
#5008 = FILL_AREA_STYLE_COLOUR ( '', #8126 ) ;
#5009 = CARTESIAN_POINT ( 'NONE',  ( -0.2716139733865614600, 0.4799999999999999800, -0.08767451036356532800 ) ) ;
#5010 = CARTESIAN_POINT ( 'NONE',  ( 0.2673938308525509700, 0.4798999999999999400, -0.009470753861549862900 ) ) ;
#5011 = CARTESIAN_POINT ( 'NONE',  ( 0.02281039783921088800, 0.4800000000000000900, -0.04117418641858437000 ) ) ;
#5012 = ORIENTED_EDGE ( 'NONE', *, *, #3312, .F. ) ;
#5013 = PRESENTATION_LAYER_ASSIGNMENT (  '', '', ( #4040 ) ) ;
#5014 = CARTESIAN_POINT ( 'NONE',  ( -0.05646805047816530500, 0.4799999999999999800, 0.06413868136176266400 ) ) ;
#5015 = CARTESIAN_POINT ( 'NONE',  ( 0.1492408512516483500, 0.4798999999999999400, -0.01179319438451948700 ) ) ;
#5016 = CARTESIAN_POINT ( 'NONE',  ( 0.04931397984084792700, 0.4799999999999999300, 0.03019915236287946900 ) ) ;
#5017 = CARTESIAN_POINT ( 'NONE',  ( -0.2574185700051243600, 0.4798999999999999400, -0.002976415303331237300 ) ) ;
#5018 = CARTESIAN_POINT ( 'NONE',  ( -0.7500000000000000000, 0.4299999999999999400, 0.3799999999999998900 ) ) ;
#5019 = CARTESIAN_POINT ( 'NONE',  ( 0.1491816909009880400, 0.4798999999999999400, -0.0009867004230227191400 ) ) ;
#5020 = VECTOR ( 'NONE', #81, 1000.000000000000000 ) ;
#5021 = EDGE_LOOP ( 'NONE', ( #2263, #4063, #1870, #6234 ) ) ;
#5022 = CARTESIAN_POINT ( 'NONE',  ( 0.08355178776986742200, 0.4799999999999999800, -0.08763974422643290600 ) ) ;
#5023 = EDGE_CURVE ( 'NONE', #839, #3644, #148, .T. ) ;
#5024 =( NAMED_UNIT ( * ) SI_UNIT ( $, .STERADIAN. ) SOLID_ANGLE_UNIT ( ) );
#5025 = SURFACE_SIDE_STYLE ('',( #1751 ) ) ;
#5026 = CARTESIAN_POINT ( 'NONE',  ( 0.2007953617401702600, 0.4799999999999999800, 0.03428304122055190300 ) ) ;
#5027 =( NAMED_UNIT ( * ) SI_UNIT ( $, .STERADIAN. ) SOLID_ANGLE_UNIT ( ) );
#5028 = CARTESIAN_POINT ( 'NONE',  ( -0.1472208413877373300, 0.4798999999999999400, 0.06607486546877371100 ) ) ;
#5029 = CARTESIAN_POINT ( 'NONE',  ( 0.2465866047535076000, 0.4799999999999999800, -0.02038134016051511300 ) ) ;
#5030 =( NAMED_UNIT ( * ) PLANE_ANGLE_UNIT ( ) SI_UNIT ( $, .RADIAN. ) );
#5031 = CARTESIAN_POINT ( 'NONE',  ( 0.6800000000000000500, 0.4299999999999999400, -0.4500000000000000700 ) ) ;
#5032 = EDGE_CURVE ( 'NONE', #5787, #4736, #5666, .T. ) ;
#5033 = B_SPLINE_CURVE_WITH_KNOTS ( 'NONE', 3,
 ( #4851, #6245, #5592, #1273, #6306, #2003, #7016, #2733, #7734, #3459, #8449 ),
 .UNSPECIFIED., .F., .F.,
 ( 4, 1, 1, 1, 1, 1, 1, 1, 4 ),
 ( 0.0000000000000000000, 0.09742066817721496700, 0.2008855880393209700, 0.3111719701726503600, 0.4297979458253727300, 0.5577399263645875800, 0.6947152693641586200, 0.8421299102060551000, 1.000000000000000000 ),
 .UNSPECIFIED. ) ;
#5034 = MECHANICAL_DESIGN_GEOMETRIC_PRESENTATION_REPRESENTATION (  '', ( #3608 ), #5512 ) ;
#5035 = SURFACE_STYLE_FILL_AREA ( #9192 ) ;
#5036 = DIRECTION ( 'NONE',  ( -1.000000000000000000, 0.0000000000000000000, 0.0000000000000000000 ) ) ;
#5037 = CARTESIAN_POINT ( 'NONE',  ( -0.7375000000000038200, 0.4299999999999999400, 0.5000000000000195400 ) ) ;
#5038 = CARTESIAN_POINT ( 'NONE',  ( 0.1235475941732722700, 0.4798999999999999400, -0.02045295573512287800 ) ) ;
#5039 = CARTESIAN_POINT ( 'NONE',  ( 0.2465866047535076000, 0.4799999999999995900, -0.02038134016051511300 ) ) ;
#5040 = SURFACE_STYLE_FILL_AREA ( #1226 ) ;
#5041 = CARTESIAN_POINT ( 'NONE',  ( 0.03452472669895291500, 0.4798999999999999400, -0.08163327420180636900 ) ) ;
#5042 = EDGE_CURVE ( 'NONE', #7126, #1605, #7772, .T. ) ;
#5043 = CARTESIAN_POINT ( 'NONE',  ( 0.4509627071140558400, 0.4798999999999999400, -0.07902419223646857400 ) ) ;
#5044 = CARTESIAN_POINT ( 'NONE',  ( -0.2198917057413443100, 0.4798999999999999400, -0.01943244407281143100 ) ) ;
#5045 = CARTESIAN_POINT ( 'NONE',  ( 0.06677033333452078700, 0.4798999999999999400, 0.06291913640529754600 ) ) ;
#5046 = EDGE_LOOP ( 'NONE', ( #5433, #3930, #7663, #7566 ) ) ;
#5047 = CARTESIAN_POINT ( 'NONE',  ( 0.5146440394339514300, 0.4798999999999999900, 0.06128382296976800400 ) ) ;
#5048 = COLOUR_RGB ( '',0.2509803921568627400, 0.2509803921568627400, 0.2509803921568627400 ) ;
#5049 = CARTESIAN_POINT ( 'NONE',  ( 0.1276230948741368900, 0.4798999999999999400, 0.07456518512417424600 ) ) ;
#5050 = CARTESIAN_POINT ( 'NONE',  ( 0.06680491740959561300, 0.4799999999999999800, -0.08234560558445241900 ) ) ;
#5051 = FILL_AREA_STYLE_COLOUR ( '', #6421 ) ;
#5052 = CARTESIAN_POINT ( 'NONE',  ( 0.3919716946706617900, 0.4798999999999999400, 0.04220109409201679200 ) ) ;
#5053 = CARTESIAN_POINT ( 'NONE',  ( 0.2265767697872150800, 0.4799999999999999800, 0.06750199996724409700 ) ) ;
#5054 = CARTESIAN_POINT ( 'NONE',  ( 0.2878010907160026800, 0.4799999999999999800, 0.06753382296976800900 ) ) ;
#5055 = CARTESIAN_POINT ( 'NONE',  ( -0.1606355676415114600, 0.4799999999999998700, 0.04018089860937548700 ) ) ;
#5056 =( NAMED_UNIT ( * ) PLANE_ANGLE_UNIT ( ) SI_UNIT ( $, .RADIAN. ) );
#5057 = CARTESIAN_POINT ( 'NONE',  ( 0.05973917395315535300, 0.4799999999999999800, 0.08714282918330801300 ) ) ;
#5058 = STYLED_ITEM ( 'NONE', ( #2802 ), #2796 ) ;
#5059 = SURFACE_SIDE_STYLE ('',( #5771 ) ) ;
#5060 =( GEOMETRIC_REPRESENTATION_CONTEXT ( 3 ) GLOBAL_UNCERTAINTY_ASSIGNED_CONTEXT ( ( #6877 ) ) GLOBAL_UNIT_ASSIGNED_CONTEXT ( ( #7084, #2823, #7814 ) ) REPRESENTATION_CONTEXT ( 'NONE', 'WORKASPACE' ) );
#5061 = CARTESIAN_POINT ( 'NONE',  ( 0.1155914086579917000, 0.4799999999999995400, -0.06762977501357908500 ) ) ;
#5062 = SURFACE_STYLE_USAGE ( .BOTH. , #49 ) ;
#5063 = CARTESIAN_POINT ( 'NONE',  ( 0.4362385907160029600, 0.4798999999999999400, -0.1107514334404884300 ) ) ;
#5064 = PRESENTATION_STYLE_ASSIGNMENT (( #3372 ) ) ;
#5065 = CARTESIAN_POINT ( 'NONE',  ( 0.05315748863583925900, 0.4800000000000000900, -0.1023621177836013700 ) ) ;
#5066 =( LENGTH_UNIT ( ) NAMED_UNIT ( * ) SI_UNIT ( .MILLI., .METRE. ) );
#5067 = CARTESIAN_POINT ( 'NONE',  ( 0.08515685994677196800, 0.4799999999999999300, 0.06873574604669108200 ) ) ;
#5068 = CARTESIAN_POINT ( 'NONE',  ( -0.8000000000000017100, 0.4299999999999999400, 0.4375000000000195400 ) ) ;
#5069 = EDGE_CURVE ( 'NONE', #549, #8435, #255, .T. ) ;
#5070 = APPLICATION_PROTOCOL_DEFINITION ( 'draft international standard', 'automotive_design', 1998, #5821 ) ;
#5071 = ORIENTED_EDGE ( 'NONE', *, *, #697, .T. ) ;
#5072 = PRESENTATION_LAYER_ASSIGNMENT (  '', '', ( #4117 ) ) ;
#5073 = EDGE_LOOP ( 'NONE', ( #4870, #3089, #1578, #3412 ) ) ;
#5074 = CARTESIAN_POINT ( 'NONE',  ( -0.3097149349250229400, 0.4798999999999999400, 0.06617164348258851300 ) ) ;
#5075 = CARTESIAN_POINT ( 'NONE',  ( 0.3967353855877977000, 0.4799999999999999800, 0.02574696399540903400 ) ) ;
#5076 = DIRECTION ( 'NONE',  ( -1.000000000000000000, 0.0000000000000000000, 0.0000000000000000000 ) ) ;
#5077 = SURFACE_STYLE_USAGE ( .BOTH. , #65 ) ;
#5078 = CARTESIAN_POINT ( 'NONE',  ( 0.5146440394339514300, 0.4798999999999999900, 0.06128382296976800400 ) ) ;
#5079 = ORIENTED_EDGE ( 'NONE', *, *, #6133, .T. ) ;
#5080 = CARTESIAN_POINT ( 'NONE',  ( -0.06875685922795318800, 0.4798999999999999400, 0.002759691218717379200 ) ) ;
#5081 = ORIENTED_EDGE ( 'NONE', *, *, #6935, .T. ) ;
#5082 = FACE_OUTER_BOUND ( 'NONE', #7704, .T. ) ;
#5083 = CARTESIAN_POINT ( 'NONE',  ( 0.0000000000000000000, -0.02000000000000000000, 0.0000000000000000000 ) ) ;
#5084 = CARTESIAN_POINT ( 'NONE',  ( 0.2129478690239901800, 0.4799999999999999800, -0.03389009619556146400 ) ) ;
#5085 = MECHANICAL_DESIGN_GEOMETRIC_PRESENTATION_REPRESENTATION (  '', ( #3669 ), #5585 ) ;
#5086 = SURFACE_STYLE_FILL_AREA ( #8209 ) ;
#5087 = EDGE_LOOP ( 'NONE', ( #3468, #773, #6801, #5319, #5199, #7216, #1903, #139, #7447, #5910, #4188, #1995, #8246, #8613, #7944, #8252, #4186, #3088, #3190 ) ) ;
#5088 = VECTOR ( 'NONE', #6014, 1000.000000000000000 ) ;
#5089 = CARTESIAN_POINT ( 'NONE',  ( -0.1182616196708899900, 0.4798999999999999400, -0.04082142593411198400 ) ) ;
#5090 = ORIENTED_EDGE ( 'NONE', *, *, #512, .T. ) ;
#5091 = PRESENTATION_LAYER_ASSIGNMENT (  '', '', ( #4616 ) ) ;
#5092 = ORIENTED_EDGE ( 'NONE', *, *, #722, .T. ) ;
#5093 = CARTESIAN_POINT ( 'NONE',  ( 0.5113652178394299000, 0.4798999999999999900, 0.04376363189639433800 ) ) ;
#5094 = CARTESIAN_POINT ( 'NONE',  ( 0.09307171529528447700, 0.4798999999999999400, -0.08680220982649150500 ) ) ;
#5095 = CARTESIAN_POINT ( 'NONE',  ( -0.4637668159616974400, 0.4798999999999999400, -0.05965593747061195800 ) ) ;
#5096 = CARTESIAN_POINT ( 'NONE',  ( 0.5321921163570284600, 0.4798999999999999400, 0.08924856655951159100 ) ) ;
#5097 = CARTESIAN_POINT ( 'NONE',  ( 0.08340614431407689100, 0.4798999999999999400, -0.1107241482646432600 ) ) ;
#5098 = ORIENTED_EDGE ( 'NONE', *, *, #8643, .T. ) ;
#5099 = LINE ( 'NONE', #2068, #8910 ) ;
#5100 = LINE ( 'NONE', #2357, #7009 ) ;
#5101 = CARTESIAN_POINT ( 'NONE',  ( 0.5534661548185667600, 0.4799999999999999800, -0.1107514334404884300 ) ) ;
#5102 = CARTESIAN_POINT ( 'NONE',  ( -0.2380650438063256200, 0.4799999999999999300, -0.1084050912270237300 ) ) ;
#5103 = SURFACE_SIDE_STYLE ('',( #2173 ) ) ;
#5104 = CARTESIAN_POINT ( 'NONE',  ( -0.2452918580019460300, 0.4799999999999999800, 0.06521010502105005500 ) ) ;
#5105 = PRODUCT_CONTEXT ( 'NONE', #5821, 'mechanical' ) ;
#5106 = EDGE_CURVE ( 'NONE', #5498, #2435, #3526, .T. ) ;
#5107 = ORIENTED_EDGE ( 'NONE', *, *, #182, .F. ) ;
#5108 =( NAMED_UNIT ( * ) PLANE_ANGLE_UNIT ( ) SI_UNIT ( $, .RADIAN. ) );
#5109 =( LENGTH_UNIT ( ) NAMED_UNIT ( * ) SI_UNIT ( .MILLI., .METRE. ) );
#5110 = CARTESIAN_POINT ( 'NONE',  ( -0.09547536417299895600, 0.4799999999999999800, -0.004451587916966088900 ) ) ;
#5111 = CARTESIAN_POINT ( 'NONE',  ( -0.2275649888927072400, 0.4799999999999999800, -0.07027117684042179200 ) ) ;
#5112 = CARTESIAN_POINT ( 'NONE',  ( 0.7499999999999998900, 0.4299999999999999400, -0.3799999999999998900 ) ) ;
#5113 =( LENGTH_UNIT ( ) NAMED_UNIT ( * ) SI_UNIT ( .MILLI., .METRE. ) );
#5114 = CARTESIAN_POINT ( 'NONE',  ( -0.1011733214317817500, 0.4799999999999999800, -0.006040134328138619500 ) ) ;
#5115 = CARTESIAN_POINT ( 'NONE',  ( 0.02503808343326465200, 0.4798999999999999400, -0.05467564024015162500 ) ) ;
#5116 = UNCERTAINTY_MEASURE_WITH_UNIT (LENGTH_MEASURE( 1.000000000000000100E-005 ), #2214, 'distance_accuracy_value', 'NONE');
#5117 =( GEOMETRIC_REPRESENTATION_CONTEXT ( 3 ) GLOBAL_UNCERTAINTY_ASSIGNED_CONTEXT ( ( #6232 ) ) GLOBAL_UNIT_ASSIGNED_CONTEXT ( ( #2041, #7052, #2785 ) ) REPRESENTATION_CONTEXT ( 'NONE', 'WORKASPACE' ) );
#5118 = EDGE_LOOP ( 'NONE', ( #597, #1388, #1501, #9061 ) ) ;
#5119 = DIRECTION ( 'NONE',  ( 0.0000000000000000000, 1.000000000000000000, 0.0000000000000000000 ) ) ;
#5120 = CARTESIAN_POINT ( 'NONE',  ( 0.2428600397007678300, 0.4798999999999999400, -0.04405078362469813700 ) ) ;
#5121 = VECTOR ( 'NONE', #221, 1000.000000000000000 ) ;
#5122 = CARTESIAN_POINT ( 'NONE',  ( -0.09064125540633401200, 0.4799999999999999300, -0.03025416374167192200 ) ) ;
#5123 = DIRECTION ( 'NONE',  ( 2.853163611803960300E-016, 0.0000000000000000000, 1.000000000000000000 ) ) ;
#5124 = CARTESIAN_POINT ( 'NONE',  ( 0.04824450795311535600, 0.4799999999999999800, -0.04031581158022795600 ) ) ;
#5125 = DIRECTION ( 'NONE',  ( -0.2201696736696640800, 0.0000000000000000000, -0.9754615906309144200 ) ) ;
#5126 = FACE_BOUND ( 'NONE', #8849, .T. ) ;
#5127 = DIRECTION ( 'NONE',  ( 0.0000000000000000000, 0.0000000000000000000, 1.000000000000000000 ) ) ;
#5128 = CARTESIAN_POINT ( 'NONE',  ( 0.05305640521007182200, 0.4799999999999999800, -0.06316643407763482300 ) ) ;
#5129 = CARTESIAN_POINT ( 'NONE',  ( -0.2462655905534579200, 0.4798999999999999400, 0.06535306749464529800 ) ) ;
#5130 = EDGE_LOOP ( 'NONE', ( #4664, #5363, #4360, #4671 ) ) ;
#5131 = CARTESIAN_POINT ( 'NONE',  ( 0.08515685994677196800, 0.4798999999999999400, 0.09181266912361416000 ) ) ;
#5132 = ORIENTED_EDGE ( 'NONE', *, *, #3780, .T. ) ;
#5133 =( GEOMETRIC_REPRESENTATION_CONTEXT ( 3 ) GLOBAL_UNCERTAINTY_ASSIGNED_CONTEXT ( ( #396 ) ) GLOBAL_UNIT_ASSIGNED_CONTEXT ( ( #2397, #7398, #3125 ) ) REPRESENTATION_CONTEXT ( 'NONE', 'WORKASPACE' ) );
#5134 = CARTESIAN_POINT ( 'NONE',  ( 0.2370398727672847500, 0.4798999999999999400, 0.09181266912361416000 ) ) ;
#5135 = CARTESIAN_POINT ( 'NONE',  ( -0.2046381056603546200, 0.4798999999999999400, -0.08572535014620719100 ) ) ;
#5136 = CARTESIAN_POINT ( 'NONE',  ( -0.2575600292699474800, 0.4799999999999999800, -0.1107304099711449900 ) ) ;
#5137 = PRESENTATION_LAYER_ASSIGNMENT (  '', '', ( #4662 ) ) ;
#5138 = CARTESIAN_POINT ( 'NONE',  ( -0.2438958145958427500, 0.4798999999999999400, 0.06491667084299003500 ) ) ;
#5139 = SURFACE_STYLE_FILL_AREA ( #5403 ) ;
#5140 = ORIENTED_EDGE ( 'NONE', *, *, #2168, .T. ) ;
#5141 = VERTEX_POINT ( 'NONE', #4808 ) ;
#5142 = UNCERTAINTY_MEASURE_WITH_UNIT (LENGTH_MEASURE( 1.000000000000000100E-005 ), #7462, 'distance_accuracy_value', 'NONE');
#5143 = MECHANICAL_DESIGN_GEOMETRIC_PRESENTATION_REPRESENTATION (  '', ( #3718 ), #5644 ) ;
#5144 = CARTESIAN_POINT ( 'NONE',  ( 0.2501394639788847000, 0.4798999999999999400, 0.06701309461438399700 ) ) ;
#5145 = CARTESIAN_POINT ( 'NONE',  ( -0.2477371292948051500, 0.4798999999999999400, -0.08611474020080224500 ) ) ;
#5146 = CARTESIAN_POINT ( 'NONE',  ( 0.2750270306551428300, 0.4798999999999999400, 0.004287090166399186400 ) ) ;
#5147 = CARTESIAN_POINT ( 'NONE',  ( 0.2261098393819077600, 0.4798999999999999400, -0.04080584119551884700 ) ) ;
#5148 = CARTESIAN_POINT ( 'NONE',  ( -0.1263415374891254900, 0.4798999999999999400, -0.01531874113279610300 ) ) ;
#5149 = CARTESIAN_POINT ( 'NONE',  ( 0.2372001291775411900, 0.4799999999999999800, 0.06873574604669108200 ) ) ;
#5150 = PRESENTATION_LAYER_ASSIGNMENT (  '', '', ( #4180 ) ) ;
#5151 = FACE_OUTER_BOUND ( 'NONE', #3210, .T. ) ;
#5152 = CARTESIAN_POINT ( 'NONE',  ( -0.04921710220374921100, 0.4798999999999999400, -0.01875159070814003500 ) ) ;
#5153 = DIRECTION ( 'NONE',  ( -0.0000000000000000000, 1.000000000000000000, -0.0000000000000000000 ) ) ;
#5154 = CARTESIAN_POINT ( 'NONE',  ( -0.08288149637855549100, 0.4799999999999999800, -0.1132340512281751300 ) ) ;
#5155 = CARTESIAN_POINT ( 'NONE',  ( 0.3819043607821415700, 0.4798999999999999400, 0.04106043031357707600 ) ) ;
#5156 = DIRECTION ( 'NONE',  ( -0.3690140269754866900, 0.0000000000000000000, -0.9294238257626790100 ) ) ;
#5157 =( LENGTH_UNIT ( ) NAMED_UNIT ( * ) SI_UNIT ( .MILLI., .METRE. ) );
#5158 = CARTESIAN_POINT ( 'NONE',  ( 0.1221616069265563800, 0.4799999999999999800, 0.02169818436589617000 ) ) ;
#5159 = ORIENTED_EDGE ( 'NONE', *, *, #9179, .T. ) ;
#5160 = EDGE_CURVE ( 'NONE', #8599, #7354, #7903, .T. ) ;
#5161 = FILL_AREA_STYLE ('',( #8733 ) ) ;
#5162 = B_SPLINE_SURFACE_WITH_KNOTS ( 'NONE', 3, 1, ( 
 ( #3735, #3058 ),
 ( #8053, #3773 ),
 ( #8759, #4480 ),
 ( #186, #5191 ),
 ( #903, #5941 ),
 ( #1630, #6647 ),
 ( #2360, #7368 ),
 ( #3084, #8079 ),
 ( #3800, #8792 ),
 ( #4506, #211 ),
 ( #5228, #928 ),
 ( #5965, #1660 ),
 ( #6682, #2385 ),
 ( #7392, #3116 ),
 ( #8100, #3826 ),
 ( #8822, #4540 ),
 ( #239, #5254 ),
 ( #967, #5991 ),
 ( #1686, #6704 ),
 ( #2424, #7417 ),
 ( #3143, #8136 ),
 ( #3853, #8851 ),
 ( #4573, #270 ),
 ( #5283, #991 ),
 ( #6026, #1712 ),
 ( #6732, #2450 ),
 ( #7446, #3171 ) ),
 .UNSPECIFIED., .F., .F., .F.,
 ( 4, 1, 1, 1, 1, 1, 1, 1, 1, 1, 1, 1, 1, 1, 1, 1, 1, 1, 1, 1, 1, 1, 1, 1, 4 ),
 ( 2, 2 ),
 ( 0.0000000000000000000, 0.06287394621143259400, 0.1228366299919130400, 0.1796565674430314300, 0.2339600122308622400, 0.2855950186955589200, 0.3345131060783808600, 0.3809048259061766900, 0.4248945919393347600, 0.4665290347654875700, 0.5064882940692466700, 0.5450315536447545300, 0.5818311798231345900, 0.6174482799494435100, 0.6520669127690462700, 0.6858797142465107300, 0.7191745547913927000, 0.7521816462063934900, 0.7852401639180915900, 0.8186564497770839600, 0.8525477406533118500, 0.8876263422585191100, 0.9236350780687508900, 0.9610218444769893500, 1.000000000000000000 ),
 ( 0.0000000000000000000, 1.000000000000000000 ),
 .UNSPECIFIED. ) ;
#5163 = CARTESIAN_POINT ( 'NONE',  ( -0.2085008602792692800, 0.4799999999999999800, -0.02876636416621974500 ) ) ;
#5164 = DIRECTION ( 'NONE',  ( -1.260700200564540100E-016, -0.0000000000000000000, -1.000000000000000000 ) ) ;
#5165 = CARTESIAN_POINT ( 'NONE',  ( -0.04333082763667355600, 0.4798999999999999400, 0.08478920166679493300 ) ) ;
#5166 = COLOUR_RGB ( '',0.2509803921568627400, 0.2509803921568627400, 0.2509803921568627400 ) ;
#5167 = PRESENTATION_LAYER_ASSIGNMENT (  '', '', ( #4210 ) ) ;
#5168 = CARTESIAN_POINT ( 'NONE',  ( -0.6799999999999998300, 0.4099999999999999200, -0.4499999999999999000 ) ) ;
#5169 = CARTESIAN_POINT ( 'NONE',  ( 0.2774386547504653600, 0.4798999999999999400, 0.02389209648765511200 ) ) ;
#5170 = DIRECTION ( 'NONE',  ( 0.0000000000000000000, -0.0000000000000000000, 1.000000000000000000 ) ) ;
#5171 = CARTESIAN_POINT ( 'NONE',  ( -0.2699713207242840400, 0.4799999999999999800, -0.08766625115907120100 ) ) ;
#5172 = FACE_OUTER_BOUND ( 'NONE', #1440, .T. ) ;
#5173 = CARTESIAN_POINT ( 'NONE',  ( 0.2373203214852334900, 0.4798999999999999400, -0.02100784369689868300 ) ) ;
#5174 = FILL_AREA_STYLE_COLOUR ( '', #4993 ) ;
#5175 = SURFACE_STYLE_FILL_AREA ( #7686 ) ;
#5176 = CARTESIAN_POINT ( 'NONE',  ( -0.1154036699570989700, 0.4799999999999999800, -0.03908890000646136200 ) ) ;
#5177 = CARTESIAN_POINT ( 'NONE',  ( 0.3688507702031823000, 0.4798999999999999400, 0.08924856655951155000 ) ) ;
#5178 = CARTESIAN_POINT ( 'NONE',  ( -0.01778709462469491000, 0.4799999999999999800, -0.07844774565217435500 ) ) ;
#5179 = PRESENTATION_STYLE_ASSIGNMENT (( #9190 ) ) ;
#5180 =( LENGTH_UNIT ( ) NAMED_UNIT ( * ) SI_UNIT ( .MILLI., .METRE. ) );
#5181 =( GEOMETRIC_REPRESENTATION_CONTEXT ( 3 ) GLOBAL_UNCERTAINTY_ASSIGNED_CONTEXT ( ( #7167 ) ) GLOBAL_UNIT_ASSIGNED_CONTEXT ( ( #4819, #526, #5558 ) ) REPRESENTATION_CONTEXT ( 'NONE', 'WORKASPACE' ) );
#5182 = STYLED_ITEM ( 'NONE', ( #4274 ), #7047 ) ;
#5183 = CARTESIAN_POINT ( 'NONE',  ( -0.03821822900172235100, 0.4798999999999999400, 0.04688309419696026100 ) ) ;
#5184 = DIRECTION ( 'NONE',  ( -1.260700200564540100E-016, -0.0000000000000000000, -1.000000000000000000 ) ) ;
#5185 = CARTESIAN_POINT ( 'NONE',  ( -0.2513466869853889200, 0.4798999999999999400, -0.02702259267880808800 ) ) ;
#5186 = ORIENTED_EDGE ( 'NONE', *, *, #6955, .F. ) ;
#5187 = MECHANICAL_DESIGN_GEOMETRIC_PRESENTATION_REPRESENTATION (  '', ( #3769 ), #5697 ) ;
#5188 = ORIENTED_EDGE ( 'NONE', *, *, #3374, .T. ) ;
#5189 = VERTEX_POINT ( 'NONE', #540 ) ;
#5190 = SURFACE_STYLE_FILL_AREA ( #6974 ) ;
#5191 = CARTESIAN_POINT ( 'NONE',  ( 0.1488762657706486900, 0.4799999999999993200, 0.007138470274214762100 ) ) ;
#5192 = B_SPLINE_SURFACE_WITH_KNOTS ( 'NONE', 3, 1, ( 
 ( #5863, #8726 ),
 ( #4446, #132 ),
 ( #5155, #870 ),
 ( #5903, #1586 ),
 ( #6617, #2324 ) ),
 .UNSPECIFIED., .F., .F., .F.,
 ( 4, 1, 4 ),
 ( 2, 2 ),
 ( 0.0000000000000000000, 0.5025653899218038800, 1.000000000000000000 ),
 ( 0.0000000000000000000, 1.000000000000000000 ),
 .UNSPECIFIED. ) ;
#5193 = ADVANCED_FACE ( 'NONE', ( #1826 ), #2160, .T. ) ;
#5194 = CARTESIAN_POINT ( 'NONE',  ( 0.1195705512122646200, 0.4799999999999999800, -0.1009092501790296600 ) ) ;
#5195 = EDGE_LOOP ( 'NONE', ( #3460, #5918, #1998, #2000 ) ) ;
#5196 = EDGE_CURVE ( 'NONE', #7665, #3246, #6439, .T. ) ;
#5197 = ORIENTED_EDGE ( 'NONE', *, *, #5329, .T. ) ;
#5198 = LINE ( 'NONE', #8507, #8996 ) ;
#5199 = ORIENTED_EDGE ( 'NONE', *, *, #6525, .F. ) ;
#5200 = VERTEX_POINT ( 'NONE', #2047 ) ;
#5201 =( NAMED_UNIT ( * ) PLANE_ANGLE_UNIT ( ) SI_UNIT ( $, .RADIAN. ) );
#5202 = EDGE_CURVE ( 'NONE', #3521, #8115, #930, .T. ) ;
#5203 = COLOUR_RGB ( '',1.000000000000000000, 1.000000000000000000, 0.5019607843137254800 ) ;
#5204 = PRESENTATION_LAYER_ASSIGNMENT (  '', '', ( #4723 ) ) ;
#5205 = PRESENTATION_STYLE_ASSIGNMENT (( #4341 ) ) ;
#5206 =( NAMED_UNIT ( * ) PLANE_ANGLE_UNIT ( ) SI_UNIT ( $, .RADIAN. ) );
#5207 = CARTESIAN_POINT ( 'NONE',  ( 0.1230218031791311500, 0.4798999999999999400, -0.03077029931692288100 ) ) ;
#5208 = DIRECTION ( 'NONE',  ( -1.000000000000000000, 0.0000000000000000000, 0.0000000000000000000 ) ) ;
#5209 = EDGE_LOOP ( 'NONE', ( #6207, #2112, #4385, #155, #1382, #1512, #8361, #6912, #4978, #3496, #8666, #6779, #6241, #3806, #3859, #944 ) ) ;
#5210 = CARTESIAN_POINT ( 'NONE',  ( 0.4545607796340488400, 0.4798999999999999400, -0.08130782434216284000 ) ) ;
#5211 = CARTESIAN_POINT ( 'NONE',  ( 0.2064581363260614400, 0.4799999999999999800, 0.05169351213638086200 ) ) ;
#5212 = ORIENTED_EDGE ( 'NONE', *, *, #1680, .T. ) ;
#5213 = VECTOR ( 'NONE', #3720, 1000.000000000000000 ) ;
#5214 = AXIS2_PLACEMENT_3D ( 'NONE', #4405, #4527, #5123 ) ;
#5215 = CARTESIAN_POINT ( 'NONE',  ( -0.04533180422756040400, 0.4799999999999999800, -0.01733703938819662600 ) ) ;
#5216 = ORIENTED_EDGE ( 'NONE', *, *, #6834, .T. ) ;
#5217 = SURFACE_STYLE_FILL_AREA ( #8305 ) ;
#5218 = CARTESIAN_POINT ( 'NONE',  ( -0.2332251344006538200, 0.4798999999999999400, 0.002169096362027348300 ) ) ;
#5219 = COLOUR_RGB ( '',1.000000000000000000, 1.000000000000000000, 0.5019607843137254800 ) ;
#5220 = UNCERTAINTY_MEASURE_WITH_UNIT (LENGTH_MEASURE( 1.000000000000000100E-005 ), #5113, 'distance_accuracy_value', 'NONE');
#5221 = EDGE_CURVE ( 'NONE', #6990, #2352, #8317, .T. ) ;
#5222 = FILL_AREA_STYLE ('',( #3796 ) ) ;
#5223 =( LENGTH_UNIT ( ) NAMED_UNIT ( * ) SI_UNIT ( .MILLI., .METRE. ) );
#5224 = CARTESIAN_POINT ( 'NONE',  ( -0.8000000000000037100, 0.4798999999999999400, 0.08924856655951159100 ) ) ;
#5225 = FILL_AREA_STYLE ('',( #207 ) ) ;
#5226 = CARTESIAN_POINT ( 'NONE',  ( 0.07012016388423210300, 0.4798999999999999400, -0.1092566018798254600 ) ) ;
#5227 = ORIENTED_EDGE ( 'NONE', *, *, #4422, .T. ) ;
#5228 = CARTESIAN_POINT ( 'NONE',  ( 0.1403171559899196700, 0.4798999999999999400, 0.05289694716536126600 ) ) ;
#5229 = SURFACE_STYLE_USAGE ( .BOTH. , #212 ) ;
#5230 = CARTESIAN_POINT ( 'NONE',  ( 0.1490174915591031500, 0.4799999999999999800, -0.02328205710538374500 ) ) ;
#5231 = PRESENTATION_STYLE_ASSIGNMENT (( #995 ) ) ;
#5232 = ORIENTED_EDGE ( 'NONE', *, *, #964, .T. ) ;
#5233 = FACE_OUTER_BOUND ( 'NONE', #1130, .T. ) ;
#5234 = UNCERTAINTY_MEASURE_WITH_UNIT (LENGTH_MEASURE( 1.000000000000000100E-005 ), #5846, 'distance_accuracy_value', 'NONE');
#5235 = PLANE ( 'NONE',  #6592 ) ;
#5236 = CARTESIAN_POINT ( 'NONE',  ( -0.1244506705425743300, 0.4799999999999999300, 0.05100199066128963800 ) ) ;
#5237 = CARTESIAN_POINT ( 'NONE',  ( 0.08904522195655374700, 0.4798999999999999400, -0.08754271233583353600 ) ) ;
#5238 =( NAMED_UNIT ( * ) PLANE_ANGLE_UNIT ( ) SI_UNIT ( $, .RADIAN. ) );
#5239 = CARTESIAN_POINT ( 'NONE',  ( 0.5189873890479991300, 0.4800000000000000400, 0.04224974287377648900 ) ) ;
#5240 = MECHANICAL_DESIGN_GEOMETRIC_PRESENTATION_REPRESENTATION (  '', ( #4275 ), #5743 ) ;
#5241 = CARTESIAN_POINT ( 'NONE',  ( 0.2233693538687947000, 0.4798999999999999400, 0.06655849466243948800 ) ) ;
#5242 = EDGE_CURVE ( 'NONE', #9255, #4915, #4578, .T. ) ;
#5243 = ADVANCED_FACE ( 'NONE', ( #6198 ), #2177, .T. ) ;
#5244 =( GEOMETRIC_REPRESENTATION_CONTEXT ( 3 ) GLOBAL_UNCERTAINTY_ASSIGNED_CONTEXT ( ( #9239 ) ) GLOBAL_UNIT_ASSIGNED_CONTEXT ( ( #4570, #263, #5275 ) ) REPRESENTATION_CONTEXT ( 'NONE', 'WORKASPACE' ) );
#5245 = ORIENTED_EDGE ( 'NONE', *, *, #8738, .T. ) ;
#5246 = B_SPLINE_CURVE_WITH_KNOTS ( 'NONE', 3,
 ( #1476, #5022, #2180, #3625, #4298, #4335, #5050, #6474, #8621, #7178, #2916 ),
 .UNSPECIFIED., .F., .F.,
 ( 4, 1, 1, 1, 1, 1, 1, 1, 4 ),
 ( 0.0000000000000000000, 0.1276647678962234400, 0.2517385630080507000, 0.3727533493873898500, 0.4921467589723849700, 0.6140696213092456900, 0.7371973244121088300, 0.8656069906011159000, 1.000000000000000000 ),
 .UNSPECIFIED. ) ;
#5247 = CARTESIAN_POINT ( 'NONE',  ( -0.2226614949798173500, 0.4799999999999999800, 0.01197032204480888600 ) ) ;
#5248 = CARTESIAN_POINT ( 'NONE',  ( 0.2130855740997273900, 0.4798999999999999400, 0.08805895200083331500 ) ) ;
#5249 =( NAMED_UNIT ( * ) PLANE_ANGLE_UNIT ( ) SI_UNIT ( $, .RADIAN. ) );
#5250 = CARTESIAN_POINT ( 'NONE',  ( 0.07349127126127662200, 0.4798999999999999400, -0.08582261882850486500 ) ) ;
#5251 = DIRECTION ( 'NONE',  ( 2.409338161078898700E-016, 0.0000000000000000000, 1.000000000000000000 ) ) ;
#5252 = EDGE_CURVE ( 'NONE', #7435, #5543, #5534, .T. ) ;
#5253 =( GEOMETRIC_REPRESENTATION_CONTEXT ( 3 ) GLOBAL_UNCERTAINTY_ASSIGNED_CONTEXT ( ( #3347 ) ) GLOBAL_UNIT_ASSIGNED_CONTEXT ( ( #5157, #873, #5905 ) ) REPRESENTATION_CONTEXT ( 'NONE', 'WORKASPACE' ) );
#5254 = CARTESIAN_POINT ( 'NONE',  ( 0.1244076573137866400, 0.4799999999999993200, 0.07786964748591154700 ) ) ;
#5255 = DIRECTION ( 'NONE',  ( 1.000000000000000000, 0.0000000000000000000, 0.0000000000000000000 ) ) ;
#5256 = MECHANICAL_DESIGN_GEOMETRIC_PRESENTATION_REPRESENTATION (  '', ( #3828 ), #5758 ) ;
#5257 = CARTESIAN_POINT ( 'NONE',  ( -0.08531589646348447500, 0.4800000000000000400, -0.09023861292766789700 ) ) ;
#5258 = STYLED_ITEM ( 'NONE', ( #4864 ), #6011 ) ;
#5259 = UNCERTAINTY_MEASURE_WITH_UNIT (LENGTH_MEASURE( 1.000000000000000100E-005 ), #2416, 'distance_accuracy_value', 'NONE');
#5260 = FACE_BOUND ( 'NONE', #1141, .T. ) ;
#5261 = CARTESIAN_POINT ( 'NONE',  ( -0.1237828437140439000, 0.4799999999999999800, -0.04626046793924062200 ) ) ;
#5262 = PRESENTATION_LAYER_ASSIGNMENT (  '', '', ( #4312 ) ) ;
#5263 = CARTESIAN_POINT ( 'NONE',  ( -0.08358405623864192900, 0.4798999999999999400, 0.06865831658658258500 ) ) ;
#5264 =( LENGTH_UNIT ( ) NAMED_UNIT ( * ) SI_UNIT ( .MILLI., .METRE. ) );
#5265 = CARTESIAN_POINT ( 'NONE',  ( 0.2315023207729209300, 0.4798999999999999400, -0.02083765580415611300 ) ) ;
#5266 = CARTESIAN_POINT ( 'NONE',  ( 0.5034233969742885100, 0.4800000000000000400, 0.007844176360473220300 ) ) ;
#5267 = ORIENTED_EDGE ( 'NONE', *, *, #1010, .F. ) ;
#5268 = PRESENTATION_LAYER_ASSIGNMENT (  '', '', ( #4789 ) ) ;
#5269 = CARTESIAN_POINT ( 'NONE',  ( 0.2372001291775411900, 0.4798999999999999400, 0.06873574604669108200 ) ) ;
#5270 = CARTESIAN_POINT ( 'NONE',  ( 0.1749004496903617500, 0.4798999999999999400, 0.03540241271335774900 ) ) ;
#5271 = FILL_AREA_STYLE_COLOUR ( '', #6109 ) ;
#5272 = CARTESIAN_POINT ( 'NONE',  ( -0.1481767494444152500, 0.4799999999999999300, -0.08568858494006974200 ) ) ;
#5273 = FACE_OUTER_BOUND ( 'NONE', #6549, .T. ) ;
#5274 = CARTESIAN_POINT ( 'NONE',  ( -0.1148865701014939200, 0.4799999999999999800, 0.08714592988951824800 ) ) ;
#5275 =( NAMED_UNIT ( * ) SI_UNIT ( $, .STERADIAN. ) SOLID_ANGLE_UNIT ( ) );
#5276 =( NAMED_UNIT ( * ) PLANE_ANGLE_UNIT ( ) SI_UNIT ( $, .RADIAN. ) );
#5277 = DIRECTION ( 'NONE',  ( 0.0000000000000000000, 1.000000000000000000, 0.0000000000000000000 ) ) ;
#5278 = CARTESIAN_POINT ( 'NONE',  ( -0.1452030416710394500, 0.4798999999999999400, -0.08986937050173710000 ) ) ;
#5279 = B_SPLINE_CURVE_WITH_KNOTS ( 'NONE', 3,
 ( #3712, #4728, #5462, #1138, #6176, #1879, #6889, #2599, #7610, #3335, #8319, #4032, #9038, #4761, #449, #5485, #1177, #6200, #1906 ),
 .UNSPECIFIED., .F., .F.,
 ( 4, 1, 1, 1, 1, 1, 1, 1, 1, 1, 1, 1, 1, 1, 1, 1, 4 ),
 ( 0.0000000000000000000, 0.03120011115393651200, 0.07048671901620065500, 0.1172148300204122300, 0.1715755269954925000, 0.2341219784876088800, 0.3039626396728067900, 0.3821556401561970700, 0.4676462220680264200, 0.5543353814021608800, 0.6350744656665050500, 0.7100366878785243600, 0.7790924037748320200, 0.8429656453505106600, 0.9010012068505276500, 0.9532462564590262800, 1.000000000000000000 ),
 .UNSPECIFIED. ) ;
#5280 = EDGE_CURVE ( 'NONE', #8902, #589, #7430, .T. ) ;
#5281 = EDGE_CURVE ( 'NONE', #7354, #3114, #1230, .T. ) ;
#5282 = UNCERTAINTY_MEASURE_WITH_UNIT (LENGTH_MEASURE( 1.000000000000000100E-005 ), #2124, 'distance_accuracy_value', 'NONE');
#5283 = CARTESIAN_POINT ( 'NONE',  ( 0.09544190142548481000, 0.4798999999999999400, 0.09120588477360760900 ) ) ;
#5284 =( NAMED_UNIT ( * ) PLANE_ANGLE_UNIT ( ) SI_UNIT ( $, .RADIAN. ) );
#5285 = ADVANCED_FACE ( 'NONE', ( #3636 ), #7389, .F. ) ;
#5286 = FILL_AREA_STYLE_COLOUR ( '', #7338 ) ;
#5287 = CARTESIAN_POINT ( 'NONE',  ( -0.1117335742831032400, 0.4798999999999999900, -0.08542252709092502900 ) ) ;
#5288 = SURFACE_SIDE_STYLE ('',( #3571 ) ) ;
#5289 = PRESENTATION_LAYER_ASSIGNMENT (  '', '', ( #4343 ) ) ;
#5290 = PRESENTATION_STYLE_ASSIGNMENT (( #1846 ) ) ;
#5291 = DIRECTION ( 'NONE',  ( -0.0000000000000000000, -1.000000000000000000, -0.0000000000000000000 ) ) ;
#5292 = CARTESIAN_POINT ( 'NONE',  ( -0.1369533469639187800, 0.4798999999999999400, 0.07600146924552876600 ) ) ;
#5293 =( LENGTH_UNIT ( ) NAMED_UNIT ( * ) SI_UNIT ( .MILLI., .METRE. ) );
#5294 = FILL_AREA_STYLE ('',( #8149 ) ) ;
#5295 = SURFACE_STYLE_USAGE ( .BOTH. , #288 ) ;
#5296 = DIRECTION ( 'NONE',  ( -0.0000000000000000000, -1.000000000000000000, -0.0000000000000000000 ) ) ;
#5297 = SURFACE_STYLE_FILL_AREA ( #4668 ) ;
#5298 = CARTESIAN_POINT ( 'NONE',  ( 0.06677033333452078700, 0.4799999999999999800, 0.06291913640529754600 ) ) ;
#5299 = B_SPLINE_SURFACE_WITH_KNOTS ( 'NONE', 3, 1, ( 
 ( #9124, #6359 ),
 ( #2050, #7059 ),
 ( #2794, #7783 ),
 ( #3507, #8498 ),
 ( #4213, #9217 ),
 ( #4933, #640 ),
 ( #5678, #1354 ),
 ( #6390, #2098 ),
 ( #7088, #2828 ),
 ( #7820, #3542 ),
 ( #8527, #4246 ),
 ( #9262, #4965 ),
 ( #674, #5712 ),
 ( #1395, #6419 ),
 ( #2130, #7132 ),
 ( #2852, #7844 ),
 ( #3580, #8563 ),
 ( #4273, #9297 ),
 ( #5003, #706 ) ),
 .UNSPECIFIED., .F., .F., .F.,
 ( 4, 1, 1, 1, 1, 1, 1, 1, 1, 1, 1, 1, 1, 1, 1, 1, 4 ),
 ( 2, 2 ),
 ( 0.0000000000000000000, 0.06425457542470294800, 0.1273603868320974100, 0.1894718420926419800, 0.2517207629332008400, 0.3120272840890018200, 0.3686746571150509300, 0.4226814918055485900, 0.4740604252251504600, 0.5257737722739167500, 0.5796221048577135900, 0.6373752855308653100, 0.6984003818208007800, 0.7643573310122577800, 0.8363147679791490500, 0.9146777942540464900, 1.000000000000000000 ),
 ( 0.0000000000000000000, 1.000000000000000000 ),
 .UNSPECIFIED. ) ;
#5300 = CARTESIAN_POINT ( 'NONE',  ( -0.8000000000000037100, 0.4798999999999999400, 0.08924856655951159100 ) ) ;
#5301 = ORIENTED_EDGE ( 'NONE', *, *, #393, .F. ) ;
#5302 = CARTESIAN_POINT ( 'NONE',  ( -0.4204521144122024800, 0.4798999999999999400, 0.004633181944126846300 ) ) ;
#5303 = VECTOR ( 'NONE', #1147, 1000.000000000000000 ) ;
#5304 = ORIENTED_EDGE ( 'NONE', *, *, #9311, .F. ) ;
#5305 = CARTESIAN_POINT ( 'NONE',  ( -0.09700491231097437000, 0.4798999999999999400, -0.03204463457562468200 ) ) ;
#5306 = FACE_OUTER_BOUND ( 'NONE', #2888, .T. ) ;
#5307 = ORIENTED_EDGE ( 'NONE', *, *, #697, .F. ) ;
#5308 = VERTEX_POINT ( 'NONE', #2382 ) ;
#5309 = CARTESIAN_POINT ( 'NONE',  ( -0.1265609505158470400, 0.4798999999999999400, -0.1047829485149453600 ) ) ;
#5310 = SURFACE_STYLE_FILL_AREA ( #5161 ) ;
#5311 = CARTESIAN_POINT ( 'NONE',  ( -0.1591785536292419900, 0.4799999999999999800, 0.04490409715149521600 ) ) ;
#5312 = MECHANICAL_DESIGN_GEOMETRIC_PRESENTATION_REPRESENTATION (  '', ( #3881 ), #5816 ) ;
#5313 = PLANE ( 'NONE',  #253 ) ;
#5314 = SURFACE_SIDE_STYLE ('',( #615 ) ) ;
#5315 = UNCERTAINTY_MEASURE_WITH_UNIT (LENGTH_MEASURE( 1.000000000000000100E-005 ), #524, 'distance_accuracy_value', 'NONE');
#5316 = CARTESIAN_POINT ( 'NONE',  ( 0.2417057609144025500, 0.4798999999999999400, 0.06862687690480662200 ) ) ;
#5317 = COLOUR_RGB ( '',0.2509803921568627400, 0.2509803921568627400, 0.2509803921568627400 ) ;
#5318 = MECHANICAL_DESIGN_GEOMETRIC_PRESENTATION_REPRESENTATION (  '', ( #4358 ), #5819 ) ;
#5319 = ORIENTED_EDGE ( 'NONE', *, *, #7305, .F. ) ;
#5320 = CIRCLE ( 'NONE', #1364, 0.06249999999999994400 ) ;
#5321 = LINE ( 'NONE', #7173, #3424 ) ;
#5322 = ORIENTED_EDGE ( 'NONE', *, *, #2504, .T. ) ;
#5323 = CARTESIAN_POINT ( 'NONE',  ( -0.1393544648409408800, 0.4798999999999999400, -0.02343392615996104500 ) ) ;
#5324 = ORIENTED_EDGE ( 'NONE', *, *, #2529, .T. ) ;
#5325 = SURFACE_SIDE_STYLE ('',( #4226 ) ) ;
#5327 = CARTESIAN_POINT ( 'NONE',  ( -0.07680061766619629400, 0.4798999999999999400, -0.02679639765258216500 ) ) ;
#5326 = FACE_OUTER_BOUND ( 'NONE', #7773, .T. ) ;
#5328 = CARTESIAN_POINT ( 'NONE',  ( -0.1251837526485609400, 0.4800000000000000400, -0.07186158050225668900 ) ) ;
#5329 = EDGE_CURVE ( 'NONE', #7486, #3296, #7206, .T. ) ;
#5330 = CARTESIAN_POINT ( 'NONE',  ( -0.2608096338295299300, 0.4799999999999999800, -0.02629461140515672700 ) ) ;
#5331 = EDGE_LOOP ( 'NONE', ( #8998, #7510, #1942, #9249 ) ) ;
#5332 = STYLED_ITEM ( 'NONE', ( #8761 ), #8401 ) ;
#5333 = EDGE_CURVE ( 'NONE', #5787, #6591, #5559, .T. ) ;
#5334 = DIRECTION ( 'NONE',  ( -0.0000000000000000000, 0.0000000000000000000, 1.000000000000000000 ) ) ;
#5335 = PRESENTATION_LAYER_ASSIGNMENT (  '', '', ( #4376 ) ) ;
#5336 = CARTESIAN_POINT ( 'NONE',  ( -0.1634919389518877700, 0.4798999999999999400, 0.02176910464831358100 ) ) ;
#5337 = CARTESIAN_POINT ( 'NONE',  ( -0.05651051384305941200, 0.4799999999999998700, -0.1094883884194528100 ) ) ;
#5338 = CARTESIAN_POINT ( 'NONE',  ( -0.6872941206280902500, 0.4798999999999999400, 0.5416734474378254200 ) ) ;
#5339 = DIRECTION ( 'NONE',  ( -1.000000000000000000, 0.0000000000000000000, 0.0000000000000000000 ) ) ;
#5340 = ORIENTED_EDGE ( 'NONE', *, *, #2423, .F. ) ;
#5341 = ADVANCED_FACE ( 'NONE', ( #2967 ), #8369, .T. ) ;
#5342 = SURFACE_STYLE_FILL_AREA ( #2727 ) ;
#5343 = CARTESIAN_POINT ( 'NONE',  ( 0.1236183984083103900, 0.4798999999999999400, -0.009469382158437138600 ) ) ;
#5344 = DIRECTION ( 'NONE',  ( 0.9616833972456523300, 0.0000000000000000000, -0.2741624399184924300 ) ) ;
#5345 = CARTESIAN_POINT ( 'NONE',  ( -0.08643769133527935700, 0.4799999999999999300, -0.1133155360045909700 ) ) ;
#5346 = EDGE_CURVE ( 'NONE', #7142, #8721, #3952, .T. ) ;
#5347 = ORIENTED_EDGE ( 'NONE', *, *, #9162, .T. ) ;
#5348 =( LENGTH_UNIT ( ) NAMED_UNIT ( * ) SI_UNIT ( .MILLI., .METRE. ) );
#5349 = DIRECTION ( 'NONE',  ( 0.0000000000000000000, 1.000000000000000000, -0.0000000000000000000 ) ) ;
#5350 = DIRECTION ( 'NONE',  ( -3.361026734705060600E-014, 0.0000000000000000000, 1.000000000000000000 ) ) ;
#5351 = CARTESIAN_POINT ( 'NONE',  ( 0.2640152302214585600, 0.4799999999999998700, 0.05905071716265679300 ) ) ;
#5352 = CARTESIAN_POINT ( 'NONE',  ( -0.08858784990738323400, 0.4798999999999999400, 0.06850667736971252600 ) ) ;
#5353 = PRODUCT_DEFINITION_CONTEXT ( 'detailed design', #812, 'design' ) ;
#5354 = DIRECTION ( 'NONE',  ( -0.0000000000000000000, 1.000000000000000000, -0.0000000000000000000 ) ) ;
#5355 = B_SPLINE_SURFACE_WITH_KNOTS ( 'NONE', 3, 1, ( 
 ( #3631, #6508 ),
 ( #2219, #7215 ),
 ( #2945, #7938 ),
 ( #3664, #8651 ),
 ( #4369, #67 ),
 ( #5080, #791 ),
 ( #5827, #1518 ),
 ( #6535, #2249 ),
 ( #7254, #2979 ),
 ( #7966, #3691 ),
 ( #8688, #4400 ),
 ( #94, #5114 ),
 ( #827, #5855 ),
 ( #1545, #6571 ),
 ( #2279, #7284 ),
 ( #3017, #7999 ),
 ( #3723, #8718 ),
 ( #4436, #125 ),
 ( #5148, #864 ) ),
 .UNSPECIFIED., .F., .F., .F.,
 ( 4, 1, 1, 1, 1, 1, 1, 1, 1, 1, 1, 1, 1, 1, 1, 1, 4 ),
 ( 2, 2 ),
 ( 0.0000000000000000000, 0.03120011115393651200, 0.07048671901620065500, 0.1172148300204122300, 0.1715755269954925000, 0.2341219784876088800, 0.3039626396728067900, 0.3821556401561970700, 0.4676462220680264200, 0.5543353814021608800, 0.6350744656665050500, 0.7100366878785243600, 0.7790924037748320200, 0.8429656453505106600, 0.9010012068505276500, 0.9532462564590262800, 1.000000000000000000 ),
 ( 0.0000000000000000000, 1.000000000000000000 ),
 .UNSPECIFIED. ) ;
#5356 = DIRECTION ( 'NONE',  ( -0.3690140269754869600, 0.0000000000000000000, 0.9294238257626789000 ) ) ;
#5357 = CARTESIAN_POINT ( 'NONE',  ( -0.3379200631301512200, 0.4798999999999999400, -0.1107514334404884300 ) ) ;
#5358 = LINE ( 'NONE', #968, #7265 ) ;
#5359 = ORIENTED_EDGE ( 'NONE', *, *, #6374, .F. ) ;
#5360 = CARTESIAN_POINT ( 'NONE',  ( -0.2444505118480998800, 0.4798999999999999400, -0.02849983087638585300 ) ) ;
#5361 =( NAMED_UNIT ( * ) SI_UNIT ( $, .STERADIAN. ) SOLID_ANGLE_UNIT ( ) );
#5362 = CYLINDRICAL_SURFACE ( 'NONE', #3156, 0.07000000000000002100 ) ;
#5363 = ORIENTED_EDGE ( 'NONE', *, *, #7600, .F. ) ;
#5364 =( LENGTH_UNIT ( ) NAMED_UNIT ( * ) SI_UNIT ( .MILLI., .METRE. ) );
#5365 = VERTEX_POINT ( 'NONE', #1015 ) ;
#5366 = ADVANCED_FACE ( 'NONE', ( #5878 ), #8384, .T. ) ;
#5367 = UNCERTAINTY_MEASURE_WITH_UNIT (LENGTH_MEASURE( 1.000000000000000100E-005 ), #6409, 'distance_accuracy_value', 'NONE');
#5368 = CARTESIAN_POINT ( 'NONE',  ( -0.02695123586315416000, 0.4798999999999999400, -0.09190369717247928700 ) ) ;
#5369 = CARTESIAN_POINT ( 'NONE',  ( 0.3964204923455045300, 0.4798999999999999400, 0.1987378688144615700 ) ) ;
#5370 =( NAMED_UNIT ( * ) SI_UNIT ( $, .STERADIAN. ) SOLID_ANGLE_UNIT ( ) );
#5371 = B_SPLINE_SURFACE_WITH_KNOTS ( 'NONE', 3, 1, ( 
 ( #2007, #590 ),
 ( #5624, #3123 ),
 ( #8110, #3832 ),
 ( #8828, #4550 ),
 ( #243, #5261 ),
 ( #974, #5999 ),
 ( #1690, #6711 ) ),
 .UNSPECIFIED., .F., .F., .F.,
 ( 4, 1, 1, 1, 4 ),
 ( 2, 2 ),
 ( 0.0000000000000000000, 0.2627412305282684800, 0.5099565029432324700, 0.7533267184204514000, 1.000000000000000000 ),
 ( 0.0000000000000000000, 1.000000000000000000 ),
 .UNSPECIFIED. ) ;
#5372 = STYLED_ITEM ( 'NONE', ( #4318 ), #3947 ) ;
#5373 = CARTESIAN_POINT ( 'NONE',  ( 0.1175683000236200800, 0.4798999999999999400, 0.04392304871311511500 ) ) ;
#5374 = PRESENTATION_STYLE_ASSIGNMENT (( #7655 ) ) ;
#5375 =( NAMED_UNIT ( * ) SI_UNIT ( $, .STERADIAN. ) SOLID_ANGLE_UNIT ( ) );
#5376 = DIRECTION ( 'NONE',  ( 1.000000000000000000, 0.0000000000000000000, 0.0000000000000000000 ) ) ;
#5377 = FILL_AREA_STYLE ('',( #6076 ) ) ;
#5378 = CARTESIAN_POINT ( 'NONE',  ( 0.2768494739570286900, 0.4798999999999999400, 0.03212943893669725100 ) ) ;
#5379 = CARTESIAN_POINT ( 'NONE',  ( -0.1969877415885833700, 0.4798999999999999400, -0.05676375675497295800 ) ) ;
#5380 = EDGE_CURVE ( 'NONE', #2352, #7234, #1369, .T. ) ;
#5381 = SURFACE_STYLE_FILL_AREA ( #6156 ) ;
#5382 = LINE ( 'NONE', #7518, #9184 ) ;
#5383 = DIRECTION ( 'NONE',  ( -0.0000000000000000000, -1.000000000000000000, -0.0000000000000000000 ) ) ;
#5384 = CARTESIAN_POINT ( 'NONE',  ( 0.2774645522544642000, 0.4799999999999999800, 0.02218125886720390100 ) ) ;
#5385 = SURFACE_STYLE_USAGE ( .BOTH. , #358 ) ;
#5386 = DIRECTION ( 'NONE',  ( 0.0000000000000000000, 0.0000000000000000000, -1.000000000000000000 ) ) ;
#5387 = ORIENTED_EDGE ( 'NONE', *, *, #2355, .T. ) ;
#5388 = STYLED_ITEM ( 'NONE', ( #3095 ), #1109 ) ;
#5389 = CARTESIAN_POINT ( 'NONE',  ( 0.4552739738667396200, 0.4798999999999999400, -0.07866143476893487600 ) ) ;
#5390 = CARTESIAN_POINT ( 'NONE',  ( -0.01247689600928360300, 0.4799999999999998700, -0.05717074042873763300 ) ) ;
#5391 = DIRECTION ( 'NONE',  ( 0.0000000000000000000, 0.0000000000000000000, -1.000000000000000000 ) ) ;
#5392 = CARTESIAN_POINT ( 'NONE',  ( 0.2125745454221087400, 0.4798999999999999400, -0.01340434395400661200 ) ) ;
#5393 = CARTESIAN_POINT ( 'NONE',  ( 0.2972145065672451300, 0.4798999999999999400, 0.05170498506211846500 ) ) ;
#5394 = PRODUCT_DEFINITION_FORMATION_WITH_SPECIFIED_SOURCE ( 'ANY', '', #2488, .NOT_KNOWN. ) ;
#5395 = CARTESIAN_POINT ( 'NONE',  ( -0.2645481926113444900, 0.4799999999999999800, -0.02615164004279017100 ) ) ;
#5396 = VECTOR ( 'NONE', #1543, 1000.000000000000000 ) ;
#5397 = EDGE_CURVE ( 'NONE', #2395, #5544, #544, .T. ) ;
#5398 = CARTESIAN_POINT ( 'NONE',  ( -0.3379200631301512200, 0.4798999999999999400, 0.08924856655951159100 ) ) ;
#5399 = CARTESIAN_POINT ( 'NONE',  ( 0.2306772869175047800, 0.4799999999999999800, 0.09168360510682284400 ) ) ;
#5400 = LINE ( 'NONE', #8553, #3280 ) ;
#5401 = CARTESIAN_POINT ( 'NONE',  ( -0.4499431969223814900, 0.4798999999999999400, -0.07510628905755108200 ) ) ;
#5402 = UNCERTAINTY_MEASURE_WITH_UNIT (LENGTH_MEASURE( 1.000000000000000100E-005 ), #5109, 'distance_accuracy_value', 'NONE');
#5403 = FILL_AREA_STYLE ('',( #2008 ) ) ;
#5404 = CARTESIAN_POINT ( 'NONE',  ( -0.1979729651524991500, 0.4799999999999999800, 0.06335595866010169900 ) ) ;
#5405 = FILL_AREA_STYLE ('',( #385 ) ) ;
#5406 = CARTESIAN_POINT ( 'NONE',  ( -0.2137284341865159100, 0.4799999999999999800, -0.02383007785927443100 ) ) ;
#5407 = ADVANCED_FACE ( 'NONE', ( #8763 ), #5299, .T. ) ;
#5408 = DIRECTION ( 'NONE',  ( -0.0000000000000000000, -1.000000000000000000, -0.0000000000000000000 ) ) ;
#5409 = CARTESIAN_POINT ( 'NONE',  ( -0.4481867001737224700, 0.4799999999999999800, -0.07029130031632407900 ) ) ;
#5410 = CARTESIAN_POINT ( 'NONE',  ( -0.1445072319177880500, 0.4799999999999999800, -0.02830421404441476800 ) ) ;
#5411 = ORIENTED_EDGE ( 'NONE', *, *, #5252, .F. ) ;
#5412 = PRESENTATION_STYLE_ASSIGNMENT (( #1379 ) ) ;
#5413 = EDGE_LOOP ( 'NONE', ( #6548, #6551, #4784, #3086 ) ) ;
#5414 = CARTESIAN_POINT ( 'NONE',  ( -0.2108347393058661300, 0.4798999999999999400, -0.008857797588381434400 ) ) ;
#5415 = PRESENTATION_STYLE_ASSIGNMENT (( #7049 ) ) ;
#5416 = ORIENTED_EDGE ( 'NONE', *, *, #6051, .T. ) ;
#5417 = MECHANICAL_DESIGN_GEOMETRIC_PRESENTATION_REPRESENTATION (  '', ( #3979 ), #5926 ) ;
#5418 = CIRCLE ( 'NONE', #3781, 0.07000000000000002100 ) ;
#5419 = SURFACE_STYLE_FILL_AREA ( #7067 ) ;
#5420 = VECTOR ( 'NONE', #4741, 1000.000000000000000 ) ;
#5421 = MECHANICAL_DESIGN_GEOMETRIC_PRESENTATION_REPRESENTATION (  '', ( #3981 ), #5929 ) ;
#5422 = SURFACE_STYLE_FILL_AREA ( #3988 ) ;
#5423 = DIRECTION ( 'NONE',  ( -0.0000000000000000000, 1.000000000000000000, -0.0000000000000000000 ) ) ;
#5424 = CARTESIAN_POINT ( 'NONE',  ( -0.2197984082433442100, 0.4799999999999999800, -0.1012783283098967100 ) ) ;
#5425 = CARTESIAN_POINT ( 'NONE',  ( -0.04188398918082452500, 0.4798999999999999400, -0.06263221491491695300 ) ) ;
#5426 = ORIENTED_EDGE ( 'NONE', *, *, #2909, .F. ) ;
#5427 = CARTESIAN_POINT ( 'NONE',  ( 0.3565927476563602900, 0.4799999999999999800, 0.7611546737202212800 ) ) ;
#5428 = FACE_OUTER_BOUND ( 'NONE', #1260, .T. ) ;
#5429 = VERTEX_POINT ( 'NONE', #3477 ) ;
#5430 =( LENGTH_UNIT ( ) NAMED_UNIT ( * ) SI_UNIT ( .MILLI., .METRE. ) );
#5431 = LINE ( 'NONE', #1265, #9233 ) ;
#5432 = VERTEX_POINT ( 'NONE', #5741 ) ;
#5433 = ORIENTED_EDGE ( 'NONE', *, *, #7246, .F. ) ;
#5434 = B_SPLINE_SURFACE_WITH_KNOTS ( 'NONE', 3, 1, ( 
 ( #2390, #5257 ),
 ( #970, #5992 ),
 ( #1688, #6707 ),
 ( #2427, #7420 ),
 ( #3145, #8140 ),
 ( #3855, #8854 ),
 ( #4575, #273 ),
 ( #5287, #993 ),
 ( #6027, #1716 ),
 ( #6734, #2452 ),
 ( #7450, #3173 ),
 ( #8170, #3893 ),
 ( #8881, #4606 ),
 ( #308, #5328 ),
 ( #1020, #6056 ),
 ( #1753, #6759 ),
 ( #2483, #7485 ),
 ( #3206, #8197 ),
 ( #3918, #8919 ) ),
 .UNSPECIFIED., .F., .F., .F.,
 ( 4, 1, 1, 1, 1, 1, 1, 1, 1, 1, 1, 1, 1, 1, 1, 1, 4 ),
 ( 2, 2 ),
 ( 0.0000000000000000000, 0.09151103632803682400, 0.1771428603141486400, 0.2571084852282351000, 0.3311983993883847500, 0.4005922945239577800, 0.4656249598049638200, 0.5269734913138594000, 0.5854431157040227400, 0.6413985080863305900, 0.6950441672657239300, 0.7467815514927480500, 0.7969589345766995300, 0.8475448623598796900, 0.8974385414187383600, 0.9476489188871285400, 1.000000000000000000 ),
 ( 0.0000000000000000000, 1.000000000000000000 ),
 .UNSPECIFIED. ) ;
#5435 = CARTESIAN_POINT ( 'NONE',  ( -0.4442565947616887700, 0.4798999999999999400, -0.05970245080526157000 ) ) ;
#5436 = SURFACE_STYLE_FILL_AREA ( #8386 ) ;
#5437 = SURFACE_STYLE_USAGE ( .BOTH. , #4710 ) ;
#5438 = CARTESIAN_POINT ( 'NONE',  ( 0.1768978239120060400, 0.4799999999999999800, 0.04747891016047412600 ) ) ;
#5439 = VECTOR ( 'NONE', #5889, 1000.000000000000000 ) ;
#5440 = ORIENTED_EDGE ( 'NONE', *, *, #4330, .F. ) ;
#5441 = CARTESIAN_POINT ( 'NONE',  ( 0.5151773430230225400, 0.4798999999999999400, 0.1404377539258349300 ) ) ;
#5442 = PRESENTATION_LAYER_ASSIGNMENT (  '', '', ( #4479 ) ) ;
#5443 = COLOUR_RGB ( '',0.2509803921568627400, 0.2509803921568627400, 0.2509803921568627400 ) ;
#5444 = CARTESIAN_POINT ( 'NONE',  ( 0.6800000000000000500, 0.4099999999999999200, -0.4500000000000000700 ) ) ;
#5445 = ORIENTED_EDGE ( 'NONE', *, *, #9115, .F. ) ;
#5446 = DIRECTION ( 'NONE',  ( -0.2741624399184923200, 0.0000000000000000000, -0.9616833972456522200 ) ) ;
#5447 = PRESENTATION_STYLE_ASSIGNMENT (( #177 ) ) ;
#5448 = ORIENTED_EDGE ( 'NONE', *, *, #7564, .T. ) ;
#5449 = VECTOR ( 'NONE', #1328, 1000.000000000000000 ) ;
#5450 = ORIENTED_EDGE ( 'NONE', *, *, #5962, .T. ) ;
#5451 = B_SPLINE_SURFACE_WITH_KNOTS ( 'NONE', 3, 1, ( 
 ( #3237, #2539 ),
 ( #7535, #3263 ),
 ( #8264, #3974 ),
 ( #8969, #4696 ),
 ( #392, #5410 ),
 ( #1099, #6142 ),
 ( #1838, #6844 ),
 ( #2566, #7575 ),
 ( #3290, #8288 ),
 ( #4003, #9001 ),
 ( #4721, #418 ) ),
 .UNSPECIFIED., .F., .F., .F.,
 ( 4, 1, 1, 1, 1, 1, 1, 1, 4 ),
 ( 2, 2 ),
 ( 0.0000000000000000000, 0.1448052410584831400, 0.2795118010254861700, 0.4063939211311608000, 0.5275015404829167500, 0.6453932904726505900, 0.7618854106740864400, 0.8789420729184866900, 1.000000000000000000 ),
 ( 0.0000000000000000000, 1.000000000000000000 ),
 .UNSPECIFIED. ) ;
#5452 =( NAMED_UNIT ( * ) SI_UNIT ( $, .STERADIAN. ) SOLID_ANGLE_UNIT ( ) );
#5453 = LINE ( 'NONE', #693, #7130 ) ;
#5454 = DIRECTION ( 'NONE',  ( 1.260700200564540100E-016, 0.0000000000000000000, 1.000000000000000000 ) ) ;
#5455 = STYLED_ITEM ( 'NONE', ( #3807 ), #450 ) ;
#5456 = CARTESIAN_POINT ( 'NONE',  ( -0.1892021144122024400, 0.4798999999999999400, 0.03195689989284492700 ) ) ;
#5457 = ORIENTED_EDGE ( 'NONE', *, *, #5380, .F. ) ;
#5458 = STYLED_ITEM ( 'NONE', ( #4386 ), #8927 ) ;
#5459 = CARTESIAN_POINT ( 'NONE',  ( -0.009246681655037223800, 0.4798999999999999400, 0.04793013759008325800 ) ) ;
#5460 = LINE ( 'NONE', #1760, #7373 ) ;
#5461 = CARTESIAN_POINT ( 'NONE',  ( 0.2994042689690222200, 0.4799999999999999800, 0.04594921516710241000 ) ) ;
#5462 = CARTESIAN_POINT ( 'NONE',  ( -0.05896651390370024500, 0.4798999999999999400, 0.005894319972092888300 ) ) ;
#5463 = ADVANCED_FACE ( 'NONE', ( #8094 ), #1435, .T. ) ;
#5464 = CARTESIAN_POINT ( 'NONE',  ( 0.4488874956000507000, 0.4798999999999999400, -0.07205667908745352900 ) ) ;
#5465 = CARTESIAN_POINT ( 'NONE',  ( -0.05319334240610461300, 0.4799999999999999800, -0.08121591970315698800 ) ) ;
#5466 = CARTESIAN_POINT ( 'NONE',  ( 0.2306772869175047800, 0.4798999999999999400, 0.09168360510682284400 ) ) ;
#5467 =( LENGTH_UNIT ( ) NAMED_UNIT ( * ) SI_UNIT ( .MILLI., .METRE. ) );
#5468 = DIRECTION ( 'NONE',  ( 0.3468370040950322100, 0.0000000000000000000, -0.9379254195245924100 ) ) ;
#5469 = ORIENTED_EDGE ( 'NONE', *, *, #2716, .T. ) ;
#5470 = SURFACE_STYLE_FILL_AREA ( #6799 ) ;
#5471 = CARTESIAN_POINT ( 'NONE',  ( 0.5357294611124792100, 0.4798999999999999400, 0.1192022767800278300 ) ) ;
#5472 = PLANE ( 'NONE',  #1261 ) ;
#5473 =( NAMED_UNIT ( * ) PLANE_ANGLE_UNIT ( ) SI_UNIT ( $, .RADIAN. ) );
#5474 = EDGE_CURVE ( 'NONE', #3870, #5933, #1163, .T. ) ;
#5475 = EDGE_CURVE ( 'NONE', #833, #5429, #3102, .T. ) ;
#5476 =( NAMED_UNIT ( * ) PLANE_ANGLE_UNIT ( ) SI_UNIT ( $, .RADIAN. ) );
#5477 = CARTESIAN_POINT ( 'NONE',  ( -0.7300000000000019800, -0.02000000000000000000, 0.4300000000000032700 ) ) ;
#5478 = CARTESIAN_POINT ( 'NONE',  ( 0.09297346587472872500, 0.4798999999999999400, 0.06791709636242752900 ) ) ;
#5479 = VERTEX_POINT ( 'NONE', #2923 ) ;
#5480 = B_SPLINE_SURFACE_WITH_KNOTS ( 'NONE', 3, 1, ( 
 ( #6785, #6098 ),
 ( #1794, #6814 ),
 ( #2533, #7526 ),
 ( #3255, #8251 ),
 ( #3961, #8959 ),
 ( #4686, #382 ),
 ( #5401, #1092 ),
 ( #6132, #1822 ),
 ( #6836, #2557 ),
 ( #7561, #3281 ),
 ( #8281, #3994 ) ),
 .UNSPECIFIED., .F., .F., .F.,
 ( 4, 1, 1, 1, 1, 1, 1, 1, 4 ),
 ( 2, 2 ),
 ( 0.0000000000000000000, 0.1531481085926315300, 0.2994334688329064500, 0.4364263514567506800, 0.5656705729563579200, 0.6865083102878721800, 0.7992685160630037500, 0.9033947408013438500, 1.000000000000000000 ),
 ( 0.0000000000000000000, 1.000000000000000000 ),
 .UNSPECIFIED. ) ;
#5481 = CARTESIAN_POINT ( 'NONE',  ( 0.04669532148523342800, 0.4798999999999999400, -0.009469382158437138600 ) ) ;
#5482 = CARTESIAN_POINT ( 'NONE',  ( 0.7999999999999961600, 0.4799999999999999800, -0.4999999999999813500 ) ) ;
#5483 = CARTESIAN_POINT ( 'NONE',  ( -0.3097149349250229400, 0.4798999999999999400, 0.5000000000000195400 ) ) ;
#5484 = CARTESIAN_POINT ( 'NONE',  ( -0.02705706389476209000, 0.4799999999999997600, 0.07476860311888361400 ) ) ;
#5485 = CARTESIAN_POINT ( 'NONE',  ( -0.1196049142976169800, 0.4798999999999999400, -0.01228731562101569700 ) ) ;
#5486 = CARTESIAN_POINT ( 'NONE',  ( -0.2360097047974040500, 0.4798999999999999400, -0.03241956585339412400 ) ) ;
#5487 = CARTESIAN_POINT ( 'NONE',  ( -0.08027487915721669100, 0.4798999999999999400, -0.09012884898173409400 ) ) ;
#5488 = CARTESIAN_POINT ( 'NONE',  ( 0.2447616223153527000, 0.4798999999999999400, 0.09164171562687935300 ) ) ;
#5489 = CARTESIAN_POINT ( 'NONE',  ( 0.1981891150277243500, 0.4799999999999997000, 0.08006887096628902100 ) ) ;
#5490 = FILL_AREA_STYLE ('',( #3340 ) ) ;
#5491 = LINE ( 'NONE', #1193, #1677 ) ;
#5492 = CARTESIAN_POINT ( 'NONE',  ( -0.1199398601153296900, 0.4798999999999999900, -0.07928954667720115900 ) ) ;
#5493 = MECHANICAL_DESIGN_GEOMETRIC_PRESENTATION_REPRESENTATION (  '', ( #4040 ), #5982 ) ;
#5494 = CARTESIAN_POINT ( 'NONE',  ( 0.1468289262939791200, 0.4798999999999999400, -0.04674656256480985000 ) ) ;
#5495 = CARTESIAN_POINT ( 'NONE',  ( 0.3955049729344314300, 0.4799999999999999800, 0.03008110970862634700 ) ) ;
#5496 = STYLED_ITEM ( 'NONE', ( #8453 ), #4794 ) ;
#5497 = CARTESIAN_POINT ( 'NONE',  ( -0.8000000000000017100, 0.4299999999999999400, 0.4375000000000196000 ) ) ;
#5498 = VERTEX_POINT ( 'NONE', #41 ) ;
#5499 = CARTESIAN_POINT ( 'NONE',  ( 0.04682322412432289600, 0.4798999999999999400, -0.02046533565136255900 ) ) ;
#5500 = CARTESIAN_POINT ( 'NONE',  ( 0.4581789574970518400, 0.4799999999999999800, -0.06792860119938065600 ) ) ;
#5501 = DIRECTION ( 'NONE',  ( -0.0000000000000000000, 1.000000000000000000, -0.0000000000000000000 ) ) ;
#5502 = CARTESIAN_POINT ( 'NONE',  ( -0.01185988496887053500, 0.4798999999999999400, 0.01062351874225572600 ) ) ;
#5503 = CARTESIAN_POINT ( 'NONE',  ( 0.2129478690239901800, 0.4799999999999999800, -0.03389009619556146400 ) ) ;
#5504 = CARTESIAN_POINT ( 'NONE',  ( 0.1127025032101057900, 0.4799999999999998700, 0.05368365177812407100 ) ) ;
#5505 = ADVANCED_FACE ( 'NONE', ( #8577 ), #2226, .T. ) ;
#5506 =( NAMED_UNIT ( * ) PLANE_ANGLE_UNIT ( ) SI_UNIT ( $, .RADIAN. ) );
#5507 = EDGE_CURVE ( 'NONE', #3246, #3870, #7677, .T. ) ;
#5508 = DIRECTION ( 'NONE',  ( -0.0000000000000000000, 1.000000000000000000, -0.0000000000000000000 ) ) ;
#5509 = VECTOR ( 'NONE', #4615, 1000.000000000000000 ) ;
#5510 = B_SPLINE_CURVE_WITH_KNOTS ( 'NONE', 3,
 ( #3431, #3393, #4128, #9141, #4853, #556, #5594, #1274, #6309, #2005, #7017, #2735, #7736, #3461, #8452, #4157, #9174, #4892, #585 ),
 .UNSPECIFIED., .F., .F.,
 ( 4, 1, 1, 1, 1, 1, 1, 1, 1, 1, 1, 1, 1, 1, 1, 1, 4 ),
 ( 0.0000000000000000000, 0.06580103760947221500, 0.1286767959489722700, 0.1886758749524329000, 0.2475984367338940900, 0.3048494201188272600, 0.3617858992828990000, 0.4195227063685900100, 0.4786818154207401800, 0.5387695030440189400, 0.5987990560131537500, 0.6601842815006787600, 0.7229515306109660600, 0.7879926891048739700, 0.8554037684344735200, 0.9261530612840039900, 1.000000000000000000 ),
 .UNSPECIFIED. ) ;
#5511 = EDGE_CURVE ( 'NONE', #3521, #1637, #276, .T. ) ;
#5512 =( GEOMETRIC_REPRESENTATION_CONTEXT ( 3 ) GLOBAL_UNCERTAINTY_ASSIGNED_CONTEXT ( ( #3177 ) ) GLOBAL_UNIT_ASSIGNED_CONTEXT ( ( #4027, #9031, #6311 ) ) REPRESENTATION_CONTEXT ( 'NONE', 'WORKASPACE' ) );
#5513 = CARTESIAN_POINT ( 'NONE',  ( 0.4987385907160026800, 0.4798999999999999900, -0.01055111292766789500 ) ) ;
#5514 = CARTESIAN_POINT ( 'NONE',  ( -0.01561965074877237800, 0.4799999999999999800, 0.004280888164450304100 ) ) ;
#5515 = SURFACE_STYLE_FILL_AREA ( #3685 ) ;
#5516 = CARTESIAN_POINT ( 'NONE',  ( -0.06965266600895517200, 0.4798999999999999400, 0.09156591295471074000 ) ) ;
#5517 = SURFACE_STYLE_FILL_AREA ( #5705 ) ;
#5518 = DIRECTION ( 'NONE',  ( 0.0000000000000000000, 0.0000000000000000000, -1.000000000000000000 ) ) ;
#5519 = PLANE ( 'NONE',  #6641 ) ;
#5520 = FILL_AREA_STYLE_COLOUR ( '', #8069 ) ;
#5521 = CARTESIAN_POINT ( 'NONE',  ( 0.1768978239120060400, 0.4798999999999999400, 0.04747891016047412600 ) ) ;
#5522 = CARTESIAN_POINT ( 'NONE',  ( -0.3097149349250229400, 0.4798999999999999400, 0.5000000000000195400 ) ) ;
#5523 = EDGE_CURVE ( 'NONE', #6384, #7234, #952, .T. ) ;
#5524 = UNCERTAINTY_MEASURE_WITH_UNIT (LENGTH_MEASURE( 1.000000000000000100E-005 ), #3428, 'distance_accuracy_value', 'NONE');
#5525 = CARTESIAN_POINT ( 'NONE',  ( 0.1425922868610773900, 0.4798999999999999400, -0.06453453379923532200 ) ) ;
#5526 = CARTESIAN_POINT ( 'NONE',  ( -0.05486158551022651800, 0.4799999999999999800, 0.007625572139757398100 ) ) ;
#5527 = CARTESIAN_POINT ( 'NONE',  ( -0.07876806594008084500, 0.4798999999999999400, 0.06869389787143942400 ) ) ;
#5528 =( NAMED_UNIT ( * ) SI_UNIT ( $, .STERADIAN. ) SOLID_ANGLE_UNIT ( ) );
#5529 = CARTESIAN_POINT ( 'NONE',  ( 0.6799999999999999400, 0.4299999999999999400, -0.3799999999999998900 ) ) ;
#5530 = CARTESIAN_POINT ( 'NONE',  ( -0.1905108115296329000, 0.4799999999999999800, 0.01968603140837521200 ) ) ;
#5531 = CARTESIAN_POINT ( 'NONE',  ( 0.08120528635082770200, 0.4799999999999999800, 0.06858814833841847500 ) ) ;
#5532 = CARTESIAN_POINT ( 'NONE',  ( 0.03890032558196515600, 0.4798999999999999400, 0.07025536347805212700 ) ) ;
#5533 = CARTESIAN_POINT ( 'NONE',  ( -0.1276636528737408700, 0.4799999999999999800, -0.06039085651741150200 ) ) ;
#5534 = LINE ( 'NONE', #4371, #25 ) ;
#5535 = CARTESIAN_POINT ( 'NONE',  ( 0.1235453828117001500, 0.4798999999999999400, 0.001727543932799368400 ) ) ;
#5536 = SURFACE_STYLE_FILL_AREA ( #8389 ) ;
#5537 = B_SPLINE_CURVE_WITH_KNOTS ( 'NONE', 3,
 ( #6101, #8186, #6790, #4594, #323, #350, #1038, #1069, #299, #1743, #1768 ),
 .UNSPECIFIED., .F., .F.,
 ( 4, 1, 1, 1, 1, 1, 1, 1, 4 ),
 ( 0.0000000000000000000, 0.2042261540779101200, 0.3855417648063219600, 0.5445479239626395100, 0.6809444004243588900, 0.7947315708215031400, 0.8862118064819335400, 0.9537405078414521500, 1.000000000000000000 ),
 .UNSPECIFIED. ) ;
#5538 = CARTESIAN_POINT ( 'NONE',  ( 0.2672598392261086300, 0.4799999999999994800, -0.03966118868192844400 ) ) ;
#5539 = ORIENTED_EDGE ( 'NONE', *, *, #1418, .T. ) ;
#5540 = LINE ( 'NONE', #430, #3643 ) ;
#5541 = VERTEX_POINT ( 'NONE', #5149 ) ;
#5542 = VECTOR ( 'NONE', #7639, 1000.000000000000000 ) ;
#5543 = VERTEX_POINT ( 'NONE', #5891 ) ;
#5544 = VERTEX_POINT ( 'NONE', #1580 ) ;
#5545 = SURFACE_SIDE_STYLE ('',( #6392 ) ) ;
#5546 = CARTESIAN_POINT ( 'NONE',  ( -0.05061181927964881300, 0.4799999999999999800, -0.07877031133666104200 ) ) ;
#5547 = CARTESIAN_POINT ( 'NONE',  ( -0.1905079449705343300, 0.4798999999999999400, 0.04537450663280015500 ) ) ;
#5548 = VERTEX_POINT ( 'NONE', #6610 ) ;
#5549 = VECTOR ( 'NONE', #6254, 1000.000000000000000 ) ;
#5550 = AXIS2_PLACEMENT_3D ( 'NONE', #1975, #6976, #2705 ) ;
#5551 = CARTESIAN_POINT ( 'NONE',  ( 0.5189873890479991300, 0.4800000000000000400, 0.04224974287377648900 ) ) ;
#5552 = ORIENTED_EDGE ( 'NONE', *, *, #3417, .F. ) ;
#5553 = EDGE_LOOP ( 'NONE', ( #7276, #4582, #1301, #1509 ) ) ;
#5554 = DIRECTION ( 'NONE',  ( 0.0000000000000000000, 1.000000000000000000, -0.0000000000000000000 ) ) ;
#5555 = AXIS2_PLACEMENT_3D ( 'NONE', #2978, #7965, #3690 ) ;
#5556 =( NAMED_UNIT ( * ) PLANE_ANGLE_UNIT ( ) SI_UNIT ( $, .RADIAN. ) );
#5557 = ADVANCED_FACE ( 'NONE', ( #52 ), #2242, .T. ) ;
#5558 =( NAMED_UNIT ( * ) SI_UNIT ( $, .STERADIAN. ) SOLID_ANGLE_UNIT ( ) );
#5559 = B_SPLINE_CURVE_WITH_KNOTS ( 'NONE', 3,
 ( #3140, #8132, #1747, #6754, #2478, #7480, #3197, #8192, #3912, #8915, #4625, #328, #5352, #1042, #6078 ),
 .UNSPECIFIED., .F., .F.,
 ( 4, 1, 1, 1, 1, 1, 1, 1, 1, 1, 1, 1, 4 ),
 ( 0.0000000000000000000, 0.09379647069693197700, 0.1801880710186106700, 0.2603631916661888200, 0.3348466760639743400, 0.4070930058327157900, 0.4814483792884679500, 0.5592709137563655100, 0.6422698113109349700, 0.7285859445716477100, 0.8159775452756133900, 0.9060351298875352100, 1.000000000000000000 ),
 .UNSPECIFIED. ) ;
#5560 =( NAMED_UNIT ( * ) SI_UNIT ( $, .STERADIAN. ) SOLID_ANGLE_UNIT ( ) );
#5561 = EDGE_LOOP ( 'NONE', ( #5347, #6775, #154, #7666 ) ) ;
#5562 = FACE_OUTER_BOUND ( 'NONE', #4886, .T. ) ;
#5563 = B_SPLINE_SURFACE_WITH_KNOTS ( 'NONE', 3, 1, ( 
 ( #3216, #6803 ),
 ( #2518, #7515 ),
 ( #3247, #8241 ),
 ( #3946, #8949 ),
 ( #4675, #368 ),
 ( #5389, #1083 ),
 ( #6121, #1808 ),
 ( #6828, #2547 ),
 ( #7546, #3267 ),
 ( #8270, #3983 ),
 ( #8975, #4700 ) ),
 .UNSPECIFIED., .F., .F., .F.,
 ( 4, 1, 1, 1, 1, 1, 1, 1, 4 ),
 ( 2, 2 ),
 ( 0.0000000000000000000, 0.1952799535336483500, 0.3709591958780589200, 0.5263022405927883000, 0.6620399845915366800, 0.7769964217729806700, 0.8711733101151061300, 0.9457569341303249100, 1.000000000000000000 ),
 ( 0.0000000000000000000, 1.000000000000000000 ),
 .UNSPECIFIED. ) ;
#5564 = CARTESIAN_POINT ( 'NONE',  ( 0.08487641122882323700, 0.4799999999999999800, -0.08767451036356532800 ) ) ;
#5565 = CARTESIAN_POINT ( 'NONE',  ( 0.03890032558196515600, 0.4798999999999999400, 0.07025536347805212700 ) ) ;
#5566 = COLOUR_RGB ( '',0.2509803921568627400, 0.2509803921568627400, 0.2509803921568627400 ) ;
#5567 = EDGE_CURVE ( 'NONE', #3989, #3055, #1529, .T. ) ;
#5568 = CARTESIAN_POINT ( 'NONE',  ( -0.04711698515160105800, 0.4799999999999999800, 0.05849592235330899900 ) ) ;
#5569 = CARTESIAN_POINT ( 'NONE',  ( 0.4701728855877979100, 0.4798999999999999400, -0.1107514334404885200 ) ) ;
#5570 = CARTESIAN_POINT ( 'NONE',  ( -0.2444505118480998800, 0.4799999999999999800, -0.02849983087638585300 ) ) ;
#5571 = ORIENTED_EDGE ( 'NONE', *, *, #2340, .F. ) ;
#5572 = STYLED_ITEM ( 'NONE', ( #7118 ), #8356 ) ;
#5573 = CARTESIAN_POINT ( 'NONE',  ( -0.2320635444118299100, 0.4798999999999999400, -0.07784560888532288100 ) ) ;
#5574 = CARTESIAN_POINT ( 'NONE',  ( 0.2125055664921425600, 0.4798999999999999400, 0.05974993189913020000 ) ) ;
#5575 = FACE_OUTER_BOUND ( 'NONE', #1972, .T. ) ;
#5576 = CARTESIAN_POINT ( 'NONE',  ( 0.2172817522868137100, 0.4799999999999999800, -0.03662011247047131800 ) ) ;
#5577 = DIRECTION ( 'NONE',  ( 0.0000000000000000000, 0.0000000000000000000, 1.000000000000000000 ) ) ;
#5578 = CARTESIAN_POINT ( 'NONE',  ( -0.8000000000000037100, 0.4299999999999999400, 0.5000000000000195400 ) ) ;
#5579 = VECTOR ( 'NONE', #7606, 1000.000000000000000 ) ;
#5580 = CARTESIAN_POINT ( 'NONE',  ( 0.2965513324230236200, 0.4798999999999999400, -0.01091416471019558900 ) ) ;
#5581 = MECHANICAL_DESIGN_GEOMETRIC_PRESENTATION_REPRESENTATION (  '', ( #4117 ), #6057 ) ;
#5582 = EDGE_LOOP ( 'NONE', ( #5092, #1626, #3760, #1538, #2090 ) ) ;
#5583 = LINE ( 'NONE', #8307, #72 ) ;
#5584 = CARTESIAN_POINT ( 'NONE',  ( -0.6800000000000000500, 0.4099999999999999200, 0.4499999999999999600 ) ) ;
#5585 =( GEOMETRIC_REPRESENTATION_CONTEXT ( 3 ) GLOBAL_UNCERTAINTY_ASSIGNED_CONTEXT ( ( #4263 ) ) GLOBAL_UNIT_ASSIGNED_CONTEXT ( ( #4327, #4420, #4985 ) ) REPRESENTATION_CONTEXT ( 'NONE', 'WORKASPACE' ) );
#5586 = CARTESIAN_POINT ( 'NONE',  ( -0.2540270504982417000, 0.4798999999999999400, 0.08916297178188721500 ) ) ;
#5587 = CARTESIAN_POINT ( 'NONE',  ( -0.3300000000000021200, -0.02000000000000000000, 0.4300000000000032700 ) ) ;
#5588 = UNCERTAINTY_MEASURE_WITH_UNIT (LENGTH_MEASURE( 1.000000000000000100E-005 ), #700, 'distance_accuracy_value', 'NONE');
#5589 = CARTESIAN_POINT ( 'NONE',  ( 0.1235475941732722700, 0.4799999999999999800, -0.02045295573512287800 ) ) ;
#5590 = MECHANICAL_DESIGN_GEOMETRIC_PRESENTATION_REPRESENTATION (  '', ( #4616 ), #6068 ) ;
#5591 = DIRECTION ( 'NONE',  ( -0.0000000000000000000, 0.0000000000000000000, -1.000000000000000000 ) ) ;
#5592 = CARTESIAN_POINT ( 'NONE',  ( 0.03563186399874086100, 0.4799999999999999800, 0.06554055969388841700 ) ) ;
#5593 = VERTEX_POINT ( 'NONE', #3727 ) ;
#5594 = CARTESIAN_POINT ( 'NONE',  ( 0.2575979239244575700, 0.4799999999999999800, 0.06385902734456291900 ) ) ;
#5595 =( NAMED_UNIT ( * ) SI_UNIT ( $, .STERADIAN. ) SOLID_ANGLE_UNIT ( ) );
#5596 =( LENGTH_UNIT ( ) NAMED_UNIT ( * ) SI_UNIT ( .MILLI., .METRE. ) );
#5597 = CARTESIAN_POINT ( 'NONE',  ( 0.06370159669486658000, 0.4798999999999999400, -0.08001655138613679400 ) ) ;
#5598 = CARTESIAN_POINT ( 'NONE',  ( 0.02210335383524764100, 0.4800000000000000900, 0.01640831023492351700 ) ) ;
#5599 = ORIENTED_EDGE ( 'NONE', *, *, #3437, .T. ) ;
#5600 = EDGE_LOOP ( 'NONE', ( #2683, #8709, #2065, #7105, #9106, #3825 ) ) ;
#5601 = CARTESIAN_POINT ( 'NONE',  ( -0.03535596056604862300, 0.4798999999999999400, 0.03383991271335774800 ) ) ;
#5602 =( NAMED_UNIT ( * ) PLANE_ANGLE_UNIT ( ) SI_UNIT ( $, .RADIAN. ) );
#5603 = EDGE_CURVE ( 'NONE', #9099, #7383, #9163, .T. ) ;
#5604 = CARTESIAN_POINT ( 'NONE',  ( -0.2261530762044873000, 0.4798999999999999400, -0.04667854455628436100 ) ) ;
#5605 = FILL_AREA_STYLE ('',( #981 ) ) ;
#5606 = CARTESIAN_POINT ( 'NONE',  ( 0.3022355724466071500, 0.4798999999999999400, 0.03371903194100104400 ) ) ;
#5607 = CARTESIAN_POINT ( 'NONE',  ( 0.2216776055331980100, 0.4799999999999999800, -0.03892133415036910100 ) ) ;
#5608 = CARTESIAN_POINT ( 'NONE',  ( -0.2046381056603546200, 0.4798999999999999400, -0.08572535014620719100 ) ) ;
#5609 = ADVANCED_FACE ( 'NONE', ( #4878 ), #8425, .T. ) ;
#5610 = CARTESIAN_POINT ( 'NONE',  ( 0.3031055778954899200, 0.4799999999999994800, 0.02065882296976799500 ) ) ;
#5611 = COLOUR_RGB ( '',0.2509803921568627400, 0.2509803921568627400, 0.2509803921568627400 ) ;
#5612 = PRESENTATION_LAYER_ASSIGNMENT (  '', '', ( #6084 ) ) ;
#5613 = CARTESIAN_POINT ( 'NONE',  ( 0.2672598392261086300, 0.4798999999999999400, -0.03966118868192844400 ) ) ;
#5614 = STYLED_ITEM ( 'NONE', ( #8044 ), #3185 ) ;
#5615 = DIRECTION ( 'NONE',  ( -1.000000000000000000, 0.0000000000000000000, 1.260700200564540100E-016 ) ) ;
#5616 = CARTESIAN_POINT ( 'NONE',  ( -0.03984415307966887600, 0.4798999999999999400, -0.1023772984779228000 ) ) ;
#5617 = ORIENTED_EDGE ( 'NONE', *, *, #512, .F. ) ;
#5618 = CARTESIAN_POINT ( 'NONE',  ( 0.09307171529528447700, 0.4799999999999999800, -0.08680220982649150500 ) ) ;
#5619 = CARTESIAN_POINT ( 'NONE',  ( 0.2210055668201566500, 0.4799999999999999800, -0.01837649288098800300 ) ) ;
#5620 = SURFACE_SIDE_STYLE ('',( #6382 ) ) ;
#5621 = DIRECTION ( 'NONE',  ( -1.000000000000000000, 0.0000000000000000000, 0.0000000000000000000 ) ) ;
#5622 = CARTESIAN_POINT ( 'NONE',  ( -0.1971734808689498400, 0.4798999999999999400, -0.05249497801885336100 ) ) ;
#5623 = CARTESIAN_POINT ( 'NONE',  ( 0.1774645522544645000, 0.4799999999999999800, -0.005623228312283274000 ) ) ;
#5624 = CARTESIAN_POINT ( 'NONE',  ( -0.1275907641834538300, 0.4798999999999999400, -0.05867014442759459200 ) ) ;
#5625 =( NAMED_UNIT ( * ) PLANE_ANGLE_UNIT ( ) SI_UNIT ( $, .RADIAN. ) );
#5626 = B_SPLINE_SURFACE_WITH_KNOTS ( 'NONE', 3, 1, ( 
 ( #2687, #5570 ),
 ( #1248, #6286 ),
 ( #1988, #6994 ),
 ( #2717, #7718 ),
 ( #3441, #8421 ),
 ( #4140, #9153 ),
 ( #4869, #567 ),
 ( #5604, #1289 ),
 ( #6318, #2015 ),
 ( #7027, #2753 ),
 ( #7744, #3473 ) ),
 .UNSPECIFIED., .F., .F., .F.,
 ( 4, 1, 1, 1, 1, 1, 1, 1, 4 ),
 ( 2, 2 ),
 ( 0.0000000000000000000, 0.1323768784386560600, 0.2551949197670682600, 0.3737221416536684000, 0.4900113154474170000, 0.6078124214239345500, 0.7311098159015431100, 0.8599973777575846700, 1.000000000000000000 ),
 ( 0.0000000000000000000, 1.000000000000000000 ),
 .UNSPECIFIED. ) ;
#5627 = ORIENTED_EDGE ( 'NONE', *, *, #9028, .T. ) ;
#5628 = DIRECTION ( 'NONE',  ( -0.0000000000000000000, -1.000000000000000000, -0.0000000000000000000 ) ) ;
#5629 = LINE ( 'NONE', #5427, #7511 ) ;
#5630 = FILL_AREA_STYLE ('',( #4897 ) ) ;
#5631 = MECHANICAL_DESIGN_GEOMETRIC_PRESENTATION_REPRESENTATION (  '', ( #4662 ), #6105 ) ;
#5632 = CARTESIAN_POINT ( 'NONE',  ( 0.02377895413646662400, 0.4799999999999999800, -0.04813111866405293800 ) ) ;
#5633 = CARTESIAN_POINT ( 'NONE',  ( -0.4704921785147664300, 0.4799999999999999800, -0.1107514334404885400 ) ) ;
#5634 = CARTESIAN_POINT ( 'NONE',  ( 0.7999999999999961600, 0.4299999999999999400, -0.4999999999999813500 ) ) ;
#5635 = CARTESIAN_POINT ( 'NONE',  ( -0.1237824334254670800, 0.4800000000000000400, -0.07447767615186243200 ) ) ;
#5636 = CARTESIAN_POINT ( 'NONE',  ( -0.03641551214911559900, 0.4799999999999999800, 0.02545459736910321900 ) ) ;
#5637 = CARTESIAN_POINT ( 'NONE',  ( 0.2890376882446655200, 0.4799999999999999800, 0.06587437411533803000 ) ) ;
#5638 = CARTESIAN_POINT ( 'NONE',  ( 0.2261098393819077600, 0.4799999999999999800, -0.04080584119551884700 ) ) ;
#5639 = VECTOR ( 'NONE', #34, 1000.000000000000000 ) ;
#5640 = UNCERTAINTY_MEASURE_WITH_UNIT (LENGTH_MEASURE( 1.000000000000000100E-005 ), #272, 'distance_accuracy_value', 'NONE');
#5641 = SURFACE_STYLE_USAGE ( .BOTH. , #4211 ) ;
#5642 =( NAMED_UNIT ( * ) SI_UNIT ( $, .STERADIAN. ) SOLID_ANGLE_UNIT ( ) );
#5643 = CARTESIAN_POINT ( 'NONE',  ( -0.2194493922812022200, 0.4799999999999999800, 0.04469955880480359200 ) ) ;
#5644 =( GEOMETRIC_REPRESENTATION_CONTEXT ( 3 ) GLOBAL_UNCERTAINTY_ASSIGNED_CONTEXT ( ( #8237 ) ) GLOBAL_UNIT_ASSIGNED_CONTEXT ( ( #1326, #1351, #1393 ) ) REPRESENTATION_CONTEXT ( 'NONE', 'WORKASPACE' ) );
#5645 = CARTESIAN_POINT ( 'NONE',  ( -0.02044718425467371300, 0.4799999999999999800, -0.001593203914336226200 ) ) ;
#5646 = MECHANICAL_DESIGN_GEOMETRIC_PRESENTATION_REPRESENTATION (  '', ( #4180 ), #6119 ) ;
#5647 = CARTESIAN_POINT ( 'NONE',  ( 0.3031055778954899200, 0.4798999999999999400, 0.02065882296976799500 ) ) ;
#5648 = DIRECTION ( 'NONE',  ( -1.000000000000000000, -0.0000000000000000000, 1.195811219653129900E-016 ) ) ;
#5649 = PRESENTATION_STYLE_ASSIGNMENT (( #4530 ) ) ;
#5650 = CARTESIAN_POINT ( 'NONE',  ( -0.7300000000000020900, -0.02000000000000000000, -0.4299999999999967200 ) ) ;
#5651 = DIRECTION ( 'NONE',  ( 0.0000000000000000000, 1.000000000000000000, 0.0000000000000000000 ) ) ;
#5652 = COLOUR_RGB ( '',0.2509803921568627400, 0.2509803921568627400, 0.2509803921568627400 ) ;
#5653 = CARTESIAN_POINT ( 'NONE',  ( -0.2144869428414484000, 0.4798999999999999400, -0.01097449533172405700 ) ) ;
#5654 = ADVANCED_FACE ( 'NONE', ( #8018 ), #2824, .F. ) ;
#5655 = CARTESIAN_POINT ( 'NONE',  ( 0.09277136286965632900, 0.4799999999999996500, -0.1105275724435713800 ) ) ;
#5656 = ORIENTED_EDGE ( 'NONE', *, *, #8564, .T. ) ;
#5657 = FILL_AREA_STYLE_COLOUR ( '', #6655 ) ;
#5658 = VERTEX_POINT ( 'NONE', #2093 ) ;
#5659 =( NAMED_UNIT ( * ) SI_UNIT ( $, .STERADIAN. ) SOLID_ANGLE_UNIT ( ) );
#5660 = FACE_OUTER_BOUND ( 'NONE', #6869, .T. ) ;
#5661 = ORIENTED_EDGE ( 'NONE', *, *, #3568, .T. ) ;
#5662 = DIRECTION ( 'NONE',  ( -0.0000000000000000000, 0.0000000000000000000, 1.000000000000000000 ) ) ;
#5663 = EDGE_CURVE ( 'NONE', #833, #6600, #9245, .T. ) ;
#5664 = FACE_OUTER_BOUND ( 'NONE', #2512, .T. ) ;
#5665 = FILL_AREA_STYLE_COLOUR ( '', #2752 ) ;
#5666 = LINE ( 'NONE', #7594, #9227 ) ;
#5667 = B_SPLINE_CURVE_WITH_KNOTS ( 'NONE', 3,
 ( #2022, #8039, #170, #5176, #894, #5930, #1615, #6638, #2353, #7356, #3071, #8068, #3791, #8776, #4495, #201, #5215, #917, #5954 ),
 .UNSPECIFIED., .F., .F.,
 ( 4, 1, 1, 1, 1, 1, 1, 1, 1, 1, 1, 1, 1, 1, 1, 1, 4 ),
 ( 0.0000000000000000000, 0.03274321823113739800, 0.07240960549385727600, 0.1196114857927603700, 0.1746729151985133000, 0.2373450901947012400, 0.3083524168429164800, 0.3876300477623601000, 0.4747836155862525400, 0.5633323159904142200, 0.6451362168299881200, 0.7202025267224658700, 0.7891341563324472100, 0.8514970735699660700, 0.9073306044315625500, 0.9569686823424199400, 1.000000000000000000 ),
 .UNSPECIFIED. ) ;
#5668 = ORIENTED_EDGE ( 'NONE', *, *, #5902, .F. ) ;
#5669 = ORIENTED_EDGE ( 'NONE', *, *, #3683, .F. ) ;
#5670 = CARTESIAN_POINT ( 'NONE',  ( 0.05705464141987561700, 0.4799999999999999800, -0.1045937461119157300 ) ) ;
#5671 = CARTESIAN_POINT ( 'NONE',  ( 0.04672078098471670700, 0.4798999999999999400, -0.005622654713496466300 ) ) ;
#5672 = VECTOR ( 'NONE', #8311, 1000.000000000000000 ) ;
#5673 = ORIENTED_EDGE ( 'NONE', *, *, #8614, .T. ) ;
#5674 = CARTESIAN_POINT ( 'NONE',  ( -0.05667006313015115300, 0.4798999999999999400, 0.006836707585152607800 ) ) ;
#5675 = ORIENTED_EDGE ( 'NONE', *, *, #8820, .T. ) ;
#5676 = MECHANICAL_DESIGN_GEOMETRIC_PRESENTATION_REPRESENTATION (  '', ( #4210 ), #6140 ) ;
#5677 = FACE_BOUND ( 'NONE', #7013, .T. ) ;
#5678 = CARTESIAN_POINT ( 'NONE',  ( -0.1979729651524991500, 0.4798999999999999400, 0.06335595866010169900 ) ) ;
#5679 = CARTESIAN_POINT ( 'NONE',  ( -0.1204921785147665400, 0.4798999999999999400, -0.04272258728664225100 ) ) ;
#5680 = ORIENTED_EDGE ( 'NONE', *, *, #8334, .T. ) ;
#5681 = CARTESIAN_POINT ( 'NONE',  ( -0.01785279809867185200, 0.4798999999999999400, 0.001244684823784292300 ) ) ;
#5682 = VECTOR ( 'NONE', #3693, 1000.000000000000000 ) ;
#5683 = VERTEX_POINT ( 'NONE', #2849 ) ;
#5684 = CARTESIAN_POINT ( 'NONE',  ( -0.2438958145958427500, 0.4798999999999999400, 0.06491667084299003500 ) ) ;
#5685 = CARTESIAN_POINT ( 'NONE',  ( -0.4386812810788691700, 0.4798999999999999400, -0.1107514334404884300 ) ) ;
#5686 = FILL_AREA_STYLE ('',( #2805 ) ) ;
#5687 = DIRECTION ( 'NONE',  ( 0.0000000000000000000, 1.000000000000000000, 0.0000000000000000000 ) ) ;
#5688 = EDGE_LOOP ( 'NONE', ( #6837, #8664, #8569, #8908 ) ) ;
#5689 = VECTOR ( 'NONE', #5760, 1000.000000000000000 ) ;
#5690 = CARTESIAN_POINT ( 'NONE',  ( -0.1204921785147665400, 0.4799999999999998700, -0.04272258728664225100 ) ) ;
#5691 = ORIENTED_EDGE ( 'NONE', *, *, #897, .F. ) ;
#5692 = CARTESIAN_POINT ( 'NONE',  ( -0.007255208572721291400, 0.4798999999999999400, 0.03509155534988960000 ) ) ;
#5693 = PRESENTATION_LAYER_ASSIGNMENT (  '', '', ( #5182 ) ) ;
#5694 = CARTESIAN_POINT ( 'NONE',  ( -0.1966668083029649000, 0.4800000000000000900, 0.005275879863557085900 ) ) ;
#5695 = CARTESIAN_POINT ( 'NONE',  ( 0.1334366668808582800, 0.4798999999999999400, -0.08575682325369528300 ) ) ;
#5696 = CARTESIAN_POINT ( 'NONE',  ( 0.04931043265204651500, 0.4799999999999999800, 0.08102610550915929900 ) ) ;
#5697 =( GEOMETRIC_REPRESENTATION_CONTEXT ( 3 ) GLOBAL_UNCERTAINTY_ASSIGNED_CONTEXT ( ( #4118 ) ) GLOBAL_UNIT_ASSIGNED_CONTEXT ( ( #7292, #3027, #8014 ) ) REPRESENTATION_CONTEXT ( 'NONE', 'WORKASPACE' ) );
#5698 = SURFACE_SIDE_STYLE ('',( #9221 ) ) ;
#5699 = ORIENTED_EDGE ( 'NONE', *, *, #8378, .F. ) ;
#5700 = PRESENTATION_STYLE_ASSIGNMENT (( #206 ) ) ;
#5701 = CARTESIAN_POINT ( 'NONE',  ( -0.05988137523471297900, 0.4799999999999999800, 0.09002313165757043500 ) ) ;
#5702 = EDGE_CURVE ( 'NONE', #3221, #6981, #4159, .T. ) ;
#5703 =( LENGTH_UNIT ( ) NAMED_UNIT ( * ) SI_UNIT ( .MILLI., .METRE. ) );
#5704 = CARTESIAN_POINT ( 'NONE',  ( 0.06054508827047879600, 0.4798999999999999400, 0.05727469689734178400 ) ) ;
#5705 = FILL_AREA_STYLE ('',( #4240 ) ) ;
#5706 = CARTESIAN_POINT ( 'NONE',  ( -0.09249789922386361700, 0.4798999999999999400, 0.09133319993347403800 ) ) ;
#5707 = DIRECTION ( 'NONE',  ( -3.614007241618347900E-017, 0.0000000000000000000, -1.000000000000000000 ) ) ;
#5708 = CARTESIAN_POINT ( 'NONE',  ( 0.1422109566944779500, 0.4799999999999999800, 0.04753676520920970000 ) ) ;
#5709 = FILL_AREA_STYLE ('',( #4102 ) ) ;
#5710 = ORIENTED_EDGE ( 'NONE', *, *, #4255, .F. ) ;
#5711 = DIRECTION ( 'NONE',  ( -0.0000000000000000000, 1.000000000000000000, -0.0000000000000000000 ) ) ;
#5712 = CARTESIAN_POINT ( 'NONE',  ( -0.2249338518306448800, 0.4799999999999998700, 0.08425826533562999500 ) ) ;
#5713 = EDGE_CURVE ( 'NONE', #7799, #5432, #1624, .T. ) ;
#5714 = VERTEX_POINT ( 'NONE', #7183 ) ;
#5715 = ADVANCED_FACE ( 'NONE', ( #7114 ), #5355, .T. ) ;
#5716 = MECHANICAL_DESIGN_GEOMETRIC_PRESENTATION_REPRESENTATION (  '', ( #4723 ), #6170 ) ;
#5717 = CARTESIAN_POINT ( 'NONE',  ( -0.01785279809867185200, 0.4799999999999999800, 0.001244684823784292300 ) ) ;
#5718 = B_SPLINE_CURVE_WITH_KNOTS ( 'NONE', 3,
 ( #6239, #1203, #519, #5547, #1234, #6270, #1969, #6969, #2699, #7699, #3420, #8405, #4122, #9135, #4846, #547, #5586, #1264, #6302 ),
 .UNSPECIFIED., .F., .F.,
 ( 4, 1, 1, 1, 1, 1, 1, 1, 1, 1, 1, 1, 1, 1, 1, 1, 4 ),
 ( 0.0000000000000000000, 0.06425457542470294800, 0.1273603868320974100, 0.1894718420926419800, 0.2517207629332008400, 0.3120272840890018200, 0.3686746571150509300, 0.4226814918055485900, 0.4740604252251504600, 0.5257737722739167500, 0.5796221048577135900, 0.6373752855308653100, 0.6984003818208007800, 0.7643573310122577800, 0.8363147679791490500, 0.9146777942540464900, 1.000000000000000000 ),
 .UNSPECIFIED. ) ;
#5719 = CARTESIAN_POINT ( 'NONE',  ( -0.2175537784042293500, 0.4798999999999999400, 0.03614480920291493500 ) ) ;
#5720 = PRESENTATION_LAYER_ASSIGNMENT (  '', '', ( #4726 ) ) ;
#5721 = SURFACE_STYLE_FILL_AREA ( #8638 ) ;
#5722 = ORIENTED_EDGE ( 'NONE', *, *, #5523, .T. ) ;
#5723 = CARTESIAN_POINT ( 'NONE',  ( -0.2350635510725072300, 0.4799999999999999800, -0.08091156875724109200 ) ) ;
#5724 = ORIENTED_EDGE ( 'NONE', *, *, #1404, .T. ) ;
#5725 = CARTESIAN_POINT ( 'NONE',  ( 0.2768951058777767700, 0.4799999999999995900, 0.01275306896190035000 ) ) ;
#5726 = CARTESIAN_POINT ( 'NONE',  ( 0.3008007456214070200, 0.4799999999999999800, 0.0007998350409279233100 ) ) ;
#5727 = EDGE_CURVE ( 'NONE', #4304, #7917, #8331, .T. ) ;
#5728 = CARTESIAN_POINT ( 'NONE',  ( -0.1892356338901098300, 0.4798999999999999400, 0.03054027317155935000 ) ) ;
#5729 = CARTESIAN_POINT ( 'NONE',  ( 0.1468289262939791200, 0.4799999999999996500, -0.04674656256480985000 ) ) ;
#5730 = FACE_OUTER_BOUND ( 'NONE', #2970, .T. ) ;
#5731 = CARTESIAN_POINT ( 'NONE',  ( -0.2255791033759024800, 0.4799999999999998700, 0.008083135907427730200 ) ) ;
#5732 = FILL_AREA_STYLE_COLOUR ( '', #5219 ) ;
#5733 =( LENGTH_UNIT ( ) NAMED_UNIT ( * ) SI_UNIT ( .MILLI., .METRE. ) );
#5734 = PLANE ( 'NONE',  #4709 ) ;
#5735 = CARTESIAN_POINT ( 'NONE',  ( 0.2777885016322714200, 0.4798999999999999400, 0.07822718124162937600 ) ) ;
#5736 =( NAMED_UNIT ( * ) PLANE_ANGLE_UNIT ( ) SI_UNIT ( $, .RADIAN. ) );
#5737 = CARTESIAN_POINT ( 'NONE',  ( -0.1244868010680160000, 0.4799999999999998700, 0.08351952708036108900 ) ) ;
#5738 = CARTESIAN_POINT ( 'NONE',  ( 0.2760807416781954100, 0.4799999999999999800, 0.008406044824504240600 ) ) ;
#5739 = CARTESIAN_POINT ( 'NONE',  ( 0.1002706015599809900, 0.4799999999999999800, 0.09031052011221557500 ) ) ;
#5740 = CARTESIAN_POINT ( 'NONE',  ( 0.4022241676390798700, 0.4798999999999999400, 0.08924856655951159100 ) ) ;
#5741 = CARTESIAN_POINT ( 'NONE',  ( -0.7300000000000020900, -0.02000000000000000000, -0.4299999999999967200 ) ) ;
#5742 = ORIENTED_EDGE ( 'NONE', *, *, #42, .F. ) ;
#5743 =( GEOMETRIC_REPRESENTATION_CONTEXT ( 3 ) GLOBAL_UNCERTAINTY_ASSIGNED_CONTEXT ( ( #8350 ) ) GLOBAL_UNIT_ASSIGNED_CONTEXT ( ( #9278, #4984, #688 ) ) REPRESENTATION_CONTEXT ( 'NONE', 'WORKASPACE' ) );
#5744 = EDGE_CURVE ( 'NONE', #5714, #254, #4538, .T. ) ;
#5745 = SURFACE_SIDE_STYLE ('',( #926 ) ) ;
#5746 = CARTESIAN_POINT ( 'NONE',  ( 0.1236183984083103900, 0.4798999999999999400, -0.009469382158437138600 ) ) ;
#5747 = CARTESIAN_POINT ( 'NONE',  ( 0.2647122879903848800, 0.4798999999999999400, -0.01221868805007557700 ) ) ;
#5748 = CARTESIAN_POINT ( 'NONE',  ( 0.02377895413646662400, 0.4800000000000000900, -0.04813111866405293800 ) ) ;
#5749 = CARTESIAN_POINT ( 'NONE',  ( -0.04711698515160105800, 0.4799999999999999800, 0.05849592235330899900 ) ) ;
#5750 = CARTESIAN_POINT ( 'NONE',  ( 0.1492594240493360100, 0.4798999999999999400, -0.009389253953308930200 ) ) ;
#5751 = CARTESIAN_POINT ( 'NONE',  ( 0.05084405955454786300, 0.4799999999999999300, 0.03761573566095950000 ) ) ;
#5752 = CARTESIAN_POINT ( 'NONE',  ( -0.2438958145958427500, 0.4799999999999999800, 0.06491667084299003500 ) ) ;
#5753 = EDGE_CURVE ( 'NONE', #6377, #8447, #941, .T. ) ;
#5754 = B_SPLINE_SURFACE_WITH_KNOTS ( 'NONE', 3, 1, ( 
 ( #7675, #1378 ),
 ( #6408, #2115 ),
 ( #7116, #2844 ),
 ( #7833, #3565 ),
 ( #8546, #4260 ),
 ( #9281, #4987 ),
 ( #692, #5731 ),
 ( #1419, #6434 ),
 ( #2145, #7148 ),
 ( #2876, #7859 ),
 ( #3592, #8588 ),
 ( #4292, #9310 ),
 ( #5017, #730 ),
 ( #5755, #1447 ),
 ( #6469, #2174 ) ),
 .UNSPECIFIED., .F., .F., .F.,
 ( 4, 1, 1, 1, 1, 1, 1, 1, 1, 1, 1, 1, 4 ),
 ( 2, 2 ),
 ( 0.0000000000000000000, 0.08013990246525155800, 0.1562809906190944800, 0.2294060490129021800, 0.3017986969723056600, 0.3727428627695780200, 0.4426676099026292700, 0.5133209646126977200, 0.5865476923632091400, 0.6683225082295053400, 0.7636766255259053200, 0.8740807567185482400, 1.000000000000000000 ),
 ( 0.0000000000000000000, 1.000000000000000000 ),
 .UNSPECIFIED. ) ;
#5755 = CARTESIAN_POINT ( 'NONE',  ( -0.2627850316823737700, 0.4798999999999999400, -0.003030374750599459900 ) ) ;
#5756 = DIRECTION ( 'NONE',  ( 2.853163611803960300E-016, 0.0000000000000000000, -1.000000000000000000 ) ) ;
#5757 = CARTESIAN_POINT ( 'NONE',  ( 0.1482953196139272000, 0.4798999999999999400, 0.01485829392275922700 ) ) ;
#5758 =( GEOMETRIC_REPRESENTATION_CONTEXT ( 3 ) GLOBAL_UNCERTAINTY_ASSIGNED_CONTEXT ( ( #3208 ) ) GLOBAL_UNIT_ASSIGNED_CONTEXT ( ( #8747, #4468, #168 ) ) REPRESENTATION_CONTEXT ( 'NONE', 'WORKASPACE' ) );
#5759 = AXIS2_PLACEMENT_3D ( 'NONE', #8834, #5296, #8898 ) ;
#5760 = DIRECTION ( 'NONE',  ( -1.000000000000000000, 0.0000000000000000000, 0.0000000000000000000 ) ) ;
#5761 = CARTESIAN_POINT ( 'NONE',  ( -0.8000000000000037100, 0.4798999999999999400, -0.1107514334404884300 ) ) ;
#5762 =( LENGTH_UNIT ( ) NAMED_UNIT ( * ) SI_UNIT ( .MILLI., .METRE. ) );
#5763 = CARTESIAN_POINT ( 'NONE',  ( 0.2022302932849171500, 0.4799999999999999800, 0.04116115423825472000 ) ) ;
#5764 = COLOUR_RGB ( '',0.2509803921568627400, 0.2509803921568627400, 0.2509803921568627400 ) ;
#5765 = CARTESIAN_POINT ( 'NONE',  ( -0.6872941206280902500, 0.4798999999999999400, 0.5416734474378254200 ) ) ;
#5766 = CARTESIAN_POINT ( 'NONE',  ( -0.1501675022324114300, 0.4798999999999999400, 0.06225760382893177200 ) ) ;
#5767 = CARTESIAN_POINT ( 'NONE',  ( 0.2389239114301632800, 0.4799999999999999800, -0.02096326346449288400 ) ) ;
#5768 = DIRECTION ( 'NONE',  ( 0.0000000000000000000, -0.0000000000000000000, 1.000000000000000000 ) ) ;
#5769 = DIRECTION ( 'NONE',  ( 0.0000000000000000000, 1.000000000000000000, -0.0000000000000000000 ) ) ;
#5770 = MECHANICAL_DESIGN_GEOMETRIC_PRESENTATION_REPRESENTATION (  '', ( #4312 ), #6238 ) ;
#5771 = SURFACE_STYLE_FILL_AREA ( #47 ) ;
#5772 = MECHANICAL_DESIGN_GEOMETRIC_PRESENTATION_REPRESENTATION (  '', ( #4789 ), #6242 ) ;
#5773 = DIRECTION ( 'NONE',  ( -0.0000000000000000000, 1.000000000000000000, -0.0000000000000000000 ) ) ;
#5774 = VECTOR ( 'NONE', #1182, 1000.000000000000100 ) ;
#5775 = CARTESIAN_POINT ( 'NONE',  ( 0.1230218031791311500, 0.4798999999999999400, -0.03077029931692288100 ) ) ;
#5776 = CARTESIAN_POINT ( 'NONE',  ( 0.2420461908631674200, 0.4799999999999995900, -0.02087646325525032200 ) ) ;
#5777 = ORIENTED_EDGE ( 'NONE', *, *, #4200, .F. ) ;
#5778 = VECTOR ( 'NONE', #6667, 1000.000000000000000 ) ;
#5779 = ORIENTED_EDGE ( 'NONE', *, *, #304, .T. ) ;
#5780 = CARTESIAN_POINT ( 'NONE',  ( 0.03705658940049848900, 0.4798999999999999400, -0.08596860285159385600 ) ) ;
#5781 = ORIENTED_EDGE ( 'NONE', *, *, #5702, .F. ) ;
#5782 = ORIENTED_EDGE ( 'NONE', *, *, #6652, .F. ) ;
#5783 = CARTESIAN_POINT ( 'NONE',  ( 0.4471461750939627100, 0.4798999999999999400, -0.06593012325315993100 ) ) ;
#5784 = CARTESIAN_POINT ( 'NONE',  ( -0.2269024349250230200, 0.4798999999999999400, -0.01587963856869354900 ) ) ;
#5785 = CARTESIAN_POINT ( 'NONE',  ( 0.07011175412551617900, 0.4798999999999999400, 0.06508146422976449100 ) ) ;
#5786 = FACE_OUTER_BOUND ( 'NONE', #627, .T. ) ;
#5787 = VERTEX_POINT ( 'NONE', #6609 ) ;
#5788 = FILL_AREA_STYLE ('',( #2908 ) ) ;
#5789 = EDGE_CURVE ( 'NONE', #3870, #2435, #6454, .T. ) ;
#5790 = VERTEX_POINT ( 'NONE', #8744 ) ;
#5791 = CARTESIAN_POINT ( 'NONE',  ( 0.1209391574365984200, 0.4798999999999999400, 0.08079165367950175100 ) ) ;
#5792 = COLOUR_RGB ( '',0.2509803921568627400, 0.2509803921568627400, 0.2509803921568627400 ) ;
#5793 = VECTOR ( 'NONE', #8720, 1000.000000000000000 ) ;
#5794 = FILL_AREA_STYLE ('',( #5051 ) ) ;
#5795 = CARTESIAN_POINT ( 'NONE',  ( 0.3933800605922543900, 0.4798999999999999400, 0.03735511227333245700 ) ) ;
#5796 = CARTESIAN_POINT ( 'NONE',  ( 0.2335192128156985400, 0.4799999999999999800, 0.06862413252016094600 ) ) ;
#5797 = CARTESIAN_POINT ( 'NONE',  ( 0.2862300282263948700, 0.4799999999999999800, 0.06947092203793232800 ) ) ;
#5798 = ORIENTED_EDGE ( 'NONE', *, *, #660, .F. ) ;
#5799 = CARTESIAN_POINT ( 'NONE',  ( -0.1618697322788789900, 0.4799999999999998700, 0.03534685151080554200 ) ) ;
#5800 = CARTESIAN_POINT ( 'NONE',  ( 0.05432869354177143800, 0.4799999999999999800, 0.08438344057555320600 ) ) ;
#5801 = COLOUR_RGB ( '',1.000000000000000000, 1.000000000000000000, 0.5019607843137254800 ) ;
#5802 = MECHANICAL_DESIGN_GEOMETRIC_PRESENTATION_REPRESENTATION (  '', ( #4343 ), #6267 ) ;
#5803 = SURFACE_SIDE_STYLE ('',( #6685 ) ) ;
#5804 = COLOUR_RGB ( '',0.2509803921568627400, 0.2509803921568627400, 0.2509803921568627400 ) ;
#5805 = VECTOR ( 'NONE', #438, 1000.000000000000000 ) ;
#5806 = EDGE_LOOP ( 'NONE', ( #2200, #7764, #475, #5071 ) ) ;
#5807 = FACE_OUTER_BOUND ( 'NONE', #297, .T. ) ;
#5808 =( LENGTH_UNIT ( ) NAMED_UNIT ( * ) SI_UNIT ( .MILLI., .METRE. ) );
#5809 = LINE ( 'NONE', #4753, #1754 ) ;
#5810 = CARTESIAN_POINT ( 'NONE',  ( 0.1130174078356532300, 0.4799999999999995400, -0.07211107755841711400 ) ) ;
#5811 =( NAMED_UNIT ( * ) PLANE_ANGLE_UNIT ( ) SI_UNIT ( $, .RADIAN. ) );
#5812 = CARTESIAN_POINT ( 'NONE',  ( -0.1306384734052515600, 0.4799999999999999800, 0.04051008871010736800 ) ) ;
#5813 = CARTESIAN_POINT ( 'NONE',  ( 0.05705464141987561700, 0.4800000000000000900, -0.1045937461119157300 ) ) ;
#5814 = UNCERTAINTY_MEASURE_WITH_UNIT (LENGTH_MEASURE( 1.000000000000000100E-005 ), #5808, 'distance_accuracy_value', 'NONE');
#5815 = EDGE_LOOP ( 'NONE', ( #1411, #4693, #8491, #5227 ) ) ;
#5816 =( GEOMETRIC_REPRESENTATION_CONTEXT ( 3 ) GLOBAL_UNCERTAINTY_ASSIGNED_CONTEXT ( ( #7064 ) ) GLOBAL_UNIT_ASSIGNED_CONTEXT ( ( #5762, #1455, #6477 ) ) REPRESENTATION_CONTEXT ( 'NONE', 'WORKASPACE' ) );
#5817 =( NAMED_UNIT ( * ) SI_UNIT ( $, .STERADIAN. ) SOLID_ANGLE_UNIT ( ) );
#5818 = CARTESIAN_POINT ( 'NONE',  ( -0.2611833600512316600, 0.4798999999999999400, -0.1107443099419249500 ) ) ;
#5819 =( GEOMETRIC_REPRESENTATION_CONTEXT ( 3 ) GLOBAL_UNCERTAINTY_ASSIGNED_CONTEXT ( ( #5259 ) ) GLOBAL_UNIT_ASSIGNED_CONTEXT ( ( #2416, #7414, #3139 ) ) REPRESENTATION_CONTEXT ( 'NONE', 'WORKASPACE' ) );
#5820 = CARTESIAN_POINT ( 'NONE',  ( -0.2411927136267328600, 0.4798999999999999400, 0.06434850640940842400 ) ) ;
#5821 = APPLICATION_CONTEXT ( 'automotive_design' ) ;
#5822 = ORIENTED_EDGE ( 'NONE', *, *, #2148, .F. ) ;
#5823 = EDGE_CURVE ( 'NONE', #839, #1290, #846, .T. ) ;
#5824 = CARTESIAN_POINT ( 'NONE',  ( -0.05667006313015115300, 0.4799999999999999800, 0.006836707585152607800 ) ) ;
#5825 =( NAMED_UNIT ( * ) PLANE_ANGLE_UNIT ( ) SI_UNIT ( $, .RADIAN. ) );
#5826 = CARTESIAN_POINT ( 'NONE',  ( 0.5153080826220947100, 0.4798999999999999900, 0.05831824386690259700 ) ) ;
#5827 = CARTESIAN_POINT ( 'NONE',  ( -0.07314782722908086400, 0.4798999999999999400, 0.001541449955059053600 ) ) ;
#5828 = DIRECTION ( 'NONE',  ( -0.2779964627188521400, 0.0000000000000000000, 0.9605820978530704700 ) ) ;
#5829 = UNCERTAINTY_MEASURE_WITH_UNIT (LENGTH_MEASURE( 1.000000000000000100E-005 ), #4655, 'distance_accuracy_value', 'NONE');
#5830 = CARTESIAN_POINT ( 'NONE',  ( 0.2172817522868137100, 0.4799999999999999800, -0.03662011247047131800 ) ) ;
#5831 = PRESENTATION_LAYER_ASSIGNMENT (  '', '', ( #5332 ) ) ;
#5832 = EDGE_CURVE ( 'NONE', #4713, #3521, #6216, .T. ) ;
#5833 = MECHANICAL_DESIGN_GEOMETRIC_PRESENTATION_REPRESENTATION (  '', ( #4376 ), #6300 ) ;
#5834 = FACE_OUTER_BOUND ( 'NONE', #3309, .T. ) ;
#5835 = VERTEX_POINT ( 'NONE', #8064 ) ;
#5836 = CARTESIAN_POINT ( 'NONE',  ( -0.1154036699570989700, 0.4798999999999999400, -0.03908890000646136200 ) ) ;
#5837 = CARTESIAN_POINT ( 'NONE',  ( 0.05732084775917777000, 0.4798999999999999400, -0.07237926851964836300 ) ) ;
#5838 = CARTESIAN_POINT ( 'NONE',  ( 0.5135609093617647900, 0.4798999999999999900, 0.05549618089319472600 ) ) ;
#5839 = CARTESIAN_POINT ( 'NONE',  ( 0.08904522195655374700, 0.4798999999999999400, -0.08754271233583353600 ) ) ;
#5840 = CARTESIAN_POINT ( 'NONE',  ( -0.4667489700495857700, 0.4798999999999999400, -0.05372025193816360600 ) ) ;
#5841 = CARTESIAN_POINT ( 'NONE',  ( -0.1276636528737408700, 0.4798999999999999400, -0.06039085651741150200 ) ) ;
#5842 = CARTESIAN_POINT ( 'NONE',  ( 0.08515685994677196800, 0.4798999999999999400, -0.1107514334404884200 ) ) ;
#5843 = EDGE_CURVE ( 'NONE', #190, #5365, #8471, .T. ) ;
#5844 = DIRECTION ( 'NONE',  ( -2.853163611803959800E-016, -0.0000000000000000000, -1.000000000000000000 ) ) ;
#5845 = CARTESIAN_POINT ( 'NONE',  ( -0.2339071242306960700, 0.4799999999999999300, -0.1073277484808368800 ) ) ;
#5846 =( LENGTH_UNIT ( ) NAMED_UNIT ( * ) SI_UNIT ( .MILLI., .METRE. ) );
#5847 = ORIENTED_EDGE ( 'NONE', *, *, #2336, .T. ) ;
#5848 = APPLICATION_PROTOCOL_DEFINITION ( 'draft international standard', 'automotive_design', 1998, #812 ) ;
#5849 = UNCERTAINTY_MEASURE_WITH_UNIT (LENGTH_MEASURE( 1.000000000000000100E-005 ), #8523, 'distance_accuracy_value', 'NONE');
#5850 =( NAMED_UNIT ( * ) SI_UNIT ( $, .STERADIAN. ) SOLID_ANGLE_UNIT ( ) );
#5851 = CARTESIAN_POINT ( 'NONE',  ( -0.1064157129908756300, 0.4799999999999999800, -0.007652712420727171700 ) ) ;
#5852 = CARTESIAN_POINT ( 'NONE',  ( -0.2295499968785681100, 0.4799999999999999800, -0.07427956865508801600 ) ) ;
#5853 = CARTESIAN_POINT ( 'NONE',  ( 0.1236183984083103900, 0.4798999999999999400, -0.009469382158437138600 ) ) ;
#5854 =( NAMED_UNIT ( * ) SI_UNIT ( $, .STERADIAN. ) SOLID_ANGLE_UNIT ( ) );
#5855 = CARTESIAN_POINT ( 'NONE',  ( -0.1064157129908756300, 0.4799999999999999800, -0.007652712420727171700 ) ) ;
#5856 = ORIENTED_EDGE ( 'NONE', *, *, #5196, .T. ) ;
#5857 = CARTESIAN_POINT ( 'NONE',  ( 0.02815457691549751900, 0.4798999999999999400, -0.06656509541211191900 ) ) ;
#5858 = CARTESIAN_POINT ( 'NONE',  ( 0.2444116676390797000, 0.4798999999999999400, -0.04408476677382174000 ) ) ;
#5859 = VECTOR ( 'NONE', #3159, 1000.000000000000000 ) ;
#5860 = CARTESIAN_POINT ( 'NONE',  ( -0.08375616470836024000, 0.4799999999999999300, -0.02852874884736423400 ) ) ;
#5861 = CARTESIAN_POINT ( 'NONE',  ( 0.04730912220411775900, 0.4799999999999999800, -0.03085467341568604700 ) ) ;
#5862 = LINE ( 'NONE', #1347, #7748 ) ;
#5863 = CARTESIAN_POINT ( 'NONE',  ( 0.3773042958442078300, 0.4798999999999999400, 0.02077901527746031300 ) ) ;
#5864 = AXIS2_PLACEMENT_3D ( 'NONE', #4464, #160, #5170 ) ;
#5865 = CARTESIAN_POINT ( 'NONE',  ( -0.3049782096953562700, 0.4799999999999999800, 0.3170079509925848900 ) ) ;
#5866 = CARTESIAN_POINT ( 'NONE',  ( 0.04942934843876041500, 0.4799999999999999800, -0.04886195902578040200 ) ) ;
#5867 = FILL_AREA_STYLE_COLOUR ( '', #4194 ) ;
#5868 = CARTESIAN_POINT ( 'NONE',  ( 0.2878010907160026800, 0.4799999999999999800, 0.06753382296976800900 ) ) ;
#5869 = PRESENTATION_LAYER_ASSIGNMENT (  '', '', ( #4894 ) ) ;
#5870 = CARTESIAN_POINT ( 'NONE',  ( 0.09297346587472872500, 0.4799999999999999800, 0.06791709636242752900 ) ) ;
#5871 = CARTESIAN_POINT ( 'NONE',  ( -0.6800000000000000500, 0.4799999999999999800, 0.3799999999999998900 ) ) ;
#5872 = CARTESIAN_POINT ( 'NONE',  ( -0.2011801573400732200, 0.4798999999999999400, -0.07933210060849375800 ) ) ;
#5873 = CARTESIAN_POINT ( 'NONE',  ( -0.2472584228759852900, 0.4799999999999999800, -0.1099073087229682500 ) ) ;
#5874 = CARTESIAN_POINT ( 'NONE',  ( -0.007462430044848654200, 0.4798999999999999400, 0.04028086102604823400 ) ) ;
#5875 = CARTESIAN_POINT ( 'NONE',  ( -0.2411927136267328600, 0.4799999999999999800, 0.06434850640940842400 ) ) ;
#5876 = EDGE_CURVE ( 'NONE', #8435, #3610, #4313, .T. ) ;
#5877 = UNCERTAINTY_MEASURE_WITH_UNIT (LENGTH_MEASURE( 1.000000000000000100E-005 ), #7242, 'distance_accuracy_value', 'NONE');
#5878 = FACE_OUTER_BOUND ( 'NONE', #2193, .T. ) ;
#5879 = FACE_OUTER_BOUND ( 'NONE', #372, .T. ) ;
#5880 = VERTEX_POINT ( 'NONE', #2401 ) ;
#5881 = STYLED_ITEM ( 'NONE', ( #8538 ), #6295 ) ;
#5882 = EDGE_LOOP ( 'NONE', ( #2879, #1280, #7036, #983 ) ) ;
#5883 = CARTESIAN_POINT ( 'NONE',  ( 0.2575979239244575700, 0.4798999999999999400, 0.06385902734456291900 ) ) ;
#5884 = DIRECTION ( 'NONE',  ( -0.0000000000000000000, 1.000000000000000000, -0.0000000000000000000 ) ) ;
#5885 = CARTESIAN_POINT ( 'NONE',  ( -0.2507990473211873500, 0.4798999999999999400, -0.08658625885347540100 ) ) ;
#5886 = CARTESIAN_POINT ( 'NONE',  ( 0.2718519855514091000, 0.4798999999999999400, -0.003129000313433032800 ) ) ;
#5887 = ORIENTED_EDGE ( 'NONE', *, *, #406, .F. ) ;
#5888 = CARTESIAN_POINT ( 'NONE',  ( 0.2351618921670330900, 0.4798999999999999400, -0.04329378670731209200 ) ) ;
#5889 = DIRECTION ( 'NONE',  ( -0.0000000000000000000, 1.000000000000000000, -0.0000000000000000000 ) ) ;
#5890 = VECTOR ( 'NONE', #8942, 1000.000000000000000 ) ;
#5891 = CARTESIAN_POINT ( 'NONE',  ( 0.5321921163570284600, 0.4798999999999999400, 0.08924856655951159100 ) ) ;
#5892 = VECTOR ( 'NONE', #5446, 1000.000000000000200 ) ;
#5893 = AXIS2_PLACEMENT_3D ( 'NONE', #5083, #5119, #5768 ) ;
#5894 = ORIENTED_EDGE ( 'NONE', *, *, #1045, .T. ) ;
#5895 = VERTEX_POINT ( 'NONE', #3836 ) ;
#5896 = CARTESIAN_POINT ( 'NONE',  ( -0.04533180422756040400, 0.4798999999999999400, -0.01733703938819662600 ) ) ;
#5897 = LINE ( 'NONE', #8549, #5672 ) ;
#5898 = ORIENTED_EDGE ( 'NONE', *, *, #7481, .F. ) ;
#5899 = PRODUCT_RELATED_PRODUCT_CATEGORY ( 'part', '', ( #2488 ) ) ;
#5900 = VERTEX_POINT ( 'NONE', #3129 ) ;
#5901 = CARTESIAN_POINT ( 'NONE',  ( -0.06589526471116254100, 0.4799999999999999800, -0.1117553077885402200 ) ) ;
#5902 = EDGE_CURVE ( 'NONE', #8994, #190, #6813, .T. ) ;
#5903 = CARTESIAN_POINT ( 'NONE',  ( 0.3849325734440920400, 0.4798999999999999400, 0.05456578975971333000 ) ) ;
#5904 = CARTESIAN_POINT ( 'NONE',  ( -0.07876806594008084500, 0.4798999999999999400, 0.06869389787143942400 ) ) ;
#5905 =( NAMED_UNIT ( * ) SI_UNIT ( $, .STERADIAN. ) SOLID_ANGLE_UNIT ( ) );
#5906 = CARTESIAN_POINT ( 'NONE',  ( 0.0000000000000000000, -0.02000000000000000000, 0.0000000000000000000 ) ) ;
#5907 = LINE ( 'NONE', #2927, #2308 ) ;
#5908 = DIRECTION ( 'NONE',  ( -0.0000000000000000000, 1.000000000000000000, -0.0000000000000000000 ) ) ;
#5909 = CARTESIAN_POINT ( 'NONE',  ( 0.1235453828117001500, 0.4799999999999999800, 0.001727543932799368400 ) ) ;
#5910 = ORIENTED_EDGE ( 'NONE', *, *, #1982, .T. ) ;
#5911 = SURFACE_STYLE_FILL_AREA ( #3605 ) ;
#5912 = SURFACE_STYLE_FILL_AREA ( #3054 ) ;
#5913 = SURFACE_STYLE_USAGE ( .BOTH. , #877 ) ;
#5914 = CARTESIAN_POINT ( 'NONE',  ( -0.2198917057413443100, 0.4799999999999999800, -0.01943244407281143100 ) ) ;
#5915 = CARTESIAN_POINT ( 'NONE',  ( 0.7300000000000062000, -0.02000000000000000000, -0.4299999999999968800 ) ) ;
#5916 = FACE_OUTER_BOUND ( 'NONE', #3546, .T. ) ;
#5917 = CARTESIAN_POINT ( 'NONE',  ( -0.05988137523471297900, 0.4798999999999999400, 0.09002313165757043500 ) ) ;
#5918 = ORIENTED_EDGE ( 'NONE', *, *, #4920, .F. ) ;
#5919 = LINE ( 'NONE', #4749, #390 ) ;
#5920 = CIRCLE ( 'NONE', #9147, 0.06249999999999984000 ) ;
#5921 = CARTESIAN_POINT ( 'NONE',  ( -0.4386812810788691700, 0.4798999999999999400, -0.1107514334404884300 ) ) ;
#5922 = CARTESIAN_POINT ( 'NONE',  ( -0.08643769133527935700, 0.4798999999999999400, -0.1133155360045909700 ) ) ;
#5923 = CARTESIAN_POINT ( 'NONE',  ( -0.2716139733865614600, 0.4799999999999999800, -0.08767451036356532800 ) ) ;
#5924 = CARTESIAN_POINT ( 'NONE',  ( 0.7999999999999963800, 0.4099999999999999200, 0.5000000000000192100 ) ) ;
#5925 = SURFACE_SIDE_STYLE ('',( #3980 ) ) ;
#5926 =( GEOMETRIC_REPRESENTATION_CONTEXT ( 3 ) GLOBAL_UNCERTAINTY_ASSIGNED_CONTEXT ( ( #8572 ) ) GLOBAL_UNIT_ASSIGNED_CONTEXT ( ( #9100, #4820, #527 ) ) REPRESENTATION_CONTEXT ( 'NONE', 'WORKASPACE' ) );
#5927 = VERTEX_POINT ( 'NONE', #7427 ) ;
#5928 = CARTESIAN_POINT ( 'NONE',  ( 0.2007953617401702600, 0.4798999999999999400, 0.03428304122055190300 ) ) ;
#5929 =( GEOMETRIC_REPRESENTATION_CONTEXT ( 3 ) GLOBAL_UNCERTAINTY_ASSIGNED_CONTEXT ( ( #6616 ) ) GLOBAL_UNIT_ASSIGNED_CONTEXT ( ( #2630, #7628, #3357 ) ) REPRESENTATION_CONTEXT ( 'NONE', 'WORKASPACE' ) );
#5930 = CARTESIAN_POINT ( 'NONE',  ( -0.1076076416585267800, 0.4799999999999999800, -0.03559827422958656400 ) ) ;
#5931 = CARTESIAN_POINT ( 'NONE',  ( -0.01286667560226245400, 0.4799999999999999800, -0.06274495613042348200 ) ) ;
#5932 = UNCERTAINTY_MEASURE_WITH_UNIT (LENGTH_MEASURE( 1.000000000000000100E-005 ), #3228, 'distance_accuracy_value', 'NONE');
#5933 = VERTEX_POINT ( 'NONE', #8089 ) ;
#5934 =( NAMED_UNIT ( * ) SI_UNIT ( $, .STERADIAN. ) SOLID_ANGLE_UNIT ( ) );
#5935 = CARTESIAN_POINT ( 'NONE',  ( -0.03554622990270495100, 0.4798999999999999400, 0.03823944984195898300 ) ) ;
#5936 = CARTESIAN_POINT ( 'NONE',  ( -0.3379200631301512200, 0.4798999999999999400, 0.08924856655951159100 ) ) ;
#5937 = CARTESIAN_POINT ( 'NONE',  ( -0.2464992351103215100, 0.4798999999999999400, -0.02788107746512798200 ) ) ;
#5938 = EDGE_LOOP ( 'NONE', ( #152, #7268, #2320, #2461 ) ) ;
#5939 = DIRECTION ( 'NONE',  ( 1.000000000000000000, 0.0000000000000000000, -8.213652821859882600E-017 ) ) ;
#5940 = MECHANICAL_DESIGN_GEOMETRIC_PRESENTATION_REPRESENTATION (  '', ( #4479 ), #6410 ) ;
#5941 = CARTESIAN_POINT ( 'NONE',  ( 0.1482953196139272000, 0.4799999999999993200, 0.01485829392275922700 ) ) ;
#5942 = CARTESIAN_POINT ( 'NONE',  ( -0.3892021144122024300, 0.4799999999999999800, 0.08924856655951159100 ) ) ;
#5943 = STYLED_ITEM ( 'NONE', ( #5179 ), #5407 ) ;
#5944 = CARTESIAN_POINT ( 'NONE',  ( 0.1295449516113071400, 0.4799999999999999800, -0.09156693057853256000 ) ) ;
#5945 = ORIENTED_EDGE ( 'NONE', *, *, #3240, .T. ) ;
#5946 = VERTEX_POINT ( 'NONE', #7402 ) ;
#5947 = AXIS2_PLACEMENT_3D ( 'NONE', #8377, #9030, #9058 ) ;
#5948 = CARTESIAN_POINT ( 'NONE',  ( -0.1350457205189665700, 0.4798999999999999400, 0.02255022999154274500 ) ) ;
#5949 = CARTESIAN_POINT ( 'NONE',  ( 0.1210707926717916000, 0.4798999999999999400, -0.04845513647703757200 ) ) ;
#5950 = PLANE ( 'NONE',  #1105 ) ;
#5951 = CARTESIAN_POINT ( 'NONE',  ( 0.4535230106514431300, 0.4798999999999999400, -0.08519875633966538000 ) ) ;
#5952 = CARTESIAN_POINT ( 'NONE',  ( 0.2082268217377376300, 0.4799999999999999800, 0.05468125584180188300 ) ) ;
#5953 = UNCERTAINTY_MEASURE_WITH_UNIT (LENGTH_MEASURE( 1.000000000000000100E-005 ), #6358, 'distance_accuracy_value', 'NONE');
#5954 = CARTESIAN_POINT ( 'NONE',  ( -0.04184634518143325000, 0.4799999999999999800, -0.01587963856869354900 ) ) ;
#5955 = CARTESIAN_POINT ( 'NONE',  ( -0.2434503257321920000, 0.4798999999999999400, -0.001345536536765257700 ) ) ;
#5956 = SURFACE_STYLE_USAGE ( .BOTH. , #919 ) ;
#5957 =( NAMED_UNIT ( * ) SI_UNIT ( $, .STERADIAN. ) SOLID_ANGLE_UNIT ( ) );
#5958 = DIRECTION ( 'NONE',  ( 1.000000000000000000, 0.0000000000000000000, 0.0000000000000000000 ) ) ;
#5959 = SURFACE_STYLE_USAGE ( .BOTH. , #922 ) ;
#5960 = CARTESIAN_POINT ( 'NONE',  ( 0.07996338405669065100, 0.4798999999999999400, -0.1106704923097518900 ) ) ;
#5961 = ORIENTED_EDGE ( 'NONE', *, *, #8614, .F. ) ;
#5962 = EDGE_CURVE ( 'NONE', #4424, #6557, #727, .T. ) ;
#5963 = LINE ( 'NONE', #1603, #436 ) ;
#5964 = EDGE_CURVE ( 'NONE', #5790, #6984, #4071, .T. ) ;
#5965 = CARTESIAN_POINT ( 'NONE',  ( 0.1382403104677434000, 0.4798999999999999400, 0.05792310823300186200 ) ) ;
#5966 =( NAMED_UNIT ( * ) PLANE_ANGLE_UNIT ( ) SI_UNIT ( $, .RADIAN. ) );
#5967 = ADVANCED_FACE ( 'NONE', ( #5786 ), #3198, .F. ) ;
#5968 = CARTESIAN_POINT ( 'NONE',  ( 0.1492408512516483500, 0.4799999999999999800, -0.01179319438451948700 ) ) ;
#5969 = CIRCLE ( 'NONE', #6925, 0.07000000000000002100 ) ;
#5970 = UNCERTAINTY_MEASURE_WITH_UNIT (LENGTH_MEASURE( 1.000000000000000100E-005 ), #5348, 'distance_accuracy_value', 'NONE');
#5971 = STYLED_ITEM ( 'NONE', ( #6463 ), #1786 ) ;
#5972 = FILL_AREA_STYLE ('',( #7377 ) ) ;
#5973 = CARTESIAN_POINT ( 'NONE',  ( -0.1202151952722019800, 0.4799999999999999300, 0.05542689514415944500 ) ) ;
#5974 = CARTESIAN_POINT ( 'NONE',  ( 0.08487641122882323700, 0.4798999999999999400, -0.08767451036356532800 ) ) ;
#5975 = CARTESIAN_POINT ( 'NONE',  ( 0.5230522485426804000, 0.4800000000000000400, 0.02392954565145692700 ) ) ;
#5976 = CARTESIAN_POINT ( 'NONE',  ( 0.2265767697872150800, 0.4798999999999999400, 0.06750199996724409700 ) ) ;
#5977 = CARTESIAN_POINT ( 'NONE',  ( -0.2255791033759024800, 0.4799999999999999800, 0.008083135907427730200 ) ) ;
#5978 = CARTESIAN_POINT ( 'NONE',  ( 0.2028675939357984000, 0.4798999999999999400, 0.08318717864074505500 ) ) ;
#5979 = CARTESIAN_POINT ( 'NONE',  ( 0.7499999999999998900, 0.4299999999999999400, -0.3799999999999998900 ) ) ;
#5980 = LINE ( 'NONE', #1036, #2166 ) ;
#5981 = DIRECTION ( 'NONE',  ( -0.1961161351381842700, 0.0000000000000000000, 0.9805806756909202200 ) ) ;
#5982 =( GEOMETRIC_REPRESENTATION_CONTEXT ( 3 ) GLOBAL_UNCERTAINTY_ASSIGNED_CONTEXT ( ( #6099 ) ) GLOBAL_UNIT_ASSIGNED_CONTEXT ( ( #4803, #502, #5528 ) ) REPRESENTATION_CONTEXT ( 'NONE', 'WORKASPACE' ) );
#5983 = FILL_AREA_STYLE_COLOUR ( '', #6471 ) ;
#5984 = CARTESIAN_POINT ( 'NONE',  ( 0.06680491740959561300, 0.4798999999999999400, -0.08234560558445241900 ) ) ;
#5985 = FILL_AREA_STYLE ('',( #8818 ) ) ;
#5986 = AXIS2_PLACEMENT_3D ( 'NONE', #6789, #2496, #7500 ) ;
#5987 = DIRECTION ( 'NONE',  ( 1.000000000000000000, 0.0000000000000000000, 0.0000000000000000000 ) ) ;
#5988 = VECTOR ( 'NONE', #3682, 1000.000000000000000 ) ;
#5989 = UNCERTAINTY_MEASURE_WITH_UNIT (LENGTH_MEASURE( 1.000000000000000100E-005 ), #6046, 'distance_accuracy_value', 'NONE');
#5990 = FACE_OUTER_BOUND ( 'NONE', #1513, .T. ) ;
#5991 = CARTESIAN_POINT ( 'NONE',  ( 0.1209391574365984200, 0.4799999999999993200, 0.08079165367950175100 ) ) ;
#5992 = CARTESIAN_POINT ( 'NONE',  ( -0.08709329588705649900, 0.4800000000000000400, -0.09022521573105910000 ) ) ;
#5993 = EDGE_CURVE ( 'NONE', #2543, #8445, #1507, .T. ) ;
#5994 = ORIENTED_EDGE ( 'NONE', *, *, #925, .F. ) ;
#5995 = ORIENTED_EDGE ( 'NONE', *, *, #6435, .F. ) ;
#5996 = ORIENTED_EDGE ( 'NONE', *, *, #5333, .F. ) ;
#5997 = COLOUR_RGB ( '',0.2509803921568627400, 0.2509803921568627400, 0.2509803921568627400 ) ;
#5998 = EDGE_CURVE ( 'NONE', #4896, #2238, #8891, .T. ) ;
#5999 = CARTESIAN_POINT ( 'NONE',  ( -0.1215939848083436700, 0.4799999999999999800, -0.04390716819442154500 ) ) ;
#6000 = PRESENTATION_STYLE_ASSIGNMENT (( #6701 ) ) ;
#6001 = STYLED_ITEM ( 'NONE', ( #5649 ), #6773 ) ;
#6002 = VECTOR ( 'NONE', #4586, 1000.000000000000000 ) ;
#6003 = DIRECTION ( 'NONE',  ( 1.000000000000000000, 0.0000000000000000000, 0.0000000000000000000 ) ) ;
#6004 = CARTESIAN_POINT ( 'NONE',  ( -0.08102903748912550200, 0.4798999999999999400, 0.06873574604669108200 ) ) ;
#6005 =( NAMED_UNIT ( * ) SI_UNIT ( $, .STERADIAN. ) SOLID_ANGLE_UNIT ( ) );
#6006 = CARTESIAN_POINT ( 'NONE',  ( 0.2210055668201566500, 0.4798999999999999400, -0.01837649288098800300 ) ) ;
#6007 = SURFACE_STYLE_FILL_AREA ( #7257 ) ;
#6008 = CARTESIAN_POINT ( 'NONE',  ( 0.5113652178394299000, 0.4800000000000000400, 0.04376363189639433800 ) ) ;
#6009 = FILL_AREA_STYLE_COLOUR ( '', #4196 ) ;
#6010 = ORIENTED_EDGE ( 'NONE', *, *, #1066, .F. ) ;
#6011 = ADVANCED_FACE ( 'NONE', ( #1263 ), #3220, .F. ) ;
#6012 = FACE_OUTER_BOUND ( 'NONE', #6097, .T. ) ;
#6013 = CARTESIAN_POINT ( 'NONE',  ( -0.8000000000000037100, 0.4798999999999999400, 0.08924856655951159100 ) ) ;
#6014 = DIRECTION ( 'NONE',  ( -0.0000000000000000000, -1.000000000000000000, -0.0000000000000000000 ) ) ;
#6015 = ORIENTED_EDGE ( 'NONE', *, *, #7261, .F. ) ;
#6016 = CARTESIAN_POINT ( 'NONE',  ( -0.1452030416710394500, 0.4799999999999999300, -0.08986937050173710000 ) ) ;
#6017 = EDGE_CURVE ( 'NONE', #4304, #8807, #1805, .T. ) ;
#6018 = CARTESIAN_POINT ( 'NONE',  ( -0.1244868010680160000, 0.4799999999999999800, 0.08351952708036108900 ) ) ;
#6019 = LINE ( 'NONE', #8755, #496 ) ;
#6020 = CARTESIAN_POINT ( 'NONE',  ( 0.1996089864746186700, 0.4798999999999999400, 0.7893111952822330400 ) ) ;
#6021 = CARTESIAN_POINT ( 'NONE',  ( -0.2623992297968178500, 0.4798999999999999400, 0.06617164348258851300 ) ) ;
#6022 = VECTOR ( 'NONE', #1864, 1000.000000000000000 ) ;
#6023 = CARTESIAN_POINT ( 'NONE',  ( -0.1399725818496924100, 0.4798999999999999400, -0.09566349152459331700 ) ) ;
#6024 = B_SPLINE_CURVE_WITH_KNOTS ( 'NONE', 3,
 ( #8512, #4195, #2737, #4231, #9244, #4950, #656, #5696, #1375, #6406, #2114 ),
 .UNSPECIFIED., .F., .F.,
 ( 4, 1, 1, 1, 1, 1, 1, 1, 4 ),
 ( 0.0000000000000000000, 0.1379032299933943800, 0.2688733426002938900, 0.3951781273461146800, 0.5170892381308885800, 0.6367430265135486400, 0.7562218164637978200, 0.8766283594636796700, 1.000000000000000000 ),
 .UNSPECIFIED. ) ;
#6025 = ORIENTED_EDGE ( 'NONE', *, *, #2584, .F. ) ;
#6026 = CARTESIAN_POINT ( 'NONE',  ( 0.09037698583651859700, 0.4798999999999999400, 0.09173314032602192200 ) ) ;
#6027 = CARTESIAN_POINT ( 'NONE',  ( -0.1148311161986199800, 0.4798999999999999900, -0.08358976543083732100 ) ) ;
#6028 =( LENGTH_UNIT ( ) NAMED_UNIT ( * ) SI_UNIT ( .MILLI., .METRE. ) );
#6029 = ORIENTED_EDGE ( 'NONE', *, *, #2818, .T. ) ;
#6030 = DIRECTION ( 'NONE',  ( -0.0000000000000000000, 1.000000000000000000, -0.0000000000000000000 ) ) ;
#6031 = CARTESIAN_POINT ( 'NONE',  ( -0.1440659182902960500, 0.4798999999999999400, 0.06966825261182328600 ) ) ;
#6032 =( NAMED_UNIT ( * ) SI_UNIT ( $, .STERADIAN. ) SOLID_ANGLE_UNIT ( ) );
#6033 = SURFACE_STYLE_USAGE ( .BOTH. , #1001 ) ;
#6034 =( NAMED_UNIT ( * ) PLANE_ANGLE_UNIT ( ) SI_UNIT ( $, .RADIAN. ) );
#6035 = CARTESIAN_POINT ( 'NONE',  ( 0.3031055778954899200, 0.4798999999999999400, 0.02065882296976799500 ) ) ;
#6036 = PRESENTATION_LAYER_ASSIGNMENT (  '', '', ( #5058 ) ) ;
#6037 = VECTOR ( 'NONE', #7369, 1000.000000000000000 ) ;
#6038 = ORIENTED_EDGE ( 'NONE', *, *, #8133, .T. ) ;
#6039 = CARTESIAN_POINT ( 'NONE',  ( -0.2174072426173306600, 0.4799999999999999300, 0.03155625886720389600 ) ) ;
#6040 = CARTESIAN_POINT ( 'NONE',  ( 0.02105429584420780800, 0.4798999999999999400, -0.009389253953308930200 ) ) ;
#6041 = CARTESIAN_POINT ( 'NONE',  ( -0.08375616470836024000, 0.4798999999999999400, -0.02852874884736423400 ) ) ;
#6042 = CARTESIAN_POINT ( 'NONE',  ( -0.1212949903739160600, 0.4798999999999999400, -0.1072294211140097800 ) ) ;
#6043 = CARTESIAN_POINT ( 'NONE',  ( -0.1618697322788789900, 0.4799999999999999800, 0.03534685151080554200 ) ) ;
#6044 = FILL_AREA_STYLE_COLOUR ( '', #8463 ) ;
#6045 = SURFACE_SIDE_STYLE ('',( #3889 ) ) ;
#6046 =( LENGTH_UNIT ( ) NAMED_UNIT ( * ) SI_UNIT ( .MILLI., .METRE. ) );
#6047 = CARTESIAN_POINT ( 'NONE',  ( 0.2460427893608635500, 0.4798999999999999400, 0.06801764592284101400 ) ) ;
#6048 = FILL_AREA_STYLE_COLOUR ( '', #8428 ) ;
#6049 = COLOUR_RGB ( '',1.000000000000000000, 1.000000000000000000, 0.5019607843137254800 ) ;
#6050 = EDGE_LOOP ( 'NONE', ( #3242, #8605, #3670, #5656 ) ) ;
#6051 = EDGE_CURVE ( 'NONE', #7435, #4512, #4183, .T. ) ;
#6052 = AXIS2_PLACEMENT_3D ( 'NONE', #7478, #3195, #8189 ) ;
#6053 = CARTESIAN_POINT ( 'NONE',  ( -0.1486757204171480800, 0.4798999999999999400, -0.03364883579553260700 ) ) ;
#6054 =( LENGTH_UNIT ( ) NAMED_UNIT ( * ) SI_UNIT ( .MILLI., .METRE. ) );
#6055 = ADVANCED_FACE ( 'NONE', ( #367 ), #3271, .T. ) ;
#6056 = CARTESIAN_POINT ( 'NONE',  ( -0.1263246371189344100, 0.4800000000000000400, -0.06916014764900800500 ) ) ;
#6057 =( GEOMETRIC_REPRESENTATION_CONTEXT ( 3 ) GLOBAL_UNCERTAINTY_ASSIGNED_CONTEXT ( ( #6131 ) ) GLOBAL_UNIT_ASSIGNED_CONTEXT ( ( #6923, #2646, #7641 ) ) REPRESENTATION_CONTEXT ( 'NONE', 'WORKASPACE' ) );
#6058 = CARTESIAN_POINT ( 'NONE',  ( -0.2573591232752067100, 0.4799999999999999800, -0.02641658644770685000 ) ) ;
#6059 = CARTESIAN_POINT ( 'NONE',  ( -0.6800000000000000500, 0.4099999999999999200, 0.4499999999999999600 ) ) ;
#6060 = STYLED_ITEM ( 'NONE', ( #7235 ), #1005 ) ;
#6061 = CARTESIAN_POINT ( 'NONE',  ( -0.8000000000000037100, 0.4799999999999999800, -0.1107514334404884300 ) ) ;
#6062 = CARTESIAN_POINT ( 'NONE',  ( -0.04915067021660431800, 0.4799999999999998700, -0.1069507996255165300 ) ) ;
#6063 = CARTESIAN_POINT ( 'NONE',  ( 0.7499999999999998900, 0.4299999999999999400, -0.3799999999999998900 ) ) ;
#6064 = DIRECTION ( 'NONE',  ( -0.0000000000000000000, 1.000000000000000000, -0.0000000000000000000 ) ) ;
#6065 = CARTESIAN_POINT ( 'NONE',  ( -0.8000000000000037100, 0.4799999999999999800, -0.05434117703023201600 ) ) ;
#6066 = ORIENTED_EDGE ( 'NONE', *, *, #8708, .T. ) ;
#6067 = COLOUR_RGB ( '',0.2509803921568627400, 0.2509803921568627400, 0.2509803921568627400 ) ;
#6068 =( GEOMETRIC_REPRESENTATION_CONTEXT ( 3 ) GLOBAL_UNCERTAINTY_ASSIGNED_CONTEXT ( ( #3234 ) ) GLOBAL_UNIT_ASSIGNED_CONTEXT ( ( #6830, #2550, #7548 ) ) REPRESENTATION_CONTEXT ( 'NONE', 'WORKASPACE' ) );
#6069 = CARTESIAN_POINT ( 'NONE',  ( 0.1235453828117001500, 0.4798999999999999400, 0.001727543932799368400 ) ) ;
#6070 = FILL_AREA_STYLE_COLOUR ( '', #4944 ) ;
#6071 = CARTESIAN_POINT ( 'NONE',  ( -0.7374999999999701800, 0.4299999999999999400, -0.4999999999999813500 ) ) ;
#6072 = ORIENTED_EDGE ( 'NONE', *, *, #661, .T. ) ;
#6073 =( NAMED_UNIT ( * ) SI_UNIT ( $, .STERADIAN. ) SOLID_ANGLE_UNIT ( ) );
#6074 = SURFACE_SIDE_STYLE ('',( #5139 ) ) ;
#6075 = CARTESIAN_POINT ( 'NONE',  ( -0.2623992297968178500, 0.4799999999999999800, 0.06617164348258851300 ) ) ;
#6076 = FILL_AREA_STYLE_COLOUR ( '', #5443 ) ;
#6077 = CARTESIAN_POINT ( 'NONE',  ( 0.2667885389909079300, 0.4799999999999998700, 0.05601704655788187400 ) ) ;
#6078 = CARTESIAN_POINT ( 'NONE',  ( -0.08102903748912550200, 0.4798999999999999400, 0.06873574604669108200 ) ) ;
#6079 = ADVANCED_FACE ( 'NONE', ( #3528, #8993 ), #3307, .F. ) ;
#6080 = VECTOR ( 'NONE', #1676, 1000.000000000000000 ) ;
#6081 = EDGE_CURVE ( 'NONE', #1391, #3105, #6440, .T. ) ;
#6082 = PLANE ( 'NONE',  #4954 ) ;
#6083 = LINE ( 'NONE', #7622, #7981 ) ;
#6084 = STYLED_ITEM ( 'NONE', ( #837 ), #2131 ) ;
#6085 = CARTESIAN_POINT ( 'NONE',  ( -0.5300000000000022500, -0.02000000000000000000, -0.4299999999999967700 ) ) ;
#6086 = AXIS2_PLACEMENT_3D ( 'NONE', #1713, #6733, #2451 ) ;
#6087 =( NAMED_UNIT ( * ) SI_UNIT ( $, .STERADIAN. ) SOLID_ANGLE_UNIT ( ) );
#6088 = CARTESIAN_POINT ( 'NONE',  ( -0.02428893520663916200, 0.4798999999999999400, -0.08880025124866138000 ) ) ;
#6089 = DIRECTION ( 'NONE',  ( 0.2441807451853939800, 0.0000000000000000000, 0.9697297374427091800 ) ) ;
#6090 = CARTESIAN_POINT ( 'NONE',  ( 0.2373203214852334700, 0.4799999999999999800, -0.02100784369689867900 ) ) ;
#6091 = ORIENTED_EDGE ( 'NONE', *, *, #1627, .T. ) ;
#6092 = CARTESIAN_POINT ( 'NONE',  ( -0.8000000000000037100, 0.4798999999999999400, 0.08924856655951159100 ) ) ;
#6093 = CARTESIAN_POINT ( 'NONE',  ( -0.07019050956742498000, 0.4798999999999999400, -0.02507064895477502000 ) ) ;
#6094 = CARTESIAN_POINT ( 'NONE',  ( 0.1127025032101057900, 0.4798999999999999400, 0.05368365177812407100 ) ) ;
#6095 = ORIENTED_EDGE ( 'NONE', *, *, #3776, .T. ) ;
#6096 = ORIENTED_EDGE ( 'NONE', *, *, #6820, .T. ) ;
#6097 = EDGE_LOOP ( 'NONE', ( #7715, #6134, #2622, #938 ) ) ;
#6098 = CARTESIAN_POINT ( 'NONE',  ( -0.4398832041557922400, 0.4799999999999999800, -0.04793092061997560700 ) ) ;
#6099 = UNCERTAINTY_MEASURE_WITH_UNIT (LENGTH_MEASURE( 1.000000000000000100E-005 ), #4803, 'distance_accuracy_value', 'NONE');
#6100 = LINE ( 'NONE', #3938, #5890 ) ;
#6101 = CARTESIAN_POINT ( 'NONE',  ( 0.3864389112288232300, 0.4798999999999999400, 0.06128382296976800400 ) ) ;
#6102 = STYLED_ITEM ( 'NONE', ( #631 ), #7750 ) ;
#6103 = CARTESIAN_POINT ( 'NONE',  ( 0.2087546163570286300, 0.4798999999999999400, -0.03074342061997555100 ) ) ;
#6104 = CARTESIAN_POINT ( 'NONE',  ( 0.2773879460609744400, 0.4798999999999999400, 0.02724200749329835900 ) ) ;
#6105 =( GEOMETRIC_REPRESENTATION_CONTEXT ( 3 ) GLOBAL_UNCERTAINTY_ASSIGNED_CONTEXT ( ( #2928 ) ) GLOBAL_UNIT_ASSIGNED_CONTEXT ( ( #6, #5030, #741 ) ) REPRESENTATION_CONTEXT ( 'NONE', 'WORKASPACE' ) );
#6106 = CARTESIAN_POINT ( 'NONE',  ( -0.1971734808689498400, 0.4798999999999999400, -0.05249497801885336100 ) ) ;
#6107 = SURFACE_STYLE_FILL_AREA ( #8979 ) ;
#6108 = VERTEX_POINT ( 'NONE', #8299 ) ;
#6109 = COLOUR_RGB ( '',0.2509803921568627400, 0.2509803921568627400, 0.2509803921568627400 ) ;
#6110 = ORIENTED_EDGE ( 'NONE', *, *, #4291, .T. ) ;
#6111 = EDGE_LOOP ( 'NONE', ( #8394, #3080, #6563, #3094, #3306, #3031, #7358, #1318 ) ) ;
#6112 = CARTESIAN_POINT ( 'NONE',  ( -0.7500000000000000000, 0.4299999999999999400, 0.3799999999999998900 ) ) ;
#6113 = ORIENTED_EDGE ( 'NONE', *, *, #28, .T. ) ;
#6114 =( NAMED_UNIT ( * ) PLANE_ANGLE_UNIT ( ) SI_UNIT ( $, .RADIAN. ) );
#6115 = SURFACE_STYLE_FILL_AREA ( #9155 ) ;
#6116 = CARTESIAN_POINT ( 'NONE',  ( 0.4987385907160026800, 0.4798999999999999900, -0.01055111292766789500 ) ) ;
#6117 = VERTEX_POINT ( 'NONE', #4038 ) ;
#6118 = COLOUR_RGB ( '',0.2509803921568627400, 0.2509803921568627400, 0.2509803921568627400 ) ;
#6119 =( GEOMETRIC_REPRESENTATION_CONTEXT ( 3 ) GLOBAL_UNCERTAINTY_ASSIGNED_CONTEXT ( ( #3634 ) ) GLOBAL_UNIT_ASSIGNED_CONTEXT ( ( #4303, #3, #5027 ) ) REPRESENTATION_CONTEXT ( 'NONE', 'WORKASPACE' ) );
#6120 = DIRECTION ( 'NONE',  ( -1.000000000000000000, 0.0000000000000000000, 2.168404344971006900E-016 ) ) ;
#6121 = CARTESIAN_POINT ( 'NONE',  ( 0.4545607796340488400, 0.4798999999999999400, -0.08130782434216284000 ) ) ;
#6122 = ADVANCED_FACE ( 'NONE', ( #2859 ), #455, .F. ) ;
#6123 = CARTESIAN_POINT ( 'NONE',  ( -0.01227903748912554200, 0.4799999999999998700, -0.05434117703023201600 ) ) ;
#6124 = SURFACE_SIDE_STYLE ('',( #7289 ) ) ;
#6125 = CARTESIAN_POINT ( 'NONE',  ( 0.2089880412493445000, 0.4798999999999999400, -0.01034171856896718400 ) ) ;
#6126 = CARTESIAN_POINT ( 'NONE',  ( 0.2914947114856441500, 0.4798999999999999400, 0.06257717813358745800 ) ) ;
#6127 = ORIENTED_EDGE ( 'NONE', *, *, #1010, .T. ) ;
#6128 = CARTESIAN_POINT ( 'NONE',  ( -0.2573591232752067100, 0.4799999999999999800, -0.02641658644770685000 ) ) ;
#6129 = DIRECTION ( 'NONE',  ( -0.0000000000000000000, 1.000000000000000000, -0.0000000000000000000 ) ) ;
#6130 = CARTESIAN_POINT ( 'NONE',  ( 0.2186493650667591400, 0.4799999999999999800, 0.08975714954853900000 ) ) ;
#6131 = UNCERTAINTY_MEASURE_WITH_UNIT (LENGTH_MEASURE( 1.000000000000000100E-005 ), #6923, 'distance_accuracy_value', 'NONE');
#6132 = CARTESIAN_POINT ( 'NONE',  ( -0.4515622049983039600, 0.4798999999999999400, -0.07959387272408546800 ) ) ;
#6133 = EDGE_CURVE ( 'NONE', #5790, #7126, #3856, .T. ) ;
#6134 = ORIENTED_EDGE ( 'NONE', *, *, #5032, .F. ) ;
#6135 = CARTESIAN_POINT ( 'NONE',  ( -0.2052295950339041700, 0.4799999999999999800, 0.07264960799715855500 ) ) ;
#6136 = SURFACE_STYLE_USAGE ( .BOTH. , #1095 ) ;
#6137 = CARTESIAN_POINT ( 'NONE',  ( -0.2198917057413443100, 0.4799999999999999800, -0.01943244407281143100 ) ) ;
#6138 = COLOUR_RGB ( '',0.2509803921568627400, 0.2509803921568627400, 0.2509803921568627400 ) ;
#6139 = CARTESIAN_POINT ( 'NONE',  ( -0.4515622049983039600, 0.4799999999999999800, -0.07959387272408546800 ) ) ;
#6140 =( GEOMETRIC_REPRESENTATION_CONTEXT ( 3 ) GLOBAL_UNCERTAINTY_ASSIGNED_CONTEXT ( ( #6349 ) ) GLOBAL_UNIT_ASSIGNED_CONTEXT ( ( #4100, #9107, #4823 ) ) REPRESENTATION_CONTEXT ( 'NONE', 'WORKASPACE' ) );
#6141 = VERTEX_POINT ( 'NONE', #6251 ) ;
#6142 = CARTESIAN_POINT ( 'NONE',  ( -0.1486757204171480800, 0.4799999999999999800, -0.03364883579553260700 ) ) ;
#6143 = LINE ( 'NONE', #7448, #641 ) ;
#6144 = VERTEX_POINT ( 'NONE', #6952 ) ;
#6145 = CARTESIAN_POINT ( 'NONE',  ( -0.2043522365294199700, 0.4798999999999999400, -0.003864352503014531700 ) ) ;
#6146 = SURFACE_SIDE_STYLE ('',( #9086 ) ) ;
#6147 = VERTEX_POINT ( 'NONE', #2678 ) ;
#6148 = CARTESIAN_POINT ( 'NONE',  ( -0.2088351942311002200, 0.4799999999999999800, -0.09171048194641112600 ) ) ;
#6149 = VERTEX_POINT ( 'NONE', #7678 ) ;
#6150 = SURFACE_SIDE_STYLE ('',( #8234 ) ) ;
#6151 = CARTESIAN_POINT ( 'NONE',  ( -0.04310348261925431300, 0.4798999999999999400, -0.06639986689017647600 ) ) ;
#6152 =( NAMED_UNIT ( * ) SI_UNIT ( $, .STERADIAN. ) SOLID_ANGLE_UNIT ( ) );
#6153 = CARTESIAN_POINT ( 'NONE',  ( -0.4481867001737224700, 0.4798999999999999400, -0.07029130031632407900 ) ) ;
#6154 = STYLED_ITEM ( 'NONE', ( #8562 ), #4127 ) ;
#6155 = MECHANICAL_DESIGN_GEOMETRIC_PRESENTATION_REPRESENTATION (  '', ( #5182 ), #6642 ) ;
#6156 = FILL_AREA_STYLE ('',( #8935 ) ) ;
#6157 = CARTESIAN_POINT ( 'NONE',  ( 0.1751292898514973700, 0.4799999999999999800, 0.03747841511476078500 ) ) ;
#6158 = STYLED_ITEM ( 'NONE', ( #5447 ), #4663 ) ;
#6159 = CARTESIAN_POINT ( 'NONE',  ( 0.6800000000000001600, 0.4299999999999999400, 0.4499999999999999000 ) ) ;
#6160 = DIRECTION ( 'NONE',  ( -0.0000000000000000000, 1.000000000000000000, -0.0000000000000000000 ) ) ;
#6161 = SURFACE_STYLE_USAGE ( .BOTH. , #1123 ) ;
#6162 = CARTESIAN_POINT ( 'NONE',  ( -0.4637668159616974400, 0.4799999999999999800, -0.05965593747061195800 ) ) ;
#6163 = ADVANCED_FACE ( 'NONE', ( #1934 ), #1943, .F. ) ;
#6164 = EDGE_CURVE ( 'NONE', #4746, #2352, #6760, .T. ) ;
#6165 = FACE_OUTER_BOUND ( 'NONE', #5582, .T. ) ;
#6166 = SURFACE_STYLE_FILL_AREA ( #3394 ) ;
#6167 = CARTESIAN_POINT ( 'NONE',  ( -0.5300000000000022500, -0.02000000000000000000, -0.4299999999999967700 ) ) ;
#6168 = FILL_AREA_STYLE_COLOUR ( '', #9211 ) ;
#6169 = EDGE_CURVE ( 'NONE', #2873, #6226, #8318, .T. ) ;
#6170 =( GEOMETRIC_REPRESENTATION_CONTEXT ( 3 ) GLOBAL_UNCERTAINTY_ASSIGNED_CONTEXT ( ( #5524 ) ) GLOBAL_UNIT_ASSIGNED_CONTEXT ( ( #3428, #8410, #4126 ) ) REPRESENTATION_CONTEXT ( 'NONE', 'WORKASPACE' ) );
#6171 = DIRECTION ( 'NONE',  ( 1.260700200564540100E-016, 0.0000000000000000000, 1.000000000000000000 ) ) ;
#6172 = ORIENTED_EDGE ( 'NONE', *, *, #5823, .F. ) ;
#6173 = CARTESIAN_POINT ( 'NONE',  ( -0.01204964656633175000, 0.4798999999999999400, 0.05534224388446382100 ) ) ;
#6174 = MECHANICAL_DESIGN_GEOMETRIC_PRESENTATION_REPRESENTATION (  '', ( #4726 ), #6663 ) ;
#6175 = CARTESIAN_POINT ( 'NONE',  ( 0.2945585297356919700, 0.4799999999999999800, 0.05722842763333203800 ) ) ;
#6176 = CARTESIAN_POINT ( 'NONE',  ( -0.06493237708431490200, 0.4798999999999999400, 0.003911300221340775100 ) ) ;
#6177 = CARTESIAN_POINT ( 'NONE',  ( 0.4471461750939627100, 0.4798999999999999400, -0.06593012325315993100 ) ) ;
#6178 = CARTESIAN_POINT ( 'NONE',  ( -0.05610498022007043300, 0.4799999999999999800, -0.08334536190951108400 ) ) ;
#6179 = SURFACE_STYLE_FILL_AREA ( #4138 ) ;
#6180 = CARTESIAN_POINT ( 'NONE',  ( 0.2245126570481948700, 0.4798999999999999400, 0.09094113213447398100 ) ) ;
#6181 =( NAMED_UNIT ( * ) SI_UNIT ( $, .STERADIAN. ) SOLID_ANGLE_UNIT ( ) );
#6182 = CARTESIAN_POINT ( 'NONE',  ( -0.08531589646348447500, 0.4798999999999999900, -0.09023861292766789700 ) ) ;
#6183 = SURFACE_STYLE_FILL_AREA ( #4585 ) ;
#6184 = EDGE_CURVE ( 'NONE', #8042, #9029, #8659, .T. ) ;
#6185 = DIRECTION ( 'NONE',  ( 0.0000000000000000000, 1.000000000000000000, -0.0000000000000000000 ) ) ;
#6186 = SURFACE_STYLE_FILL_AREA ( #5794 ) ;
#6187 = LINE ( 'NONE', #2822, #7419 ) ;
#6188 = CARTESIAN_POINT ( 'NONE',  ( 0.09665665534786453700, 0.4798999999999999400, 0.06666938333599987900 ) ) ;
#6189 = FILL_AREA_STYLE ('',( #7601 ) ) ;
#6190 = COLOUR_RGB ( '',1.000000000000000000, 1.000000000000000000, 1.000000000000000000 ) ;
#6191 = UNCERTAINTY_MEASURE_WITH_UNIT (LENGTH_MEASURE( 1.000000000000000100E-005 ), #8768, 'distance_accuracy_value', 'NONE');
#6192 = SURFACE_STYLE_USAGE ( .BOTH. , #5545 ) ;
#6193 = ORIENTED_EDGE ( 'NONE', *, *, #7133, .T. ) ;
#6194 = CARTESIAN_POINT ( 'NONE',  ( 0.05827384712625907600, 0.4798999999999999400, -0.07397258728664228600 ) ) ;
#6195 = STYLED_ITEM ( 'NONE', ( #7646 ), #2641 ) ;
#6196 = PRESENTATION_STYLE_ASSIGNMENT (( #8104 ) ) ;
#6197 = CARTESIAN_POINT ( 'NONE',  ( -0.03040213067447898900, 0.4799999999999997600, 0.07739717447653865500 ) ) ;
#6198 = FACE_OUTER_BOUND ( 'NONE', #5553, .T. ) ;
#6199 = STYLED_ITEM ( 'NONE', ( #7466 ), #3491 ) ;
#6200 = CARTESIAN_POINT ( 'NONE',  ( -0.1253184115095509800, 0.4798999999999999400, -0.01481326959998527000 ) ) ;
#6201 = ADVANCED_FACE ( 'NONE', ( #4850 ), #5371, .T. ) ;
#6202 = CARTESIAN_POINT ( 'NONE',  ( -0.2298655769608778400, 0.4798999999999999400, -0.03857656862774610400 ) ) ;
#6203 = CARTESIAN_POINT ( 'NONE',  ( -0.08360595978182941400, 0.4798999999999999400, -0.09020138048308928800 ) ) ;
#6204 = ORIENTED_EDGE ( 'NONE', *, *, #1628, .T. ) ;
#6205 = CARTESIAN_POINT ( 'NONE',  ( 0.2396492046109731700, 0.4798999999999999400, 0.09175490055704214900 ) ) ;
#6206 = CARTESIAN_POINT ( 'NONE',  ( 0.1938719961578513300, 0.4799999999999997000, 0.07646212296699787800 ) ) ;
#6207 = ORIENTED_EDGE ( 'NONE', *, *, #6623, .F. ) ;
#6208 = SURFACE_SIDE_STYLE ('',( #2621 ) ) ;
#6209 = VECTOR ( 'NONE', #4797, 1000.000000000000000 ) ;
#6210 = ORIENTED_EDGE ( 'NONE', *, *, #3567, .F. ) ;
#6211 = VERTEX_POINT ( 'NONE', #4858 ) ;
#6212 = CARTESIAN_POINT ( 'NONE',  ( -0.1237824334254670800, 0.4798999999999999900, -0.07447767615186243200 ) ) ;
#6213 = CARTESIAN_POINT ( 'NONE',  ( 0.1481709673795926800, 0.4798999999999999400, -0.03575803804736122500 ) ) ;
#6214 = CARTESIAN_POINT ( 'NONE',  ( 0.3965737145762713300, 0.4799999999999999800, 0.02629409853240388300 ) ) ;
#6215 = SURFACE_STYLE_FILL_AREA ( #5985 ) ;
#6216 = LINE ( 'NONE', #2368, #2419 ) ;
#6217 = ORIENTED_EDGE ( 'NONE', *, *, #7200, .T. ) ;
#6218 = EDGE_CURVE ( 'NONE', #7341, #6144, #7761, .T. ) ;
#6219 = LINE ( 'NONE', #2893, #7897 ) ;
#6220 = CARTESIAN_POINT ( 'NONE',  ( -0.08102903748912550200, 0.4798999999999999400, 0.06873574604669108200 ) ) ;
#6221 = CARTESIAN_POINT ( 'NONE',  ( 0.04669532148523342800, 0.4798999999999999400, -0.009469382158437138600 ) ) ;
#6222 = COLOUR_RGB ( '',0.2509803921568627400, 0.2509803921568627400, 0.2509803921568627400 ) ;
#6223 = CARTESIAN_POINT ( 'NONE',  ( 0.4560980792775131700, 0.4799999999999999800, -0.07554138693499275200 ) ) ;
#6224 = STYLED_ITEM ( 'NONE', ( #281 ), #8227 ) ;
#6225 = CARTESIAN_POINT ( 'NONE',  ( -0.2183852566322618000, 0.4799999999999999800, -0.01285867582440614900 ) ) ;
#6226 = VERTEX_POINT ( 'NONE', #3865 ) ;
#6227 = CARTESIAN_POINT ( 'NONE',  ( -0.009207983952485586400, 0.4798999999999999400, 0.01745881505525473700 ) ) ;
#6228 = SURFACE_SIDE_STYLE ('',( #665 ) ) ;
#6229 = VECTOR ( 'NONE', #5884, 1000.000000000000000 ) ;
#6230 = STYLED_ITEM ( 'NONE', ( #1276 ), #5609 ) ;
#6231 = CARTESIAN_POINT ( 'NONE',  ( 0.1153620302880422600, 0.4799999999999998700, 0.04931137535367253300 ) ) ;
#6232 = UNCERTAINTY_MEASURE_WITH_UNIT (LENGTH_MEASURE( 1.000000000000000100E-005 ), #2041, 'distance_accuracy_value', 'NONE');
#6233 = MECHANICAL_DESIGN_GEOMETRIC_PRESENTATION_REPRESENTATION (  '', ( #5258 ), #6710 ) ;
#6234 = ORIENTED_EDGE ( 'NONE', *, *, #1246, .T. ) ;
#6235 = FACE_OUTER_BOUND ( 'NONE', #1843, .T. ) ;
#6236 = CARTESIAN_POINT ( 'NONE',  ( 0.04048538558779762900, 0.4800000000000000400, 0.07254183579028082600 ) ) ;
#6237 = LINE ( 'NONE', #1121, #2206 ) ;
#6238 =( GEOMETRIC_REPRESENTATION_CONTEXT ( 3 ) GLOBAL_UNCERTAINTY_ASSIGNED_CONTEXT ( ( #6909 ) ) GLOBAL_UNIT_ASSIGNED_CONTEXT ( ( #7475, #7501, #7527 ) ) REPRESENTATION_CONTEXT ( 'NONE', 'WORKASPACE' ) );
#6239 = CARTESIAN_POINT ( 'NONE',  ( -0.1892021144122024400, 0.4798999999999999400, 0.03195689989284492700 ) ) ;
#6240 = CARTESIAN_POINT ( 'NONE',  ( -0.01185988496887053500, 0.4799999999999999800, 0.01062351874225572600 ) ) ;
#6241 = ORIENTED_EDGE ( 'NONE', *, *, #5702, .T. ) ;
#6242 =( GEOMETRIC_REPRESENTATION_CONTEXT ( 3 ) GLOBAL_UNCERTAINTY_ASSIGNED_CONTEXT ( ( #8210 ) ) GLOBAL_UNIT_ASSIGNED_CONTEXT ( ( #5264, #977, #6005 ) ) REPRESENTATION_CONTEXT ( 'NONE', 'WORKASPACE' ) );
#6243 = CARTESIAN_POINT ( 'NONE',  ( -0.07636223742445383300, 0.4798999999999999400, 0.09172928036691364900 ) ) ;
#6244 = SURFACE_STYLE_FILL_AREA ( #2043 ) ;
#6245 = CARTESIAN_POINT ( 'NONE',  ( 0.03890032558196515600, 0.4799999999999999800, 0.07025536347805212700 ) ) ;
#6246 = CARTESIAN_POINT ( 'NONE',  ( -0.1260046760937325000, 0.4798999999999999400, -0.05058563212352360600 ) ) ;
#6247 = CARTESIAN_POINT ( 'NONE',  ( 0.1492594240493360100, 0.4799999999999999800, -0.009389253953308930200 ) ) ;
#6248 = CARTESIAN_POINT ( 'NONE',  ( -0.7500000000000000000, 0.4099999999999999200, 0.3799999999999998900 ) ) ;
#6249 = CARTESIAN_POINT ( 'NONE',  ( 0.1755798465284563500, 0.4798999999999999400, 0.04156579531364539700 ) ) ;
#6250 = UNCERTAINTY_MEASURE_WITH_UNIT (LENGTH_MEASURE( 1.000000000000000100E-005 ), #7000, 'distance_accuracy_value', 'NONE');
#6251 = CARTESIAN_POINT ( 'NONE',  ( 0.08515685994677196800, 0.4798999999999999900, 0.06873574604669108200 ) ) ;
#6252 = VERTEX_POINT ( 'NONE', #8145 ) ;
#6253 = COLOUR_RGB ( '',1.000000000000000000, 1.000000000000000000, 0.5019607843137254800 ) ;
#6254 = DIRECTION ( 'NONE',  ( 0.2441807451853939500, 0.0000000000000000000, 0.9697297374427091800 ) ) ;
#6255 = CARTESIAN_POINT ( 'NONE',  ( -0.07435960923380863200, 0.4798999999999999400, 0.06861230203317630900 ) ) ;
#6256 = EDGE_CURVE ( 'NONE', #9099, #4002, #2051, .T. ) ;
#6257 = DIRECTION ( 'NONE',  ( 0.0000000000000000000, 0.0000000000000000000, 1.000000000000000000 ) ) ;
#6258 = CARTESIAN_POINT ( 'NONE',  ( -0.1893015719068190900, 0.4799999999999999800, 0.02775354848935840700 ) ) ;
#6259 = CARTESIAN_POINT ( 'NONE',  ( 0.08515685994677196800, 0.4800000000000000400, 0.06873574604669108200 ) ) ;
#6260 = CARTESIAN_POINT ( 'NONE',  ( 0.03563186399874086100, 0.4798999999999999400, 0.06554055969388841700 ) ) ;
#6261 = CARTESIAN_POINT ( 'NONE',  ( 0.2306136609746329300, 0.4799999999999999800, -0.04227386886863683500 ) ) ;
#6262 = CARTESIAN_POINT ( 'NONE',  ( 0.1235933136337752000, 0.4798999999999999400, -0.005622637359715435200 ) ) ;
#6263 = LINE ( 'NONE', #904, #523 ) ;
#6264 = ORIENTED_EDGE ( 'NONE', *, *, #6702, .T. ) ;
#6265 = ADVANCED_FACE ( 'NONE', ( #5879 ), #6737, .F. ) ;
#6266 = CARTESIAN_POINT ( 'NONE',  ( 0.2723657610477038200, 0.4799999999999994800, -0.03706653172422581100 ) ) ;
#6267 =( GEOMETRIC_REPRESENTATION_CONTEXT ( 3 ) GLOBAL_UNCERTAINTY_ASSIGNED_CONTEXT ( ( #8855 ) ) GLOBAL_UNIT_ASSIGNED_CONTEXT ( ( #8758, #4478, #181 ) ) REPRESENTATION_CONTEXT ( 'NONE', 'WORKASPACE' ) );
#6268 =( LENGTH_UNIT ( ) NAMED_UNIT ( * ) SI_UNIT ( .MILLI., .METRE. ) );
#6269 = CARTESIAN_POINT ( 'NONE',  ( -0.05610498022007043300, 0.4799999999999999800, -0.08334536190951108400 ) ) ;
#6270 = CARTESIAN_POINT ( 'NONE',  ( -0.1949247564976442400, 0.4798999999999999400, 0.05778351706124351700 ) ) ;
#6271 = VERTEX_POINT ( 'NONE', #4579 ) ;
#6272 = CARTESIAN_POINT ( 'NONE',  ( 0.07833452055856852900, 0.4798999999999999400, 0.09161806153182054700 ) ) ;
#6273 = B_SPLINE_CURVE_WITH_KNOTS ( 'NONE', 3,
 ( #196, #7996, #1645, #6658, #2367 ),
 .UNSPECIFIED., .F., .F.,
 ( 4, 1, 4 ),
 ( 0.0000000000000000000, 0.5025653899218038800, 1.000000000000000000 ),
 .UNSPECIFIED. ) ;
#6274 = CARTESIAN_POINT ( 'NONE',  ( 0.5213490526628203900, 0.4800000000000000400, 0.03144364738419130900 ) ) ;
#6275 = CARTESIAN_POINT ( 'NONE',  ( 0.3864389112288232300, 0.4799999999999999800, 0.06128382296976800400 ) ) ;
#6276 = CARTESIAN_POINT ( 'NONE',  ( -0.8000000000000037100, 0.0000000000000000000, 0.5000000000000195400 ) ) ;
#6277 = CARTESIAN_POINT ( 'NONE',  ( -0.8000000000000037100, 0.4798999999999999400, 0.06617164348258851300 ) ) ;
#6278 = FACE_OUTER_BOUND ( 'NONE', #3319, .T. ) ;
#6279 = CARTESIAN_POINT ( 'NONE',  ( 0.08355178776986742200, 0.4799999999999999800, -0.08763974422643290600 ) ) ;
#6280 = STYLED_ITEM ( 'NONE', ( #6583 ), #7611 ) ;
#6281 = CARTESIAN_POINT ( 'NONE',  ( 0.03563186399874086100, 0.4798999999999999400, 0.06554055969388841700 ) ) ;
#6282 = STYLED_ITEM ( 'NONE', ( #7892 ), #4934 ) ;
#6283 = CARTESIAN_POINT ( 'NONE',  ( -0.04340644685049665400, 0.4799999999999999800, 0.05501246494551027100 ) ) ;
#6284 = ORIENTED_EDGE ( 'NONE', *, *, #7026, .F. ) ;
#6285 = VECTOR ( 'NONE', #7400, 1000.000000000000100 ) ;
#6286 = CARTESIAN_POINT ( 'NONE',  ( -0.2429189414552248000, 0.4799999999999999800, -0.02903634010498853600 ) ) ;
#6287 = CARTESIAN_POINT ( 'NONE',  ( -0.2386573472971702500, 0.4798999999999999400, -0.08322929943278456500 ) ) ;
#6288 = CARTESIAN_POINT ( 'NONE',  ( 0.2175566131935491000, 0.4798999999999999400, 0.06369507778554567300 ) ) ;
#6289 = SURFACE_SIDE_STYLE ('',( #7335 ) ) ;
#6290 = CARTESIAN_POINT ( 'NONE',  ( 0.2351618921670330900, 0.4799999999999999800, -0.04329378670731209200 ) ) ;
#6291 = CARTESIAN_POINT ( 'NONE',  ( -0.2575600292699474800, 0.4798999999999999400, -0.1107304099711449900 ) ) ;
#6292 = SURFACE_SIDE_STYLE ('',( #3530 ) ) ;
#6293 = CARTESIAN_POINT ( 'NONE',  ( 0.2989737251548724700, 0.4798999999999999400, -0.005238984306480358800 ) ) ;
#6294 = EDGE_CURVE ( 'NONE', #5933, #4421, #8764, .T. ) ;
#6295 = MANIFOLD_SOLID_BREP ( 'Boss-Extrude4', #2554 ) ;
#6296 = ORIENTED_EDGE ( 'NONE', *, *, #5221, .T. ) ;
#6297 = FACE_OUTER_BOUND ( 'NONE', #1383, .T. ) ;
#6298 = MECHANICAL_DESIGN_GEOMETRIC_PRESENTATION_REPRESENTATION (  '', ( #5332 ), #6767 ) ;
#6299 = EDGE_CURVE ( 'NONE', #4896, #7799, #4285, .T. ) ;
#6300 =( GEOMETRIC_REPRESENTATION_CONTEXT ( 3 ) GLOBAL_UNCERTAINTY_ASSIGNED_CONTEXT ( ( #2487 ) ) GLOBAL_UNIT_ASSIGNED_CONTEXT ( ( #8365, #4073, #9075 ) ) REPRESENTATION_CONTEXT ( 'NONE', 'WORKASPACE' ) );
#6301 = CARTESIAN_POINT ( 'NONE',  ( -0.5300000000000022500, 0.0000000000000000000, -0.4299999999999967700 ) ) ;
#6302 = CARTESIAN_POINT ( 'NONE',  ( -0.2628399349250230000, 0.4798999999999999400, 0.08924856655951159100 ) ) ;
#6303 = CARTESIAN_POINT ( 'NONE',  ( -0.3592742297968178900, 0.4799999999999999800, 0.08924856655951159100 ) ) ;
#6304 = LINE ( 'NONE', #7406, #7972 ) ;
#6305 = CARTESIAN_POINT ( 'NONE',  ( 0.1221978414379020200, 0.4799999999999999800, -0.04010149206607165800 ) ) ;
#6306 = CARTESIAN_POINT ( 'NONE',  ( 0.02839404318362426200, 0.4799999999999999800, 0.04865137584738724000 ) ) ;
#6307 = SURFACE_STYLE_USAGE ( .BOTH. , #4890 ) ;
#6308 = ADVANCED_FACE ( 'NONE', ( #7875 ), #3214, .F. ) ;
#6309 = CARTESIAN_POINT ( 'NONE',  ( 0.2640152302214585600, 0.4799999999999999800, 0.05905071716265679300 ) ) ;
#6310 = CARTESIAN_POINT ( 'NONE',  ( -0.8000000000000037100, 0.4798999999999999400, -0.08767451036356535600 ) ) ;
#6311 =( NAMED_UNIT ( * ) SI_UNIT ( $, .STERADIAN. ) SOLID_ANGLE_UNIT ( ) );
#6312 = CARTESIAN_POINT ( 'NONE',  ( 0.6799999999999999400, 0.4099999999999999200, -0.3799999999999998900 ) ) ;
#6313 = CARTESIAN_POINT ( 'NONE',  ( 0.06086095332602563900, 0.4798999999999999400, -0.07717885880198746600 ) ) ;
#6314 = EDGE_CURVE ( 'NONE', #7126, #3038, #7195, .T. ) ;
#6315 = CARTESIAN_POINT ( 'NONE',  ( 0.02124601488228773600, 0.4800000000000000900, 0.003818150772442295200 ) ) ;
#6316 = DIRECTION ( 'NONE',  ( -0.0000000000000000000, 1.000000000000000000, -0.0000000000000000000 ) ) ;
#6317 = SURFACE_STYLE_FILL_AREA ( #7602 ) ;
#6318 = CARTESIAN_POINT ( 'NONE',  ( -0.2252876177142954000, 0.4798999999999999400, -0.05142219166977762100 ) ) ;
#6319 = CARTESIAN_POINT ( 'NONE',  ( -0.8000000000000037100, 0.4799999999999999800, 0.08924856655951159100 ) ) ;
#6320 = SURFACE_STYLE_USAGE ( .BOTH. , #1293 ) ;
#6321 = CARTESIAN_POINT ( 'NONE',  ( 0.3010249535783202100, 0.4798999999999999400, 0.03994252634477509600 ) ) ;
#6322 = CARTESIAN_POINT ( 'NONE',  ( 0.2397700189219626500, 0.4799999999999999800, -0.04398310719639446400 ) ) ;
#6323 = CARTESIAN_POINT ( 'NONE',  ( -0.1987285124627989900, 0.4798999999999999400, -0.07265253080733502500 ) ) ;
#6324 = ORIENTED_EDGE ( 'NONE', *, *, #6991, .F. ) ;
#6325 = LINE ( 'NONE', #4895, #8215 ) ;
#6326 = ORIENTED_EDGE ( 'NONE', *, *, #28, .F. ) ;
#6327 = ORIENTED_EDGE ( 'NONE', *, *, #6435, .T. ) ;
#6328 = CARTESIAN_POINT ( 'NONE',  ( -0.01561965074877237800, 0.4798999999999999400, 0.004280888164450304100 ) ) ;
#6329 = VECTOR ( 'NONE', #4603, 1000.000000000000000 ) ;
#6330 = CARTESIAN_POINT ( 'NONE',  ( 0.2772394408272944000, 0.4798999999999999400, -0.03392495309225966600 ) ) ;
#6331 = DIRECTION ( 'NONE',  ( -0.0000000000000000000, -1.000000000000000000, -0.0000000000000000000 ) ) ;
#6332 = CARTESIAN_POINT ( 'NONE',  ( -0.03291356148525644700, 0.4798999999999999400, -0.09755167251749929900 ) ) ;
#6333 = ORIENTED_EDGE ( 'NONE', *, *, #8335, .F. ) ;
#6334 = LINE ( 'NONE', #5177, #8007 ) ;
#6335 = EDGE_LOOP ( 'NONE', ( #4228, #8579, #4235, #4694 ) ) ;
#6336 = CARTESIAN_POINT ( 'NONE',  ( 0.08628189181662543300, 0.4799999999999999800, -0.08763007573182361700 ) ) ;
#6337 = ORIENTED_EDGE ( 'NONE', *, *, #516, .F. ) ;
#6338 = VERTEX_POINT ( 'NONE', #2544 ) ;
#6339 = CARTESIAN_POINT ( 'NONE',  ( 0.2125745454221087400, 0.4799999999999999800, -0.01340434395400661200 ) ) ;
#6340 = FACE_OUTER_BOUND ( 'NONE', #948, .T. ) ;
#6341 = PRESENTATION_LAYER_ASSIGNMENT (  '', '', ( #5372 ) ) ;
#6342 =( LENGTH_UNIT ( ) NAMED_UNIT ( * ) SI_UNIT ( .MILLI., .METRE. ) );
#6343 = DIRECTION ( 'NONE',  ( -0.0000000000000000000, 0.0000000000000000000, -1.000000000000000000 ) ) ;
#6344 = FILL_AREA_STYLE ('',( #7706 ) ) ;
#6345 = FILL_AREA_STYLE ('',( #4893 ) ) ;
#6346 = MECHANICAL_DESIGN_GEOMETRIC_PRESENTATION_REPRESENTATION (  '', ( #4894 ), #6812 ) ;
#6347 = ORIENTED_EDGE ( 'NONE', *, *, #5242, .F. ) ;
#6348 = SURFACE_STYLE_USAGE ( .BOTH. , #1317 ) ;
#6349 = UNCERTAINTY_MEASURE_WITH_UNIT (LENGTH_MEASURE( 1.000000000000000100E-005 ), #4100, 'distance_accuracy_value', 'NONE');
#6350 = EDGE_CURVE ( 'NONE', #6895, #3186, #3633, .T. ) ;
#6351 = CARTESIAN_POINT ( 'NONE',  ( 0.02645478693947160900, 0.4799999999999999800, -0.06082243483537533300 ) ) ;
#6352 = DIRECTION ( 'NONE',  ( 0.0000000000000000000, 0.0000000000000000000, 1.000000000000000000 ) ) ;
#6353 = EDGE_LOOP ( 'NONE', ( #3904, #855, #4802, #535 ) ) ;
#6354 = CARTESIAN_POINT ( 'NONE',  ( -0.1263246371189344100, 0.4800000000000000400, -0.06916014764900800500 ) ) ;
#6355 = CARTESIAN_POINT ( 'NONE',  ( -0.03805016117451963400, 0.4799999999999999800, 0.02168921148873671400 ) ) ;
#6356 = CARTESIAN_POINT ( 'NONE',  ( 0.2878010907160026800, 0.4799999999999999800, 0.06753382296976800900 ) ) ;
#6357 = CARTESIAN_POINT ( 'NONE',  ( 0.2428600397007678300, 0.4799999999999999800, -0.04405078362469813700 ) ) ;
#6358 =( LENGTH_UNIT ( ) NAMED_UNIT ( * ) SI_UNIT ( .MILLI., .METRE. ) );
#6359 = CARTESIAN_POINT ( 'NONE',  ( -0.1892021144122024400, 0.4799999999999998700, 0.03195689989284492700 ) ) ;
#6360 = FACE_OUTER_BOUND ( 'NONE', #3584, .T. ) ;
#6361 = ADVANCED_FACE ( 'NONE', ( #8873 ), #2323, .T. ) ;
#6362 = CARTESIAN_POINT ( 'NONE',  ( -0.2175537784042293500, 0.4799999999999999800, 0.03614480920291493500 ) ) ;
#6363 = AXIS2_PLACEMENT_3D ( 'NONE', #312, #5334, #1022 ) ;
#6364 = CARTESIAN_POINT ( 'NONE',  ( -0.01561965074877237800, 0.4799999999999999800, 0.004280888164450304100 ) ) ;
#6365 = VERTEX_POINT ( 'NONE', #8973 ) ;
#6366 = COLOUR_RGB ( '',0.2509803921568627400, 0.2509803921568627400, 0.2509803921568627400 ) ;
#6367 = CARTESIAN_POINT ( 'NONE',  ( -0.7499999999999997800, 0.4099999999999999200, -0.3799999999999998900 ) ) ;
#6368 = PRESENTATION_LAYER_ASSIGNMENT (  '', '', ( #5388 ) ) ;
#6369 = SURFACE_STYLE_FILL_AREA ( #8926 ) ;
#6370 = CARTESIAN_POINT ( 'NONE',  ( -0.2250995503096383200, 0.4799999999999999800, -0.05642451036356533500 ) ) ;
#6371 = DIRECTION ( 'NONE',  ( -0.0000000000000000000, 1.000000000000000000, -0.0000000000000000000 ) ) ;
#6372 = DIRECTION ( 'NONE',  ( 1.260700200564540300E-016, 0.0000000000000000000, 1.000000000000000000 ) ) ;
#6373 = CARTESIAN_POINT ( 'NONE',  ( -0.8000000000000037100, 0.4799999999999999800, 0.08924856655951159100 ) ) ;
#6374 = EDGE_CURVE ( 'NONE', #5498, #2977, #5418, .T. ) ;
#6375 = ORIENTED_EDGE ( 'NONE', *, *, #3937, .F. ) ;
#6376 = CARTESIAN_POINT ( 'NONE',  ( -0.2108347393058661300, 0.4798999999999999400, -0.008857797588381434400 ) ) ;
#6377 = VERTEX_POINT ( 'NONE', #9093 ) ;
#6378 = CARTESIAN_POINT ( 'NONE',  ( 0.1001385129845388700, 0.4799999999999996500, -0.1093176722179369000 ) ) ;
#6379 = CARTESIAN_POINT ( 'NONE',  ( -0.8000000000000017100, 0.4299999999999999400, 0.4375000000000195400 ) ) ;
#6380 = CARTESIAN_POINT ( 'NONE',  ( 0.1749004496903617500, 0.4798999999999999400, 0.03540241271335774900 ) ) ;
#6381 = CARTESIAN_POINT ( 'NONE',  ( -0.01204964656633175000, 0.4799999999999999800, 0.05534224388446382100 ) ) ;
#6382 = SURFACE_STYLE_FILL_AREA ( #584 ) ;
#6383 = VERTEX_POINT ( 'NONE', #6275 ) ;
#6384 = VERTEX_POINT ( 'NONE', #7674 ) ;
#6385 = CARTESIAN_POINT ( 'NONE',  ( 0.06554240821013104800, 0.4799999999999999800, -0.1080474047078124500 ) ) ;
#6386 = CARTESIAN_POINT ( 'NONE',  ( -0.8000000000000037100, 0.4798999999999999400, 0.004633181944126954700 ) ) ;
#6387 = SURFACE_SIDE_STYLE ('',( #7916 ) ) ;
#6388 = CARTESIAN_POINT ( 'NONE',  ( 0.2774351175710143000, 0.4799999999999999800, 0.02055085290819130800 ) ) ;
#6389 = CARTESIAN_POINT ( 'NONE',  ( 0.2444116676390797000, 0.4799999999999999800, -0.04408476677382174000 ) ) ;
#6390 = CARTESIAN_POINT ( 'NONE',  ( -0.2014373610862038600, 0.4798999999999999400, 0.06832837758806092900 ) ) ;
#6391 = SURFACE_SIDE_STYLE ('',( #6665 ) ) ;
#6392 = SURFACE_STYLE_FILL_AREA ( #4752 ) ;
#6393 = SURFACE_STYLE_USAGE ( .BOTH. , #7094 ) ;
#6394 = UNCERTAINTY_MEASURE_WITH_UNIT (LENGTH_MEASURE( 1.000000000000000100E-005 ), #5364, 'distance_accuracy_value', 'NONE');
#6395 = CARTESIAN_POINT ( 'NONE',  ( -0.2452918580019460300, 0.4798999999999999400, 0.06521010502105005500 ) ) ;
#6396 = STYLED_ITEM ( 'NONE', ( #4453 ), #3355 ) ;
#6397 = DIRECTION ( 'NONE',  ( 0.0000000000000000000, -0.0000000000000000000, 1.000000000000000000 ) ) ;
#6398 = SURFACE_STYLE_USAGE ( .BOTH. , #1366 ) ;
#6399 = VECTOR ( 'NONE', #1887, 1000.000000000000000 ) ;
#6400 = LINE ( 'NONE', #4060, #895 ) ;
#6401 = CARTESIAN_POINT ( 'NONE',  ( -0.08643769133527935700, 0.4798999999999999400, -0.1133155360045909700 ) ) ;
#6402 = CARTESIAN_POINT ( 'NONE',  ( 0.2562671834102793200, 0.4799999999999999800, -0.04307162364464444500 ) ) ;
#6403 = CARTESIAN_POINT ( 'NONE',  ( -0.1946355531194874900, 0.4800000000000000900, 0.008645845033746000000 ) ) ;
#6404 = ADVANCED_FACE ( 'NONE', ( #3523 ), #3390, .F. ) ;
#6405 = CARTESIAN_POINT ( 'NONE',  ( 0.1368384144836544400, 0.4798999999999999400, -0.07932782748684143200 ) ) ;
#6406 = CARTESIAN_POINT ( 'NONE',  ( 0.04186247362491164100, 0.4799999999999999800, 0.07408993813199533900 ) ) ;
#6407 = ORIENTED_EDGE ( 'NONE', *, *, #4722, .T. ) ;
#6408 = CARTESIAN_POINT ( 'NONE',  ( -0.2174624295226774700, 0.4798999999999999400, 0.02973517257808490400 ) ) ;
#6409 =( LENGTH_UNIT ( ) NAMED_UNIT ( * ) SI_UNIT ( .MILLI., .METRE. ) );
#6410 =( GEOMETRIC_REPRESENTATION_CONTEXT ( 3 ) GLOBAL_UNCERTAINTY_ASSIGNED_CONTEXT ( ( #4020 ) ) GLOBAL_UNIT_ASSIGNED_CONTEXT ( ( #8439, #4150, #9169 ) ) REPRESENTATION_CONTEXT ( 'NONE', 'WORKASPACE' ) );
#6411 = CARTESIAN_POINT ( 'NONE',  ( -0.07636223742445383300, 0.4799999999999999800, 0.09172928036691364900 ) ) ;
#6412 = PRESENTATION_LAYER_ASSIGNMENT (  '', '', ( #5943 ) ) ;
#6413 =( NAMED_UNIT ( * ) SI_UNIT ( $, .STERADIAN. ) SOLID_ANGLE_UNIT ( ) );
#6414 = CARTESIAN_POINT ( 'NONE',  ( 0.06677033333452078700, 0.4798999999999999400, 0.06291913640529754600 ) ) ;
#6415 = SURFACE_STYLE_USAGE ( .BOTH. , #1387 ) ;
#6416 = CARTESIAN_POINT ( 'NONE',  ( -0.09850438796157512400, 0.4798999999999999400, 0.09071653934920685700 ) ) ;
#6417 = CARTESIAN_POINT ( 'NONE',  ( 0.1382403104677434000, 0.4799999999999999800, 0.05792310823300186200 ) ) ;
#6418 = CARTESIAN_POINT ( 'NONE',  ( -0.1263415374891254900, 0.4798999999999999400, -0.01531874113279610300 ) ) ;
#6419 = CARTESIAN_POINT ( 'NONE',  ( -0.2312180814100120200, 0.4799999999999998700, 0.08608838304360219600 ) ) ;
#6420 = PRESENTATION_LAYER_ASSIGNMENT (  '', '', ( #5455 ) ) ;
#6421 = COLOUR_RGB ( '',1.000000000000000000, 1.000000000000000000, 0.5019607843137254800 ) ;
#6422 = CARTESIAN_POINT ( 'NONE',  ( -0.01361451354350495600, 0.4798999999999999400, 0.007392669091429902000 ) ) ;
#6423 = PRESENTATION_LAYER_ASSIGNMENT (  '', '', ( #5458 ) ) ;
#6424 = CARTESIAN_POINT ( 'NONE',  ( -0.2174072426173306600, 0.4798999999999998800, 0.03155625886720389600 ) ) ;
#6425 = CARTESIAN_POINT ( 'NONE',  ( -0.2420164702925496300, 0.4799999999999999800, -0.08467510460407558200 ) ) ;
#6426 = CARTESIAN_POINT ( 'NONE',  ( 0.2760807416781954100, 0.4799999999999995900, 0.008406044824504240600 ) ) ;
#6427 = EDGE_LOOP ( 'NONE', ( #5781, #7586, #6066, #8309 ) ) ;
#6428 = CARTESIAN_POINT ( 'NONE',  ( 0.02108012918314687900, 0.4798999999999999400, -0.01224743753609722900 ) ) ;
#6429 = CARTESIAN_POINT ( 'NONE',  ( 0.3029289790344422100, 0.4799999999999999800, 0.01379025488641571300 ) ) ;
#6430 = CARTESIAN_POINT ( 'NONE',  ( -0.1892021144122024400, 0.4798999999999999400, 0.03195689989284492700 ) ) ;
#6431 = CARTESIAN_POINT ( 'NONE',  ( 0.1475888008084116100, 0.4799999999999996500, -0.04144015126454014100 ) ) ;
#6432 = CARTESIAN_POINT ( 'NONE',  ( 0.04672078098471670700, 0.4798999999999999400, -0.005622654713496466300 ) ) ;
#6433 = ORIENTED_EDGE ( 'NONE', *, *, #6314, .T. ) ;
#6434 = CARTESIAN_POINT ( 'NONE',  ( -0.2291091149263282100, 0.4799999999999998700, 0.004785741720727017600 ) ) ;
#6435 = EDGE_CURVE ( 'NONE', #6871, #2709, #7095, .T. ) ;
#6436 = EDGE_CURVE ( 'NONE', #6981, #2442, #3862, .T. ) ;
#6437 = CIRCLE ( 'NONE', #8084, 0.07000000000000007600 ) ;
#6438 =( NAMED_UNIT ( * ) SI_UNIT ( $, .STERADIAN. ) SOLID_ANGLE_UNIT ( ) );
#6439 = CIRCLE ( 'NONE', #3713, 0.07000000000000002100 ) ;
#6440 = LINE ( 'NONE', #9044, #932 ) ;
#6441 = ORIENTED_EDGE ( 'NONE', *, *, #3937, .T. ) ;
#6442 = VECTOR ( 'NONE', #4935, 1000.000000000000000 ) ;
#6443 = ORIENTED_EDGE ( 'NONE', *, *, #2909, .T. ) ;
#6444 = CARTESIAN_POINT ( 'NONE',  ( -0.4887213451814332300, 0.4799999999999999800, 0.004633181944126954700 ) ) ;
#6445 = CARTESIAN_POINT ( 'NONE',  ( 0.2658478917403159800, 0.4798999999999999400, 0.08584523118204592800 ) ) ;
#6446 = ORIENTED_EDGE ( 'NONE', *, *, #3136, .T. ) ;
#6447 = CARTESIAN_POINT ( 'NONE',  ( -0.1288689737070422300, 0.4799999999999998700, 0.08124240229316423400 ) ) ;
#6448 = CARTESIAN_POINT ( 'NONE',  ( 0.2735746229142497800, 0.4799999999999999800, 0.0004605687269530686600 ) ) ;
#6449 = ORIENTED_EDGE ( 'NONE', *, *, #4068, .T. ) ;
#6450 = CARTESIAN_POINT ( 'NONE',  ( 0.09037698583651859700, 0.4799999999999999800, 0.09173314032602192200 ) ) ;
#6451 = AXIS2_PLACEMENT_3D ( 'NONE', #5018, #731, #5756 ) ;
#6452 = DIRECTION ( 'NONE',  ( -0.0000000000000000000, 1.000000000000000000, -0.0000000000000000000 ) ) ;
#6453 = DIRECTION ( 'NONE',  ( -1.000000000000000000, 0.0000000000000000000, 3.614007241618347900E-017 ) ) ;
#6454 = CIRCLE ( 'NONE', #1897, 0.07000000000000002100 ) ;
#6455 = ORIENTED_EDGE ( 'NONE', *, *, #5475, .F. ) ;
#6456 = ORIENTED_EDGE ( 'NONE', *, *, #2294, .F. ) ;
#6457 =( LENGTH_UNIT ( ) NAMED_UNIT ( * ) SI_UNIT ( .MILLI., .METRE. ) );
#6458 = SURFACE_SIDE_STYLE ('',( #7362 ) ) ;
#6459 = CARTESIAN_POINT ( 'NONE',  ( 0.2616608266021252500, 0.4798999999999999400, -0.01453897042080121000 ) ) ;
#6460 = CARTESIAN_POINT ( 'NONE',  ( 0.02503808343326465200, 0.4800000000000000900, -0.05467564024015162500 ) ) ;
#6461 = VERTEX_POINT ( 'NONE', #7014 ) ;
#6462 = LINE ( 'NONE', #5037, #955 ) ;
#6463 = PRESENTATION_STYLE_ASSIGNMENT (( #6501 ) ) ;
#6464 = CARTESIAN_POINT ( 'NONE',  ( -0.04050082640560121600, 0.4799999999999999800, 0.05104272148927453000 ) ) ;
#6465 = CARTESIAN_POINT ( 'NONE',  ( -0.3379200631301512200, 0.4799999999999999800, -0.1107514334404884300 ) ) ;
#6466 = CARTESIAN_POINT ( 'NONE',  ( 0.05276525560283303100, 0.4799999999999999300, 0.04398218119757751200 ) ) ;
#6467 = PRESENTATION_LAYER_ASSIGNMENT (  '', '', ( #5496 ) ) ;
#6468 = CARTESIAN_POINT ( 'NONE',  ( -0.2373819898310426700, 0.4798999999999999400, 0.06308042266801505700 ) ) ;
#6469 = CARTESIAN_POINT ( 'NONE',  ( -0.2656444221045101100, 0.4798999999999999400, -0.003059125748180720300 ) ) ;
#6470 = ORIENTED_EDGE ( 'NONE', *, *, #7307, .F. ) ;
#6471 = COLOUR_RGB ( '',0.2509803921568627400, 0.2509803921568627400, 0.2509803921568627400 ) ;
#6472 = CARTESIAN_POINT ( 'NONE',  ( 0.1464990139577419000, 0.4798999999999999400, 0.02911537826589146200 ) ) ;
#6473 = PRESENTATION_STYLE_ASSIGNMENT (( #3241 ) ) ;
#6474 = CARTESIAN_POINT ( 'NONE',  ( 0.06370159669486658000, 0.4799999999999999800, -0.08001655138613679400 ) ) ;
#6475 = EDGE_CURVE ( 'NONE', #1146, #7339, #6437, .T. ) ;
#6476 = DIRECTION ( 'NONE',  ( -1.000000000000000000, 0.0000000000000000000, 0.0000000000000000000 ) ) ;
#6477 =( NAMED_UNIT ( * ) SI_UNIT ( $, .STERADIAN. ) SOLID_ANGLE_UNIT ( ) );
#6478 = CARTESIAN_POINT ( 'NONE',  ( 0.2048257672558268500, 0.4799999999999999800, 0.04846353818871447500 ) ) ;
#6479 = DIRECTION ( 'NONE',  ( 0.3468059081590687500, 0.0000000000000000000, -0.9379369179566200400 ) ) ;
#6480 = CARTESIAN_POINT ( 'NONE',  ( -0.1528385704762000000, 0.4798999999999999400, 0.05818153066037623500 ) ) ;
#6481 = FILL_AREA_STYLE_COLOUR ( '', #9002 ) ;
#6482 = CARTESIAN_POINT ( 'NONE',  ( 0.08284398673545218000, 0.4798999999999999400, 0.09174669429296336600 ) ) ;
#6483 = ORIENTED_EDGE ( 'NONE', *, *, #563, .T. ) ;
#6484 = CARTESIAN_POINT ( 'NONE',  ( 0.4022241676390798700, 0.4798999999999999400, 0.08924856655951159100 ) ) ;
#6485 = CARTESIAN_POINT ( 'NONE',  ( -0.8000000000000037100, 0.4799999999999999800, 0.4499999999999999600 ) ) ;
#6486 = PRESENTATION_STYLE_ASSIGNMENT (( #9000 ) ) ;
#6487 = EDGE_CURVE ( 'NONE', #6226, #6461, #8313, .T. ) ;
#6488 = CARTESIAN_POINT ( 'NONE',  ( 0.4987385907160026800, 0.4798999999999999900, -0.01055111292766789500 ) ) ;
#6489 = LINE ( 'NONE', #6552, #2674 ) ;
#6490 = CARTESIAN_POINT ( 'NONE',  ( 0.1221978414379020200, 0.4798999999999999400, -0.04010149206607165800 ) ) ;
#6491 = ORIENTED_EDGE ( 'NONE', *, *, #3794, .T. ) ;
#6492 = CARTESIAN_POINT ( 'NONE',  ( 0.2389239114301632800, 0.4799999999999995900, -0.02096326346449288400 ) ) ;
#6493 = CARTESIAN_POINT ( 'NONE',  ( 0.03986971296293422700, 0.4798999999999999400, -0.08991605412561759500 ) ) ;
#6494 = B_SPLINE_CURVE_WITH_KNOTS ( 'NONE', 3,
 ( #8879, #3890, #305, #5323, #1017, #6053, #1750, #6757, #2481, #7483, #3204 ),
 .UNSPECIFIED., .F., .F.,
 ( 4, 1, 1, 1, 1, 1, 1, 1, 4 ),
 ( 0.0000000000000000000, 0.1448052410584831400, 0.2795118010254861700, 0.4063939211311608000, 0.5275015404829167500, 0.6453932904726505900, 0.7618854106740864400, 0.8789420729184866900, 1.000000000000000000 ),
 .UNSPECIFIED. ) ;
#6495 = EDGE_CURVE ( 'NONE', #9029, #8011, #1607, .T. ) ;
#6496 = CARTESIAN_POINT ( 'NONE',  ( 0.4455334625108746700, 0.4798999999999999400, -0.06039085651741169000 ) ) ;
#6497 = CARTESIAN_POINT ( 'NONE',  ( 0.07365060081523094900, 0.4798999999999999400, 0.06671863679232985200 ) ) ;
#6498 = CARTESIAN_POINT ( 'NONE',  ( -0.2210676447595364700, 0.4799999999999999800, 0.04852199674393113700 ) ) ;
#6499 = ORIENTED_EDGE ( 'NONE', *, *, #5032, .T. ) ;
#6500 = EDGE_LOOP ( 'NONE', ( #4061, #35, #7375, #5847 ) ) ;
#6501 = SURFACE_STYLE_USAGE ( .BOTH. , #1474 ) ;
#6502 = CARTESIAN_POINT ( 'NONE',  ( 0.1133812823038117300, 0.4798999999999999400, 0.08567743605068030300 ) ) ;
#6503 = SURFACE_STYLE_USAGE ( .BOTH. , #1478 ) ;
#6504 = CARTESIAN_POINT ( 'NONE',  ( 0.3945204090424392400, 0.4798999999999999400, 0.03329850166576377900 ) ) ;
#6505 = CARTESIAN_POINT ( 'NONE',  ( 0.2372001291775411900, 0.4799999999999999800, 0.06873574604669108200 ) ) ;
#6506 = CARTESIAN_POINT ( 'NONE',  ( 0.2831395796343705300, 0.4799999999999999800, 0.07328140387899156900 ) ) ;
#6507 = CARTESIAN_POINT ( 'NONE',  ( -0.1627255969315809200, 0.4799999999999998700, 0.03036162415774828300 ) ) ;
#6508 = CARTESIAN_POINT ( 'NONE',  ( -0.05667006313015115300, 0.4799999999999999800, 0.006836707585152607800 ) ) ;
#6509 = CARTESIAN_POINT ( 'NONE',  ( 0.04931043265204651500, 0.4799999999999999800, 0.08102610550915929900 ) ) ;
#6510 = UNCERTAINTY_MEASURE_WITH_UNIT (LENGTH_MEASURE( 1.000000000000000100E-005 ), #3829, 'distance_accuracy_value', 'NONE');
#6511 = CARTESIAN_POINT ( 'NONE',  ( 0.7499999999999998900, 0.4099999999999999200, -0.3799999999999998900 ) ) ;
#6512 =( LENGTH_UNIT ( ) NAMED_UNIT ( * ) SI_UNIT ( .MILLI., .METRE. ) );
#6513 = VERTEX_POINT ( 'NONE', #2807 ) ;
#6514 = MECHANICAL_DESIGN_GEOMETRIC_PRESENTATION_REPRESENTATION (  '', ( #5058 ), #6971 ) ;
#6515 =( NAMED_UNIT ( * ) SI_UNIT ( $, .STERADIAN. ) SOLID_ANGLE_UNIT ( ) );
#6516 = STYLED_ITEM ( 'NONE', ( #6576 ), #3839 ) ;
#6517 = CARTESIAN_POINT ( 'NONE',  ( 0.1101520298986300000, 0.4799999999999995400, -0.07578696137251733600 ) ) ;
#6518 = CARTESIAN_POINT ( 'NONE',  ( -0.1244506705425743300, 0.4799999999999999800, 0.05100199066128963800 ) ) ;
#6519 = CARTESIAN_POINT ( 'NONE',  ( 0.06115688652624488200, 0.4800000000000000900, -0.1065641130166651300 ) ) ;
#6520 = ORIENTED_EDGE ( 'NONE', *, *, #3169, .T. ) ;
#6521 = CARTESIAN_POINT ( 'NONE',  ( 0.7300000000000062000, -0.02000000000000000000, -0.4299999999999968800 ) ) ;
#6522 = CARTESIAN_POINT ( 'NONE',  ( -0.2575600292699474800, 0.4798999999999999400, -0.1107304099711449900 ) ) ;
#6523 = CARTESIAN_POINT ( 'NONE',  ( -0.2373819898310426700, 0.4799999999999999800, 0.06308042266801505700 ) ) ;
#6524 = LINE ( 'NONE', #7992, #8193 ) ;
#6525 = EDGE_CURVE ( 'NONE', #8447, #8374, #4294, .T. ) ;
#6526 = SURFACE_SIDE_STYLE ('',( #2750 ) ) ;
#6527 = PRESENTATION_LAYER_ASSIGNMENT (  '', '', ( #5572 ) ) ;
#6528 = VECTOR ( 'NONE', #1429, 1000.000000000000000 ) ;
#6529 = UNCERTAINTY_MEASURE_WITH_UNIT (LENGTH_MEASURE( 1.000000000000000100E-005 ), #8601, 'distance_accuracy_value', 'NONE');
#6530 = CARTESIAN_POINT ( 'NONE',  ( -0.7999999999999721800, 0.4299999999999999400, -0.4374999999999813500 ) ) ;
#6531 = DIRECTION ( 'NONE',  ( 0.0000000000000000000, 1.000000000000000000, 0.0000000000000000000 ) ) ;
#6532 = CARTESIAN_POINT ( 'NONE',  ( -0.3097149349250229400, 0.4799999999999999800, 0.5000000000000195400 ) ) ;
#6533 = CARTESIAN_POINT ( 'NONE',  ( -0.8000000000000037100, 0.0000000000000000000, 0.5000000000000195400 ) ) ;
#6534 = PLANE ( 'NONE',  #75 ) ;
#6535 = CARTESIAN_POINT ( 'NONE',  ( -0.07809797056746485600, 0.4798999999999999400, 0.0001625855448025007800 ) ) ;
#6536 = PLANE ( 'NONE',  #1847 ) ;
#6537 = CARTESIAN_POINT ( 'NONE',  ( 0.2216776055331980100, 0.4799999999999999800, -0.03892133415036910100 ) ) ;
#6538 = EDGE_LOOP ( 'NONE', ( #8332, #9286, #504, #6324, #8218 ) ) ;
#6539 = CARTESIAN_POINT ( 'NONE',  ( -0.1118602361678396300, 0.4798999999999999400, -0.03733840335770689800 ) ) ;
#6540 = STYLED_ITEM ( 'NONE', ( #4706 ), #9264 ) ;
#6541 = CARTESIAN_POINT ( 'NONE',  ( 0.05530831374821677800, 0.4798999999999999400, -0.06901451475417803800 ) ) ;
#6542 = SURFACE_STYLE_FILL_AREA ( #2501 ) ;
#6543 = CARTESIAN_POINT ( 'NONE',  ( 0.5146440394339515400, 0.4798999999999999900, 0.06128382296976801800 ) ) ;
#6544 = COLOUR_RGB ( '',0.2509803921568627400, 0.2509803921568627400, 0.2509803921568627400 ) ;
#6545 = CARTESIAN_POINT ( 'NONE',  ( 0.08628189181662543300, 0.4798999999999999400, -0.08763007573182361700 ) ) ;
#6546 = CARTESIAN_POINT ( 'NONE',  ( -0.4682485887711768100, 0.4798999999999999400, -0.05073540779946278400 ) ) ;
#6547 = CARTESIAN_POINT ( 'NONE',  ( 0.2878010907160026800, 0.4798999999999999400, 0.06753382296976800900 ) ) ;
#6548 = ORIENTED_EDGE ( 'NONE', *, *, #4247, .F. ) ;
#6549 = EDGE_LOOP ( 'NONE', ( #605, #2946, #937, #2555 ) ) ;
#6550 = DIRECTION ( 'NONE',  ( 0.0000000000000000000, 1.000000000000000000, -0.0000000000000000000 ) ) ;
#6551 = ORIENTED_EDGE ( 'NONE', *, *, #3596, .F. ) ;
#6552 = CARTESIAN_POINT ( 'NONE',  ( -0.8000000000000037100, 0.4798999999999999400, -0.05434117703023201600 ) ) ;
#6553 = CARTESIAN_POINT ( 'NONE',  ( -0.2300214631018461500, 0.4799999999999999300, -0.1060850684294046800 ) ) ;
#6554 = COLOUR_RGB ( '',1.000000000000000000, 1.000000000000000000, 0.5019607843137254800 ) ;
#6555 =( NAMED_UNIT ( * ) SI_UNIT ( $, .STERADIAN. ) SOLID_ANGLE_UNIT ( ) );
#6556 = CARTESIAN_POINT ( 'NONE',  ( -0.2338880378716339000, 0.4798999999999999400, 0.06162776515726884500 ) ) ;
#6557 = VERTEX_POINT ( 'NONE', #4947 ) ;
#6558 = ORIENTED_EDGE ( 'NONE', *, *, #883, .F. ) ;
#6559 = EDGE_CURVE ( 'NONE', #8775, #7917, #2201, .T. ) ;
#6560 = LINE ( 'NONE', #7120, #8443 ) ;
#6561 = UNCERTAINTY_MEASURE_WITH_UNIT (LENGTH_MEASURE( 1.000000000000000100E-005 ), #1729, 'distance_accuracy_value', 'NONE');
#6562 = EDGE_LOOP ( 'NONE', ( #3745, #3656, #2077, #374 ) ) ;
#6563 = ORIENTED_EDGE ( 'NONE', *, *, #8418, .T. ) ;
#6564 = DIRECTION ( 'NONE',  ( 0.9696837244934966000, 0.0000000000000000000, 0.2443634065330170200 ) ) ;
#6565 = CARTESIAN_POINT ( 'NONE',  ( 0.3565927476563602900, 0.4798999999999999400, 0.7611546737202212800 ) ) ;
#6566 = CARTESIAN_POINT ( 'NONE',  ( -0.1156377261503191600, 0.4799999999999999800, -0.01076449845384717400 ) ) ;
#6567 = CARTESIAN_POINT ( 'NONE',  ( -0.2320635444118299100, 0.4799999999999999800, -0.07784560888532288100 ) ) ;
#6568 = ORIENTED_EDGE ( 'NONE', *, *, #7507, .T. ) ;
#6569 = SURFACE_STYLE_FILL_AREA ( #96 ) ;
#6570 = CARTESIAN_POINT ( 'NONE',  ( 0.3300000000000063400, -0.02000000000000000000, 0.4300000000000032100 ) ) ;
#6571 = CARTESIAN_POINT ( 'NONE',  ( -0.1112454811144233800, 0.4799999999999999800, -0.009205402488003233000 ) ) ;
#6572 = CARTESIAN_POINT ( 'NONE',  ( 0.03214084241522546800, 0.4798999999999999400, -0.07697750037908376900 ) ) ;
#6573 = PRESENTATION_STYLE_ASSIGNMENT (( #4253 ) ) ;
#6574 = AXIS2_PLACEMENT_3D ( 'NONE', #7621, #9180, #3498 ) ;
#6575 = CARTESIAN_POINT ( 'NONE',  ( 0.7374999999999962700, 0.4299999999999999400, -0.4999999999999813500 ) ) ;
#6576 = PRESENTATION_STYLE_ASSIGNMENT (( #93 ) ) ;
#6577 = PRESENTATION_LAYER_ASSIGNMENT (  '', '', ( #5614 ) ) ;
#6578 = CARTESIAN_POINT ( 'NONE',  ( -0.07680061766619629400, 0.4799999999999999300, -0.02679639765258216500 ) ) ;
#6579 = CARTESIAN_POINT ( 'NONE',  ( 0.7300000000000062000, -0.02000000000000000000, -0.4299999999999968800 ) ) ;
#6580 = EDGE_LOOP ( 'NONE', ( #3373, #9222, #7227, #7559 ) ) ;
#6581 = CYLINDRICAL_SURFACE ( 'NONE', #7668, 0.07000000000000002100 ) ;
#6582 = CARTESIAN_POINT ( 'NONE',  ( 0.04682322412432289600, 0.4799999999999999800, -0.02046533565136255900 ) ) ;
#6583 = PRESENTATION_STYLE_ASSIGNMENT (( #90 ) ) ;
#6584 = SURFACE_SIDE_STYLE ('',( #6756 ) ) ;
#6585 = FILL_AREA_STYLE ('',( #3703 ) ) ;
#6586 = CARTESIAN_POINT ( 'NONE',  ( 0.04730912220411775900, 0.4799999999999999800, -0.03085467341568604700 ) ) ;
#6587 = CARTESIAN_POINT ( 'NONE',  ( -0.2684889733865615200, 0.4798999999999999400, -0.02613604882510380300 ) ) ;
#6588 = CARTESIAN_POINT ( 'NONE',  ( 0.2862300282263948700, 0.4799999999999999800, 0.06947092203793232800 ) ) ;
#6589 = UNCERTAINTY_MEASURE_WITH_UNIT (LENGTH_MEASURE( 1.000000000000000100E-005 ), #8399, 'distance_accuracy_value', 'NONE');
#6590 = CARTESIAN_POINT ( 'NONE',  ( 0.1001902256222111500, 0.4799999999999999800, 0.06503799325102885300 ) ) ;
#6591 = VERTEX_POINT ( 'NONE', #7854 ) ;
#6592 = AXIS2_PLACEMENT_3D ( 'NONE', #3833, #8830, #4552 ) ;
#6593 = FACE_OUTER_BOUND ( 'NONE', #78, .T. ) ;
#6594 = DIRECTION ( 'NONE',  ( 0.0000000000000000000, 0.0000000000000000000, 1.000000000000000000 ) ) ;
#6595 = CARTESIAN_POINT ( 'NONE',  ( -0.1987285124627989900, 0.4798999999999999400, -0.07265253080733502500 ) ) ;
#6596 = CARTESIAN_POINT ( 'NONE',  ( -0.2380650438063256200, 0.4799999999999999800, -0.1084050912270237300 ) ) ;
#6597 = STYLED_ITEM ( 'NONE', ( #7203 ), #5285 ) ;
#6598 = CARTESIAN_POINT ( 'NONE',  ( -0.01204964656633175000, 0.4798999999999999400, 0.05534224388446382100 ) ) ;
#6599 = CARTESIAN_POINT ( 'NONE',  ( -0.2338880378716339000, 0.4799999999999999800, 0.06162776515726884500 ) ) ;
#6600 = VERTEX_POINT ( 'NONE', #3587 ) ;
#6601 = ORIENTED_EDGE ( 'NONE', *, *, #7271, .F. ) ;
#6602 = STYLED_ITEM ( 'NONE', ( #8171 ), #329 ) ;
#6603 = CARTESIAN_POINT ( 'NONE',  ( -0.1635610887711768400, 0.4798999999999999400, 0.02001779732874236000 ) ) ;
#6604 = CARTESIAN_POINT ( 'NONE',  ( 0.2640152302214585600, 0.4798999999999999400, 0.05905071716265679300 ) ) ;
#6605 = FILL_AREA_STYLE ('',( #5174 ) ) ;
#6606 = CARTESIAN_POINT ( 'NONE',  ( -0.2542335652187368000, 0.4798999999999999400, -0.08698712833346206000 ) ) ;
#6607 = CARTESIAN_POINT ( 'NONE',  ( 0.2673938308525509700, 0.4798999999999999400, -0.009470753861549862900 ) ) ;
#6608 = CARTESIAN_POINT ( 'NONE',  ( 0.2428600397007678300, 0.4798999999999999400, -0.04405078362469813700 ) ) ;
#6609 = CARTESIAN_POINT ( 'NONE',  ( -0.1353559605660486200, 0.4798999999999999400, 0.02001779732874236000 ) ) ;
#6610 = CARTESIAN_POINT ( 'NONE',  ( 0.05827384712625907600, 0.4798999999999999400, -0.07397258728664228600 ) ) ;
#6611 = VECTOR ( 'NONE', #7703, 1000.000000000000000 ) ;
#6612 = ORIENTED_EDGE ( 'NONE', *, *, #4104, .F. ) ;
#6613 = ORIENTED_EDGE ( 'NONE', *, *, #9280, .F. ) ;
#6614 = CARTESIAN_POINT ( 'NONE',  ( -0.04295160020796046100, 0.4798999999999999400, -0.01634178704328557300 ) ) ;
#6615 = CARTESIAN_POINT ( 'NONE',  ( -0.04915067021660431800, 0.4799999999999999800, -0.1069507996255165300 ) ) ;
#6616 = UNCERTAINTY_MEASURE_WITH_UNIT (LENGTH_MEASURE( 1.000000000000000100E-005 ), #2630, 'distance_accuracy_value', 'NONE');
#6617 = CARTESIAN_POINT ( 'NONE',  ( 0.3864389112288232300, 0.4798999999999999400, 0.06128382296976801800 ) ) ;
#6618 = DIRECTION ( 'NONE',  ( 0.3467321834683856900, 0.0000000000000000000, 0.9379641746608693400 ) ) ;
#6619 = CARTESIAN_POINT ( 'NONE',  ( 0.5151773430230225400, 0.4798999999999999400, 0.1404377539258349300 ) ) ;
#6620 = DIRECTION ( 'NONE',  ( 0.0000000000000000000, -0.0000000000000000000, 1.000000000000000000 ) ) ;
#6621 = VECTOR ( 'NONE', #2696, 1000.000000000000000 ) ;
#6622 = CARTESIAN_POINT ( 'NONE',  ( 0.1236183984083103900, 0.4799999999999999800, -0.009469382158437138600 ) ) ;
#6623 = EDGE_CURVE ( 'NONE', #4632, #3186, #711, .T. ) ;
#6624 =( NAMED_UNIT ( * ) PLANE_ANGLE_UNIT ( ) SI_UNIT ( $, .RADIAN. ) );
#6625 = CARTESIAN_POINT ( 'NONE',  ( -0.2269024349250230200, 0.4799999999999999800, -0.01587963856869354900 ) ) ;
#6626 = CARTESIAN_POINT ( 'NONE',  ( -0.07636223742445383300, 0.4798999999999999400, 0.09172928036691364900 ) ) ;
#6627 = STYLED_ITEM ( 'NONE', ( #7990 ), #1674 ) ;
#6628 = B_SPLINE_SURFACE_WITH_KNOTS ( 'NONE', 3, 1, ( 
 ( #4605, #1925 ),
 ( #6934, #2664 ),
 ( #7659, #3382 ),
 ( #8375, #4080 ),
 ( #9083, #4810 ),
 ( #511, #5538 ),
 ( #1228, #6266 ),
 ( #1959, #6965 ),
 ( #2694, #7694 ),
 ( #3408, #8402 ),
 ( #4116, #9126 ),
 ( #4838, #543 ),
 ( #5580, #1256 ),
 ( #6293, #1996 ),
 ( #7004, #2724 ),
 ( #7724, #3449 ),
 ( #8431, #4146 ),
 ( #9161, #4876 ),
 ( #573, #5610 ) ),
 .UNSPECIFIED., .F., .F., .F.,
 ( 4, 1, 1, 1, 1, 1, 1, 1, 1, 1, 1, 1, 1, 1, 1, 1, 4 ),
 ( 2, 2 ),
 ( 0.0000000000000000000, 0.06199741907572173200, 0.1220879540822920200, 0.1813753107870029500, 0.2395080083953658700, 0.2978356978967513500, 0.3568799706531179400, 0.4172818251154281600, 0.4796404090798155300, 0.5425000674783561100, 0.6049624196481899800, 0.6669910330782642400, 0.7302162430101636300, 0.7941728632512559100, 0.8604581431502612600, 0.9285781799847826500, 1.000000000000000000 ),
 ( 0.0000000000000000000, 1.000000000000000000 ),
 .UNSPECIFIED. ) ;
#6629 = CARTESIAN_POINT ( 'NONE',  ( -0.1353559605660486200, 0.4798999999999999400, 0.02001779732874236000 ) ) ;
#6630 = CARTESIAN_POINT ( 'NONE',  ( 0.6800000000000000500, 0.4099999999999999200, -0.4500000000000000700 ) ) ;
#6631 = DIRECTION ( 'NONE',  ( 2.168404344971006600E-016, 0.0000000000000000000, 1.000000000000000000 ) ) ;
#6632 =( LENGTH_UNIT ( ) NAMED_UNIT ( * ) SI_UNIT ( .MILLI., .METRE. ) );
#6633 = CARTESIAN_POINT ( 'NONE',  ( 0.6800000000000001600, 0.4799999999999999800, 0.3799999999999998400 ) ) ;
#6634 = EDGE_LOOP ( 'NONE', ( #1877, #7826, #4557, #4854 ) ) ;
#6635 = FACE_OUTER_BOUND ( 'NONE', #7277, .T. ) ;
#6636 = CARTESIAN_POINT ( 'NONE',  ( 0.2012892102908130600, 0.4798999999999999400, 0.03709326784532016700 ) ) ;
#6637 = UNCERTAINTY_MEASURE_WITH_UNIT (LENGTH_MEASURE( 1.000000000000000100E-005 ), #3700, 'distance_accuracy_value', 'NONE');
#6638 = CARTESIAN_POINT ( 'NONE',  ( -0.09700491231097437000, 0.4799999999999999800, -0.03204463457562468200 ) ) ;
#6639 = CARTESIAN_POINT ( 'NONE',  ( -0.01227903748912554200, 0.4799999999999999800, -0.05434117703023201600 ) ) ;
#6640 = CARTESIAN_POINT ( 'NONE',  ( 0.7999999999999962700, 0.4299999999999999400, -0.4374999999999811800 ) ) ;
#6641 = AXIS2_PLACEMENT_3D ( 'NONE', #6276, #1977, #6977 ) ;
#6642 =( GEOMETRIC_REPRESENTATION_CONTEXT ( 3 ) GLOBAL_UNCERTAINTY_ASSIGNED_CONTEXT ( ( #5116 ) ) GLOBAL_UNIT_ASSIGNED_CONTEXT ( ( #2214, #7208, #2940 ) ) REPRESENTATION_CONTEXT ( 'NONE', 'WORKASPACE' ) );
#6643 = CARTESIAN_POINT ( 'NONE',  ( -0.03535596056604862300, 0.4798999999999999400, 0.03383991271335774800 ) ) ;
#6644 = FILL_AREA_STYLE_COLOUR ( '', #5804 ) ;
#6645 = CARTESIAN_POINT ( 'NONE',  ( -0.2444505118480998800, 0.4798999999999999900, -0.02849983087638585300 ) ) ;
#6646 = CARTESIAN_POINT ( 'NONE',  ( 0.08515685994677196800, 0.4798999999999999400, 0.09181266912361416000 ) ) ;
#6647 = CARTESIAN_POINT ( 'NONE',  ( 0.1475804547541854400, 0.4799999999999993200, 0.02219045439251033500 ) ) ;
#6648 = DIRECTION ( 'NONE',  ( -0.0000000000000000000, 1.000000000000000000, -0.0000000000000000000 ) ) ;
#6649 = CARTESIAN_POINT ( 'NONE',  ( 0.1368384144836544400, 0.4799999999999999800, -0.07932782748684143200 ) ) ;
#6650 = EDGE_CURVE ( 'NONE', #8435, #8568, #513, .T. ) ;
#6651 = FACE_OUTER_BOUND ( 'NONE', #216, .T. ) ;
#6652 = EDGE_CURVE ( 'NONE', #7884, #9255, #8162, .T. ) ;
#6653 = ORIENTED_EDGE ( 'NONE', *, *, #8278, .F. ) ;
#6654 = DIRECTION ( 'NONE',  ( -1.000000000000000000, 0.0000000000000000000, 2.409338161078898700E-016 ) ) ;
#6655 = COLOUR_RGB ( '',0.2509803921568627400, 0.2509803921568627400, 0.2509803921568627400 ) ;
#6656 = CARTESIAN_POINT ( 'NONE',  ( -0.1344497326825258900, 0.4798999999999999400, 0.02741516950476742900 ) ) ;
#6657 = CARTESIAN_POINT ( 'NONE',  ( 0.1177562602539473900, 0.4798999999999999400, -0.06221825660495933200 ) ) ;
#6658 = CARTESIAN_POINT ( 'NONE',  ( 0.3849325734440920400, 0.4798999999999999400, 0.05456578975971333000 ) ) ;
#6659 = CARTESIAN_POINT ( 'NONE',  ( 0.4531055778954900000, 0.4798999999999999400, -0.08659277959433459000 ) ) ;
#6660 = PRESENTATION_STYLE_ASSIGNMENT (( #1438 ) ) ;
#6661 = CARTESIAN_POINT ( 'NONE',  ( 0.2103126247148251200, 0.4799999999999999800, 0.05732071371728784300 ) ) ;
#6662 = ADVANCED_FACE ( 'NONE', ( #5990 ), #5434, .T. ) ;
#6663 =( GEOMETRIC_REPRESENTATION_CONTEXT ( 3 ) GLOBAL_UNCERTAINTY_ASSIGNED_CONTEXT ( ( #3984 ) ) GLOBAL_UNIT_ASSIGNED_CONTEXT ( ( #8040, #8160, #8724 ) ) REPRESENTATION_CONTEXT ( 'NONE', 'WORKASPACE' ) );
#6664 = VERTEX_POINT ( 'NONE', #9304 ) ;
#6665 = SURFACE_STYLE_FILL_AREA ( #1357 ) ;
#6666 = ORIENTED_EDGE ( 'NONE', *, *, #6294, .F. ) ;
#6667 = DIRECTION ( 'NONE',  ( 1.000000000000000000, 0.0000000000000000000, 0.0000000000000000000 ) ) ;
#6668 = VERTEX_POINT ( 'NONE', #5357 ) ;
#6669 = EDGE_LOOP ( 'NONE', ( #2331, #1949, #6446, #869 ) ) ;
#6670 = CARTESIAN_POINT ( 'NONE',  ( -0.2574185700051243600, 0.4798999999999999400, -0.002976415303331237300 ) ) ;
#6671 = EDGE_CURVE ( 'NONE', #2395, #6668, #7201, .T. ) ;
#6672 = FACE_OUTER_BOUND ( 'NONE', #8995, .T. ) ;
#6673 =( NAMED_UNIT ( * ) PLANE_ANGLE_UNIT ( ) SI_UNIT ( $, .RADIAN. ) );
#6674 = CARTESIAN_POINT ( 'NONE',  ( -0.8000000000000037100, 0.4798999999999999400, -0.05434117703023201600 ) ) ;
#6675 = CARTESIAN_POINT ( 'NONE',  ( 0.08355178776986742200, 0.4798999999999999400, -0.08763974422643290600 ) ) ;
#6676 =( NAMED_UNIT ( * ) PLANE_ANGLE_UNIT ( ) SI_UNIT ( $, .RADIAN. ) );
#6677 = CARTESIAN_POINT ( 'NONE',  ( 0.08515685994677196800, 0.4798999999999999400, -0.1107514334404884200 ) ) ;
#6678 = B_SPLINE_SURFACE_WITH_KNOTS ( 'NONE', 3, 1, ( 
 ( #5047, #3389 ),
 ( #8383, #4091 ),
 ( #9091, #4817 ),
 ( #521, #5551 ),
 ( #1235, #6274 ),
 ( #1971, #6973 ),
 ( #2702, #7701 ) ),
 .UNSPECIFIED., .F., .F., .F.,
 ( 4, 1, 1, 1, 4 ),
 ( 2, 2 ),
 ( 0.0000000000000000000, 0.2155326816824298400, 0.4535671417990785900, 0.7155338199332916800, 1.000000000000000000 ),
 ( 0.0000000000000000000, 1.000000000000000000 ),
 .UNSPECIFIED. ) ;
#6679 = ORIENTED_EDGE ( 'NONE', *, *, #815, .F. ) ;
#6680 = VERTEX_POINT ( 'NONE', #2507 ) ;
#6681 = UNCERTAINTY_MEASURE_WITH_UNIT (LENGTH_MEASURE( 1.000000000000000100E-005 ), #7163, 'distance_accuracy_value', 'NONE');
#6682 = CARTESIAN_POINT ( 'NONE',  ( 0.1359400046351260900, 0.4798999999999999400, 0.06261181397293913400 ) ) ;
#6683 = ORIENTED_EDGE ( 'NONE', *, *, #5993, .F. ) ;
#6684 = LINE ( 'NONE', #8071, #8576 ) ;
#6685 = SURFACE_STYLE_FILL_AREA ( #4346 ) ;
#6686 = ORIENTED_EDGE ( 'NONE', *, *, #7619, .F. ) ;
#6687 = COLOUR_RGB ( '',0.2509803921568627400, 0.2509803921568627400, 0.2509803921568627400 ) ;
#6688 = SURFACE_STYLE_USAGE ( .BOTH. , #1667 ) ;
#6689 = CARTESIAN_POINT ( 'NONE',  ( -0.1150714410712377800, 0.4799999999999999300, 0.05925859448650572900 ) ) ;
#6690 = DIRECTION ( 'NONE',  ( 0.0000000000000000000, 0.0000000000000000000, 1.000000000000000000 ) ) ;
#6691 = ORIENTED_EDGE ( 'NONE', *, *, #7078, .F. ) ;
#6692 = CARTESIAN_POINT ( 'NONE',  ( 0.2299455961912195700, 0.4798999999999999400, 0.06824815069004411300 ) ) ;
#6693 = FACE_OUTER_BOUND ( 'NONE', #4986, .T. ) ;
#6694 = AXIS2_PLACEMENT_3D ( 'NONE', #6020, #1705, #6725 ) ;
#6695 = CARTESIAN_POINT ( 'NONE',  ( 0.1996089864746186700, 0.4799999999999999800, 0.7893111952822330400 ) ) ;
#6696 = CARTESIAN_POINT ( 'NONE',  ( 0.1938719961578513300, 0.4798999999999999400, 0.07646212296699787800 ) ) ;
#6697 = CARTESIAN_POINT ( 'NONE',  ( -0.1557735919052243600, 0.4798999999999999400, -0.06102739555498062200 ) ) ;
#6698 = VERTEX_POINT ( 'NONE', #1778 ) ;
#6699 = DIRECTION ( 'NONE',  ( -1.000000000000000000, 0.0000000000000000000, 0.0000000000000000000 ) ) ;
#6700 = CARTESIAN_POINT ( 'NONE',  ( 0.06086095332602563900, 0.4798999999999999400, -0.07717885880198746600 ) ) ;
#6701 = SURFACE_STYLE_USAGE ( .BOTH. , #1683 ) ;
#6702 = EDGE_CURVE ( 'NONE', #4147, #2179, #9090, .T. ) ;
#6703 = AXIS2_PLACEMENT_3D ( 'NONE', #6619, #2327, #7324 ) ;
#6704 = CARTESIAN_POINT ( 'NONE',  ( 0.1172879097797329800, 0.4799999999999993200, 0.08342377481319475400 ) ) ;
#6705 = DIRECTION ( 'NONE',  ( -1.000000000000000000, -0.0000000000000000000, -0.0000000000000000000 ) ) ;
#6706 = ADVANCED_FACE ( 'NONE', ( #1490 ), #5451, .T. ) ;
#6707 = CARTESIAN_POINT ( 'NONE',  ( -0.09053390404150492300, 0.4800000000000000400, -0.09019928205330064700 ) ) ;
#6708 = LINE ( 'NONE', #807, #4791 ) ;
#6709 = ORIENTED_EDGE ( 'NONE', *, *, #2650, .T. ) ;
#6710 =( GEOMETRIC_REPRESENTATION_CONTEXT ( 3 ) GLOBAL_UNCERTAINTY_ASSIGNED_CONTEXT ( ( #3494 ) ) GLOBAL_UNIT_ASSIGNED_CONTEXT ( ( #4646, #344, #5370 ) ) REPRESENTATION_CONTEXT ( 'NONE', 'WORKASPACE' ) );
#6711 = CARTESIAN_POINT ( 'NONE',  ( -0.1204921785147665400, 0.4799999999999999800, -0.04272258728664225100 ) ) ;
#6712 = PRESENTATION_LAYER_ASSIGNMENT (  '', '', ( #7188 ) ) ;
#6713 = PRESENTATION_STYLE_ASSIGNMENT (( #6393 ) ) ;
#6714 = CARTESIAN_POINT ( 'NONE',  ( -0.09249789922386361700, 0.4798999999999999400, 0.09133319993347403800 ) ) ;
#6715 = CARTESIAN_POINT ( 'NONE',  ( 0.04669532148523342800, 0.4800000000000000400, -0.009469382158437138600 ) ) ;
#6716 = CARTESIAN_POINT ( 'NONE',  ( 0.04263452556923402100, 0.4798999999999999400, 0.6685269051138672500 ) ) ;
#6717 = CARTESIAN_POINT ( 'NONE',  ( 0.2125745454221087400, 0.4798999999999999400, -0.01340434395400661200 ) ) ;
#6718 = CARTESIAN_POINT ( 'NONE',  ( 0.5146440394339514300, 0.4800000000000000400, 0.06128382296976800400 ) ) ;
#6719 = CARTESIAN_POINT ( 'NONE',  ( 0.04727867973543976200, 0.4799999999999999800, 0.01226084434581784300 ) ) ;
#6720 = DIRECTION ( 'NONE',  ( 0.2780143634321065000, 0.0000000000000000000, -0.9605769171312833500 ) ) ;
#6721 = PLANE ( 'NONE',  #8092 ) ;
#6722 = CARTESIAN_POINT ( 'NONE',  ( -0.1427378153396965400, 0.4799999999999999300, -0.09288029583715108600 ) ) ;
#6723 = B_SPLINE_CURVE_WITH_KNOTS ( 'NONE', 3,
 ( #9207, #4202, #8488, #1342, #6381, #2084, #7080, #2817, #7810, #3525, #8519, #4234, #9250, #4955, #662, #5701, #1381, #6411, #2120 ),
 .UNSPECIFIED., .F., .F.,
 ( 4, 1, 1, 1, 1, 1, 1, 1, 1, 1, 1, 1, 1, 1, 1, 1, 4 ),
 ( 0.0000000000000000000, 0.07481596665055576000, 0.1485345605139197800, 0.2238723272963845700, 0.3012971209351249500, 0.3408936290197580600, 0.3803400620654401300, 0.4201265887284643100, 0.4599499070829667900, 0.5008311555562168200, 0.5419071755971083300, 0.5844387941530512200, 0.6280801713306064500, 0.7172666799070605000, 0.8078600064218676200, 0.9019246558363446200, 1.000000000000000000 ),
 .UNSPECIFIED. ) ;
#6724 = CARTESIAN_POINT ( 'NONE',  ( -0.1330472545985293100, 0.4799999999999999800, 0.07878596079913713400 ) ) ;
#6725 = DIRECTION ( 'NONE',  ( 0.2780143634321065000, 0.0000000000000000000, -0.9605769171312833500 ) ) ;
#6726 = DIRECTION ( 'NONE',  ( 1.000000000000000000, 0.0000000000000000000, 2.409338161078899200E-016 ) ) ;
#6727 = SURFACE_SIDE_STYLE ('',( #725 ) ) ;
#6728 = CARTESIAN_POINT ( 'NONE',  ( -0.1337443001616771500, 0.4798999999999999400, -0.1006244864515424100 ) ) ;
#6729 = B_SPLINE_SURFACE_WITH_KNOTS ( 'NONE', 3, 1, ( 
 ( #650, #3553 ),
 ( #8531, #4251 ),
 ( #9272, #4973 ),
 ( #681, #5725 ),
 ( #1409, #6426 ),
 ( #2136, #7138 ),
 ( #2861, #7851 ),
 ( #3585, #8575 ),
 ( #4281, #9301 ),
 ( #5010, #716 ),
 ( #5747, #1441 ),
 ( #6459, #2165 ),
 ( #7164, #2900 ),
 ( #7882, #3612 ),
 ( #8606, #4320 ),
 ( #13, #5039 ),
 ( #751, #5776 ),
 ( #1465, #6492 ),
 ( #2196, #7193 ) ),
 .UNSPECIFIED., .F., .F., .F.,
 ( 4, 1, 1, 1, 1, 1, 1, 1, 1, 1, 1, 1, 1, 1, 1, 1, 4 ),
 ( 2, 2 ),
 ( 0.0000000000000000000, 0.07286593345653499800, 0.1418868719641257200, 0.2074526264147113500, 0.2704376800000970500, 0.3316408722476698000, 0.3901075774931578300, 0.4480692869488359700, 0.5055029519245369800, 0.5624881528337243300, 0.6190843288847297500, 0.6764155306922384800, 0.7354523604507929900, 0.7962407694486781700, 0.8604056780892035400, 0.9283049272851059400, 1.000000000000000000 ),
 ( 0.0000000000000000000, 1.000000000000000000 ),
 .UNSPECIFIED. ) ;
#6730 = ORIENTED_EDGE ( 'NONE', *, *, #8202, .F. ) ;
#6731 = EDGE_CURVE ( 'NONE', #6557, #1391, #8211, .T. ) ;
#6732 = CARTESIAN_POINT ( 'NONE',  ( 0.08692090927917273100, 0.4798999999999999400, 0.09178579377132145600 ) ) ;
#6733 = DIRECTION ( 'NONE',  ( 0.0000000000000000000, 1.000000000000000000, 0.0000000000000000000 ) ) ;
#6734 = CARTESIAN_POINT ( 'NONE',  ( -0.1175738794371388300, 0.4798999999999999900, -0.08154830731304681100 ) ) ;
#6735 =( NAMED_UNIT ( * ) SI_UNIT ( $, .STERADIAN. ) SOLID_ANGLE_UNIT ( ) );
#6736 = ORIENTED_EDGE ( 'NONE', *, *, #9179, .F. ) ;
#6737 = PLANE ( 'NONE',  #6363 ) ;
#6738 = CARTESIAN_POINT ( 'NONE',  ( -0.1501675022324114300, 0.4798999999999999400, 0.06225760382893177200 ) ) ;
#6739 = CARTESIAN_POINT ( 'NONE',  ( 0.2005414753313876900, 0.4799999999999999800, 0.03283831014925515200 ) ) ;
#6740 =( NAMED_UNIT ( * ) PLANE_ANGLE_UNIT ( ) SI_UNIT ( $, .RADIAN. ) );
#6741 = SURFACE_SIDE_STYLE ('',( #267 ) ) ;
#6742 = VECTOR ( 'NONE', #4961, 1000.000000000000200 ) ;
#6743 = ADVANCED_FACE ( 'NONE', ( #4406 ), #2363, .T. ) ;
#6744 = CARTESIAN_POINT ( 'NONE',  ( 0.1070815771440499900, 0.4798999999999999400, -0.1072479514087009700 ) ) ;
#6745 = FILL_AREA_STYLE ('',( #6070 ) ) ;
#6746 = COLOUR_RGB ( '',0.2509803921568627400, 0.2509803921568627400, 0.2509803921568627400 ) ;
#6747 = CARTESIAN_POINT ( 'NONE',  ( -0.1142504045538684800, 0.4798999999999999400, -0.1096724527833775100 ) ) ;
#6748 = CARTESIAN_POINT ( 'NONE',  ( -0.1633548574523271400, 0.4799999999999999800, 0.02524086836406198200 ) ) ;
#6749 = SURFACE_STYLE_USAGE ( .BOTH. , #6074 ) ;
#6750 =( LENGTH_UNIT ( ) NAMED_UNIT ( * ) SI_UNIT ( .MILLI., .METRE. ) );
#6751 =( NAMED_UNIT ( * ) SI_UNIT ( $, .STERADIAN. ) SOLID_ANGLE_UNIT ( ) );
#6752 = CARTESIAN_POINT ( 'NONE',  ( 0.2501394639788847000, 0.4798999999999999400, 0.06701309461438399700 ) ) ;
#6753 = PRESENTATION_LAYER_ASSIGNMENT (  '', '', ( #6282 ) ) ;
#6754 = CARTESIAN_POINT ( 'NONE',  ( -0.1327832911638171800, 0.4798999999999999400, 0.03431048891207692800 ) ) ;
#6755 = B_SPLINE_SURFACE_WITH_KNOTS ( 'NONE', 3, 1, ( 
 ( #7831, #1416 ),
 ( #6432, #2142 ),
 ( #7146, #2871 ),
 ( #7858, #3590 ),
 ( #8586, #4288 ),
 ( #9307, #5016 ),
 ( #726, #5751 ),
 ( #1445, #6466 ),
 ( #2171, #7169 ),
 ( #2905, #7893 ),
 ( #3619, #8610 ),
 ( #4325, #18 ),
 ( #5045, #757 ),
 ( #5785, #1471 ),
 ( #6497, #2205 ),
 ( #7197, #2933 ),
 ( #7927, #3650 ),
 ( #8640, #4357 ),
 ( #58, #5067 ) ),
 .UNSPECIFIED., .F., .F., .F.,
 ( 4, 1, 1, 1, 1, 1, 1, 1, 1, 1, 1, 1, 1, 1, 1, 1, 4 ),
 ( 2, 2 ),
 ( 0.0000000000000000000, 0.1184055081537695600, 0.2266543328167019700, 0.3240923419286019200, 0.4117048030053218600, 0.4890259050064154600, 0.5569093973430757600, 0.6162333444927070600, 0.6673492812770746000, 0.7135123932013471800, 0.7576965045209782500, 0.7994925114422907200, 0.8399760647439393800, 0.8798857418167757000, 0.9191486593857416400, 0.9592273564930831100, 1.000000000000000000 ),
 ( 0.0000000000000000000, 1.000000000000000000 ),
 .UNSPECIFIED. ) ;
#6756 = SURFACE_STYLE_FILL_AREA ( #1557 ) ;
#6757 = CARTESIAN_POINT ( 'NONE',  ( -0.1541464173412422900, 0.4798999999999999400, -0.04549964835610165200 ) ) ;
#6758 =( NAMED_UNIT ( * ) SI_UNIT ( $, .STERADIAN. ) SOLID_ANGLE_UNIT ( ) );
#6759 = CARTESIAN_POINT ( 'NONE',  ( -0.1270606329630861700, 0.4800000000000000400, -0.06632259950227394100 ) ) ;
#6760 = LINE ( 'NONE', #4130, #7431 ) ;
#6761 = ORIENTED_EDGE ( 'NONE', *, *, #925, .T. ) ;
#6762 = EDGE_CURVE ( 'NONE', #8012, #8445, #1503, .T. ) ;
#6763 = ORIENTED_EDGE ( 'NONE', *, *, #6762, .T. ) ;
#6764 = CARTESIAN_POINT ( 'NONE',  ( -0.2542100079843692700, 0.4799999999999999800, -0.02672273437943726100 ) ) ;
#6765 = ORIENTED_EDGE ( 'NONE', *, *, #2910, .T. ) ;
#6766 = ORIENTED_EDGE ( 'NONE', *, *, #9240, .F. ) ;
#6767 =( GEOMETRIC_REPRESENTATION_CONTEXT ( 3 ) GLOBAL_UNCERTAINTY_ASSIGNED_CONTEXT ( ( #8617 ) ) GLOBAL_UNIT_ASSIGNED_CONTEXT ( ( #4107, #9117, #4830 ) ) REPRESENTATION_CONTEXT ( 'NONE', 'WORKASPACE' ) );
#6768 = EDGE_CURVE ( 'NONE', #6861, #6461, #9129, .T. ) ;
#6769 = FILL_AREA_STYLE_COLOUR ( '', #1371 ) ;
#6770 = STYLED_ITEM ( 'NONE', ( #347 ), #6948 ) ;
#6771 = COLOUR_RGB ( '',0.2509803921568627400, 0.2509803921568627400, 0.2509803921568627400 ) ;
#6772 = DIRECTION ( 'NONE',  ( -1.000000000000000000, 0.0000000000000000000, 0.0000000000000000000 ) ) ;
#6773 = ADVANCED_FACE ( 'NONE', ( #3740 ), #8560, .T. ) ;
#6774 = CARTESIAN_POINT ( 'NONE',  ( -0.04370962389210225600, 0.4799999999999998700, -0.1043818352751713900 ) ) ;
#6775 = ORIENTED_EDGE ( 'NONE', *, *, #6051, .F. ) ;
#6776 = CARTESIAN_POINT ( 'NONE',  ( -0.2452918580019460300, 0.4798999999999999400, 0.06521010502105005500 ) ) ;
#6777 = ORIENTED_EDGE ( 'NONE', *, *, #2781, .F. ) ;
#6778 = FILL_AREA_STYLE_COLOUR ( '', #6771 ) ;
#6779 = ORIENTED_EDGE ( 'NONE', *, *, #4104, .T. ) ;
#6780 = EDGE_LOOP ( 'NONE', ( #9004, #1831, #8934, #172 ) ) ;
#6782 = COLOUR_RGB ( '',0.2509803921568627400, 0.2509803921568627400, 0.2509803921568627400 ) ;
#6781 = CARTESIAN_POINT ( 'NONE',  ( 0.05827384712625907600, 0.4798999999999999400, -0.07397258728664228600 ) ) ;
#6783 = SURFACE_STYLE_FILL_AREA ( #5605 ) ;
#6784 = VERTEX_POINT ( 'NONE', #3106 ) ;
#6785 = CARTESIAN_POINT ( 'NONE',  ( -0.4398832041557922400, 0.4798999999999999400, -0.04793092061997560700 ) ) ;
#6786 = LINE ( 'NONE', #6401, #3211 ) ;
#6787 = EDGE_CURVE ( 'NONE', #9118, #6108, #4960, .T. ) ;
#6788 = UNCERTAINTY_MEASURE_WITH_UNIT (LENGTH_MEASURE( 1.000000000000000100E-005 ), #4300, 'distance_accuracy_value', 'NONE');
#6789 = CARTESIAN_POINT ( 'NONE',  ( -0.8000000000000037100, 0.4099999999999999200, 0.5000000000000195400 ) ) ;
#6790 = CARTESIAN_POINT ( 'NONE',  ( 0.3884985134888577200, 0.4798999999999999400, 0.05430789924313939700 ) ) ;
#6791 = FILL_AREA_STYLE ('',( #1039 ) ) ;
#6792 = CARTESIAN_POINT ( 'NONE',  ( -0.03555546085018612700, 0.4798999999999999400, 0.02956846725566330800 ) ) ;
#6793 = CARTESIAN_POINT ( 'NONE',  ( 0.2693130291541689900, 0.4799999999999998700, 0.05271438936706820300 ) ) ;
#6794 = VECTOR ( 'NONE', #5501, 1000.000000000000000 ) ;
#6795 = CARTESIAN_POINT ( 'NONE',  ( -0.1968944221045101100, 0.4798999999999999400, -0.05890848472253970600 ) ) ;
#6796 = ORIENTED_EDGE ( 'NONE', *, *, #8643, .F. ) ;
#6797 = COLOUR_RGB ( '',0.2509803921568627400, 0.2509803921568627400, 0.2509803921568627400 ) ;
#6798 = DIRECTION ( 'NONE',  ( -0.0000000000000000000, 1.000000000000000000, -0.0000000000000000000 ) ) ;
#6799 = FILL_AREA_STYLE ('',( #1051 ) ) ;
#6800 = FILL_AREA_STYLE_COLOUR ( '', #6972 ) ;
#6801 = ORIENTED_EDGE ( 'NONE', *, *, #8081, .T. ) ;
#6802 = DIRECTION ( 'NONE',  ( -0.7071067811865479100, -0.0000000000000000000, -0.7071067811865472400 ) ) ;
#6803 = CARTESIAN_POINT ( 'NONE',  ( 0.4593956419980541600, 0.4799999999999999800, -0.06359598472253970300 ) ) ;
#6804 = CARTESIAN_POINT ( 'NONE',  ( -0.02116036094384465500, 0.4798999999999999400, -0.08434467526248010100 ) ) ;
#6805 = CARTESIAN_POINT ( 'NONE',  ( 0.2353263352067849500, 0.4799999999999999800, -0.02094951570079366100 ) ) ;
#6806 = DIRECTION ( 'NONE',  ( 1.000000000000000000, 0.0000000000000000000, 0.0000000000000000000 ) ) ;
#6807 = CARTESIAN_POINT ( 'NONE',  ( -0.05860265251986498300, 0.4798999999999999400, -0.02183991773539444400 ) ) ;
#6808 = MECHANICAL_DESIGN_GEOMETRIC_PRESENTATION_REPRESENTATION (  '', ( #5372 ), #7293 ) ;
#6809 = SURFACE_STYLE_FILL_AREA ( #3854 ) ;
#6810 = ORIENTED_EDGE ( 'NONE', *, *, #1874, .T. ) ;
#6811 = CARTESIAN_POINT ( 'NONE',  ( 0.1067360765826604100, 0.4798999999999999400, 0.06032180233841716300 ) ) ;
#6812 =( GEOMETRIC_REPRESENTATION_CONTEXT ( 3 ) GLOBAL_UNCERTAINTY_ASSIGNED_CONTEXT ( ( #1484 ) ) GLOBAL_UNIT_ASSIGNED_CONTEXT ( ( #3511, #8505, #4217 ) ) REPRESENTATION_CONTEXT ( 'NONE', 'WORKASPACE' ) );
#6813 = B_SPLINE_CURVE_WITH_KNOTS ( 'NONE', 3,
 ( #4556, #248, #5266, #979, #6008, #1696, #6718 ),
 .UNSPECIFIED., .F., .F.,
 ( 4, 1, 1, 1, 4 ),
 ( 0.0000000000000000000, 0.2603861425240845400, 0.5134251205046670400, 0.7599736215259990100, 1.000000000000000000 ),
 .UNSPECIFIED. ) ;
#6814 = CARTESIAN_POINT ( 'NONE',  ( -0.4406281227619983600, 0.4799999999999999800, -0.04996192590991603600 ) ) ;
#6815 = CARTESIAN_POINT ( 'NONE',  ( -0.1892021144122024400, 0.4799999999999999800, 0.03195689989284492700 ) ) ;
#6816 = CARTESIAN_POINT ( 'NONE',  ( 0.2774386547504653600, 0.4798999999999999400, 0.02389209648765511200 ) ) ;
#6817 = CARTESIAN_POINT ( 'NONE',  ( -0.1986517577323316200, 0.4798999999999999400, -0.04620680730344347400 ) ) ;
#6818 = ORIENTED_EDGE ( 'NONE', *, *, #1748, .F. ) ;
#6819 = ADVANCED_FACE ( 'NONE', ( #6651 ), #5480, .T. ) ;
#6820 = EDGE_CURVE ( 'NONE', #839, #7435, #4050, .T. ) ;
#6821 = CARTESIAN_POINT ( 'NONE',  ( 0.04048538558779762900, 0.4798999999999999400, 0.07254183579028082600 ) ) ;
#6822 = CARTESIAN_POINT ( 'NONE',  ( 0.6800000000000001600, 0.4099999999999999200, 0.4499999999999999000 ) ) ;
#6823 = EDGE_CURVE ( 'NONE', #6698, #7660, #5980, .T. ) ;
#6824 = PRESENTATION_LAYER_ASSIGNMENT (  '', '', ( #5881 ) ) ;
#6825 = CARTESIAN_POINT ( 'NONE',  ( -0.2254269380574042400, 0.4798999999999999400, -0.01541774477310016800 ) ) ;
#6826 = CARTESIAN_POINT ( 'NONE',  ( 0.1979773727672848300, 0.4798999999999999400, -0.1081873308763859100 ) ) ;
#6827 = MECHANICAL_DESIGN_GEOMETRIC_PRESENTATION_REPRESENTATION (  '', ( #5388 ), #7317 ) ;
#6828 = CARTESIAN_POINT ( 'NONE',  ( 0.4539292156342349400, 0.4798999999999999400, -0.08347280747430484100 ) ) ;
#6829 = CARTESIAN_POINT ( 'NONE',  ( -0.3300000000000021200, -0.02000000000000000000, 0.4300000000000032700 ) ) ;
#6830 =( LENGTH_UNIT ( ) NAMED_UNIT ( * ) SI_UNIT ( .MILLI., .METRE. ) );
#6831 = CARTESIAN_POINT ( 'NONE',  ( 0.2057637514265157300, 0.4798999999999999400, -0.006925124881373483300 ) ) ;
#6832 = CARTESIAN_POINT ( 'NONE',  ( 0.2878010907160026800, 0.4798999999999999400, 0.06753382296976800900 ) ) ;
#6833 = CARTESIAN_POINT ( 'NONE',  ( -0.2513466869853889200, 0.4799999999999999800, -0.02702259267880808800 ) ) ;
#6834 = EDGE_CURVE ( 'NONE', #7383, #5541, #456, .T. ) ;
#6835 = CARTESIAN_POINT ( 'NONE',  ( 0.2078045219379108000, 0.4799999999999999800, 0.08591312047500022900 ) ) ;
#6836 = CARTESIAN_POINT ( 'NONE',  ( -0.4531633903246654000, 0.4798999999999999400, -0.08372286046136139000 ) ) ;
#6837 = ORIENTED_EDGE ( 'NONE', *, *, #1477, .F. ) ;
#6838 = CARTESIAN_POINT ( 'NONE',  ( -0.2140906681577126000, 0.4799999999999999800, 0.07936952459107328400 ) ) ;
#6839 =( NAMED_UNIT ( * ) PLANE_ANGLE_UNIT ( ) SI_UNIT ( $, .RADIAN. ) );
#6840 = CARTESIAN_POINT ( 'NONE',  ( -0.2245172408383471800, 0.4799999999999999800, -0.01708837598494681400 ) ) ;
#6841 = VECTOR ( 'NONE', #9114, 1000.000000000000000 ) ;
#6842 = CARTESIAN_POINT ( 'NONE',  ( 0.7999999999999961600, 0.0000000000000000000, -0.4999999999999813500 ) ) ;
#6843 = CARTESIAN_POINT ( 'NONE',  ( -0.4541242841630058200, 0.4799999999999999800, -0.08639061198276350200 ) ) ;
#6844 = CARTESIAN_POINT ( 'NONE',  ( -0.1519424017377920000, 0.4799999999999999800, -0.03937740102785248400 ) ) ;
#6845 = CARTESIAN_POINT ( 'NONE',  ( -0.1989316222552515700, 0.4798999999999999400, 0.002028765907778444100 ) ) ;
#6846 = STYLED_ITEM ( 'NONE', ( #8886 ), #2503 ) ;
#6847 =( LENGTH_UNIT ( ) NAMED_UNIT ( * ) SI_UNIT ( .MILLI., .METRE. ) );
#6848 = AXIS2_PLACEMENT_3D ( 'NONE', #4410, #104, #5127 ) ;
#6849 = CARTESIAN_POINT ( 'NONE',  ( -0.2011801573400732200, 0.4799999999999999800, -0.07933210060849375800 ) ) ;
#6850 = ADVANCED_FACE ( 'NONE', ( #2391 ), #8301, .F. ) ;
#6851 =( LENGTH_UNIT ( ) NAMED_UNIT ( * ) SI_UNIT ( .MILLI., .METRE. ) );
#6852 = CARTESIAN_POINT ( 'NONE',  ( -0.04453188316987665600, 0.4798999999999999400, -0.06991363736588157600 ) ) ;
#6853 = SURFACE_SIDE_STYLE ('',( #794 ) ) ;
#6854 = CARTESIAN_POINT ( 'NONE',  ( -0.7300000000000020900, -0.02000000000000000000, -0.4299999999999967200 ) ) ;
#6855 = VECTOR ( 'NONE', #2495, 1000.000000000000000 ) ;
#6856 = CARTESIAN_POINT ( 'NONE',  ( -0.4515622049983039600, 0.4798999999999999400, -0.07959387272408546800 ) ) ;
#6857 = SURFACE_STYLE_FILL_AREA ( #8203 ) ;
#6858 = CARTESIAN_POINT ( 'NONE',  ( 0.1459136359114474900, 0.4798999999999999400, -0.05166443431078723100 ) ) ;
#6859 = FILL_AREA_STYLE_COLOUR ( '', #6883 ) ;
#6860 = EDGE_LOOP ( 'NONE', ( #5691, #3654, #9237, #7739 ) ) ;
#6861 = VERTEX_POINT ( 'NONE', #3346 ) ;
#6862 = ORIENTED_EDGE ( 'NONE', *, *, #5789, .T. ) ;
#6863 = DIRECTION ( 'NONE',  ( -0.0000000000000000000, 1.000000000000000000, -0.0000000000000000000 ) ) ;
#6864 = CARTESIAN_POINT ( 'NONE',  ( 0.02105429584420780800, 0.4799999999999999800, -0.009389253953308930200 ) ) ;
#6865 = MECHANICAL_DESIGN_GEOMETRIC_PRESENTATION_REPRESENTATION (  '', ( #5943 ), #7371 ) ;
#6866 =( NAMED_UNIT ( * ) PLANE_ANGLE_UNIT ( ) SI_UNIT ( $, .RADIAN. ) );
#6867 = B_SPLINE_SURFACE_WITH_KNOTS ( 'NONE', 3, 1, ( 
 ( #6629, #909 ),
 ( #5948, #1643 ),
 ( #6656, #2365 ),
 ( #7378, #3091 ),
 ( #8086, #3809 ),
 ( #8802, #4514 ),
 ( #222, #5236 ),
 ( #942, #5973 ),
 ( #1668, #6689 ),
 ( #2399, #7399 ),
 ( #3126, #8113 ),
 ( #3834, #8831 ),
 ( #4553, #246 ),
 ( #5263, #976 ),
 ( #6004, #1692 ) ),
 .UNSPECIFIED., .F., .F., .F.,
 ( 4, 1, 1, 1, 1, 1, 1, 1, 1, 1, 1, 1, 4 ),
 ( 2, 2 ),
 ( 0.0000000000000000000, 0.09379647069693197700, 0.1801880710186106700, 0.2603631916661888200, 0.3348466760639743400, 0.4070930058327157900, 0.4814483792884679500, 0.5592709137563655100, 0.6422698113109349700, 0.7285859445716477100, 0.8159775452756133900, 0.9060351298875352100, 1.000000000000000000 ),
 ( 0.0000000000000000000, 1.000000000000000000 ),
 .UNSPECIFIED. ) ;
#6868 = CARTESIAN_POINT ( 'NONE',  ( -0.6799999999999998300, 0.4299999999999999400, -0.4499999999999999000 ) ) ;
#6869 = EDGE_LOOP ( 'NONE', ( #3777, #1775, #3469, #7577 ) ) ;
#6870 = PRESENTATION_LAYER_ASSIGNMENT (  '', '', ( #8619 ) ) ;
#6871 = VERTEX_POINT ( 'NONE', #6159 ) ;
#6872 = PRESENTATION_STYLE_ASSIGNMENT (( #6398 ) ) ;
#6873 = ORIENTED_EDGE ( 'NONE', *, *, #9240, .T. ) ;
#6874 = ORIENTED_EDGE ( 'NONE', *, *, #2208, .F. ) ;
#6875 = DIRECTION ( 'NONE',  ( -2.168404344971006900E-016, -0.0000000000000000000, -1.000000000000000000 ) ) ;
#6876 = DIRECTION ( 'NONE',  ( -0.7071067811865477900, 0.0000000000000000000, -0.7071067811865473500 ) ) ;
#6877 = UNCERTAINTY_MEASURE_WITH_UNIT (LENGTH_MEASURE( 1.000000000000000100E-005 ), #7084, 'distance_accuracy_value', 'NONE');
#6878 = FACE_OUTER_BOUND ( 'NONE', #6335, .T. ) ;
#6879 = MECHANICAL_DESIGN_GEOMETRIC_PRESENTATION_REPRESENTATION (  '', ( #5455 ), #7376 ) ;
#6880 = CARTESIAN_POINT ( 'NONE',  ( -0.1204921785147665400, 0.4798999999999999400, -0.04272258728664225100 ) ) ;
#6881 = ORIENTED_EDGE ( 'NONE', *, *, #4544, .F. ) ;
#6882 = COLOUR_RGB ( '',0.2509803921568627400, 0.2509803921568627400, 0.2509803921568627400 ) ;
#6883 = COLOUR_RGB ( '',1.000000000000000000, 1.000000000000000000, 1.000000000000000000 ) ;
#6884 = MECHANICAL_DESIGN_GEOMETRIC_PRESENTATION_REPRESENTATION (  '', ( #5458 ), #7382 ) ;
#6885 = EDGE_LOOP ( 'NONE', ( #4857, #4757, #5098, #6917 ) ) ;
#6886 = CARTESIAN_POINT ( 'NONE',  ( -0.01533681723306661900, 0.4798999999999999400, 0.06122415852873743000 ) ) ;
#6887 = VECTOR ( 'NONE', #121, 1000.000000000000000 ) ;
#6888 = CARTESIAN_POINT ( 'NONE',  ( 0.2890376882446655200, 0.4799999999999999800, 0.06587437411533803000 ) ) ;
#6889 = CARTESIAN_POINT ( 'NONE',  ( -0.07314782722908086400, 0.4798999999999999400, 0.001541449955059053600 ) ) ;
#6890 = CARTESIAN_POINT ( 'NONE',  ( 0.4460426604454859100, 0.4798999999999999400, -0.06213982481510015700 ) ) ;
#6891 = CARTESIAN_POINT ( 'NONE',  ( -0.05933177182118689500, 0.4799999999999999800, -0.08519378311861393300 ) ) ;
#6892 = CARTESIAN_POINT ( 'NONE',  ( 0.2777885016322714200, 0.4799999999999999800, 0.07822718124162937600 ) ) ;
#6893 = CARTESIAN_POINT ( 'NONE',  ( 0.2186493650667591400, 0.4798999999999999400, 0.08975714954853900000 ) ) ;
#6894 = CARTESIAN_POINT ( 'NONE',  ( 0.7999999999999963800, 0.4099999999999999200, 0.5000000000000196500 ) ) ;
#6895 = VERTEX_POINT ( 'NONE', #8333 ) ;
#6896 = PRESENTATION_STYLE_ASSIGNMENT (( #6688 ) ) ;
#6897 = CARTESIAN_POINT ( 'NONE',  ( -0.3592742297968178900, 0.4798999999999999400, 0.08924856655951159100 ) ) ;
#6898 = CARTESIAN_POINT ( 'NONE',  ( -0.8000000000000037100, 0.4799999999999999800, 0.08924856655951159100 ) ) ;
#6899 = CARTESIAN_POINT ( 'NONE',  ( 0.3871521149061151700, 0.4799999999999999800, 0.05886818449874793600 ) ) ;
#6900 = DIRECTION ( 'NONE',  ( 1.000000000000000000, 0.0000000000000000000, 0.0000000000000000000 ) ) ;
#6901 = EDGE_CURVE ( 'NONE', #8984, #336, #6966, .T. ) ;
#6902 = EDGE_CURVE ( 'NONE', #8432, #8556, #8869, .T. ) ;
#6903 = PLANE ( 'NONE',  #4842 ) ;
#6904 = EDGE_LOOP ( 'NONE', ( #44, #8675, #6874, #5387 ) ) ;
#6905 = DIRECTION ( 'NONE',  ( -0.0000000000000000000, -1.000000000000000000, -0.0000000000000000000 ) ) ;
#6906 = CARTESIAN_POINT ( 'NONE',  ( -0.03758581324067734900, 0.4798999999999999400, -0.01391525974260285300 ) ) ;
#6907 = CARTESIAN_POINT ( 'NONE',  ( 0.1001902256222111500, 0.4798999999999999400, 0.06503799325102885300 ) ) ;
#6908 = ADVANCED_FACE ( 'NONE', ( #4840 ), #2392, .T. ) ;
#6909 = UNCERTAINTY_MEASURE_WITH_UNIT (LENGTH_MEASURE( 1.000000000000000100E-005 ), #7475, 'distance_accuracy_value', 'NONE');
#6910 = SURFACE_STYLE_USAGE ( .BOTH. , #1899 ) ;
#6911 = PRESENTATION_LAYER_ASSIGNMENT (  '', '', ( #5971 ) ) ;
#6912 = ORIENTED_EDGE ( 'NONE', *, *, #8582, .T. ) ;
#6913 = CARTESIAN_POINT ( 'NONE',  ( -0.2360097047974040500, 0.4799999999999999800, -0.03241956585339412400 ) ) ;
#6914 = CARTESIAN_POINT ( 'NONE',  ( -0.04184634518143325000, 0.4799999999999999800, -0.01587963856869354900 ) ) ;
#6915 = CARTESIAN_POINT ( 'NONE',  ( -0.03401263954152080500, 0.4799999999999997600, 0.07981899736501511800 ) ) ;
#6916 = LINE ( 'NONE', #2265, #8603 ) ;
#6917 = ORIENTED_EDGE ( 'NONE', *, *, #8461, .T. ) ;
#6918 = CARTESIAN_POINT ( 'NONE',  ( -0.2261530762044873000, 0.4798999999999999400, -0.04667854455628436100 ) ) ;
#6919 = CARTESIAN_POINT ( 'NONE',  ( -0.08531589646348447500, 0.4798999999999999400, -0.09023861292766789700 ) ) ;
#6920 = CARTESIAN_POINT ( 'NONE',  ( 0.2370398727672847500, 0.4798999999999999400, 0.09181266912361416000 ) ) ;
#6921 = CARTESIAN_POINT ( 'NONE',  ( 0.1899385387712875200, 0.4799999999999997000, 0.07243921234552762300 ) ) ;
#6922 = UNCERTAINTY_MEASURE_WITH_UNIT (LENGTH_MEASURE( 1.000000000000000100E-005 ), #1657, 'distance_accuracy_value', 'NONE');
#6923 =( LENGTH_UNIT ( ) NAMED_UNIT ( * ) SI_UNIT ( .MILLI., .METRE. ) );
#6924 = CARTESIAN_POINT ( 'NONE',  ( -0.1263246371189344100, 0.4798999999999999900, -0.06916014764900800500 ) ) ;
#6925 = AXIS2_PLACEMENT_3D ( 'NONE', #7717, #3440, #8420 ) ;
#6926 = CARTESIAN_POINT ( 'NONE',  ( 0.1490174915591031500, 0.4798999999999999400, -0.02328205710538374500 ) ) ;
#6927 = MECHANICAL_DESIGN_GEOMETRIC_PRESENTATION_REPRESENTATION (  '', ( #5496 ), #7415 ) ;
#6928 = LINE ( 'NONE', #156, #8829 ) ;
#6929 = CARTESIAN_POINT ( 'NONE',  ( 0.4545607796340488400, 0.4799999999999999800, -0.08130782434216284000 ) ) ;
#6930 = CARTESIAN_POINT ( 'NONE',  ( -0.2108347393058661300, 0.4799999999999999800, -0.008857797588381434400 ) ) ;
#6931 = CARTESIAN_POINT ( 'NONE',  ( -0.007617771517981123900, 0.4798999999999999400, 0.02476323159672952400 ) ) ;
#6932 = SURFACE_STYLE_USAGE ( .BOTH. , #6228 ) ;
#6933 = CARTESIAN_POINT ( 'NONE',  ( 0.1175683000236200800, 0.4799999999999998700, 0.04392304871311511500 ) ) ;
#6934 = CARTESIAN_POINT ( 'NONE',  ( 0.2464310062234046400, 0.4798999999999999400, -0.04403185850101495200 ) ) ;
#6935 = EDGE_CURVE ( 'NONE', #8568, #3795, #6083, .T. ) ;
#6936 = COLOUR_RGB ( '',1.000000000000000000, 1.000000000000000000, 1.000000000000000000 ) ;
#6937 =( NAMED_UNIT ( * ) PLANE_ANGLE_UNIT ( ) SI_UNIT ( $, .RADIAN. ) );
#6938 = EDGE_CURVE ( 'NONE', #4998, #7884, #805, .T. ) ;
#6939 = PRESENTATION_LAYER_ASSIGNMENT (  '', '', ( #6001 ) ) ;
#6940 = CARTESIAN_POINT ( 'NONE',  ( 0.5034233969742885100, 0.4798999999999999900, 0.007844176360473220300 ) ) ;
#6941 = CARTESIAN_POINT ( 'NONE',  ( -0.009207983952485586400, 0.4799999999999999800, 0.01745881505525473700 ) ) ;
#6942 = UNCERTAINTY_MEASURE_WITH_UNIT (LENGTH_MEASURE( 1.000000000000000100E-005 ), #4059, 'distance_accuracy_value', 'NONE');
#6943 = ORIENTED_EDGE ( 'NONE', *, *, #7902, .F. ) ;
#6944 = SURFACE_STYLE_FILL_AREA ( #5294 ) ;
#6945 = UNCERTAINTY_MEASURE_WITH_UNIT (LENGTH_MEASURE( 1.000000000000000100E-005 ), #9212, 'distance_accuracy_value', 'NONE');
#6946 =( NAMED_UNIT ( * ) PLANE_ANGLE_UNIT ( ) SI_UNIT ( $, .RADIAN. ) );
#6947 = CARTESIAN_POINT ( 'NONE',  ( -0.07978705030963834100, 0.4798999999999999400, 0.09181266912361416000 ) ) ;
#6948 = ADVANCED_FACE ( 'NONE', ( #2277 ), #4238, .F. ) ;
#6949 = CARTESIAN_POINT ( 'NONE',  ( -0.1215939848083436700, 0.4798999999999999400, -0.04390716819442154500 ) ) ;
#6950 = CARTESIAN_POINT ( 'NONE',  ( -0.04048416569425369900, 0.4798999999999999400, -0.05434117703023201600 ) ) ;
#6951 = PLANE ( 'NONE',  #7351 ) ;
#6952 = CARTESIAN_POINT ( 'NONE',  ( -0.4204521144122024800, 0.4799999999999999800, 0.004633181944126846300 ) ) ;
#6953 = FILL_AREA_STYLE_COLOUR ( '', #8883 ) ;
#6954 = PRESENTATION_STYLE_ASSIGNMENT (( #3923 ) ) ;
#6955 = EDGE_CURVE ( 'NONE', #6668, #8229, #8971, .T. ) ;
#6956 = CARTESIAN_POINT ( 'NONE',  ( 0.04048538558779762900, 0.4798999999999999400, 0.07254183579028082600 ) ) ;
#6957 = CARTESIAN_POINT ( 'NONE',  ( -0.06798228385218312000, 0.4798999999999999400, 0.06763213386162252000 ) ) ;
#6958 = DIRECTION ( 'NONE',  ( 0.9754615906309144200, 0.0000000000000000000, -0.2201696736696641100 ) ) ;
#6959 = CARTESIAN_POINT ( 'NONE',  ( -0.8000000000000017100, 0.4299999999999999400, 0.4375000000000196000 ) ) ;
#6960 = CARTESIAN_POINT ( 'NONE',  ( -0.1892021144122024400, 0.4799999999999999800, 0.03195689989284492700 ) ) ;
#6961 = CARTESIAN_POINT ( 'NONE',  ( 0.2012892102908130600, 0.4798999999999999400, 0.03709326784532016700 ) ) ;
#6962 = CARTESIAN_POINT ( 'NONE',  ( 0.02839404318362426200, 0.4798999999999999400, 0.04865137584738724000 ) ) ;
#6963 = FILL_AREA_STYLE_COLOUR ( '', #9128 ) ;
#6964 = CARTESIAN_POINT ( 'NONE',  ( 0.1236183984083103900, 0.4798999999999999400, -0.009469382158437138600 ) ) ;
#6965 = CARTESIAN_POINT ( 'NONE',  ( 0.2772394408272944000, 0.4799999999999994800, -0.03392495309225966600 ) ) ;
#6966 = LINE ( 'NONE', #9048, #1241 ) ;
#6967 = CARTESIAN_POINT ( 'NONE',  ( -0.2429189414552248000, 0.4799999999999999800, -0.02903634010498853600 ) ) ;
#6968 = CARTESIAN_POINT ( 'NONE',  ( -0.06287916413657246300, 0.4799999999999999800, -0.08675527578161343300 ) ) ;
#6969 = CARTESIAN_POINT ( 'NONE',  ( -0.2014373610862038600, 0.4798999999999999400, 0.06832837758806092900 ) ) ;
#6970 = CARTESIAN_POINT ( 'NONE',  ( 0.06556770677878413800, 0.4798999999999999400, 0.08920583464766401700 ) ) ;
#6971 =( GEOMETRIC_REPRESENTATION_CONTEXT ( 3 ) GLOBAL_UNCERTAINTY_ASSIGNED_CONTEXT ( ( #7066 ) ) GLOBAL_UNIT_ASSIGNED_CONTEXT ( ( #6342, #2037, #7045 ) ) REPRESENTATION_CONTEXT ( 'NONE', 'WORKASPACE' ) );
#6972 = COLOUR_RGB ( '',0.2509803921568627400, 0.2509803921568627400, 0.2509803921568627400 ) ;
#6973 = CARTESIAN_POINT ( 'NONE',  ( 0.5230522485426804000, 0.4800000000000000400, 0.02392954565145692700 ) ) ;
#6974 = FILL_AREA_STYLE ('',( #4093 ) ) ;
#6975 = PRESENTATION_LAYER_ASSIGNMENT (  '', '', ( #6516 ) ) ;
#6976 = DIRECTION ( 'NONE',  ( 0.0000000000000000000, 0.0000000000000000000, -1.000000000000000000 ) ) ;
#6977 = DIRECTION ( 'NONE',  ( 0.0000000000000000000, 0.0000000000000000000, 1.000000000000000000 ) ) ;
#6978 = ORIENTED_EDGE ( 'NONE', *, *, #9280, .T. ) ;
#6979 = DIRECTION ( 'NONE',  ( -1.000000000000000000, 0.0000000000000000000, 0.0000000000000000000 ) ) ;
#6980 = FACE_OUTER_BOUND ( 'NONE', #3914, .T. ) ;
#6981 = VERTEX_POINT ( 'NONE', #4265 ) ;
#6982 = DIRECTION ( 'NONE',  ( -0.09950371902099883200, 0.0000000000000000000, -0.9950371902099891500 ) ) ;
#6983 = PRESENTATION_STYLE_ASSIGNMENT (( #4098 ) ) ;
#6984 = VERTEX_POINT ( 'NONE', #698 ) ;
#6985 = ORIENTED_EDGE ( 'NONE', *, *, #722, .F. ) ;
#6986 = CARTESIAN_POINT ( 'NONE',  ( 0.08093980004937621800, 0.4799999999999999800, -0.08757118985902769000 ) ) ;
#6987 = VECTOR ( 'NONE', #5164, 1000.000000000000000 ) ;
#6988 = CARTESIAN_POINT ( 'NONE',  ( 0.03180641310740318200, 0.4798999999999999400, 0.05750138188775518600 ) ) ;
#6989 = VECTOR ( 'NONE', #1763, 1000.000000000000000 ) ;
#6990 = VERTEX_POINT ( 'NONE', #8520 ) ;
#6991 = EDGE_CURVE ( 'NONE', #6144, #7042, #5400, .T. ) ;
#6992 = COLOUR_RGB ( '',1.000000000000000000, 1.000000000000000000, 0.5019607843137254800 ) ;
#6993 = CARTESIAN_POINT ( 'NONE',  ( -0.04050082640560121600, 0.4799999999999999800, 0.05104272148927453000 ) ) ;
#6994 = CARTESIAN_POINT ( 'NONE',  ( -0.2399663942420156000, 0.4799999999999999800, -0.03007061762506919900 ) ) ;
#6995 = ORIENTED_EDGE ( 'NONE', *, *, #8820, .F. ) ;
#6996 = MECHANICAL_DESIGN_GEOMETRIC_PRESENTATION_REPRESENTATION (  '', ( #5572 ), #7482 ) ;
#6997 = CARTESIAN_POINT ( 'NONE',  ( -0.2450377352047768100, 0.4798999999999999400, -0.08557959215079841100 ) ) ;
#6998 = CARTESIAN_POINT ( 'NONE',  ( 0.2233693538687947000, 0.4798999999999999400, 0.06655849466243948800 ) ) ;
#6999 = ORIENTED_EDGE ( 'NONE', *, *, #6299, .F. ) ;
#7000 =( LENGTH_UNIT ( ) NAMED_UNIT ( * ) SI_UNIT ( .MILLI., .METRE. ) );
#7001 = FILL_AREA_STYLE_COLOUR ( '', #9177 ) ;
#7002 = CARTESIAN_POINT ( 'NONE',  ( -0.2472584228759852900, 0.4798999999999999400, -0.1099073087229682500 ) ) ;
#7003 = ADVANCED_FACE ( 'NONE', ( #5172 ), #5734, .F. ) ;
#7004 = CARTESIAN_POINT ( 'NONE',  ( 0.3008007456214070200, 0.4798999999999999400, 0.0007998350409279233100 ) ) ;
#7005 = STYLED_ITEM ( 'NONE', ( #3639 ), #6163 ) ;
#7006 = ORIENTED_EDGE ( 'NONE', *, *, #4375, .T. ) ;
#7007 = B_SPLINE_CURVE_WITH_KNOTS ( 'NONE', 3,
 ( #6914, #2635, #7631, #3361, #8349, #4056, #9060, #4788, #484, #5514, #1204, #6240, #1929, #6941, #2669, #7671, #3388, #8382, #4089 ),
 .UNSPECIFIED., .F., .F.,
 ( 4, 1, 1, 1, 1, 1, 1, 1, 1, 1, 1, 1, 1, 1, 1, 1, 4 ),
 ( 0.0000000000000000000, 0.07493130598184569200, 0.1470775964339469100, 0.2163644561730695700, 0.2825027309006240000, 0.3466877108244159600, 0.4088355551310390900, 0.4692619872876920800, 0.5284320432534638200, 0.5870013379727420100, 0.6444163938320673900, 0.7021887902662974400, 0.7597671795443351500, 0.8184897928274490500, 0.8776328274167841700, 0.9380195662701678000, 1.000000000000000000 ),
 .UNSPECIFIED. ) ;
#7008 = LINE ( 'NONE', #7798, #8691 ) ;
#7009 = VECTOR ( 'NONE', #7388, 1000.000000000000000 ) ;
#7010 = DIRECTION ( 'NONE',  ( -0.0000000000000000000, 1.000000000000000000, -0.0000000000000000000 ) ) ;
#7011 = PRESENTATION_LAYER_ASSIGNMENT (  '', '', ( #6060 ) ) ;
#7012 = CARTESIAN_POINT ( 'NONE',  ( 0.1195729450706154900, 0.4799999999999999800, -0.05582216352358407300 ) ) ;
#7013 = EDGE_LOOP ( 'NONE', ( #5450, #2293, #3189, #1048, #4748 ) ) ;
#7014 = CARTESIAN_POINT ( 'NONE',  ( -0.2656444221045100600, 0.4798999999999999400, -0.003059125748180666100 ) ) ;
#7015 = COLOUR_RGB ( '',1.000000000000000000, 1.000000000000000000, 0.5019607843137254800 ) ;
#7016 = CARTESIAN_POINT ( 'NONE',  ( 0.02361835048342529600, 0.4799999999999999800, 0.02807624212241274800 ) ) ;
#7017 = CARTESIAN_POINT ( 'NONE',  ( 0.2693130291541689900, 0.4799999999999999800, 0.05271438936706820300 ) ) ;
#7018 = DIRECTION ( 'NONE',  ( 1.000000000000000000, 0.0000000000000000000, 0.0000000000000000000 ) ) ;
#7019 = DIRECTION ( 'NONE',  ( 1.000000000000000000, -0.0000000000000000000, 3.370319896183508200E-014 ) ) ;
#7020 = CARTESIAN_POINT ( 'NONE',  ( 0.05914920655478035600, 0.4798999999999999400, -0.07505744418258641900 ) ) ;
#7021 = ORIENTED_EDGE ( 'NONE', *, *, #5106, .F. ) ;
#7022 = CARTESIAN_POINT ( 'NONE',  ( 0.02111964483858683900, 0.4800000000000000900, -0.004887402567924482500 ) ) ;
#7023 = B_SPLINE_CURVE_WITH_KNOTS ( 'NONE', 3,
 ( #8409, #551, #5589, #1269, #6305, #2002, #7012, #2731, #7732, #3455, #8444, #4153, #9172, #4885, #580, #5618, #1308, #6336, #2032 ),
 .UNSPECIFIED., .F., .F.,
 ( 4, 1, 1, 1, 1, 1, 1, 1, 1, 1, 1, 1, 1, 1, 1, 1, 4 ),
 ( 0.0000000000000000000, 0.1156291309254413300, 0.2215410391198767100, 0.3170478562190416900, 0.4031508756396166600, 0.4801812167162796100, 0.5476493661481897100, 0.6070358428421811500, 0.6586524080635067800, 0.7057228903536457700, 0.7498040879796477000, 0.7925868153452749800, 0.8338739610102606800, 0.8747683933034329200, 0.9152226988916383200, 0.9568807037304805100, 1.000000000000000000 ),
 .UNSPECIFIED. ) ;
#7024 = CARTESIAN_POINT ( 'NONE',  ( 0.02105429584420780800, 0.4799999999999999800, -0.009389253953308930200 ) ) ;
#7025 = DIRECTION ( 'NONE',  ( 0.0000000000000000000, -1.000000000000000000, 0.0000000000000000000 ) ) ;
#7026 = EDGE_CURVE ( 'NONE', #435, #8326, #4503, .T. ) ;
#7027 = CARTESIAN_POINT ( 'NONE',  ( -0.2251639435427840500, 0.4798999999999999400, -0.05471174427044239000 ) ) ;
#7028 = CARTESIAN_POINT ( 'NONE',  ( -0.09550769330598385400, 0.4800000000000000400, -0.08972654351245186500 ) ) ;
#7029 =( NAMED_UNIT ( * ) PLANE_ANGLE_UNIT ( ) SI_UNIT ( $, .RADIAN. ) );
#7030 = CARTESIAN_POINT ( 'NONE',  ( 0.2994042689690222200, 0.4798999999999999400, 0.04594921516710241000 ) ) ;
#7031 = CARTESIAN_POINT ( 'NONE',  ( -0.1635610887711768400, 0.4799999999999999800, 0.02001779732874236000 ) ) ;
#7032 = CARTESIAN_POINT ( 'NONE',  ( -0.1969831954068295100, 0.4798999999999999400, -0.06121374063994312900 ) ) ;
#7033 = FACE_BOUND ( 'NONE', #7775, .T. ) ;
#7034 = VERTEX_POINT ( 'NONE', #7904 ) ;
#7035 = CARTESIAN_POINT ( 'NONE',  ( -0.01361451354350495600, 0.4799999999999999800, 0.007392669091429902000 ) ) ;
#7036 = ORIENTED_EDGE ( 'NONE', *, *, #4139, .T. ) ;
#7037 = MECHANICAL_DESIGN_GEOMETRIC_PRESENTATION_REPRESENTATION (  '', ( #6084 ), #7512 ) ;
#7038 = CARTESIAN_POINT ( 'NONE',  ( 0.2862049159213922400, 0.4798999999999999400, -0.02599342832165107300 ) ) ;
#7039 = MECHANICAL_DESIGN_GEOMETRIC_PRESENTATION_REPRESENTATION (  '', ( #5614 ), #7514 ) ;
#7040 = PRESENTATION_STYLE_ASSIGNMENT (( #6749 ) ) ;
#7041 = VERTEX_POINT ( 'NONE', #2182 ) ;
#7042 = VERTEX_POINT ( 'NONE', #6444 ) ;
#7043 = CARTESIAN_POINT ( 'NONE',  ( -0.02695123586315416000, 0.4798999999999999400, -0.09190369717247928700 ) ) ;
#7044 = CARTESIAN_POINT ( 'NONE',  ( 0.2057637514265157300, 0.4799999999999999800, -0.006925124881373483300 ) ) ;
#7045 =( NAMED_UNIT ( * ) SI_UNIT ( $, .STERADIAN. ) SOLID_ANGLE_UNIT ( ) );
#7046 =( LENGTH_UNIT ( ) NAMED_UNIT ( * ) SI_UNIT ( .MILLI., .METRE. ) );
#7047 = ADVANCED_FACE ( 'NONE', ( #8088 ), #2917, .T. ) ;
#7048 = SURFACE_STYLE_USAGE ( .BOTH. , #2038 ) ;
#7049 = SURFACE_STYLE_USAGE ( .BOTH. , #2039 ) ;
#7050 = PLANE ( 'NONE',  #672 ) ;
#7051 = PRESENTATION_LAYER_ASSIGNMENT (  '', '', ( #6102 ) ) ;
#7052 =( NAMED_UNIT ( * ) PLANE_ANGLE_UNIT ( ) SI_UNIT ( $, .RADIAN. ) );
#7053 = CARTESIAN_POINT ( 'NONE',  ( 0.03002208964457968300, 0.4799999999999999800, -0.07195299839761100400 ) ) ;
#7054 = VECTOR ( 'NONE', #4041, 1000.000000000000000 ) ;
#7055 = SURFACE_SIDE_STYLE ('',( #6244 ) ) ;
#7056 = CARTESIAN_POINT ( 'NONE',  ( -0.01227903748912554200, 0.4799999999999999800, -0.05434117703023201600 ) ) ;
#7057 = CARTESIAN_POINT ( 'NONE',  ( -0.1275817352138010900, 0.4800000000000000400, -0.06340142333091181000 ) ) ;
#7058 = CARTESIAN_POINT ( 'NONE',  ( -0.04017130613885603500, 0.4799999999999999800, 0.01811862411465422300 ) ) ;
#7059 = CARTESIAN_POINT ( 'NONE',  ( -0.1892712031670680300, 0.4799999999999998700, 0.03423127427357675100 ) ) ;
#7060 = CARTESIAN_POINT ( 'NONE',  ( -0.2174072426173306600, 0.4799999999999999300, 0.03155625886720389600 ) ) ;
#7061 = AXIS2_PLACEMENT_3D ( 'NONE', #1957, #2019, #2048 ) ;
#7062 = CARTESIAN_POINT ( 'NONE',  ( -0.01185988496887053500, 0.4798999999999999400, 0.01062351874225572600 ) ) ;
#7063 = ORIENTED_EDGE ( 'NONE', *, *, #4504, .F. ) ;
#7064 = UNCERTAINTY_MEASURE_WITH_UNIT (LENGTH_MEASURE( 1.000000000000000100E-005 ), #5762, 'distance_accuracy_value', 'NONE');
#7065 = STYLED_ITEM ( 'NONE', ( #8751 ), #8810 ) ;
#7066 = UNCERTAINTY_MEASURE_WITH_UNIT (LENGTH_MEASURE( 1.000000000000000100E-005 ), #6342, 'distance_accuracy_value', 'NONE');
#7067 = FILL_AREA_STYLE ('',( #2061 ) ) ;
#7068 = PLANE ( 'NONE',  #1422 ) ;
#7069 = CARTESIAN_POINT ( 'NONE',  ( 0.4531055778954900000, 0.4798999999999999400, -0.08659277959433459000 ) ) ;
#7070 = FACE_OUTER_BOUND ( 'NONE', #4567, .T. ) ;
#7071 = CARTESIAN_POINT ( 'NONE',  ( -0.2074533235028784600, 0.4798999999999999400, -0.006488980930638601900 ) ) ;
#7072 = CARTESIAN_POINT ( 'NONE',  ( 0.1070815771440499900, 0.4799999999999996500, -0.1072479514087009700 ) ) ;
#7073 = CARTESIAN_POINT ( 'NONE',  ( -0.2716139733865614600, 0.4799999999999999800, -0.08767451036356532800 ) ) ;
#7074 = PRESENTATION_STYLE_ASSIGNMENT (( #8594 ) ) ;
#7075 = CARTESIAN_POINT ( 'NONE',  ( -0.2716139733865614600, 0.4798999999999999400, -0.08767451036356532800 ) ) ;
#7076 = CARTESIAN_POINT ( 'NONE',  ( 0.1751292898514973700, 0.4798999999999999400, 0.03747841511476078500 ) ) ;
#7077 = EDGE_CURVE ( 'NONE', #2873, #8984, #691, .T. ) ;
#7078 = EDGE_CURVE ( 'NONE', #3248, #2914, #7416, .T. ) ;
#7080 = CARTESIAN_POINT ( 'NONE',  ( -0.01844418706369705500, 0.4799999999999999800, 0.06571708651800538300 ) ) ;
#7079 = LINE ( 'NONE', #8336, #3284 ) ;
#7081 = CARTESIAN_POINT ( 'NONE',  ( 0.07492539073779480600, 0.4799999999999999800, -0.1101461019810802700 ) ) ;
#7082 = CARTESIAN_POINT ( 'NONE',  ( 0.2862300282263948700, 0.4798999999999999400, 0.06947092203793232800 ) ) ;
#7083 = DIRECTION ( 'NONE',  ( -1.000000000000000000, 0.0000000000000000000, 0.0000000000000000000 ) ) ;
#7084 =( LENGTH_UNIT ( ) NAMED_UNIT ( * ) SI_UNIT ( .MILLI., .METRE. ) );
#7085 = CARTESIAN_POINT ( 'NONE',  ( 0.1492331068094243400, 0.4799999999999999800, -0.006544495676734369100 ) ) ;
#7086 = SURFACE_SIDE_STYLE ('',( #7279 ) ) ;
#7087 = FILL_AREA_STYLE_COLOUR ( '', #8116 ) ;
#7088 = CARTESIAN_POINT ( 'NONE',  ( -0.2052295950339041700, 0.4798999999999999400, 0.07264960799715855500 ) ) ;
#7089 = ADVANCED_FACE ( 'NONE', ( #9073 ), #2243, .F. ) ;
#7090 =( LENGTH_UNIT ( ) NAMED_UNIT ( * ) SI_UNIT ( .MILLI., .METRE. ) );
#7091 = VERTEX_POINT ( 'NONE', #3011 ) ;
#7092 = ORIENTED_EDGE ( 'NONE', *, *, #4774, .T. ) ;
#7093 = ORIENTED_EDGE ( 'NONE', *, *, #8220, .T. ) ;
#7094 = SURFACE_SIDE_STYLE ('',( #5035 ) ) ;
#7095 = CIRCLE ( 'NONE', #7134, 0.07000000000000002100 ) ;
#7096 = PRESENTATION_STYLE_ASSIGNMENT (( #1991 ) ) ;
#7097 = CARTESIAN_POINT ( 'NONE',  ( -0.2373819898310426700, 0.4798999999999999400, 0.06308042266801505700 ) ) ;
#7098 = PRESENTATION_STYLE_ASSIGNMENT (( #429 ) ) ;
#7099 = CARTESIAN_POINT ( 'NONE',  ( -0.2251513268288546100, 0.4799999999999999800, -0.05807058939789104500 ) ) ;
#7100 =( NAMED_UNIT ( * ) PLANE_ANGLE_UNIT ( ) SI_UNIT ( $, .RADIAN. ) );
#7101 = EDGE_LOOP ( 'NONE', ( #3087, #6601, #5448, #3037 ) ) ;
#7102 = ORIENTED_EDGE ( 'NONE', *, *, #5202, .F. ) ;
#7103 = VECTOR ( 'NONE', #2064, 1000.000000000000000 ) ;
#7104 = FILL_AREA_STYLE_COLOUR ( '', #1282 ) ;
#7105 = ORIENTED_EDGE ( 'NONE', *, *, #233, .T. ) ;
#7106 = ORIENTED_EDGE ( 'NONE', *, *, #6218, .T. ) ;
#7107 = CARTESIAN_POINT ( 'NONE',  ( 0.2672598392261086300, 0.4799999999999999800, -0.03966118868192844400 ) ) ;
#7108 = PRESENTATION_LAYER_ASSIGNMENT (  '', '', ( #6154 ) ) ;
#7109 = CARTESIAN_POINT ( 'NONE',  ( -0.1929582309487485000, 0.4800000000000000900, 0.01217924322529052500 ) ) ;
#7110 = CARTESIAN_POINT ( 'NONE',  ( 0.1398604523792784900, 0.4798999999999999400, -0.07225108757328031800 ) ) ;
#7111 = LINE ( 'NONE', #7364, #8785 ) ;
#7112 = DIRECTION ( 'NONE',  ( -0.2779964627188521400, 0.0000000000000000000, 0.9605820978530704700 ) ) ;
#7113 = PRESENTATION_LAYER_ASSIGNMENT (  '', '', ( #6158 ) ) ;
#7114 = FACE_OUTER_BOUND ( 'NONE', #9224, .T. ) ;
#7115 = EDGE_LOOP ( 'NONE', ( #2874, #8552, #874, #5216 ) ) ;
#7116 = CARTESIAN_POINT ( 'NONE',  ( -0.2175700496216729000, 0.4798999999999999400, 0.02618386841484648300 ) ) ;
#7117 =( NAMED_UNIT ( * ) SI_UNIT ( $, .STERADIAN. ) SOLID_ANGLE_UNIT ( ) );
#7118 = PRESENTATION_STYLE_ASSIGNMENT (( #4738 ) ) ;
#7119 = ORIENTED_EDGE ( 'NONE', *, *, #4805, .F. ) ;
#7120 = CARTESIAN_POINT ( 'NONE',  ( 0.3553126009238754500, 0.4798999999999999400, 0.7911424783578406800 ) ) ;
#7121 = LINE ( 'NONE', #1515, #5213 ) ;
#7122 = EDGE_CURVE ( 'NONE', #1068, #6895, #2951, .T. ) ;
#7123 = CARTESIAN_POINT ( 'NONE',  ( 0.1776054577323046000, 0.4798999999999999400, 0.7829230940194084100 ) ) ;
#7124 = CARTESIAN_POINT ( 'NONE',  ( 0.07365060081523094900, 0.4798999999999999400, 0.06671863679232985200 ) ) ;
#7125 =( NAMED_UNIT ( * ) PLANE_ANGLE_UNIT ( ) SI_UNIT ( $, .RADIAN. ) );
#7126 = VERTEX_POINT ( 'NONE', #786 ) ;
#7127 = COLOUR_RGB ( '',0.2509803921568627400, 0.2509803921568627400, 0.2509803921568627400 ) ;
#7128 = CARTESIAN_POINT ( 'NONE',  ( -0.1042437320105917100, 0.4798999999999999400, 0.08979801654413251100 ) ) ;
#7129 = CARTESIAN_POINT ( 'NONE',  ( 0.1333477727026172200, 0.4799999999999999800, 0.06691733310109122800 ) ) ;
#7130 = VECTOR ( 'NONE', #1420, 1000.000000000000000 ) ;
#7131 = CARTESIAN_POINT ( 'NONE',  ( -0.2623992297968178500, 0.4798999999999999400, 0.06617164348258851300 ) ) ;
#7132 = CARTESIAN_POINT ( 'NONE',  ( -0.2381129603227704600, 0.4799999999999998700, 0.08754222616531967500 ) ) ;
#7133 = EDGE_CURVE ( 'NONE', #1795, #5714, #1016, .T. ) ;
#7134 = AXIS2_PLACEMENT_3D ( 'NONE', #3456, #8448, #4154 ) ;
#7135 = VERTEX_POINT ( 'NONE', #119 ) ;
#7136 = FACE_OUTER_BOUND ( 'NONE', #5688, .T. ) ;
#7137 = CARTESIAN_POINT ( 'NONE',  ( -0.2477371292948051500, 0.4799999999999999800, -0.08611474020080224500 ) ) ;
#7138 = CARTESIAN_POINT ( 'NONE',  ( 0.2750270306551428300, 0.4799999999999995900, 0.004287090166399186400 ) ) ;
#7139 = CARTESIAN_POINT ( 'NONE',  ( 0.02113072581541172000, 0.4798999999999999400, -0.01784541556072833900 ) ) ;
#7140 = CARTESIAN_POINT ( 'NONE',  ( 0.3031055778954899200, 0.4799999999999999800, 0.02065882296976799500 ) ) ;
#7141 = EDGE_CURVE ( 'NONE', #8484, #2977, #6524, .T. ) ;
#7142 = VERTEX_POINT ( 'NONE', #1570 ) ;
#7143 = CYLINDRICAL_SURFACE ( 'NONE', #8948, 0.07000000000000002100 ) ;
#7144 = CARTESIAN_POINT ( 'NONE',  ( 0.4531055778954900000, 0.4798999999999999400, -0.08659277959433459000 ) ) ;
#7145 = CARTESIAN_POINT ( 'NONE',  ( 0.1481709673795926800, 0.4799999999999996500, -0.03575803804736122500 ) ) ;
#7146 = CARTESIAN_POINT ( 'NONE',  ( 0.04676951609813505300, 0.4798999999999999400, 0.001740832476883601700 ) ) ;
#7147 = CARTESIAN_POINT ( 'NONE',  ( -0.2307718394007304800, 0.4798999999999999400, 0.05978159884385608700 ) ) ;
#7148 = CARTESIAN_POINT ( 'NONE',  ( -0.2332251344006538200, 0.4799999999999998700, 0.002169096362027348300 ) ) ;
#7149 = FILL_AREA_STYLE ('',( #5732 ) ) ;
#7150 = CARTESIAN_POINT ( 'NONE',  ( -0.6872780625087552300, 0.4798999999999999400, 0.5416836331348041700 ) ) ;
#7151 = ORIENTED_EDGE ( 'NONE', *, *, #8133, .F. ) ;
#7152 = CARTESIAN_POINT ( 'NONE',  ( 0.2522084878962144700, 0.4798999999999999400, 0.09041542154135584500 ) ) ;
#7153 = CARTESIAN_POINT ( 'NONE',  ( -0.3097149349250229400, 0.4798999999999999400, 0.5000000000000195400 ) ) ;
#7154 = FILL_AREA_STYLE_COLOUR ( '', #4617 ) ;
#7155 = CARTESIAN_POINT ( 'NONE',  ( -0.1330472545985293100, 0.4799999999999998700, 0.07878596079913713400 ) ) ;
#7156 = CARTESIAN_POINT ( 'NONE',  ( 0.2697416823820942800, 0.4799999999999999800, -0.006405435731798100500 ) ) ;
#7157 = CARTESIAN_POINT ( 'NONE',  ( 0.08515685994677196800, 0.4799999999999999800, 0.09181266912361416000 ) ) ;
#7158 = CARTESIAN_POINT ( 'NONE',  ( 0.4531055778954900000, 0.4798999999999999400, -0.08659277959433459000 ) ) ;
#7159 = FILL_AREA_STYLE_COLOUR ( '', #6190 ) ;
#7160 = PRESENTATION_LAYER_ASSIGNMENT (  '', '', ( #6195 ) ) ;
#7161 =( NAMED_UNIT ( * ) SI_UNIT ( $, .STERADIAN. ) SOLID_ANGLE_UNIT ( ) );
#7162 = PRESENTATION_LAYER_ASSIGNMENT (  '', '', ( #6199 ) ) ;
#7163 =( LENGTH_UNIT ( ) NAMED_UNIT ( * ) SI_UNIT ( .MILLI., .METRE. ) );
#7164 = CARTESIAN_POINT ( 'NONE',  ( 0.2583591537163446600, 0.4798999999999999400, -0.01656968608077187500 ) ) ;
#7165 = FACE_BOUND ( 'NONE', #676, .T. ) ;
#7166 = CARTESIAN_POINT ( 'NONE',  ( 0.02645478693947160900, 0.4800000000000000900, -0.06082243483537533300 ) ) ;
#7167 = UNCERTAINTY_MEASURE_WITH_UNIT (LENGTH_MEASURE( 1.000000000000000100E-005 ), #4819, 'distance_accuracy_value', 'NONE');
#7168 = CARTESIAN_POINT ( 'NONE',  ( -0.03654370784024803300, 0.4799999999999999800, 0.04260742634220943100 ) ) ;
#7169 = CARTESIAN_POINT ( 'NONE',  ( 0.05493090049933837400, 0.4799999999999999300, 0.04937490075215274200 ) ) ;
#7170 = CARTESIAN_POINT ( 'NONE',  ( -0.2307718394007304800, 0.4799999999999999800, 0.05978159884385608700 ) ) ;
#7171 = EDGE_CURVE ( 'NONE', #8663, #6117, #8407, .T. ) ;
#7172 = EDGE_LOOP ( 'NONE', ( #7207, #7119, #3877, #4024 ) ) ;
#7173 = CARTESIAN_POINT ( 'NONE',  ( -0.8000000000000037100, 0.4799999999999999800, 0.02001779732874236000 ) ) ;
#7174 = CARTESIAN_POINT ( 'NONE',  ( -0.2623992297968178500, 0.4799999999999999800, 0.06617164348258851300 ) ) ;
#7175 = PRESENTATION_LAYER_ASSIGNMENT (  '', '', ( #6224 ) ) ;
#7176 = CARTESIAN_POINT ( 'NONE',  ( 0.1438925009816657800, 0.4798999999999999400, 0.04180205308904070400 ) ) ;
#7177 = PRESENTATION_LAYER_ASSIGNMENT (  '', '', ( #6230 ) ) ;
#7178 = CARTESIAN_POINT ( 'NONE',  ( 0.05914920655478035600, 0.4799999999999999800, -0.07505744418258641900 ) ) ;
#7179 = CARTESIAN_POINT ( 'NONE',  ( 0.3864389112288232300, 0.4799999999999999800, 0.06128382296976800400 ) ) ;
#7180 = CARTESIAN_POINT ( 'NONE',  ( 0.2082268217377376300, 0.4799999999999999800, 0.05468125584180188300 ) ) ;
#7181 = DIRECTION ( 'NONE',  ( 0.2443634065330170500, 0.0000000000000000000, -0.9696837244934966000 ) ) ;
#7182 = CARTESIAN_POINT ( 'NONE',  ( -0.1552247633080226500, 0.4798999999999999400, 0.05389997448453461700 ) ) ;
#7183 = CARTESIAN_POINT ( 'NONE',  ( -0.5199713451814332900, 0.4799999999999999800, 0.08924856655951159100 ) ) ;
#7184 = CARTESIAN_POINT ( 'NONE',  ( 0.07833452055856852900, 0.4798999999999999400, 0.09161806153182054700 ) ) ;
#7185 = VECTOR ( 'NONE', #5339, 1000.000000000000000 ) ;
#7186 = UNCERTAINTY_MEASURE_WITH_UNIT (LENGTH_MEASURE( 1.000000000000000100E-005 ), #6847, 'distance_accuracy_value', 'NONE');
#7187 = FILL_AREA_STYLE ('',( #4212 ) ) ;
#7188 = STYLED_ITEM ( 'NONE', ( #3006 ), #654 ) ;
#7189 = STYLED_ITEM ( 'NONE', ( #1220 ), #9096 ) ;
#7190 = CARTESIAN_POINT ( 'NONE',  ( -0.6800000000000000500, 0.4099999999999999200, 0.3799999999999998900 ) ) ;
#7191 = CARTESIAN_POINT ( 'NONE',  ( 0.1210707926717916000, 0.4798999999999999400, -0.04845513647703757200 ) ) ;
#7192 = B_SPLINE_CURVE_WITH_KNOTS ( 'NONE', 3,
 ( #2475, #2497, #3194, #3257, #3963, #8961, #4688 ),
 .UNSPECIFIED., .F., .F.,
 ( 4, 1, 1, 1, 4 ),
 ( 0.0000000000000000000, 0.2472940500353366700, 0.4956077709090498900, 0.7463591727731959700, 1.000000000000000000 ),
 .UNSPECIFIED. ) ;
#7193 = CARTESIAN_POINT ( 'NONE',  ( 0.2373203214852334900, 0.4799999999999995900, -0.02100784369689868300 ) ) ;
#7194 = CARTESIAN_POINT ( 'NONE',  ( 0.04279430288880761000, 0.4798999999999999400, -0.09358640966647356600 ) ) ;
#7195 = LINE ( 'NONE', #3266, #1704 ) ;
#7196 = DIRECTION ( 'NONE',  ( -0.0000000000000000000, -1.000000000000000000, -0.0000000000000000000 ) ) ;
#7197 = CARTESIAN_POINT ( 'NONE',  ( 0.07734817670335823700, 0.4798999999999999400, 0.06790526311129419000 ) ) ;
#7198 = CARTESIAN_POINT ( 'NONE',  ( -0.2278863143816873500, 0.4798999999999999400, 0.05765401863422569400 ) ) ;
#7199 = CARTESIAN_POINT ( 'NONE',  ( -0.6799999999999998300, 0.4099999999999999200, -0.3799999999999998400 ) ) ;
#7200 = EDGE_CURVE ( 'NONE', #8326, #6871, #798, .T. ) ;
#7201 = LINE ( 'NONE', #4630, #1710 ) ;
#7202 = CARTESIAN_POINT ( 'NONE',  ( 0.1048808777238821700, 0.4798999999999999400, 0.08914084938878956400 ) ) ;
#7203 = PRESENTATION_STYLE_ASSIGNMENT (( #3823 ) ) ;
#7204 = ORIENTED_EDGE ( 'NONE', *, *, #7564, .F. ) ;
#7205 = PRESENTATION_STYLE_ASSIGNMENT (( #8390 ) ) ;
#7206 = B_SPLINE_CURVE_WITH_KNOTS ( 'NONE', 3,
 ( #2980, #2418, #3849, #8848, #4572, #266, #5278, #989, #6023, #1708, #6728, #2449, #7442, #3168, #8166, #3887, #8876, #4598, #303 ),
 .UNSPECIFIED., .F., .F.,
 ( 4, 1, 1, 1, 1, 1, 1, 1, 1, 1, 1, 1, 1, 1, 1, 1, 4 ),
 ( 0.0000000000000000000, 0.07499546738983180200, 0.1491654404266558900, 0.2236642943382244600, 0.3004120221906722600, 0.3395704846106347200, 0.3789205746932796100, 0.4180957375990931300, 0.4582296767501552500, 0.4984267212184583800, 0.5397075464534799600, 0.5822159516458436100, 0.6258238199943747500, 0.7154812648736982300, 0.8073840844133604000, 0.9016341255073716500, 1.000000000000000000 ),
 .UNSPECIFIED. ) ;
#7207 = ORIENTED_EDGE ( 'NONE', *, *, #4505, .T. ) ;
#7208 =( NAMED_UNIT ( * ) PLANE_ANGLE_UNIT ( ) SI_UNIT ( $, .RADIAN. ) );
#7209 = CARTESIAN_POINT ( 'NONE',  ( 0.3955049729344314300, 0.4798999999999999400, 0.03008110970862634700 ) ) ;
#7210 = SURFACE_STYLE_FILL_AREA ( #2677 ) ;
#7211 = DIRECTION ( 'NONE',  ( 0.3468059081590687500, 0.0000000000000000000, -0.9379369179566200400 ) ) ;
#7212 = CARTESIAN_POINT ( 'NONE',  ( 0.2720360169126763700, 0.4799999999999999800, 0.08243041134035139500 ) ) ;
#7213 = ORIENTED_EDGE ( 'NONE', *, *, #707, .F. ) ;
#7214 = CARTESIAN_POINT ( 'NONE',  ( -0.1633548574523271400, 0.4799999999999998700, 0.02524086836406198200 ) ) ;
#7215 = CARTESIAN_POINT ( 'NONE',  ( -0.05737467275633771600, 0.4799999999999999800, 0.006547559047152542000 ) ) ;
#7216 = ORIENTED_EDGE ( 'NONE', *, *, #5753, .F. ) ;
#7217 = CARTESIAN_POINT ( 'NONE',  ( 0.04458355294912030200, 0.4799999999999999800, 0.07714893593044150300 ) ) ;
#7218 = STYLED_ITEM ( 'NONE', ( #3097 ), #1976 ) ;
#7219 = SURFACE_SIDE_STYLE ('',( #1154 ) ) ;
#7220 =( NAMED_UNIT ( * ) SI_UNIT ( $, .STERADIAN. ) SOLID_ANGLE_UNIT ( ) );
#7221 = VECTOR ( 'NONE', #5277, 1000.000000000000000 ) ;
#7222 = MECHANICAL_DESIGN_GEOMETRIC_PRESENTATION_REPRESENTATION (  '', ( #7464 ), #7698 ) ;
#7223 = VERTEX_POINT ( 'NONE', #3041 ) ;
#7224 = FACE_OUTER_BOUND ( 'NONE', #990, .T. ) ;
#7225 = PRESENTATION_STYLE_ASSIGNMENT (( #6348 ) ) ;
#7226 = VERTEX_POINT ( 'NONE', #5921 ) ;
#7227 = ORIENTED_EDGE ( 'NONE', *, *, #7725, .T. ) ;
#7228 = VECTOR ( 'NONE', #8148, 1000.000000000000000 ) ;
#7229 = CARTESIAN_POINT ( 'NONE',  ( 0.4987385907160026800, 0.4800000000000000400, -0.01055111292766789500 ) ) ;
#7230 = CARTESIAN_POINT ( 'NONE',  ( 0.1071588710086234000, 0.4799999999999995400, -0.07896875865854860500 ) ) ;
#7231 = CARTESIAN_POINT ( 'NONE',  ( -0.4545867297968178600, 0.4799999999999999800, -0.08767451036356532800 ) ) ;
#7232 = CARTESIAN_POINT ( 'NONE',  ( -0.1150714410712377800, 0.4799999999999999800, 0.05925859448650572900 ) ) ;
#7233 = CARTESIAN_POINT ( 'NONE',  ( 0.06554240821013104800, 0.4800000000000000900, -0.1080474047078124500 ) ) ;
#7234 = VERTEX_POINT ( 'NONE', #4462 ) ;
#7235 = PRESENTATION_STYLE_ASSIGNMENT (( #6307 ) ) ;
#7236 = PRESENTATION_LAYER_ASSIGNMENT (  '', '', ( #6280 ) ) ;
#7237 = DIRECTION ( 'NONE',  ( -1.260700200564540300E-016, 0.0000000000000000000, -1.000000000000000000 ) ) ;
#7238 = CARTESIAN_POINT ( 'NONE',  ( -0.2522692170902869900, 0.4798999999999999400, -0.1103827860943641500 ) ) ;
#7239 = CARTESIAN_POINT ( 'NONE',  ( -0.2630402554378434800, 0.4799999999999999800, -0.1107514334404884200 ) ) ;
#7240 = MECHANICAL_DESIGN_GEOMETRIC_PRESENTATION_REPRESENTATION (  '', ( #6282 ), #7712 ) ;
#7241 = CARTESIAN_POINT ( 'NONE',  ( -0.2278863143816873500, 0.4799999999999999800, 0.05765401863422569400 ) ) ;
#7242 =( LENGTH_UNIT ( ) NAMED_UNIT ( * ) SI_UNIT ( .MILLI., .METRE. ) );
#7243 = UNCERTAINTY_MEASURE_WITH_UNIT (LENGTH_MEASURE( 1.000000000000000100E-005 ), #7583, 'distance_accuracy_value', 'NONE');
#7244 = EDGE_LOOP ( 'NONE', ( #9170, #184, #5777, #8108 ) ) ;
#7245 = VECTOR ( 'NONE', #446, 1000.000000000000000 ) ;
#7246 = EDGE_CURVE ( 'NONE', #7339, #5308, #562, .T. ) ;
#7247 = AXIS2_PLACEMENT_3D ( 'NONE', #4562, #4618, #319 ) ;
#7248 = DIRECTION ( 'NONE',  ( -0.0000000000000000000, -1.000000000000000000, -0.0000000000000000000 ) ) ;
#7249 = PLANE ( 'NONE',  #324 ) ;
#7250 = CARTESIAN_POINT ( 'NONE',  ( -0.06169485493217805000, 0.4799999999999999800, 0.005029543909762997600 ) ) ;
#7251 = CARTESIAN_POINT ( 'NONE',  ( -0.2251513268288546100, 0.4798999999999999400, -0.05807058939789104500 ) ) ;
#7252 = CARTESIAN_POINT ( 'NONE',  ( -0.7300000000000019800, -0.02000000000000000000, 0.4300000000000032700 ) ) ;
#7253 = CARTESIAN_POINT ( 'NONE',  ( 0.6800000000000001600, 0.4799999999999999800, 0.4499999999999999000 ) ) ;
#7254 = CARTESIAN_POINT ( 'NONE',  ( -0.08360452318380823300, 0.4798999999999999400, -0.001303761281976897600 ) ) ;
#7255 = FILL_AREA_STYLE_COLOUR ( '', #1933 ) ;
#7256 = VERTEX_POINT ( 'NONE', #6603 ) ;
#7257 = FILL_AREA_STYLE ('',( #7087 ) ) ;
#7258 = CARTESIAN_POINT ( 'NONE',  ( 0.2261098393819077600, 0.4799999999999999800, -0.04080584119551884700 ) ) ;
#7259 = PRESENTATION_STYLE_ASSIGNMENT (( #6910 ) ) ;
#7260 = AXIS2_PLACEMENT_3D ( 'NONE', #5634, #1322, #6352 ) ;
#7261 = EDGE_CURVE ( 'NONE', #5429, #6383, #1783, .T. ) ;
#7262 = CARTESIAN_POINT ( 'NONE',  ( -0.1076076416585267800, 0.4798999999999999400, -0.03559827422958656400 ) ) ;
#7263 = FILL_AREA_STYLE ('',( #5271 ) ) ;
#7264 = CARTESIAN_POINT ( 'NONE',  ( 0.05305640521007182200, 0.4798999999999999400, -0.06316643407763482300 ) ) ;
#7265 = VECTOR ( 'NONE', #8101, 1000.000000000000000 ) ;
#7266 = CARTESIAN_POINT ( 'NONE',  ( 0.08487641122882323700, 0.4798999999999999400, -0.08767451036356532800 ) ) ;
#7267 = FILL_AREA_STYLE ('',( #5867 ) ) ;
#7268 = ORIENTED_EDGE ( 'NONE', *, *, #5346, .T. ) ;
#7269 = CARTESIAN_POINT ( 'NONE',  ( 0.7500000000000001100, 0.4799999999999999800, 0.3799999999999998400 ) ) ;
#7270 = CARTESIAN_POINT ( 'NONE',  ( 0.08648123488288662900, 0.4799999999999999800, 0.06868518495197509200 ) ) ;
#7271 = EDGE_CURVE ( 'NONE', #8807, #5683, #6304, .T. ) ;
#7272 = CARTESIAN_POINT ( 'NONE',  ( -0.2252718344919020500, 0.4799999999999999300, -0.1041920641999062600 ) ) ;
#7273 = CARTESIAN_POINT ( 'NONE',  ( -0.8000000000000037100, 0.4798999999999999400, -0.003059125748180666100 ) ) ;
#7274 = CARTESIAN_POINT ( 'NONE',  ( -0.2253785783826972600, 0.4798999999999999400, 0.05499656913560455700 ) ) ;
#7275 = FACE_OUTER_BOUND ( 'NONE', #6669, .T. ) ;
#7276 = ORIENTED_EDGE ( 'NONE', *, *, #2585, .F. ) ;
#7277 = EDGE_LOOP ( 'NONE', ( #7151, #290, #6095, #592 ) ) ;
#7278 = CARTESIAN_POINT ( 'NONE',  ( -0.8000000000000037100, 0.4798999999999999400, -0.1081873308763859100 ) ) ;
#7279 = SURFACE_STYLE_FILL_AREA ( #4209 ) ;
#7280 = DIRECTION ( 'NONE',  ( -0.2202516988324253200, 0.0000000000000000000, 0.9754430732551390100 ) ) ;
#7281 = CARTESIAN_POINT ( 'NONE',  ( -0.1231519916777575500, 0.4799999999999999800, -0.01374295804994154400 ) ) ;
#7282 = CARTESIAN_POINT ( 'NONE',  ( -0.2350635510725072300, 0.4799999999999999800, -0.08091156875724109200 ) ) ;
#7283 = DIRECTION ( 'NONE',  ( 1.000000000000000000, 0.0000000000000000000, -2.710505431213761600E-016 ) ) ;
#7284 = CARTESIAN_POINT ( 'NONE',  ( -0.1156377261503191600, 0.4799999999999999800, -0.01076449845384717400 ) ) ;
#7285 = CARTESIAN_POINT ( 'NONE',  ( 0.03705658940049848900, 0.4798999999999999400, -0.08596860285159385600 ) ) ;
#7286 = VECTOR ( 'NONE', #7525, 1000.000000000000100 ) ;
#7287 = CARTESIAN_POINT ( 'NONE',  ( -0.07019050956742498000, 0.4799999999999999300, -0.02507064895477502000 ) ) ;
#7288 = DIRECTION ( 'NONE',  ( -0.0000000000000000000, -1.000000000000000000, -0.0000000000000000000 ) ) ;
#7289 = SURFACE_STYLE_FILL_AREA ( #1086 ) ;
#7290 = CARTESIAN_POINT ( 'NONE',  ( 0.04673913198975200600, 0.4799999999999999800, -0.01323582727338845800 ) ) ;
#7291 = UNCERTAINTY_MEASURE_WITH_UNIT (LENGTH_MEASURE( 1.000000000000000100E-005 ), #929, 'distance_accuracy_value', 'NONE');
#7292 =( LENGTH_UNIT ( ) NAMED_UNIT ( * ) SI_UNIT ( .MILLI., .METRE. ) );
#7293 =( GEOMETRIC_REPRESENTATION_CONTEXT ( 3 ) GLOBAL_UNCERTAINTY_ASSIGNED_CONTEXT ( ( #6191 ) ) GLOBAL_UNIT_ASSIGNED_CONTEXT ( ( #8768, #4487, #194 ) ) REPRESENTATION_CONTEXT ( 'NONE', 'WORKASPACE' ) );
#7294 = SURFACE_STYLE_USAGE ( .BOTH. , #2287 ) ;
#7295 = CARTESIAN_POINT ( 'NONE',  ( 0.04673913198975200600, 0.4799999999999999800, -0.01323582727338845800 ) ) ;
#7296 = CARTESIAN_POINT ( 'NONE',  ( 0.2831395796343705300, 0.4799999999999999800, 0.07328140387899156900 ) ) ;
#7297 = PRESENTATION_LAYER_ASSIGNMENT (  '', '', ( #7766 ) ) ;
#7298 = CARTESIAN_POINT ( 'NONE',  ( 0.1067360765826604100, 0.4799999999999999800, 0.06032180233841716300 ) ) ;
#7299 = ORIENTED_EDGE ( 'NONE', *, *, #2949, .F. ) ;
#7300 = DIRECTION ( 'NONE',  ( -0.3690140269754867400, 0.0000000000000000000, -0.9294238257626790100 ) ) ;
#7301 = CARTESIAN_POINT ( 'NONE',  ( -0.1971610431055217900, 0.4798999999999999400, -0.06583207125394072200 ) ) ;
#7302 = CARTESIAN_POINT ( 'NONE',  ( -0.2300214631018461500, 0.4799999999999999800, -0.1060850684294046800 ) ) ;
#7303 = CARTESIAN_POINT ( 'NONE',  ( -0.01844418706369705500, 0.4798999999999999400, 0.06571708651800538300 ) ) ;
#7304 = CARTESIAN_POINT ( 'NONE',  ( -0.2253785783826972600, 0.4799999999999999800, 0.05499656913560455700 ) ) ;
#7305 = EDGE_CURVE ( 'NONE', #8374, #3805, #2491, .T. ) ;
#7306 = VECTOR ( 'NONE', #3065, 1000.000000000000000 ) ;
#7307 = EDGE_CURVE ( 'NONE', #6211, #7332, #4152, .T. ) ;
#7308 = MECHANICAL_DESIGN_GEOMETRIC_PRESENTATION_REPRESENTATION (  '', ( #5881 ), #7787 ) ;
#7309 = CARTESIAN_POINT ( 'NONE',  ( -0.8000000000000037100, 0.0000000000000000000, 0.5000000000000195400 ) ) ;
#7310 = CARTESIAN_POINT ( 'NONE',  ( 0.2693130291541689900, 0.4798999999999999400, 0.05271438936706820300 ) ) ;
#7311 = SURFACE_STYLE_USAGE ( .BOTH. , #2311 ) ;
#7312 = CARTESIAN_POINT ( 'NONE',  ( -0.2580419821680348100, 0.4798999999999999400, -0.08729823998404800900 ) ) ;
#7313 = CARTESIAN_POINT ( 'NONE',  ( 0.2616608266021252500, 0.4798999999999999400, -0.01453897042080121000 ) ) ;
#7314 = CARTESIAN_POINT ( 'NONE',  ( -0.8000000000000037100, 0.4799999999999999800, 0.08924856655951159100 ) ) ;
#7315 = DIRECTION ( 'NONE',  ( 0.3468370040950322100, 0.0000000000000000000, -0.9379254195245924100 ) ) ;
#7316 = FILL_AREA_STYLE_COLOUR ( '', #4082 ) ;
#7317 =( GEOMETRIC_REPRESENTATION_CONTEXT ( 3 ) GLOBAL_UNCERTAINTY_ASSIGNED_CONTEXT ( ( #8284 ) ) GLOBAL_UNIT_ASSIGNED_CONTEXT ( ( #7911, #7940, #7969 ) ) REPRESENTATION_CONTEXT ( 'NONE', 'WORKASPACE' ) );
#7318 = B_SPLINE_CURVE_WITH_KNOTS ( 'NONE', 3,
 ( #8811, #3819, #2376, #4526, #231, #5248, #953, #5978, #1678, #6696, #2408, #7407, #3134, #8124, #3841, #8838, #4564, #257, #5270 ),
 .UNSPECIFIED., .F., .F.,
 ( 4, 1, 1, 1, 1, 1, 1, 1, 1, 1, 1, 1, 1, 1, 1, 1, 4 ),
 ( 0.0000000000000000000, 0.06929802345975263900, 0.1355608441012816100, 0.1996709556470561100, 0.2617162384956086000, 0.3226619299471026900, 0.3829069237782243300, 0.4430320330728900200, 0.5035007873501625700, 0.5637242810171079200, 0.6239800220534744700, 0.6836293869955234500, 0.7438482724857306000, 0.8051918462295100100, 0.8676487429597673500, 0.9327780842312613000, 1.000000000000000000 ),
 .UNSPECIFIED. ) ;
#7319 = CARTESIAN_POINT ( 'NONE',  ( -0.04184634518143325000, 0.4798999999999999400, -0.01587963856869354500 ) ) ;
#7320 = SURFACE_SIDE_STYLE ('',( #4423 ) ) ;
#7321 = CARTESIAN_POINT ( 'NONE',  ( -0.03984415307966887600, 0.4799999999999999800, -0.1023772984779228000 ) ) ;
#7322 = EDGE_CURVE ( 'NONE', #3105, #2238, #7743, .T. ) ;
#7323 = CARTESIAN_POINT ( 'NONE',  ( -0.06798228385218312000, 0.4798999999999999400, 0.06763213386162252000 ) ) ;
#7324 = DIRECTION ( 'NONE',  ( 0.2637164011023653800, 0.0000000000000000000, 0.9646002590657003500 ) ) ;
#7325 = CARTESIAN_POINT ( 'NONE',  ( -0.2684889733865615200, 0.4798999999999999400, -0.02613604882510380300 ) ) ;
#7326 = ORIENTED_EDGE ( 'NONE', *, *, #1918, .F. ) ;
#7327 = LINE ( 'NONE', #2815, #1818 ) ;
#7328 = ORIENTED_EDGE ( 'NONE', *, *, #9218, .T. ) ;
#7329 =( NAMED_UNIT ( * ) SI_UNIT ( $, .STERADIAN. ) SOLID_ANGLE_UNIT ( ) );
#7330 = SURFACE_STYLE_FILL_AREA ( #6345 ) ;
#7331 = DIRECTION ( 'NONE',  ( -0.0000000000000000000, 1.000000000000000000, -0.0000000000000000000 ) ) ;
#7332 = VERTEX_POINT ( 'NONE', #294 ) ;
#7333 = VECTOR ( 'NONE', #7010, 1000.000000000000000 ) ;
#7334 = CARTESIAN_POINT ( 'NONE',  ( -0.5199713451814332900, 0.4798999999999999400, 0.08924856655951159100 ) ) ;
#7335 = SURFACE_STYLE_FILL_AREA ( #1252 ) ;
#7336 = CARTESIAN_POINT ( 'NONE',  ( 0.08515685994677196800, 0.4799999999999999800, -0.1107514334404884200 ) ) ;
#7337 = EDGE_LOOP ( 'NONE', ( #60, #3957, #5887, #7696 ) ) ;
#7338 = COLOUR_RGB ( '',0.2509803921568627400, 0.2509803921568627400, 0.2509803921568627400 ) ;
#7339 = VERTEX_POINT ( 'NONE', #4590 ) ;
#7340 = VECTOR ( 'NONE', #4847, 1000.000000000000000 ) ;
#7341 = VERTEX_POINT ( 'NONE', #5302 ) ;
#7342 = VERTEX_POINT ( 'NONE', #1006 ) ;
#7343 = COLOUR_RGB ( '',0.2509803921568627400, 0.2509803921568627400, 0.2509803921568627400 ) ;
#7344 = SURFACE_STYLE_FILL_AREA ( #4269 ) ;
#7345 = CARTESIAN_POINT ( 'NONE',  ( 0.7999999999999963800, 0.4299999999999999400, 0.5000000000000196500 ) ) ;
#7346 = FILL_AREA_STYLE_COLOUR ( '', #9123 ) ;
#7347 = CARTESIAN_POINT ( 'NONE',  ( -0.1892021144122024400, 0.4799999999999999800, 0.03195689989284492700 ) ) ;
#7348 = EDGE_LOOP ( 'NONE', ( #2428, #4754, #7598, #746 ) ) ;
#7349 =( NAMED_UNIT ( * ) SI_UNIT ( $, .STERADIAN. ) SOLID_ANGLE_UNIT ( ) );
#7350 = DIRECTION ( 'NONE',  ( 0.0000000000000000000, 0.0000000000000000000, 1.000000000000000000 ) ) ;
#7351 = AXIS2_PLACEMENT_3D ( 'NONE', #6277, #1978, #6979 ) ;
#7352 = CARTESIAN_POINT ( 'NONE',  ( 0.2022302932849171500, 0.4798999999999999400, 0.04116115423825472000 ) ) ;
#7353 = FACE_OUTER_BOUND ( 'NONE', #9127, .T. ) ;
#7354 = VERTEX_POINT ( 'NONE', #6040 ) ;
#7355 = AXIS2_PLACEMENT_3D ( 'NONE', #3326, #1166, #4051 ) ;
#7356 = CARTESIAN_POINT ( 'NONE',  ( -0.08375616470836024000, 0.4799999999999999800, -0.02852874884736423400 ) ) ;
#7357 = CARTESIAN_POINT ( 'NONE',  ( 0.5534661548185667600, 0.4798999999999999400, -0.1107514334404884300 ) ) ;
#7358 = ORIENTED_EDGE ( 'NONE', *, *, #1298, .T. ) ;
#7359 = LINE ( 'NONE', #2059, #5449 ) ;
#7360 = CARTESIAN_POINT ( 'NONE',  ( -0.2174624295226774700, 0.4798999999999999400, 0.02973517257808490400 ) ) ;
#7361 = DIRECTION ( 'NONE',  ( 2.478176394252579200E-016, 0.0000000000000000000, 1.000000000000000000 ) ) ;
#7362 = SURFACE_STYLE_FILL_AREA ( #1439 ) ;
#7363 = FILL_AREA_STYLE ('',( #6644 ) ) ;
#7364 = CARTESIAN_POINT ( 'NONE',  ( 0.3476167958442077900, 0.4798999999999999400, -0.1107514334404885400 ) ) ;
#7365 = B_SPLINE_CURVE_WITH_KNOTS ( 'NONE', 3,
 ( #5513, #1928, #6940, #2668, #7670, #3387, #8381 ),
 .UNSPECIFIED., .F., .F.,
 ( 4, 1, 1, 1, 4 ),
 ( 0.0000000000000000000, 0.2603861425240845400, 0.5134251205046670400, 0.7599736215259990100, 1.000000000000000000 ),
 .UNSPECIFIED. ) ;
#7366 = ORIENTED_EDGE ( 'NONE', *, *, #7391, .F. ) ;
#7367 = STYLED_ITEM ( 'NONE', ( #8028 ), #8103 ) ;
#7368 = CARTESIAN_POINT ( 'NONE',  ( 0.1464990139577419000, 0.4799999999999993200, 0.02911537826589146200 ) ) ;
#7369 = DIRECTION ( 'NONE',  ( -0.0000000000000000000, 1.000000000000000000, -0.0000000000000000000 ) ) ;
#7370 = ADVANCED_FACE ( 'NONE', ( #7519 ), #3873, .F. ) ;
#7371 =( GEOMETRIC_REPRESENTATION_CONTEXT ( 3 ) GLOBAL_UNCERTAINTY_ASSIGNED_CONTEXT ( ( #8181 ) ) GLOBAL_UNIT_ASSIGNED_CONTEXT ( ( #4905, #607, #5642 ) ) REPRESENTATION_CONTEXT ( 'NONE', 'WORKASPACE' ) );
#7372 = CARTESIAN_POINT ( 'NONE',  ( 0.1425922868610773900, 0.4799999999999999800, -0.06453453379923532200 ) ) ;
#7373 = VECTOR ( 'NONE', #400, 1000.000000000000000 ) ;
#7374 = MECHANICAL_DESIGN_GEOMETRIC_PRESENTATION_REPRESENTATION (  '', ( #8619 ), #7837 ) ;
#7375 = ORIENTED_EDGE ( 'NONE', *, *, #1535, .F. ) ;
#7376 =( GEOMETRIC_REPRESENTATION_CONTEXT ( 3 ) GLOBAL_UNCERTAINTY_ASSIGNED_CONTEXT ( ( #2973 ) ) GLOBAL_UNIT_ASSIGNED_CONTEXT ( ( #3040, #5201, #3147 ) ) REPRESENTATION_CONTEXT ( 'NONE', 'WORKASPACE' ) );
#7377 = FILL_AREA_STYLE_COLOUR ( '', #3233 ) ;
#7378 = CARTESIAN_POINT ( 'NONE',  ( -0.1327832911638171800, 0.4798999999999999400, 0.03431048891207692800 ) ) ;
#7379 = CARTESIAN_POINT ( 'NONE',  ( 0.1130174078356532300, 0.4798999999999999400, -0.07211107755841711400 ) ) ;
#7380 = CARTESIAN_POINT ( 'NONE',  ( 0.2878010907160026800, 0.4798999999999999400, 0.06753382296976800900 ) ) ;
#7381 = CARTESIAN_POINT ( 'NONE',  ( 0.2125055664921425600, 0.4799999999999999800, 0.05974993189913020000 ) ) ;
#7382 =( GEOMETRIC_REPRESENTATION_CONTEXT ( 3 ) GLOBAL_UNCERTAINTY_ASSIGNED_CONTEXT ( ( #7243 ) ) GLOBAL_UNIT_ASSIGNED_CONTEXT ( ( #7583, #3305, #8298 ) ) REPRESENTATION_CONTEXT ( 'NONE', 'WORKASPACE' ) );
#7383 = VERTEX_POINT ( 'NONE', #5269 ) ;
#7384 = EDGE_LOOP ( 'NONE', ( #4755, #1143, #2795, #3556, #8490, #1319, #5457, #3642 ) ) ;
#7385 = CARTESIAN_POINT ( 'NONE',  ( -0.1968944221045101100, 0.4798999999999999400, -0.05890848472253970600 ) ) ;
#7386 = CARTESIAN_POINT ( 'NONE',  ( -0.2656444221045100600, 0.4798999999999999400, -0.003059125748180666100 ) ) ;
#7387 = DIRECTION ( 'NONE',  ( 1.000000000000000000, 0.0000000000000000000, 0.0000000000000000000 ) ) ;
#7388 = DIRECTION ( 'NONE',  ( -0.3690140269754867400, 0.0000000000000000000, -0.9294238257626790100 ) ) ;
#7389 = PLANE ( 'NONE',  #630 ) ;
#7390 = EDGE_CURVE ( 'NONE', #5548, #415, #7753, .T. ) ;
#7391 = EDGE_CURVE ( 'NONE', #2996, #1500, #1343, .T. ) ;
#7392 = CARTESIAN_POINT ( 'NONE',  ( 0.1333477727026172200, 0.4798999999999999400, 0.06691733310109122800 ) ) ;
#7393 = DIRECTION ( 'NONE',  ( 1.084202172485504700E-016, 0.0000000000000000000, 1.000000000000000000 ) ) ;
#7394 = FILL_AREA_STYLE ('',( #853 ) ) ;
#7395 = VECTOR ( 'NONE', #4112, 1000.000000000000000 ) ;
#7396 = LINE ( 'NONE', #4328, #1898 ) ;
#7397 = MECHANICAL_DESIGN_GEOMETRIC_PRESENTATION_REPRESENTATION (  '', ( #5971 ), #7872 ) ;
#7398 =( NAMED_UNIT ( * ) PLANE_ANGLE_UNIT ( ) SI_UNIT ( $, .RADIAN. ) );
#7399 = CARTESIAN_POINT ( 'NONE',  ( -0.1092653151319800500, 0.4799999999999999300, 0.06266855585511860200 ) ) ;
#7400 = DIRECTION ( 'NONE',  ( 0.3468059081590687500, 0.0000000000000000000, -0.9379369179566200400 ) ) ;
#7401 = CARTESIAN_POINT ( 'NONE',  ( -0.8000000000000037100, 0.4798999999999999400, 0.004633181944126954700 ) ) ;
#7402 = CARTESIAN_POINT ( 'NONE',  ( 0.5239389112288233000, 0.4798999999999999400, 0.02001779732874219700 ) ) ;
#7403 = VERTEX_POINT ( 'NONE', #2654 ) ;
#7404 = CARTESIAN_POINT ( 'NONE',  ( 0.2335192128156985400, 0.4798999999999999400, 0.06862413252016094600 ) ) ;
#7405 = ADVANCED_FACE ( 'NONE', ( #3060 ), #8366, .F. ) ;
#7406 = CARTESIAN_POINT ( 'NONE',  ( 0.2878010907160026800, 0.4798999999999999400, 0.06753382296976800900 ) ) ;
#7407 = CARTESIAN_POINT ( 'NONE',  ( 0.1864140810680234300, 0.4798999999999999400, 0.06808537590771603100 ) ) ;
#7408 = CARTESIAN_POINT ( 'NONE',  ( -0.1555842613295942400, 0.4798999999999999400, -0.06595907870806759500 ) ) ;
#7409 = COLOUR_RGB ( '',0.2509803921568627400, 0.2509803921568627400, 0.2509803921568627400 ) ;
#7410 = FILL_AREA_STYLE_COLOUR ( '', #5792 ) ;
#7411 = AXIS2_PLACEMENT_3D ( 'NONE', #1951, #6958, #2686 ) ;
#7412 = PLANE ( 'NONE',  #6694 ) ;
#7413 = CARTESIAN_POINT ( 'NONE',  ( 0.05827384712625907600, 0.4798999999999999400, -0.07397258728664228600 ) ) ;
#7414 =( NAMED_UNIT ( * ) PLANE_ANGLE_UNIT ( ) SI_UNIT ( $, .RADIAN. ) );
#7415 =( GEOMETRIC_REPRESENTATION_CONTEXT ( 3 ) GLOBAL_UNCERTAINTY_ASSIGNED_CONTEXT ( ( #4282 ) ) GLOBAL_UNIT_ASSIGNED_CONTEXT ( ( #777, #5811, #1493 ) ) REPRESENTATION_CONTEXT ( 'NONE', 'WORKASPACE' ) );
#7416 = LINE ( 'NONE', #6530, #3621 ) ;
#7417 = CARTESIAN_POINT ( 'NONE',  ( 0.1133812823038117300, 0.4799999999999993200, 0.08567743605068030300 ) ) ;
#7418 = DIRECTION ( 'NONE',  ( 0.9950371902099890400, 0.0000000000000000000, 0.09950371902099911000 ) ) ;
#7419 = VECTOR ( 'NONE', #601, 1000.000000000000000 ) ;
#7420 = CARTESIAN_POINT ( 'NONE',  ( -0.09550769330598385400, 0.4800000000000000400, -0.08972654351245186500 ) ) ;
#7421 = EDGE_CURVE ( 'NONE', #1068, #4632, #2375, .T. ) ;
#7422 = EDGE_CURVE ( 'NONE', #7538, #1795, #4264, .T. ) ;
#7423 = MECHANICAL_DESIGN_GEOMETRIC_PRESENTATION_REPRESENTATION (  '', ( #6001 ), #7915 ) ;
#7424 = CARTESIAN_POINT ( 'NONE',  ( -0.1042437320105917100, 0.4798999999999999400, 0.08979801654413251100 ) ) ;
#7425 = DIRECTION ( 'NONE',  ( -0.1961161351381842100, 0.0000000000000000000, 0.9805806756909201100 ) ) ;
#7426 = CARTESIAN_POINT ( 'NONE',  ( 0.2057637514265157300, 0.4798999999999999400, -0.006925124881373483300 ) ) ;
#7427 = CARTESIAN_POINT ( 'NONE',  ( 0.7300000000000065300, 0.0000000000000000000, 0.4300000000000031000 ) ) ;
#7428 = PRESENTATION_STYLE_ASSIGNMENT (( #775 ) ) ;
#7429 = CARTESIAN_POINT ( 'NONE',  ( 0.04931397984084792700, 0.4799999999999999800, 0.03019915236287946900 ) ) ;
#7430 = LINE ( 'NONE', #1350, #1714 ) ;
#7431 = VECTOR ( 'NONE', #9143, 1000.000000000000000 ) ;
#7432 = ORIENTED_EDGE ( 'NONE', *, *, #4053, .T. ) ;
#7433 = LINE ( 'NONE', #4067, #5303 ) ;
#7434 = ORIENTED_EDGE ( 'NONE', *, *, #7956, .T. ) ;
#7435 = VERTEX_POINT ( 'NONE', #1245 ) ;
#7436 = VERTEX_POINT ( 'NONE', #5569 ) ;
#7437 = CARTESIAN_POINT ( 'NONE',  ( -0.1399725818496924100, 0.4799999999999999300, -0.09566349152459331700 ) ) ;
#7438 = EDGE_CURVE ( 'NONE', #8484, #1612, #5969, .T. ) ;
#7439 = CARTESIAN_POINT ( 'NONE',  ( -0.1405954736143195700, 0.4799999999999999800, 0.07293268167040629900 ) ) ;
#7440 = FILL_AREA_STYLE_COLOUR ( '', #6118 ) ;
#7441 =( LENGTH_UNIT ( ) NAMED_UNIT ( * ) SI_UNIT ( .MILLI., .METRE. ) );
#7442 = CARTESIAN_POINT ( 'NONE',  ( -0.1265609505158470400, 0.4798999999999999400, -0.1047829485149453600 ) ) ;
#7443 = ORIENTED_EDGE ( 'NONE', *, *, #6169, .T. ) ;
#7444 = FACE_OUTER_BOUND ( 'NONE', #389, .T. ) ;
#7445 = ORIENTED_EDGE ( 'NONE', *, *, #994, .F. ) ;
#7446 = CARTESIAN_POINT ( 'NONE',  ( 0.08515685994677196800, 0.4798999999999999400, 0.09181266912361416000 ) ) ;
#7447 = ORIENTED_EDGE ( 'NONE', *, *, #7261, .T. ) ;
#7448 = CARTESIAN_POINT ( 'NONE',  ( -0.7402604273725036400, 0.4798999999999999400, -0.09739572627498027700 ) ) ;
#7449 = ADVANCED_FACE ( 'NONE', ( #441 ), #2715, .F. ) ;
#7450 = CARTESIAN_POINT ( 'NONE',  ( -0.1199398601153296900, 0.4798999999999999900, -0.07928954667720115900 ) ) ;
#7451 = PRESENTATION_STYLE_ASSIGNMENT (( #322 ) ) ;
#7452 = SURFACE_STYLE_FILL_AREA ( #3047 ) ;
#7453 = CARTESIAN_POINT ( 'NONE',  ( -0.2684889733865615200, 0.4798999999999999400, -0.02613604882510380300 ) ) ;
#7454 = ORIENTED_EDGE ( 'NONE', *, *, #5397, .F. ) ;
#7455 = LINE ( 'NONE', #5068, #4546 ) ;
#7456 = UNCERTAINTY_MEASURE_WITH_UNIT (LENGTH_MEASURE( 1.000000000000000100E-005 ), #6457, 'distance_accuracy_value', 'NONE');
#7457 = SURFACE_SIDE_STYLE ('',( #3955 ) ) ;
#7458 = FACE_OUTER_BOUND ( 'NONE', #6580, .T. ) ;
#7459 = CARTESIAN_POINT ( 'NONE',  ( -0.1552247633080226500, 0.4798999999999999400, 0.05389997448453461700 ) ) ;
#7460 = CARTESIAN_POINT ( 'NONE',  ( -0.08288149637855549100, 0.4798999999999999400, -0.1132340512281751300 ) ) ;
#7461 = CARTESIAN_POINT ( 'NONE',  ( 0.4362385907160029600, 0.4799999999999999800, -0.1107514334404884300 ) ) ;
#7462 =( LENGTH_UNIT ( ) NAMED_UNIT ( * ) SI_UNIT ( .MILLI., .METRE. ) );
#7463 = EDGE_LOOP ( 'NONE', ( #7432, #1944, #1869, #7731 ) ) ;
#7464 = STYLED_ITEM ( 'NONE', ( #3804 ), #2842 ) ;
#7465 = ORIENTED_EDGE ( 'NONE', *, *, #4898, .F. ) ;
#7466 = PRESENTATION_STYLE_ASSIGNMENT (( #1744 ) ) ;
#7467 = MECHANICAL_DESIGN_GEOMETRIC_PRESENTATION_REPRESENTATION (  '', ( #6516 ), #7947 ) ;
#7468 = LINE ( 'NONE', #5482, #7245 ) ;
#7469 = DIRECTION ( 'NONE',  ( -0.2741624399184923200, 0.0000000000000000000, -0.9616833972456522200 ) ) ;
#7470 = SURFACE_SIDE_STYLE ('',( #116 ) ) ;
#7471 = CARTESIAN_POINT ( 'NONE',  ( -0.1053821521148070500, 0.4798999999999999400, -0.1118012449992502900 ) ) ;
#7472 = UNCERTAINTY_MEASURE_WITH_UNIT (LENGTH_MEASURE( 1.000000000000000100E-005 ), #232, 'distance_accuracy_value', 'NONE');
#7473 = ORIENTED_EDGE ( 'NONE', *, *, #3851, .F. ) ;
#7474 = CARTESIAN_POINT ( 'NONE',  ( -0.1635610887711768400, 0.4799999999999999800, 0.02001779732874236000 ) ) ;
#7475 =( LENGTH_UNIT ( ) NAMED_UNIT ( * ) SI_UNIT ( .MILLI., .METRE. ) );
#7476 = FACE_OUTER_BOUND ( 'NONE', #8884, .T. ) ;
#7477 =( NAMED_UNIT ( * ) SI_UNIT ( $, .STERADIAN. ) SOLID_ANGLE_UNIT ( ) );
#7478 = CARTESIAN_POINT ( 'NONE',  ( -0.3049990026257116100, 0.4798999999999999400, 0.3169527561793178400 ) ) ;
#7479 = CARTESIAN_POINT ( 'NONE',  ( 0.2539761828035294600, 0.4798999999999999400, 0.06560729968276285400 ) ) ;
#7480 = CARTESIAN_POINT ( 'NONE',  ( -0.1279660896067398000, 0.4798999999999999400, 0.04609624853305671600 ) ) ;
#7481 = EDGE_CURVE ( 'NONE', #7091, #4147, #2659, .T. ) ;
#7482 =( GEOMETRIC_REPRESENTATION_CONTEXT ( 3 ) GLOBAL_UNCERTAINTY_ASSIGNED_CONTEXT ( ( #2655 ) ) GLOBAL_UNIT_ASSIGNED_CONTEXT ( ( #437, #5476, #1156 ) ) REPRESENTATION_CONTEXT ( 'NONE', 'WORKASPACE' ) );
#7483 = CARTESIAN_POINT ( 'NONE',  ( -0.1557970592202259900, 0.4798999999999999400, -0.05630875115672507500 ) ) ;
#7484 = DIRECTION ( 'NONE',  ( 0.0000000000000000000, 0.0000000000000000000, 1.000000000000000000 ) ) ;
#7485 = CARTESIAN_POINT ( 'NONE',  ( -0.1275817352138010900, 0.4800000000000000400, -0.06340142333091181000 ) ) ;
#7486 = VERTEX_POINT ( 'NONE', #4164 ) ;
#7487 = AXIS2_PLACEMENT_3D ( 'NONE', #4064, #9069, #4799 ) ;
#7488 = CARTESIAN_POINT ( 'NONE',  ( -0.2513466869853889200, 0.4799999999999999800, -0.02702259267880808800 ) ) ;
#7489 = MECHANICAL_DESIGN_GEOMETRIC_PRESENTATION_REPRESENTATION (  '', ( #6060 ), #7971 ) ;
#7490 = ORIENTED_EDGE ( 'NONE', *, *, #3895, .F. ) ;
#7491 = ORIENTED_EDGE ( 'NONE', *, *, #2383, .F. ) ;
#7492 = CARTESIAN_POINT ( 'NONE',  ( -0.03984415307966887600, 0.4799999999999998700, -0.1023772984779228000 ) ) ;
#7493 = FILL_AREA_STYLE ('',( #4584 ) ) ;
#7494 = FILL_AREA_STYLE_COLOUR ( '', #7409 ) ;
#7495 = PRESENTATION_LAYER_ASSIGNMENT (  '', '', ( #6540 ) ) ;
#7496 = CARTESIAN_POINT ( 'NONE',  ( 0.08772538748820649100, 0.4798999999999999400, -0.1106759205485954400 ) ) ;
#7497 = CARTESIAN_POINT ( 'NONE',  ( 0.2370398727672847500, 0.4798999999999999400, 0.09181266912361416000 ) ) ;
#7498 = UNCERTAINTY_MEASURE_WITH_UNIT (LENGTH_MEASURE( 1.000000000000000100E-005 ), #2017, 'distance_accuracy_value', 'NONE');
#7499 = VECTOR ( 'NONE', #2096, 1000.000000000000000 ) ;
#7500 = DIRECTION ( 'NONE',  ( 0.0000000000000000000, 0.0000000000000000000, -1.000000000000000000 ) ) ;
#7501 =( NAMED_UNIT ( * ) PLANE_ANGLE_UNIT ( ) SI_UNIT ( $, .RADIAN. ) );
#7502 = SURFACE_STYLE_USAGE ( .BOTH. , #2498 ) ;
#7503 = CARTESIAN_POINT ( 'NONE',  ( -0.03805016117451963400, 0.4798999999999999400, 0.02168921148873671400 ) ) ;
#7504 = CARTESIAN_POINT ( 'NONE',  ( 0.2714918539554800300, 0.4799999999999998700, 0.04910939855490583500 ) ) ;
#7505 = SURFACE_SIDE_STYLE ('',( #6542 ) ) ;
#7506 = ORIENTED_EDGE ( 'NONE', *, *, #1488, .F. ) ;
#7507 = EDGE_CURVE ( 'NONE', #336, #2254, #8137, .T. ) ;
#7508 = SURFACE_STYLE_USAGE ( .BOTH. , #2506 ) ;
#7509 = SURFACE_SIDE_STYLE ('',( #4560 ) ) ;
#7510 = ORIENTED_EDGE ( 'NONE', *, *, #4862, .F. ) ;
#7511 = VECTOR ( 'NONE', #8515, 1000.000000000000100 ) ;
#7512 =( GEOMETRIC_REPRESENTATION_CONTEXT ( 3 ) GLOBAL_UNCERTAINTY_ASSIGNED_CONTEXT ( ( #4370 ) ) GLOBAL_UNIT_ASSIGNED_CONTEXT ( ( #5733, #1423, #6438 ) ) REPRESENTATION_CONTEXT ( 'NONE', 'WORKASPACE' ) );
#7513 = DIRECTION ( 'NONE',  ( -0.0000000000000000000, 1.000000000000000000, -0.0000000000000000000 ) ) ;
#7514 =( GEOMETRIC_REPRESENTATION_CONTEXT ( 3 ) GLOBAL_UNCERTAINTY_ASSIGNED_CONTEXT ( ( #3953 ) ) GLOBAL_UNIT_ASSIGNED_CONTEXT ( ( #6054, #1752, #6758 ) ) REPRESENTATION_CONTEXT ( 'NONE', 'WORKASPACE' ) );
#7515 = CARTESIAN_POINT ( 'NONE',  ( 0.4589760417406934000, 0.4799999999999999800, -0.06509018226284692100 ) ) ;
#7516 = ADVANCED_FACE ( 'NONE', ( #747 ), #1321, .F. ) ;
#7517 = CARTESIAN_POINT ( 'NONE',  ( -0.01778709462469491000, 0.4798999999999999400, -0.07844774565217435500 ) ) ;
#7518 = CARTESIAN_POINT ( 'NONE',  ( 0.5151773430230225400, 0.4799999999999999800, 0.1404377539258349300 ) ) ;
#7519 = FACE_OUTER_BOUND ( 'NONE', #8327, .T. ) ;
#7520 = CARTESIAN_POINT ( 'NONE',  ( 0.2315023207729209300, 0.4799999999999999800, -0.02083765580415611300 ) ) ;
#7521 = CARTESIAN_POINT ( 'NONE',  ( 0.3030601779941858300, 0.4798999999999999400, 0.02287759479907831500 ) ) ;
#7522 = ADVANCED_BREP_SHAPE_REPRESENTATION ( 'ABS05W', ( #6295, #4910, #4444 ), #581 ) ;
#7523 = CARTESIAN_POINT ( 'NONE',  ( -0.04921710220374921100, 0.4798999999999999400, -0.01875159070814003500 ) ) ;
#7524 = LINE ( 'NONE', #7907, #5639 ) ;
#7525 = DIRECTION ( 'NONE',  ( 0.3468370040950314300, 0.0000000000000000000, 0.9379254195245926300 ) ) ;
#7526 = CARTESIAN_POINT ( 'NONE',  ( -0.4420845792883260600, 0.4799999999999999800, -0.05393292473434488400 ) ) ;
#7527 =( NAMED_UNIT ( * ) SI_UNIT ( $, .STERADIAN. ) SOLID_ANGLE_UNIT ( ) );
#7528 = MECHANICAL_DESIGN_GEOMETRIC_PRESENTATION_REPRESENTATION (  '', ( #6102 ), #8021 ) ;
#7529 = CARTESIAN_POINT ( 'NONE',  ( -0.7499999999999997800, 0.4299999999999999400, -0.3799999999999998900 ) ) ;
#7530 = CARTESIAN_POINT ( 'NONE',  ( 0.2774645522544642000, 0.4798999999999999400, 0.02218125886720390100 ) ) ;
#7531 = PRESENTATION_LAYER_ASSIGNMENT (  '', '', ( #6597 ) ) ;
#7532 = CARTESIAN_POINT ( 'NONE',  ( -0.2009849308869980900, 0.4798999999999999400, -0.04010103269202428000 ) ) ;
#7533 = DIRECTION ( 'NONE',  ( -0.0000000000000000000, 1.000000000000000000, -0.0000000000000000000 ) ) ;
#7534 = CARTESIAN_POINT ( 'NONE',  ( -0.7999999999999721800, 0.4299999999999999400, -0.4374999999999813500 ) ) ;
#7535 = CARTESIAN_POINT ( 'NONE',  ( -0.1286954649962675800, 0.4798999999999999400, -0.01659040057994625900 ) ) ;
#7536 = VECTOR ( 'NONE', #6030, 1000.000000000000000 ) ;
#7537 = ORIENTED_EDGE ( 'NONE', *, *, #5329, .F. ) ;
#7538 = VERTEX_POINT ( 'NONE', #5633 ) ;
#7539 = PRESENTATION_LAYER_ASSIGNMENT (  '', '', ( #6602 ) ) ;
#7540 = CARTESIAN_POINT ( 'NONE',  ( 0.5146440394339514300, 0.4798999999999999900, 0.06128382296976800400 ) ) ;
#7541 = LINE ( 'NONE', #8454, #2055 ) ;
#7542 = ORIENTED_EDGE ( 'NONE', *, *, #8859, .T. ) ;
#7543 = VECTOR ( 'NONE', #5383, 1000.000000000000000 ) ;
#7544 = AXIS2_PLACEMENT_3D ( 'NONE', #5765, #1457, #6479 ) ;
#7545 = VECTOR ( 'NONE', #6160, 1000.000000000000000 ) ;
#7546 = CARTESIAN_POINT ( 'NONE',  ( 0.4535230106514431300, 0.4798999999999999400, -0.08519875633966538000 ) ) ;
#7547 = CARTESIAN_POINT ( 'NONE',  ( 0.7499999999999998900, 0.4099999999999999200, -0.3799999999999998900 ) ) ;
#7548 =( NAMED_UNIT ( * ) SI_UNIT ( $, .STERADIAN. ) SOLID_ANGLE_UNIT ( ) );
#7549 = ORIENTED_EDGE ( 'NONE', *, *, #2208, .T. ) ;
#7550 = CARTESIAN_POINT ( 'NONE',  ( 0.2039950971907152400, 0.4798999999999999400, -0.004352826397954403500 ) ) ;
#7551 = EDGE_LOOP ( 'NONE', ( #3550, #7679, #6217, #1663 ) ) ;
#7552 = CARTESIAN_POINT ( 'NONE',  ( 0.5011825009724130100, 0.4798999999999999400, 0.08924856655951161900 ) ) ;
#7553 = LINE ( 'NONE', #5483, #3970 ) ;
#7554 = EDGE_LOOP ( 'NONE', ( #8799, #881, #6613, #3330 ) ) ;
#7555 = ORIENTED_EDGE ( 'NONE', *, *, #5202, .T. ) ;
#7556 = CARTESIAN_POINT ( 'NONE',  ( -0.2464992351103215100, 0.4799999999999999800, -0.02788107746512798200 ) ) ;
#7557 = FACE_BOUND ( 'NONE', #8338, .T. ) ;
#7558 = CARTESIAN_POINT ( 'NONE',  ( 0.1981891150277243500, 0.4799999999999999800, 0.08006887096628902100 ) ) ;
#7559 = ORIENTED_EDGE ( 'NONE', *, *, #3815, .T. ) ;
#7560 = LINE ( 'NONE', #3541, #5682 ) ;
#7561 = CARTESIAN_POINT ( 'NONE',  ( -0.4541242841630058200, 0.4798999999999999400, -0.08639061198276350200 ) ) ;
#7562 = EDGE_CURVE ( 'NONE', #415, #6141, #1079, .T. ) ;
#7563 = FACE_OUTER_BOUND ( 'NONE', #3292, .T. ) ;
#7564 = EDGE_CURVE ( 'NONE', #8807, #2996, #8732, .T. ) ;
#7565 = CARTESIAN_POINT ( 'NONE',  ( -0.2249338518306448800, 0.4799999999999999800, 0.08425826533562999500 ) ) ;
#7566 = ORIENTED_EDGE ( 'NONE', *, *, #3286, .T. ) ;
#7567 = CARTESIAN_POINT ( 'NONE',  ( -0.2269024349250229900, 0.4799999999999999800, -0.01587963856869354500 ) ) ;
#7568 = ADVANCED_FACE ( 'NONE', ( #5575 ), #2413, .T. ) ;
#7569 = ORIENTED_EDGE ( 'NONE', *, *, #4019, .T. ) ;
#7570 = LINE ( 'NONE', #678, #3990 ) ;
#7571 = PRESENTATION_STYLE_ASSIGNMENT (( #4486 ) ) ;
#7572 = PLANE ( 'NONE',  #4469 ) ;
#7573 = UNCERTAINTY_MEASURE_WITH_UNIT (LENGTH_MEASURE( 1.000000000000000100E-005 ), #6750, 'distance_accuracy_value', 'NONE');
#7574 = PRESENTATION_LAYER_ASSIGNMENT (  '', '', ( #6627 ) ) ;
#7575 = CARTESIAN_POINT ( 'NONE',  ( -0.1541464173412422900, 0.4799999999999999800, -0.04549964835610165200 ) ) ;
#7576 = CARTESIAN_POINT ( 'NONE',  ( -0.1946355531194874900, 0.4798999999999999400, 0.008645845033746000000 ) ) ;
#7577 = ORIENTED_EDGE ( 'NONE', *, *, #3567, .T. ) ;
#7578 = SURFACE_STYLE_FILL_AREA ( #8782 ) ;
#7579 =( NAMED_UNIT ( * ) SI_UNIT ( $, .STERADIAN. ) SOLID_ANGLE_UNIT ( ) );
#7580 = CARTESIAN_POINT ( 'NONE',  ( -0.1971610431055217900, 0.4799999999999999800, -0.06583207125394072200 ) ) ;
#7581 =( NAMED_UNIT ( * ) SI_UNIT ( $, .STERADIAN. ) SOLID_ANGLE_UNIT ( ) );
#7582 = CARTESIAN_POINT ( 'NONE',  ( -0.04626340368377569000, 0.4798999999999999400, -0.07313697926204562600 ) ) ;
#7583 =( LENGTH_UNIT ( ) NAMED_UNIT ( * ) SI_UNIT ( .MILLI., .METRE. ) );
#7584 = DIRECTION ( 'NONE',  ( -1.000000000000000000, 0.0000000000000000000, 2.710505431213763100E-016 ) ) ;
#7585 = CARTESIAN_POINT ( 'NONE',  ( -0.4541242841630058200, 0.4798999999999999400, -0.08639061198276350200 ) ) ;
#7586 = ORIENTED_EDGE ( 'NONE', *, *, #7923, .F. ) ;
#7587 = MECHANICAL_DESIGN_GEOMETRIC_PRESENTATION_REPRESENTATION (  '', ( #6154 ), #8072 ) ;
#7588 = STYLED_ITEM ( 'NONE', ( #2595 ), #7089 ) ;
#7589 = ORIENTED_EDGE ( 'NONE', *, *, #3026, .T. ) ;
#7590 = CARTESIAN_POINT ( 'NONE',  ( 0.1445308560796088900, 0.4798999999999999400, -0.05762714093044438200 ) ) ;
#7591 = FILL_AREA_STYLE ('',( #6859 ) ) ;
#7592 = MECHANICAL_DESIGN_GEOMETRIC_PRESENTATION_REPRESENTATION (  '', ( #6158 ), #8077 ) ;
#7593 = DIRECTION ( 'NONE',  ( -0.0000000000000000000, 1.000000000000000000, -0.0000000000000000000 ) ) ;
#7594 = CARTESIAN_POINT ( 'NONE',  ( -0.1353559605660486200, 0.4798999999999999400, 0.02001779732874236000 ) ) ;
#7595 = PLANE ( 'NONE',  #4120 ) ;
#7596 = LINE ( 'NONE', #8608, #199 ) ;
#7597 = ORIENTED_EDGE ( 'NONE', *, *, #849, .T. ) ;
#7598 = ORIENTED_EDGE ( 'NONE', *, *, #9046, .T. ) ;
#7599 = B_SPLINE_CURVE_WITH_KNOTS ( 'NONE', 3,
 ( #1452, #4181, #3480, #2800, #2769, #2104, #2026, #1403, #1362, #1329, #1303 ),
 .UNSPECIFIED., .F., .F.,
 ( 4, 1, 1, 1, 1, 1, 1, 1, 4 ),
 ( 0.0000000000000000000, 0.1448052410584831400, 0.2795118010254861700, 0.4063939211311608000, 0.5275015404829167500, 0.6453932904726505900, 0.7618854106740864400, 0.8789420729184866900, 1.000000000000000000 ),
 .UNSPECIFIED. ) ;
#7600 = EDGE_CURVE ( 'NONE', #5432, #6557, #1065, .T. ) ;
#7601 = FILL_AREA_STYLE_COLOUR ( '', #9148 ) ;
#7602 = FILL_AREA_STYLE ('',( #1128 ) ) ;
#7603 = EDGE_CURVE ( 'NONE', #7660, #8011, #8466, .T. ) ;
#7604 = AXIS2_PLACEMENT_3D ( 'NONE', #552, #5591, #1272 ) ;
#7605 = SURFACE_STYLE_FILL_AREA ( #4084 ) ;
#7606 = DIRECTION ( 'NONE',  ( 1.000000000000000000, 0.0000000000000000000, -2.710505431213761100E-016 ) ) ;
#7607 = CARTESIAN_POINT ( 'NONE',  ( -0.3379200631301512200, 0.4799999999999999800, 0.08924856655951159100 ) ) ;
#7608 = CARTESIAN_POINT ( 'NONE',  ( -0.01844418706369705500, 0.4798999999999999400, 0.06571708651800538300 ) ) ;
#7609 = AXIS2_PLACEMENT_3D ( 'NONE', #5578, #542, #1254 ) ;
#7610 = CARTESIAN_POINT ( 'NONE',  ( -0.08360452318380823300, 0.4798999999999999400, -0.001303761281976897600 ) ) ;
#7611 = ADVANCED_FACE ( 'NONE', ( #856 ), #7249, .F. ) ;
#7612 = CARTESIAN_POINT ( 'NONE',  ( 0.4455334625108746100, 0.4798999999999999400, -0.06039085651741150900 ) ) ;
#7613 = CARTESIAN_POINT ( 'NONE',  ( -0.06287916413657246300, 0.4799999999999999800, -0.08675527578161343300 ) ) ;
#7614 = CARTESIAN_POINT ( 'NONE',  ( 0.2720360169126763700, 0.4799999999999999800, 0.08243041134035139500 ) ) ;
#7615 = CARTESIAN_POINT ( 'NONE',  ( 0.2130855740997273900, 0.4798999999999999400, 0.08805895200083331500 ) ) ;
#7616 = B_SPLINE_CURVE_WITH_KNOTS ( 'NONE', 3,
 ( #234, #8815, #8128, #3845, #8842, #4568, #262, #5274, #986, #6018, #1703, #6724, #2443, #7439, #3164, #8163, #3880, #8872, #4593, #298, #5311, #1011, #6043, #1742, #6748, #2474, #7474 ),
 .UNSPECIFIED., .F., .F.,
 ( 4, 1, 1, 1, 1, 1, 1, 1, 1, 1, 1, 1, 1, 1, 1, 1, 1, 1, 1, 1, 1, 1, 1, 1, 4 ),
 ( 0.0000000000000000000, 0.05249258492129586800, 0.1028254751380327400, 0.1513973394924577900, 0.1980330772483325000, 0.2428758954632241100, 0.2859991683849086900, 0.3278486614843786300, 0.3683945968796912800, 0.4078519911389196200, 0.4468375528599371500, 0.4851660451611075600, 0.5233414044713736700, 0.5616022144094737800, 0.5999198855663566700, 0.6384964264110082300, 0.6777905770472508800, 0.7172899891758323100, 0.7566052415928192800, 0.7960678905323556000, 0.8358862309537683500, 0.8757136832726161200, 0.9162634539474126000, 0.9577596754778292500, 1.000000000000000000 ),
 .UNSPECIFIED. ) ;
#7617 = DIRECTION ( 'NONE',  ( 0.0000000000000000000, -0.0000000000000000000, 1.000000000000000000 ) ) ;
#7618 = CARTESIAN_POINT ( 'NONE',  ( -0.09550769330598385400, 0.4798999999999999900, -0.08972654351245186500 ) ) ;
#7619 = EDGE_CURVE ( 'NONE', #7383, #1852, #3755, .T. ) ;
#7620 = CARTESIAN_POINT ( 'NONE',  ( -0.4972149349250228900, 0.4799999999999999800, 0.02771010502105003500 ) ) ;
#7621 = CARTESIAN_POINT ( 'NONE',  ( -0.6800000000000000500, 0.4299999999999999400, 0.3799999999999998900 ) ) ;
#7622 = CARTESIAN_POINT ( 'NONE',  ( -0.07978705030963835500, 0.4798999999999999400, 0.09181266912361417400 ) ) ;
#7623 = ORIENTED_EDGE ( 'NONE', *, *, #5663, .T. ) ;
#7624 = PRESENTATION_STYLE_ASSIGNMENT (( #247 ) ) ;
#7625 = DIRECTION ( 'NONE',  ( -1.000000000000000000, 0.0000000000000000000, 0.0000000000000000000 ) ) ;
#7626 = CARTESIAN_POINT ( 'NONE',  ( -0.02985627019083636500, 0.4798999999999999400, -0.009386043318568472100 ) ) ;
#7627 = CARTESIAN_POINT ( 'NONE',  ( 0.1035559328613118000, 0.4798999999999999400, 0.06292495138189023500 ) ) ;
#7628 =( NAMED_UNIT ( * ) PLANE_ANGLE_UNIT ( ) SI_UNIT ( $, .RADIAN. ) );
#7629 =( NAMED_UNIT ( * ) SI_UNIT ( $, .STERADIAN. ) SOLID_ANGLE_UNIT ( ) );
#7630 = CARTESIAN_POINT ( 'NONE',  ( 0.3300000000000063400, 0.0000000000000000000, 0.4300000000000032100 ) ) ;
#7631 = CARTESIAN_POINT ( 'NONE',  ( -0.03758581324067734900, 0.4799999999999999800, -0.01391525974260285300 ) ) ;
#7632 = UNCERTAINTY_MEASURE_WITH_UNIT (LENGTH_MEASURE( 1.000000000000000100E-005 ), #264, 'distance_accuracy_value', 'NONE');
#7633 = MECHANICAL_DESIGN_GEOMETRIC_PRESENTATION_REPRESENTATION (  '', ( #6195 ), #8118 ) ;
#7634 = CARTESIAN_POINT ( 'NONE',  ( -0.03785048328347077900, 0.4799999999999997600, 0.08205928274364833500 ) ) ;
#7635 = MECHANICAL_DESIGN_GEOMETRIC_PRESENTATION_REPRESENTATION (  '', ( #6199 ), #8121 ) ;
#7636 = FILL_AREA_STYLE ('',( #114 ) ) ;
#7637 = CARTESIAN_POINT ( 'NONE',  ( -0.2251639435427840500, 0.4798999999999999400, -0.05471174427044239000 ) ) ;
#7638 = CARTESIAN_POINT ( 'NONE',  ( -0.7499999999999997800, 0.4099999999999999200, -0.3799999999999998900 ) ) ;
#7639 = DIRECTION ( 'NONE',  ( -0.0000000000000000000, 1.000000000000000000, -0.0000000000000000000 ) ) ;
#7640 = CARTESIAN_POINT ( 'NONE',  ( 0.1864140810680234300, 0.4799999999999997000, 0.06808537590771603100 ) ) ;
#7641 =( NAMED_UNIT ( * ) SI_UNIT ( $, .STERADIAN. ) SOLID_ANGLE_UNIT ( ) );
#7642 = VECTOR ( 'NONE', #6863, 1000.000000000000000 ) ;
#7643 = CARTESIAN_POINT ( 'NONE',  ( -0.1275817352138010900, 0.4798999999999999900, -0.06340142333091181000 ) ) ;
#7644 = CARTESIAN_POINT ( 'NONE',  ( 0.1492408512516483500, 0.4798999999999999400, -0.01179319438451948700 ) ) ;
#7645 = CARTESIAN_POINT ( 'NONE',  ( -0.03535596056604862300, 0.4799999999999999800, 0.03383991271335774800 ) ) ;
#7646 = PRESENTATION_STYLE_ASSIGNMENT (( #809 ) ) ;
#7647 = EDGE_CURVE ( 'NONE', #7332, #1374, #5920, .T. ) ;
#7648 = SURFACE_SIDE_STYLE ('',( #8648 ) ) ;
#7649 = CARTESIAN_POINT ( 'NONE',  ( -0.7248313850588195000, 0.4799999999999999800, 0.5298445903071964400 ) ) ;
#7650 = CARTESIAN_POINT ( 'NONE',  ( 0.4535230106514431300, 0.4799999999999999800, -0.08519875633966538000 ) ) ;
#7651 = LINE ( 'NONE', #748, #2176 ) ;
#7652 = MECHANICAL_DESIGN_GEOMETRIC_PRESENTATION_REPRESENTATION (  '', ( #6224 ), #8135 ) ;
#7653 = CARTESIAN_POINT ( 'NONE',  ( -0.2043522365294199700, 0.4799999999999999800, -0.003864352503014531700 ) ) ;
#7654 = CARTESIAN_POINT ( 'NONE',  ( -0.007170756465519382100, 0.4798999999999999400, 0.03116802476569254700 ) ) ;
#7655 = SURFACE_STYLE_USAGE ( .BOTH. , #7086 ) ;
#7656 = MECHANICAL_DESIGN_GEOMETRIC_PRESENTATION_REPRESENTATION (  '', ( #6230 ), #8139 ) ;
#7657 = CARTESIAN_POINT ( 'NONE',  ( 0.1194595553023958100, 0.4799999999999998700, 0.03754545363268722800 ) ) ;
#7658 = ADVANCED_FACE ( 'NONE', ( #2094 ), #3719, .F. ) ;
#7659 = CARTESIAN_POINT ( 'NONE',  ( 0.2504075736359697700, 0.4798999999999999400, -0.04392766928028109900 ) ) ;
#7660 = VERTEX_POINT ( 'NONE', #2343 ) ;
#7661 = STYLED_ITEM ( 'NONE', ( #8004 ), #6055 ) ;
#7662 = LINE ( 'NONE', #4015, #1719 ) ;
#7663 = ORIENTED_EDGE ( 'NONE', *, *, #8083, .T. ) ;
#7664 = B_SPLINE_CURVE_WITH_KNOTS ( 'NONE', 3,
 ( #2494, #7496, #8212, #8906, #6744, #2468, #3313, #459, #431, #3370, #497, #4800, #5525, #7590, #6858, #5494, #4772, #6213, #1187, #6926, #1914, #7644, #2651 ),
 .UNSPECIFIED., .F., .F.,
 ( 4, 1, 1, 1, 1, 1, 1, 1, 1, 1, 1, 1, 1, 1, 1, 1, 1, 1, 1, 1, 4 ),
 ( 0.0000000000000000000, 0.05672433721815009500, 0.1114372357370103400, 0.1643678222229007800, 0.2164353724620894900, 0.2676414903219249100, 0.3173597799690274200, 0.3674730633322803600, 0.4182103970528082700, 0.4714042826470198300, 0.5279657201290490800, 0.5880611158232136300, 0.6521342629937143500, 0.6863448363353054100, 0.7232636803169649700, 0.7626102507715415400, 0.8047389366452178900, 0.8494303387909497600, 0.8967112583864921300, 0.9468896380534765900, 1.000000000000000000 ),
 .UNSPECIFIED. ) ;
#7665 = VERTEX_POINT ( 'NONE', #8085 ) ;
#7666 = ORIENTED_EDGE ( 'NONE', *, *, #5023, .T. ) ;
#7667 = FACE_OUTER_BOUND ( 'NONE', #3925, .T. ) ;
#7668 = AXIS2_PLACEMENT_3D ( 'NONE', #6312, #5349, #8253 ) ;
#7669 = COLOUR_RGB ( '',1.000000000000000000, 1.000000000000000000, 0.5019607843137254800 ) ;
#7670 = CARTESIAN_POINT ( 'NONE',  ( 0.5113652178394299000, 0.4798999999999999900, 0.04376363189639433800 ) ) ;
#7671 = CARTESIAN_POINT ( 'NONE',  ( -0.007617771517981123900, 0.4799999999999999800, 0.02476323159672952400 ) ) ;
#7672 = AXIS2_PLACEMENT_3D ( 'NONE', #6716, #2433, #7425 ) ;
#7673 = VERTEX_POINT ( 'NONE', #3686 ) ;
#7674 = CARTESIAN_POINT ( 'NONE',  ( 0.7374999999999962700, 0.4299999999999999400, -0.4999999999999813500 ) ) ;
#7675 = CARTESIAN_POINT ( 'NONE',  ( -0.2174072426173306600, 0.4798999999999999400, 0.03155625886720389600 ) ) ;
#7676 = LINE ( 'NONE', #958, #2197 ) ;
#7677 = LINE ( 'NONE', #3020, #2198 ) ;
#7678 = CARTESIAN_POINT ( 'NONE',  ( 0.5825927573826695800, 0.4798999999999999400, -0.1107514334404883400 ) ) ;
#7679 = ORIENTED_EDGE ( 'NONE', *, *, #4174, .F. ) ;
#7680 = FILL_AREA_STYLE ('',( #6953 ) ) ;
#7681 = VECTOR ( 'NONE', #8046, 1000.000000000000000 ) ;
#7682 = SURFACE_SIDE_STYLE ('',( #8117 ) ) ;
#7683 = LINE ( 'NONE', #6319, #3885 ) ;
#7684 = CARTESIAN_POINT ( 'NONE',  ( -0.06198120213734824300, 0.4798999999999999400, 0.06624179164179694300 ) ) ;
#7685 = EDGE_CURVE ( 'NONE', #6226, #336, #8800, .T. ) ;
#7686 = FILL_AREA_STYLE ('',( #503 ) ) ;
#7687 = ORIENTED_EDGE ( 'NONE', *, *, #4988, .T. ) ;
#7688 = LINE ( 'NONE', #3883, #1973 ) ;
#7689 = CARTESIAN_POINT ( 'NONE',  ( 0.3184901932801054200, 0.4798999999999999400, -0.1107514334404884300 ) ) ;
#7690 = CARTESIAN_POINT ( 'NONE',  ( 0.2005414753313876900, 0.4798999999999999400, 0.03283831014925515200 ) ) ;
#7691 = CARTESIAN_POINT ( 'NONE',  ( 0.02361835048342529600, 0.4798999999999999400, 0.02807624212241274800 ) ) ;
#7692 =( LENGTH_UNIT ( ) NAMED_UNIT ( * ) SI_UNIT ( .MILLI., .METRE. ) );
#7693 = VECTOR ( 'NONE', #3264, 1000.000000000000000 ) ;
#7694 = CARTESIAN_POINT ( 'NONE',  ( 0.2818612018334171200, 0.4799999999999994800, -0.03021055763244986900 ) ) ;
#7695 = AXIS2_PLACEMENT_3D ( 'NONE', #901, #5939, #1625 ) ;
#7696 = ORIENTED_EDGE ( 'NONE', *, *, #1185, .T. ) ;
#7697 = CARTESIAN_POINT ( 'NONE',  ( -0.07092714034021147000, 0.4799999999999999800, -0.08902580864064145400 ) ) ;
#7698 =( GEOMETRIC_REPRESENTATION_CONTEXT ( 3 ) GLOBAL_UNCERTAINTY_ASSIGNED_CONTEXT ( ( #1310 ) ) GLOBAL_UNIT_ASSIGNED_CONTEXT ( ( #5066, #780, #5817 ) ) REPRESENTATION_CONTEXT ( 'NONE', 'WORKASPACE' ) );
#7699 = CARTESIAN_POINT ( 'NONE',  ( -0.2094564524055660700, 0.4798999999999999400, 0.07628453515512828600 ) ) ;
#7700 = CARTESIAN_POINT ( 'NONE',  ( 0.05432869354177143800, 0.4798999999999999400, 0.08438344057555320600 ) ) ;
#7701 = CARTESIAN_POINT ( 'NONE',  ( 0.5239389112288233000, 0.4800000000000000400, 0.02001779732874236000 ) ) ;
#7702 = SURFACE_STYLE_USAGE ( .BOTH. , #2704 ) ;
#7703 = DIRECTION ( 'NONE',  ( -1.000000000000000000, 0.0000000000000000000, 0.0000000000000000000 ) ) ;
#7704 = EDGE_LOOP ( 'NONE', ( #6347, #6558, #7933, #3005 ) ) ;
#7705 = ADVANCED_FACE ( 'NONE', ( #1413 ), #5235, .F. ) ;
#7706 = FILL_AREA_STYLE_COLOUR ( '', #2868 ) ;
#7707 = DIRECTION ( 'NONE',  ( 1.260700200564539800E-016, 0.0000000000000000000, 1.000000000000000000 ) ) ;
#7708 = CARTESIAN_POINT ( 'NONE',  ( -0.007210092368792714700, 0.4798999999999999400, 0.02858228420897854900 ) ) ;
#7709 = CARTESIAN_POINT ( 'NONE',  ( 0.07711550795373538200, 0.4799999999999999800, -0.08691683911642816800 ) ) ;
#7710 = MECHANICAL_DESIGN_GEOMETRIC_PRESENTATION_REPRESENTATION (  '', ( #6280 ), #8187 ) ;
#7711 = CARTESIAN_POINT ( 'NONE',  ( 0.02839404318362426200, 0.4798999999999999400, 0.04865137584738724000 ) ) ;
#7712 =( GEOMETRIC_REPRESENTATION_CONTEXT ( 3 ) GLOBAL_UNCERTAINTY_ASSIGNED_CONTEXT ( ( #3613 ) ) GLOBAL_UNIT_ASSIGNED_CONTEXT ( ( #7441, #3167, #8165 ) ) REPRESENTATION_CONTEXT ( 'NONE', 'WORKASPACE' ) );
#7713 = VECTOR ( 'NONE', #2040, 1000.000000000000000 ) ;
#7714 = ORIENTED_EDGE ( 'NONE', *, *, #6623, .T. ) ;
#7715 = ORIENTED_EDGE ( 'NONE', *, *, #2421, .F. ) ;
#7716 = CARTESIAN_POINT ( 'NONE',  ( -0.03821822900172235100, 0.4799999999999999800, 0.04688309419696026100 ) ) ;
#7717 = CARTESIAN_POINT ( 'NONE',  ( -0.6799999999999998300, 0.4799999999999999800, -0.3799999999999998400 ) ) ;
#7718 = CARTESIAN_POINT ( 'NONE',  ( -0.2360097047974040500, 0.4799999999999999800, -0.03241956585339412400 ) ) ;
#7719 = CARTESIAN_POINT ( 'NONE',  ( -0.2507990473211873500, 0.4798999999999999400, -0.08658625885347540100 ) ) ;
#7720 = CARTESIAN_POINT ( 'NONE',  ( 0.2299455961912195700, 0.4798999999999999400, 0.06824815069004411300 ) ) ;
#7721 =( NAMED_UNIT ( * ) SI_UNIT ( $, .STERADIAN. ) SOLID_ANGLE_UNIT ( ) );
#7722 =( NAMED_UNIT ( * ) PLANE_ANGLE_UNIT ( ) SI_UNIT ( $, .RADIAN. ) );
#7723 = CARTESIAN_POINT ( 'NONE',  ( -0.2380650438063256200, 0.4798999999999999400, -0.1084050912270237300 ) ) ;
#7724 = CARTESIAN_POINT ( 'NONE',  ( 0.3021875179232326200, 0.4798999999999999400, 0.007116590152036028600 ) ) ;
#7725 = EDGE_CURVE ( 'NONE', #8568, #7256, #8052, .T. ) ;
#7726 = STYLED_ITEM ( 'NONE', ( #3261 ), #213 ) ;
#7727 = EDGE_CURVE ( 'NONE', #4968, #7538, #4457, .T. ) ;
#7728 = PRESENTATION_LAYER_ASSIGNMENT (  '', '', ( #6770 ) ) ;
#7729 = DIRECTION ( 'NONE',  ( 0.0000000000000000000, 1.000000000000000000, 0.0000000000000000000 ) ) ;
#7730 = SURFACE_SIDE_STYLE ('',( #5342 ) ) ;
#7731 = ORIENTED_EDGE ( 'NONE', *, *, #6350, .T. ) ;
#7732 = CARTESIAN_POINT ( 'NONE',  ( 0.1155914086579917000, 0.4799999999999999800, -0.06762977501357908500 ) ) ;
#7733 = CARTESIAN_POINT ( 'NONE',  ( 0.2353263352067849500, 0.4799999999999999800, -0.02094951570079366100 ) ) ;
#7734 = CARTESIAN_POINT ( 'NONE',  ( 0.02124601488228773600, 0.4799999999999999800, 0.003818150772442295200 ) ) ;
#7735 =( NAMED_UNIT ( * ) PLANE_ANGLE_UNIT ( ) SI_UNIT ( $, .RADIAN. ) );
#7736 = CARTESIAN_POINT ( 'NONE',  ( 0.2733261166004520800, 0.4799999999999999800, 0.04525267302033288100 ) ) ;
#7737 = SURFACE_SIDE_STYLE ('',( #1031 ) ) ;
#7738 = CARTESIAN_POINT ( 'NONE',  ( 0.3967353855877976400, 0.4799999999999999800, 0.02574696399540898900 ) ) ;
#7739 = ORIENTED_EDGE ( 'NONE', *, *, #2473, .T. ) ;
#7740 = CARTESIAN_POINT ( 'NONE',  ( 0.05827384712625907600, 0.4798999999999999400, -0.07397258728664228600 ) ) ;
#7741 = EDGE_CURVE ( 'NONE', #8229, #8351, #2546, .T. ) ;
#7742 = CARTESIAN_POINT ( 'NONE',  ( 0.02105429584420780800, 0.4800000000000000900, -0.009389253953308930200 ) ) ;
#7743 = LINE ( 'NONE', #8158, #2031 ) ;
#7744 = CARTESIAN_POINT ( 'NONE',  ( -0.2250995503096383200, 0.4798999999999999400, -0.05642451036356533500 ) ) ;
#7745 = CARTESIAN_POINT ( 'NONE',  ( -0.1043561649828923900, 0.4800000000000000400, -0.08812116859260738000 ) ) ;
#7746 = CARTESIAN_POINT ( 'NONE',  ( 0.2972145065672451300, 0.4798999999999999400, 0.05170498506211846500 ) ) ;
#7747 =( NAMED_UNIT ( * ) SI_UNIT ( $, .STERADIAN. ) SOLID_ANGLE_UNIT ( ) );
#7748 = VECTOR ( 'NONE', #7181, 1000.000000000000000 ) ;
#7749 = FILL_AREA_STYLE_COLOUR ( '', #2284 ) ;
#7750 = ADVANCED_FACE ( 'NONE', ( #4218 ), #5563, .T. ) ;
#7751 = CARTESIAN_POINT ( 'NONE',  ( -0.2373819898310426700, 0.4799999999999999800, 0.06308042266801505700 ) ) ;
#7752 = CARTESIAN_POINT ( 'NONE',  ( -0.01185988496887053500, 0.4799999999999999800, 0.01062351874225572600 ) ) ;
#7753 = B_SPLINE_CURVE_WITH_KNOTS ( 'NONE', 3,
 ( #6781, #1766, #3223, #8214, #4044, #9049, #4775, #464, #5499, #1189, #6221 ),
 .UNSPECIFIED., .F., .F.,
 ( 4, 1, 1, 1, 1, 1, 1, 1, 4 ),
 ( 0.0000000000000000000, 0.08388811327954566500, 0.1771540327539696500, 0.2825136355617229300, 0.3993998606601628600, 0.5294908061912203500, 0.6728021776758328400, 0.8295357616196701300, 1.000000000000000000 ),
 .UNSPECIFIED. ) ;
#7754 = CARTESIAN_POINT ( 'NONE',  ( 0.2936711956114460000, 0.4798999999999999400, -0.01631886631771981400 ) ) ;
#7755 = CARTESIAN_POINT ( 'NONE',  ( 0.4509627071140558400, 0.4799999999999999800, -0.07902419223646857400 ) ) ;
#7756 = CARTESIAN_POINT ( 'NONE',  ( -0.02116036094384465500, 0.4798999999999999400, -0.08434467526248010100 ) ) ;
#7757 = FILL_AREA_STYLE ('',( #4848 ) ) ;
#7758 = CARTESIAN_POINT ( 'NONE',  ( 0.2031055778954899100, 0.4799999999999999800, -0.003059125748180720700 ) ) ;
#7759 = VECTOR ( 'NONE', #4718, 1000.000000000000000 ) ;
#7760 = STYLED_ITEM ( 'NONE', ( #8904 ), #3999 ) ;
#7761 = LINE ( 'NONE', #3148, #359 ) ;
#7762 = CARTESIAN_POINT ( 'NONE',  ( -0.2269024349250230200, 0.4800000000000000900, -0.01587963856869354900 ) ) ;
#7763 =( NAMED_UNIT ( * ) PLANE_ANGLE_UNIT ( ) SI_UNIT ( $, .RADIAN. ) );
#7764 = ORIENTED_EDGE ( 'NONE', *, *, #8737, .T. ) ;
#7765 =( NAMED_UNIT ( * ) PLANE_ANGLE_UNIT ( ) SI_UNIT ( $, .RADIAN. ) );
#7766 = STYLED_ITEM ( 'NONE', ( #6660 ), #4542 ) ;
#7767 = ORIENTED_EDGE ( 'NONE', *, *, #4566, .T. ) ;
#7768 = CARTESIAN_POINT ( 'NONE',  ( -0.007170756465519382100, 0.4799999999999999800, 0.03116802476569254700 ) ) ;
#7769 = EDGE_LOOP ( 'NONE', ( #6765, #5012, #3868, #8901 ) ) ;
#7770 = SURFACE_SIDE_STYLE ('',( #816 ) ) ;
#7771 = LINE ( 'NONE', #3235, #2058 ) ;
#7772 = LINE ( 'NONE', #1865, #5420 ) ;
#7773 = EDGE_LOOP ( 'NONE', ( #2736, #4635, #2902, #8774 ) ) ;
#7774 = EDGE_CURVE ( 'NONE', #2102, #7042, #5460, .T. ) ;
#7775 = EDGE_LOOP ( 'NONE', ( #2221, #7549, #4425, #8109, #8513, #8434 ) ) ;
#7776 = CARTESIAN_POINT ( 'NONE',  ( 0.03452472669895291500, 0.4799999999999999800, -0.08163327420180636900 ) ) ;
#7777 =( LENGTH_UNIT ( ) NAMED_UNIT ( * ) SI_UNIT ( .MILLI., .METRE. ) );
#7778 = ORIENTED_EDGE ( 'NONE', *, *, #7784, .T. ) ;
#7779 = CARTESIAN_POINT ( 'NONE',  ( -0.1276636528737408700, 0.4799999999999999800, -0.06039085651741150200 ) ) ;
#7780 = CARTESIAN_POINT ( 'NONE',  ( -0.04312218095120559600, 0.4799999999999999800, 0.01485409553723475600 ) ) ;
#7781 = EDGE_LOOP ( 'NONE', ( #4066, #4491, #8216, #732 ) ) ;
#7782 = DIRECTION ( 'NONE',  ( -0.0000000000000000000, -1.000000000000000000, -0.0000000000000000000 ) ) ;
#7783 = CARTESIAN_POINT ( 'NONE',  ( -0.1894081454857630400, 0.4799999999999998700, 0.03873936103652583100 ) ) ;
#7784 = EDGE_CURVE ( 'NONE', #4975, #3535, #1650, .T. ) ;
#7785 = FILL_AREA_STYLE_COLOUR ( '', #4524 ) ;
#7786 = VECTOR ( 'NONE', #3078, 1000.000000000000000 ) ;
#7787 =( GEOMETRIC_REPRESENTATION_CONTEXT ( 3 ) GLOBAL_UNCERTAINTY_ASSIGNED_CONTEXT ( ( #8757 ) ) GLOBAL_UNIT_ASSIGNED_CONTEXT ( ( #4637, #338, #5361 ) ) REPRESENTATION_CONTEXT ( 'NONE', 'WORKASPACE' ) );
#7788 = UNCERTAINTY_MEASURE_WITH_UNIT (LENGTH_MEASURE( 1.000000000000000100E-005 ), #5467, 'distance_accuracy_value', 'NONE');
#7789 = ORIENTED_EDGE ( 'NONE', *, *, #1450, .T. ) ;
#7790 = CARTESIAN_POINT ( 'NONE',  ( -0.01044709173744335000, 0.4798999999999999400, 0.01399243712467378500 ) ) ;
#7791 = LINE ( 'NONE', #2129, #164 ) ;
#7792 = VECTOR ( 'NONE', #7982, 1000.000000000000000 ) ;
#7793 = VECTOR ( 'NONE', #3753, 1000.000000000000000 ) ;
#7794 = SURFACE_STYLE_USAGE ( .BOTH. , #2801 ) ;
#7795 = STYLED_ITEM ( 'NONE', ( #4072 ), #1161 ) ;
#7796 = FILL_AREA_STYLE ('',( #4814 ) ) ;
#7797 = CARTESIAN_POINT ( 'NONE',  ( -0.2630402554378434800, 0.4798999999999999400, -0.1107514334404884200 ) ) ;
#7798 = CARTESIAN_POINT ( 'NONE',  ( -0.2269024349250230200, 0.4798999999999999400, -0.01587963856869354900 ) ) ;
#7799 = VERTEX_POINT ( 'NONE', #3299 ) ;
#7800 = LINE ( 'NONE', #6842, #173 ) ;
#7801 = CARTESIAN_POINT ( 'NONE',  ( 0.08772538748820649100, 0.4799999999999999800, -0.1106759205485954400 ) ) ;
#7802 = EDGE_CURVE ( 'NONE', #7917, #5683, #4715, .T. ) ;
#7803 = CARTESIAN_POINT ( 'NONE',  ( -0.2043522365294199700, 0.4798999999999999400, -0.003864352503014531700 ) ) ;
#7804 = ADVANCED_FACE ( 'NONE', ( #7136 ), #2485, .T. ) ;
#7805 = CARTESIAN_POINT ( 'NONE',  ( 0.1135960444899760900, 0.4799999999999996500, -0.1044558087498292400 ) ) ;
#7806 = DIRECTION ( 'NONE',  ( 0.0000000000000000000, 1.000000000000000000, 0.0000000000000000000 ) ) ;
#7807 = DIRECTION ( 'NONE',  ( -1.000000000000000000, 0.0000000000000000000, 0.0000000000000000000 ) ) ;
#7808 = CARTESIAN_POINT ( 'NONE',  ( 0.1749004496903617500, 0.4798999999999999400, 0.03540241271335774900 ) ) ;
#7809 = ORIENTED_EDGE ( 'NONE', *, *, #2684, .T. ) ;
#7810 = CARTESIAN_POINT ( 'NONE',  ( -0.02394923821442552700, 0.4799999999999999800, 0.07193238821532989300 ) ) ;
#7811 = CARTESIAN_POINT ( 'NONE',  ( 0.08340614431407689100, 0.4799999999999999800, -0.1107241482646432600 ) ) ;
#7812 = CARTESIAN_POINT ( 'NONE',  ( 0.04727867973543976200, 0.4798999999999999400, 0.01226084434581784300 ) ) ;
#7813 = CARTESIAN_POINT ( 'NONE',  ( -0.6799999999999998300, 0.4799999999999999800, -0.4499999999999999000 ) ) ;
#7814 =( NAMED_UNIT ( * ) SI_UNIT ( $, .STERADIAN. ) SOLID_ANGLE_UNIT ( ) );
#7815 = SURFACE_SIDE_STYLE ('',( #6115 ) ) ;
#7816 = CARTESIAN_POINT ( 'NONE',  ( 0.1491816909009880400, 0.4799999999999999800, -0.0009867004230227191400 ) ) ;
#7817 = CARTESIAN_POINT ( 'NONE',  ( -0.2291091149263282100, 0.4799999999999999800, 0.004785741720727017600 ) ) ;
#7818 = VERTEX_POINT ( 'NONE', #2571 ) ;
#7819 = SURFACE_STYLE_USAGE ( .BOTH. , #7219 ) ;
#7820 = CARTESIAN_POINT ( 'NONE',  ( -0.2094564524055660700, 0.4798999999999999400, 0.07628453515512828600 ) ) ;
#7821 = ORIENTED_EDGE ( 'NONE', *, *, #7422, .T. ) ;
#7822 = CARTESIAN_POINT ( 'NONE',  ( -0.01044709173744335000, 0.4799999999999999800, 0.01399243712467378500 ) ) ;
#7823 = PRESENTATION_LAYER_ASSIGNMENT (  '', '', ( #6846 ) ) ;
#7824 = CARTESIAN_POINT ( 'NONE',  ( -0.2307718394007304800, 0.4798999999999999400, 0.05978159884385608700 ) ) ;
#7825 = PRESENTATION_LAYER_ASSIGNMENT (  '', '', ( #6396 ) ) ;
#7826 = ORIENTED_EDGE ( 'NONE', *, *, #1246, .F. ) ;
#7827 = CARTESIAN_POINT ( 'NONE',  ( 0.7499999999999998900, 0.4099999999999999200, -0.3799999999999998900 ) ) ;
#7828 = CARTESIAN_POINT ( 'NONE',  ( 0.2772394408272944000, 0.4799999999999999800, -0.03392495309225966600 ) ) ;
#7829 = CARTESIAN_POINT ( 'NONE',  ( -0.1915833910462871000, 0.4800000000000000900, 0.01586690085233346400 ) ) ;
#7830 = CARTESIAN_POINT ( 'NONE',  ( 0.1425922868610773900, 0.4798999999999999400, -0.06453453379923532200 ) ) ;
#7831 = CARTESIAN_POINT ( 'NONE',  ( 0.04669532148523342800, 0.4798999999999999400, -0.009469382158437138600 ) ) ;
#7832 = CARTESIAN_POINT ( 'NONE',  ( -0.2230688344906436600, 0.4798999999999999400, 0.05197725654786820200 ) ) ;
#7833 = CARTESIAN_POINT ( 'NONE',  ( -0.2185930155690281600, 0.4798999999999999400, 0.02105205396695571500 ) ) ;
#7834 = CARTESIAN_POINT ( 'NONE',  ( -0.08175041552954857800, 0.4798999999999999400, -0.02802953165555570300 ) ) ;
#7835 = AXIS2_PLACEMENT_3D ( 'NONE', #578, #5615, #1306 ) ;
#7836 = STYLED_ITEM ( 'NONE', ( #2607 ), #5463 ) ;
#7837 =( GEOMETRIC_REPRESENTATION_CONTEXT ( 3 ) GLOBAL_UNCERTAINTY_ASSIGNED_CONTEXT ( ( #5849 ) ) GLOBAL_UNIT_ASSIGNED_CONTEXT ( ( #8523, #4242, #9258 ) ) REPRESENTATION_CONTEXT ( 'NONE', 'WORKASPACE' ) );
#7838 = DIRECTION ( 'NONE',  ( -0.2779964627188521400, 0.0000000000000000000, 0.9605820978530704700 ) ) ;
#7839 = CARTESIAN_POINT ( 'NONE',  ( 0.08120528635082770200, 0.4798999999999999400, 0.06858814833841847500 ) ) ;
#7840 = CARTESIAN_POINT ( 'NONE',  ( -0.1096979333544499400, 0.4798999999999999400, 0.08859296449965098400 ) ) ;
#7841 = DIRECTION ( 'NONE',  ( -0.2201696736696640800, 0.0000000000000000000, -0.9754615906309144200 ) ) ;
#7842 = CARTESIAN_POINT ( 'NONE',  ( 0.1276230948741368900, 0.4799999999999999800, 0.07456518512417424600 ) ) ;
#7843 = SURFACE_STYLE_USAGE ( .BOTH. , #7873 ) ;
#7844 = CARTESIAN_POINT ( 'NONE',  ( -0.2457120583955844700, 0.4799999999999998700, 0.08848679040881266000 ) ) ;
#7845 = ADVANCED_FACE ( 'NONE', ( #2663 ), #6082, .F. ) ;
#7846 = VERTEX_POINT ( 'NONE', #1806 ) ;
#7847 = FACE_OUTER_BOUND ( 'NONE', #7463, .T. ) ;
#7848 = STYLED_ITEM ( 'NONE', ( #1796 ), #8965 ) ;
#7849 = DIRECTION ( 'NONE',  ( 1.000000000000000000, 0.0000000000000000000, 0.0000000000000000000 ) ) ;
#7850 = CARTESIAN_POINT ( 'NONE',  ( -0.2542335652187368000, 0.4799999999999999800, -0.08698712833346206000 ) ) ;
#7851 = CARTESIAN_POINT ( 'NONE',  ( 0.2735746229142497800, 0.4799999999999995900, 0.0004605687269530686600 ) ) ;
#7852 = VECTOR ( 'NONE', #537, 1000.000000000000100 ) ;
#7853 = CARTESIAN_POINT ( 'NONE',  ( 0.02144456028855442500, 0.4798999999999999400, -0.02603626305378659000 ) ) ;
#7854 = CARTESIAN_POINT ( 'NONE',  ( -0.08102903748912550200, 0.4798999999999999400, 0.06873574604669108200 ) ) ;
#7855 = UNCERTAINTY_MEASURE_WITH_UNIT (LENGTH_MEASURE( 1.000000000000000100E-005 ), #3043, 'distance_accuracy_value', 'NONE');
#7856 = CARTESIAN_POINT ( 'NONE',  ( -0.08102903748912550200, 0.4799999999999999800, 0.06873574604669108200 ) ) ;
#7857 = CARTESIAN_POINT ( 'NONE',  ( 0.1486486213152760600, 0.4799999999999996500, -0.02970659590885668700 ) ) ;
#7858 = CARTESIAN_POINT ( 'NONE',  ( 0.04727867973543976200, 0.4798999999999999400, 0.01226084434581784300 ) ) ;
#7859 = CARTESIAN_POINT ( 'NONE',  ( -0.2379398120100880400, 0.4799999999999998700, 0.0001155361708582900100 ) ) ;
#7860 = SURFACE_STYLE_USAGE ( .BOTH. , #2877 ) ;
#7861 = EDGE_CURVE ( 'NONE', #729, #190, #3894, .T. ) ;
#7862 = EDGE_CURVE ( 'NONE', #6147, #4991, #9005, .T. ) ;
#7863 = DIRECTION ( 'NONE',  ( 0.3468370040950322600, 0.0000000000000000000, -0.9379254195245924100 ) ) ;
#7864 = FILL_AREA_STYLE ('',( #1426 ) ) ;
#7865 = CARTESIAN_POINT ( 'NONE',  ( 0.2396492046109731700, 0.4798999999999999400, 0.09175490055704214900 ) ) ;
#7866 = DIRECTION ( 'NONE',  ( 0.0000000000000000000, 0.0000000000000000000, -1.000000000000000000 ) ) ;
#7867 = VECTOR ( 'NONE', #1118, 1000.000000000000100 ) ;
#7868 = FILL_AREA_STYLE ('',( #7154 ) ) ;
#7869 = CARTESIAN_POINT ( 'NONE',  ( -0.1369533469639187800, 0.4799999999999998700, 0.07600146924552876600 ) ) ;
#7870 = CARTESIAN_POINT ( 'NONE',  ( 0.2647122879903848800, 0.4799999999999999800, -0.01221868805007557700 ) ) ;
#7871 = DIRECTION ( 'NONE',  ( 1.000000000000000000, 0.0000000000000000000, 0.0000000000000000000 ) ) ;
#7872 =( GEOMETRIC_REPRESENTATION_CONTEXT ( 3 ) GLOBAL_UNCERTAINTY_ASSIGNED_CONTEXT ( ( #1043 ) ) GLOBAL_UNIT_ASSIGNED_CONTEXT ( ( #1930, #6946, #2671 ) ) REPRESENTATION_CONTEXT ( 'NONE', 'WORKASPACE' ) );
#7873 = SURFACE_SIDE_STYLE ('',( #6007 ) ) ;
#7874 = SURFACE_SIDE_STYLE ('',( #704 ) ) ;
#7875 = FACE_OUTER_BOUND ( 'NONE', #5806, .T. ) ;
#7876 = VERTEX_POINT ( 'NONE', #6116 ) ;
#7877 = LINE ( 'NONE', #782, #462 ) ;
#7878 = SURFACE_STYLE_FILL_AREA ( #7394 ) ;
#7879 = CARTESIAN_POINT ( 'NONE',  ( -0.6799999999999998300, 0.4299999999999999400, -0.4499999999999999000 ) ) ;
#7880 =( NAMED_UNIT ( * ) SI_UNIT ( $, .STERADIAN. ) SOLID_ANGLE_UNIT ( ) );
#7881 = B_SPLINE_CURVE_WITH_KNOTS ( 'NONE', 3,
 ( #7645, #2581, #3344, #3371, #8364, #4070, #9072, #4801, #498, #5526, #1216 ),
 .UNSPECIFIED., .F., .F.,
 ( 4, 1, 1, 1, 1, 1, 1, 1, 4 ),
 ( 0.0000000000000000000, 0.1177675192120363300, 0.2301764485440568100, 0.3398429589695385300, 0.4506252599208620500, 0.5669428888721623800, 0.6960213064547944300, 0.8394383602270613100, 1.000000000000000000 ),
 .UNSPECIFIED. ) ;
#7882 = CARTESIAN_POINT ( 'NONE',  ( 0.2547407702587632400, 0.4798999999999999400, -0.01821646979768739800 ) ) ;
#7883 = ORIENTED_EDGE ( 'NONE', *, *, #3607, .F. ) ;
#7884 = VERTEX_POINT ( 'NONE', #1871 ) ;
#7885 = CARTESIAN_POINT ( 'NONE',  ( 0.02815457691549751900, 0.4800000000000000900, -0.06656509541211191900 ) ) ;
#7886 = VERTEX_POINT ( 'NONE', #6880 ) ;
#7887 = ORIENTED_EDGE ( 'NONE', *, *, #3607, .T. ) ;
#7888 = VECTOR ( 'NONE', #7196, 1000.000000000000000 ) ;
#7889 = STYLED_ITEM ( 'NONE', ( #2147 ), #7449 ) ;
#7890 = CARTESIAN_POINT ( 'NONE',  ( -0.03541912527250146900, 0.4799999999999999800, 0.03530045005552751700 ) ) ;
#7891 = CARTESIAN_POINT ( 'NONE',  ( -0.1986517577323316200, 0.4798999999999999400, -0.04620680730344347400 ) ) ;
#7892 = PRESENTATION_STYLE_ASSIGNMENT (( #2447 ) ) ;
#7893 = CARTESIAN_POINT ( 'NONE',  ( 0.05761084502109040100, 0.4799999999999999300, 0.05372705571610886200 ) ) ;
#7894 = STYLED_ITEM ( 'NONE', ( #2075 ), #4837 ) ;
#7895 = VECTOR ( 'NONE', #8805, 1000.000000000000000 ) ;
#7896 = CARTESIAN_POINT ( 'NONE',  ( -0.2230688344906436600, 0.4799999999999999800, 0.05197725654786820200 ) ) ;
#7897 = VECTOR ( 'NONE', #6452, 1000.000000000000000 ) ;
#7898 = CARTESIAN_POINT ( 'NONE',  ( -0.2570564806469741200, 0.4799999999999999800, 0.06611026285781372600 ) ) ;
#7899 = ORIENTED_EDGE ( 'NONE', *, *, #883, .T. ) ;
#7900 = CARTESIAN_POINT ( 'NONE',  ( 0.1403171559899196700, 0.4798999999999999400, 0.05289694716536126600 ) ) ;
#7901 = COLOUR_RGB ( '',0.2509803921568627400, 0.2509803921568627400, 0.2509803921568627400 ) ;
#7902 = EDGE_CURVE ( 'NONE', #5432, #7135, #1974, .T. ) ;
#7903 = B_SPLINE_CURVE_WITH_KNOTS ( 'NONE', 3,
 ( #8370, #5532, #6260, #1956, #6962, #2691, #7691, #3406, #8398, #4111, #9122 ),
 .UNSPECIFIED., .F., .F.,
 ( 4, 1, 1, 1, 1, 1, 1, 1, 4 ),
 ( 0.0000000000000000000, 0.09742066817721496700, 0.2008855880393209700, 0.3111719701726503600, 0.4297979458253727300, 0.5577399263645875800, 0.6947152693641586200, 0.8421299102060551000, 1.000000000000000000 ),
 .UNSPECIFIED. ) ;
#7904 = CARTESIAN_POINT ( 'NONE',  ( -0.2444505118480998800, 0.4798999999999999900, -0.02849983087638585300 ) ) ;
#7905 = CARTESIAN_POINT ( 'NONE',  ( 0.3871521149061151700, 0.4799999999999999800, 0.05886818449874793600 ) ) ;
#7906 = CARTESIAN_POINT ( 'NONE',  ( 0.2125055664921425600, 0.4799999999999999800, 0.05974993189913020000 ) ) ;
#7907 = CARTESIAN_POINT ( 'NONE',  ( -0.2452918580019460300, 0.4798999999999999400, 0.06521010502105005500 ) ) ;
#7908 = ORIENTED_EDGE ( 'NONE', *, *, #885, .T. ) ;
#7909 = CARTESIAN_POINT ( 'NONE',  ( -0.1573706304972390700, 0.4798999999999999400, 0.04948483943381474400 ) ) ;
#7910 = CARTESIAN_POINT ( 'NONE',  ( 0.07174877771603782600, 0.4798999999999999400, 0.09074408115166589200 ) ) ;
#7911 =( LENGTH_UNIT ( ) NAMED_UNIT ( * ) SI_UNIT ( .MILLI., .METRE. ) );
#7912 = DIRECTION ( 'NONE',  ( -0.0000000000000000000, 1.000000000000000000, -0.0000000000000000000 ) ) ;
#7913 = LINE ( 'NONE', #3731, #2202 ) ;
#7914 = EDGE_CURVE ( 'NONE', #8011, #5927, #293, .T. ) ;
#7915 =( GEOMETRIC_REPRESENTATION_CONTEXT ( 3 ) GLOBAL_UNCERTAINTY_ASSIGNED_CONTEXT ( ( #7472 ) ) GLOBAL_UNIT_ASSIGNED_CONTEXT ( ( #232, #5249, #956 ) ) REPRESENTATION_CONTEXT ( 'NONE', 'WORKASPACE' ) );
#7916 = SURFACE_STYLE_FILL_AREA ( #1348 ) ;
#7917 = VERTEX_POINT ( 'NONE', #4028 ) ;
#7918 = DIRECTION ( 'NONE',  ( 0.0000000000000000000, 0.0000000000000000000, 1.000000000000000000 ) ) ;
#7919 = CARTESIAN_POINT ( 'NONE',  ( 0.1195729450706154900, 0.4798999999999999400, -0.05582216352358407300 ) ) ;
#7920 = FILL_AREA_STYLE_COLOUR ( '', #6782 ) ;
#7921 = CARTESIAN_POINT ( 'NONE',  ( -0.3097149349250229400, 0.4798999999999999400, -0.08767451036356535600 ) ) ;
#7922 = CARTESIAN_POINT ( 'NONE',  ( 0.04604290091196387000, 0.4798999999999999400, -0.09684506321505807800 ) ) ;
#7923 = EDGE_CURVE ( 'NONE', #1852, #3221, #5809, .T. ) ;
#7924 = ORIENTED_EDGE ( 'NONE', *, *, #388, .F. ) ;
#7925 = FILL_AREA_STYLE_COLOUR ( '', #2121 ) ;
#7926 = SURFACE_STYLE_USAGE ( .BOTH. , #2932 ) ;
#7927 = CARTESIAN_POINT ( 'NONE',  ( 0.08120528635082770200, 0.4798999999999999400, 0.06858814833841847500 ) ) ;
#7928 = CARTESIAN_POINT ( 'NONE',  ( -0.2210676447595364700, 0.4798999999999999400, 0.04852199674393113700 ) ) ;
#7929 = DIRECTION ( 'NONE',  ( 0.0000000000000000000, 0.0000000000000000000, -1.000000000000000000 ) ) ;
#7930 = B_SPLINE_CURVE_WITH_KNOTS ( 'NONE', 3,
 ( #3015, #824, #8716, #4433, #123, #5146, #862, #5886, #1575, #6607, #2313, #7313, #3045, #8033, #3751, #8743, #4466, #162, #5173 ),
 .UNSPECIFIED., .F., .F.,
 ( 4, 1, 1, 1, 1, 1, 1, 1, 1, 1, 1, 1, 1, 1, 1, 1, 4 ),
 ( 0.0000000000000000000, 0.07286593345653499800, 0.1418868719641257200, 0.2074526264147113500, 0.2704376800000970500, 0.3316408722476698000, 0.3901075774931578300, 0.4480692869488359700, 0.5055029519245369800, 0.5624881528337243300, 0.6190843288847297500, 0.6764155306922384800, 0.7354523604507929900, 0.7962407694486781700, 0.8604056780892035400, 0.9283049272851059400, 1.000000000000000000 ),
 .UNSPECIFIED. ) ;
#7931 = CARTESIAN_POINT ( 'NONE',  ( 0.09544190142548481000, 0.4798999999999999400, 0.09120588477360760900 ) ) ;
#7932 = COLOUR_RGB ( '',1.000000000000000000, 1.000000000000000000, 1.000000000000000000 ) ;
#7933 = ORIENTED_EDGE ( 'NONE', *, *, #2148, .T. ) ;
#7934 = CARTESIAN_POINT ( 'NONE',  ( 0.3961760393860038200, 0.4798999999999999400, 0.02763992935913689400 ) ) ;
#7935 = DIRECTION ( 'NONE',  ( -0.0000000000000000000, 1.000000000000000000, -0.0000000000000000000 ) ) ;
#7936 = CARTESIAN_POINT ( 'NONE',  ( 0.2592656690021549200, 0.4799999999999999800, 0.08858932808931026200 ) ) ;
#7937 = CARTESIAN_POINT ( 'NONE',  ( -0.1634919389518877700, 0.4799999999999998700, 0.02176910464831358100 ) ) ;
#7938 = CARTESIAN_POINT ( 'NONE',  ( -0.05896651390370024500, 0.4799999999999999800, 0.005894319972092888300 ) ) ;
#7939 = CARTESIAN_POINT ( 'NONE',  ( 0.04186247362491164100, 0.4799999999999999800, 0.07408993813199533900 ) ) ;
#7940 =( NAMED_UNIT ( * ) PLANE_ANGLE_UNIT ( ) SI_UNIT ( $, .RADIAN. ) );
#7941 = CARTESIAN_POINT ( 'NONE',  ( 0.2005414753313873600, 0.4798999999999999400, 0.03283831014925518000 ) ) ;
#7942 = SURFACE_STYLE_FILL_AREA ( #7636 ) ;
#7943 = VECTOR ( 'NONE', #1315, 1000.000000000000000 ) ;
#7944 = ORIENTED_EDGE ( 'NONE', *, *, #5843, .T. ) ;
#7945 =( NAMED_UNIT ( * ) SI_UNIT ( $, .STERADIAN. ) SOLID_ANGLE_UNIT ( ) );
#7946 = CARTESIAN_POINT ( 'NONE',  ( 0.5003150198639749700, 0.4800000000000000400, -0.004361130115055737900 ) ) ;
#7947 =( GEOMETRIC_REPRESENTATION_CONTEXT ( 3 ) GLOBAL_UNCERTAINTY_ASSIGNED_CONTEXT ( ( #5220 ) ) GLOBAL_UNIT_ASSIGNED_CONTEXT ( ( #5113, #826, #5854 ) ) REPRESENTATION_CONTEXT ( 'NONE', 'WORKASPACE' ) );
#7948 = CARTESIAN_POINT ( 'NONE',  ( 0.1039631018915832700, 0.4799999999999995400, -0.08167477359008006000 ) ) ;
#7949 = CARTESIAN_POINT ( 'NONE',  ( -0.4553517041353178400, 0.4799999999999999800, -0.08450853002134016400 ) ) ;
#7950 = CARTESIAN_POINT ( 'NONE',  ( -0.1027989112043203300, 0.4799999999999999800, 0.06534591485567665900 ) ) ;
#7951 = CARTESIAN_POINT ( 'NONE',  ( 0.07012016388423210300, 0.4800000000000000900, -0.1092566018798254600 ) ) ;
#7952 = CARTESIAN_POINT ( 'NONE',  ( -0.01227903748912554200, 0.4798999999999999400, -0.05434117703023201600 ) ) ;
#7953 = CARTESIAN_POINT ( 'NONE',  ( -0.2472584228759852900, 0.4798999999999999400, -0.1099073087229682500 ) ) ;
#7954 = FILL_AREA_STYLE_COLOUR ( '', #245 ) ;
#7955 = CARTESIAN_POINT ( 'NONE',  ( -0.2194493922812022200, 0.4798999999999999400, 0.04469955880480359200 ) ) ;
#7956 = EDGE_CURVE ( 'NONE', #6271, #6784, #7468, .T. ) ;
#7957 = ORIENTED_EDGE ( 'NONE', *, *, #3333, .T. ) ;
#7958 =( NAMED_UNIT ( * ) SI_UNIT ( $, .STERADIAN. ) SOLID_ANGLE_UNIT ( ) );
#7959 = SURFACE_STYLE_FILL_AREA ( #7493 ) ;
#7960 = PRESENTATION_LAYER_ASSIGNMENT (  '', '', ( #7005 ) ) ;
#7961 = FILL_AREA_STYLE_COLOUR ( '', #2775 ) ;
#7962 = CARTESIAN_POINT ( 'NONE',  ( -0.06875685922795318800, 0.4799999999999999800, 0.002759691218717379200 ) ) ;
#7963 = CARTESIAN_POINT ( 'NONE',  ( -0.2252522332938324300, 0.4798999999999999400, -0.06127860760657009900 ) ) ;
#7964 = CARTESIAN_POINT ( 'NONE',  ( 0.5189873890479991300, 0.4798999999999999900, 0.04224974287377648900 ) ) ;
#7965 = DIRECTION ( 'NONE',  ( -0.0000000000000000000, -1.000000000000000000, -0.0000000000000000000 ) ) ;
#7966 = CARTESIAN_POINT ( 'NONE',  ( -0.08951130973704736500, 0.4798999999999999400, -0.002864527757249786700 ) ) ;
#7967 = ORIENTED_EDGE ( 'NONE', *, *, #4898, .T. ) ;
#7968 = CARTESIAN_POINT ( 'NONE',  ( 0.02113072581541172000, 0.4798999999999999400, -0.01784541556072833900 ) ) ;
#7969 =( NAMED_UNIT ( * ) SI_UNIT ( $, .STERADIAN. ) SOLID_ANGLE_UNIT ( ) );
#7970 = CARTESIAN_POINT ( 'NONE',  ( 0.2306136609746329300, 0.4799999999999999800, -0.04227386886863683500 ) ) ;
#7971 =( GEOMETRIC_REPRESENTATION_CONTEXT ( 3 ) GLOBAL_UNCERTAINTY_ASSIGNED_CONTEXT ( ( #3302 ) ) GLOBAL_UNIT_ASSIGNED_CONTEXT ( ( #7046, #7735, #9173 ) ) REPRESENTATION_CONTEXT ( 'NONE', 'WORKASPACE' ) );
#7972 = VECTOR ( 'NONE', #4563, 1000.000000000000000 ) ;
#7973 = CARTESIAN_POINT ( 'NONE',  ( -0.1026532031704978500, 0.4798999999999999400, -0.03384738763579250900 ) ) ;
#7974 = SURFACE_STYLE_USAGE ( .BOTH. , #7320 ) ;
#7975 = MECHANICAL_DESIGN_GEOMETRIC_PRESENTATION_REPRESENTATION (  '', ( #6540 ), #8446 ) ;
#7976 = CARTESIAN_POINT ( 'NONE',  ( 0.05106715822936150300, 0.4798999999999999400, -0.05648319101769202300 ) ) ;
#7977 = CARTESIAN_POINT ( 'NONE',  ( -0.6799999999999998300, 0.4099999999999999200, -0.4499999999999999000 ) ) ;
#7978 = DIRECTION ( 'NONE',  ( 1.000000000000000000, 0.0000000000000000000, -1.084202172485504700E-016 ) ) ;
#7979 = PLANE ( 'NONE',  #6703 ) ;
#7980 = SURFACE_SIDE_STYLE ('',( #2409 ) ) ;
#7981 = VECTOR ( 'NONE', #6316, 1000.000000000000000 ) ;
#7982 = DIRECTION ( 'NONE',  ( -1.000000000000000000, 0.0000000000000000000, 0.0000000000000000000 ) ) ;
#7983 = B_SPLINE_CURVE_WITH_KNOTS ( 'NONE', 3,
 ( #629, #8592, #5019, #733, #5757, #1451, #6472, #2178, #7176, #2911, #7900, #3624, #8618, #4334, #24, #5049, #761, #5791, #1475, #6502, #2212, #7202, #2938, #7931, #3657, #8644, #5131 ),
 .UNSPECIFIED., .F., .F.,
 ( 4, 1, 1, 1, 1, 1, 1, 1, 1, 1, 1, 1, 1, 1, 1, 1, 1, 1, 1, 1, 1, 1, 1, 1, 4 ),
 ( 0.0000000000000000000, 0.06287394621143259400, 0.1228366299919130400, 0.1796565674430314300, 0.2339600122308622400, 0.2855950186955589200, 0.3345131060783808600, 0.3809048259061766900, 0.4248945919393347600, 0.4665290347654875700, 0.5064882940692466700, 0.5450315536447545300, 0.5818311798231345900, 0.6174482799494435100, 0.6520669127690462700, 0.6858797142465107300, 0.7191745547913927000, 0.7521816462063934900, 0.7852401639180915900, 0.8186564497770839600, 0.8525477406533118500, 0.8876263422585191100, 0.9236350780687508900, 0.9610218444769893500, 1.000000000000000000 ),
 .UNSPECIFIED. ) ;
#7984 = CARTESIAN_POINT ( 'NONE',  ( -0.7999999999999721800, 0.4099999999999999200, -0.4374999999999813500 ) ) ;
#7985 = CARTESIAN_POINT ( 'NONE',  ( -0.2197984082433442100, 0.4799999999999999300, -0.1012783283098967100 ) ) ;
#7986 = DIRECTION ( 'NONE',  ( 1.000000000000000000, 0.0000000000000000000, 0.0000000000000000000 ) ) ;
#7987 = CARTESIAN_POINT ( 'NONE',  ( -0.2194493922812022200, 0.4799999999999999800, 0.04469955880480359200 ) ) ;
#7988 = EDGE_CURVE ( 'NONE', #5548, #7846, #9140, .T. ) ;
#7989 = ORIENTED_EDGE ( 'NONE', *, *, #785, .F. ) ;
#7990 = PRESENTATION_STYLE_ASSIGNMENT (( #3497 ) ) ;
#7991 = VERTEX_POINT ( 'NONE', #4054 ) ;
#7992 = CARTESIAN_POINT ( 'NONE',  ( -0.8000000000000038200, 0.4799999999999999800, -0.4499999999999999000 ) ) ;
#7993 = CARTESIAN_POINT ( 'NONE',  ( 0.2372001291775411900, 0.4798999999999999400, 0.06873574604669108200 ) ) ;
#7994 = CARTESIAN_POINT ( 'NONE',  ( -0.1263415374891254900, 0.4799999999999999800, -0.01531874113279610300 ) ) ;
#7995 = CARTESIAN_POINT ( 'NONE',  ( -0.2386573472971702500, 0.4799999999999999800, -0.08322929943278456500 ) ) ;
#7996 = CARTESIAN_POINT ( 'NONE',  ( 0.3788428867399549200, 0.4798999999999999400, 0.02756257180295862400 ) ) ;
#7997 = ORIENTED_EDGE ( 'NONE', *, *, #219, .F. ) ;
#7998 = CARTESIAN_POINT ( 'NONE',  ( 0.2101694194834711500, 0.4798999999999999400, -0.03180510871650175200 ) ) ;
#7999 = CARTESIAN_POINT ( 'NONE',  ( -0.1196049142976169800, 0.4799999999999999800, -0.01228731562101569700 ) ) ;
#8000 = CARTESIAN_POINT ( 'NONE',  ( 0.04279430288880761000, 0.4798999999999999400, -0.09358640966647356600 ) ) ;
#8001 = VECTOR ( 'NONE', #5354, 1000.000000000000000 ) ;
#8002 = DIRECTION ( 'NONE',  ( 0.0000000000000000000, 1.000000000000000000, 0.0000000000000000000 ) ) ;
#8003 = PRESENTATION_LAYER_ASSIGNMENT (  '', '', ( #8477 ) ) ;
#8004 = PRESENTATION_STYLE_ASSIGNMENT (( #404 ) ) ;
#8005 = UNCERTAINTY_MEASURE_WITH_UNIT (LENGTH_MEASURE( 1.000000000000000100E-005 ), #8486, 'distance_accuracy_value', 'NONE');
#8006 = ORIENTED_EDGE ( 'NONE', *, *, #5876, .F. ) ;
#8007 = VECTOR ( 'NONE', #5153, 1000.000000000000000 ) ;
#8008 = ORIENTED_EDGE ( 'NONE', *, *, #2270, .F. ) ;
#8009 = CARTESIAN_POINT ( 'NONE',  ( -0.06412131144419340500, 0.4799999999999999300, -0.02343511408900197900 ) ) ;
#8010 = CARTESIAN_POINT ( 'NONE',  ( 0.5534661548185667600, 0.4798999999999999400, -0.1107514334404884300 ) ) ;
#8011 = VERTEX_POINT ( 'NONE', #7630 ) ;
#8012 = VERTEX_POINT ( 'NONE', #4787 ) ;
#8013 = CARTESIAN_POINT ( 'NONE',  ( 0.04669532148523342800, 0.4799999999999999800, -0.009469382158437138600 ) ) ;
#8014 =( NAMED_UNIT ( * ) SI_UNIT ( $, .STERADIAN. ) SOLID_ANGLE_UNIT ( ) );
#8015 =( NAMED_UNIT ( * ) PLANE_ANGLE_UNIT ( ) SI_UNIT ( $, .RADIAN. ) );
#8016 = FILL_AREA_STYLE_COLOUR ( '', #6687 ) ;
#8017 = SURFACE_SIDE_STYLE ('',( #379 ) ) ;
#8018 = FACE_OUTER_BOUND ( 'NONE', #2314, .T. ) ;
#8019 = CARTESIAN_POINT ( 'NONE',  ( 0.1127025032101057900, 0.4799999999999999800, 0.05368365177812407100 ) ) ;
#8020 = VERTEX_POINT ( 'NONE', #3360 ) ;
#8021 =( GEOMETRIC_REPRESENTATION_CONTEXT ( 3 ) GLOBAL_UNCERTAINTY_ASSIGNED_CONTEXT ( ( #6394 ) ) GLOBAL_UNIT_ASSIGNED_CONTEXT ( ( #5364, #1060, #6087 ) ) REPRESENTATION_CONTEXT ( 'NONE', 'WORKASPACE' ) );
#8022 = LINE ( 'NONE', #3884, #2535 ) ;
#8023 = CARTESIAN_POINT ( 'NONE',  ( -0.8363472814175904000, 0.4798999999999999400, 0.1365271858241528800 ) ) ;
#8024 = CARTESIAN_POINT ( 'NONE',  ( -0.1969831954068295100, 0.4798999999999999400, -0.06121374063994312900 ) ) ;
#8025 = MECHANICAL_DESIGN_GEOMETRIC_PRESENTATION_REPRESENTATION (  '', ( #6597 ), #8489 ) ;
#8026 = CARTESIAN_POINT ( 'NONE',  ( -0.02394923821442552700, 0.4798999999999999400, 0.07193238821532989300 ) ) ;
#8027 = EDGE_LOOP ( 'NONE', ( #2054, #46, #7789, #6110 ) ) ;
#8028 = PRESENTATION_STYLE_ASSIGNMENT (( #8506 ) ) ;
#8029 = MECHANICAL_DESIGN_GEOMETRIC_PRESENTATION_REPRESENTATION (  '', ( #6602 ), #8501 ) ;
#8030 = CARTESIAN_POINT ( 'NONE',  ( 0.2733261166004520800, 0.4798999999999999400, 0.04525267302033288100 ) ) ;
#8031 =( NAMED_UNIT ( * ) PLANE_ANGLE_UNIT ( ) SI_UNIT ( $, .RADIAN. ) );
#8032 = CARTESIAN_POINT ( 'NONE',  ( -0.2622360325657197600, 0.4798999999999999400, -0.08754539757310084200 ) ) ;
#8033 = CARTESIAN_POINT ( 'NONE',  ( 0.2547407702587632400, 0.4798999999999999400, -0.01821646979768739800 ) ) ;
#8034 = CARTESIAN_POINT ( 'NONE',  ( -0.7999999999999700700, 0.0000000000000000000, -0.4999999999999813500 ) ) ;
#8035 = ORIENTED_EDGE ( 'NONE', *, *, #42, .T. ) ;
#8036 = SURFACE_SIDE_STYLE ('',( #7452 ) ) ;
#8037 = PRESENTATION_LAYER_ASSIGNMENT (  '', '', ( #7065 ) ) ;
#8038 = VECTOR ( 'NONE', #6003, 1000.000000000000000 ) ;
#8039 = CARTESIAN_POINT ( 'NONE',  ( -0.1197976115748101800, 0.4799999999999999800, -0.04213059043051117800 ) ) ;
#8040 =( LENGTH_UNIT ( ) NAMED_UNIT ( * ) SI_UNIT ( .MILLI., .METRE. ) );
#8041 = CARTESIAN_POINT ( 'NONE',  ( -0.03291356148525644700, 0.4799999999999999800, -0.09755167251749929900 ) ) ;
#8042 = VERTEX_POINT ( 'NONE', #9059 ) ;
#8043 = CARTESIAN_POINT ( 'NONE',  ( -0.8000000000000037100, 0.4798999999999999400, 0.02001779732874236000 ) ) ;
#8044 = PRESENTATION_STYLE_ASSIGNMENT (( #1018 ) ) ;
#8045 = CARTESIAN_POINT ( 'NONE',  ( -0.05646805047816530500, 0.4798999999999999400, 0.06413868136176266400 ) ) ;
#8046 = DIRECTION ( 'NONE',  ( 2.409338161078899200E-016, 0.0000000000000000000, -1.000000000000000000 ) ) ;
#8047 = DIRECTION ( 'NONE',  ( -0.0000000000000000000, 1.000000000000000000, -0.0000000000000000000 ) ) ;
#8048 = VERTEX_POINT ( 'NONE', #8348 ) ;
#8049 = SURFACE_SIDE_STYLE ('',( #5912 ) ) ;
#8050 = EDGE_CURVE ( 'NONE', #7876, #729, #7365, .T. ) ;
#8051 = EDGE_CURVE ( 'NONE', #4991, #8351, #5718, .T. ) ;
#8052 = B_SPLINE_CURVE_WITH_KNOTS ( 'NONE', 3,
 ( #975, #4513, #1691, #6714, #2432, #7424, #3149, #8147, #3866, #8861, #4581, #285, #5292, #999, #6031, #1728, #6738, #2462, #7459, #3179, #8175, #3901, #8892, #4611, #315, #5336, #1023 ),
 .UNSPECIFIED., .F., .F.,
 ( 4, 1, 1, 1, 1, 1, 1, 1, 1, 1, 1, 1, 1, 1, 1, 1, 1, 1, 1, 1, 1, 1, 1, 1, 4 ),
 ( 0.0000000000000000000, 0.05249258492129586800, 0.1028254751380327400, 0.1513973394924577900, 0.1980330772483325000, 0.2428758954632241100, 0.2859991683849086900, 0.3278486614843786300, 0.3683945968796912800, 0.4078519911389196200, 0.4468375528599371500, 0.4851660451611075600, 0.5233414044713736700, 0.5616022144094737800, 0.5999198855663566700, 0.6384964264110082300, 0.6777905770472508800, 0.7172899891758323100, 0.7566052415928192800, 0.7960678905323556000, 0.8358862309537683500, 0.8757136832726161200, 0.9162634539474126000, 0.9577596754778292500, 1.000000000000000000 ),
 .UNSPECIFIED. ) ;
#8053 = CARTESIAN_POINT ( 'NONE',  ( 0.1492331068094243400, 0.4798999999999999400, -0.006544495676734369100 ) ) ;
#8054 = CARTESIAN_POINT ( 'NONE',  ( -0.2784128586117402000, 0.4798999999999999400, 0.2929115155786376500 ) ) ;
#8055 = DIRECTION ( 'NONE',  ( -1.000000000000000000, 0.0000000000000000000, 0.0000000000000000000 ) ) ;
#8056 = ORIENTED_EDGE ( 'NONE', *, *, #3240, .F. ) ;
#8057 = ORIENTED_EDGE ( 'NONE', *, *, #3345, .T. ) ;
#8058 = MECHANICAL_DESIGN_GEOMETRIC_PRESENTATION_REPRESENTATION (  '', ( #6627 ), #8526 ) ;
#8059 = DIRECTION ( 'NONE',  ( 0.0000000000000000000, 0.0000000000000000000, 1.000000000000000000 ) ) ;
#8060 = SURFACE_SIDE_STYLE ('',( #488 ) ) ;
#8061 = FILL_AREA_STYLE_COLOUR ( '', #2146 ) ;
#8062 = DIRECTION ( 'NONE',  ( -0.0000000000000000000, 1.000000000000000000, -0.0000000000000000000 ) ) ;
#8063 = CARTESIAN_POINT ( 'NONE',  ( -0.8000000000000037100, 0.4798999999999999400, -0.1107514334404884300 ) ) ;
#8064 = CARTESIAN_POINT ( 'NONE',  ( -0.1204921785147665400, 0.4799999999999998700, -0.04272258728664225100 ) ) ;
#8065 = CARTESIAN_POINT ( 'NONE',  ( 0.2034524922086894400, 0.4798999999999999400, 0.04494033439981355600 ) ) ;
#8066 = ADVANCED_FACE ( 'NONE', ( #8920 ), #9088, .T. ) ;
#8067 = VECTOR ( 'NONE', #7469, 1000.000000000000200 ) ;
#8068 = CARTESIAN_POINT ( 'NONE',  ( -0.07019050956742498000, 0.4799999999999999800, -0.02507064895477502000 ) ) ;
#8069 = COLOUR_RGB ( '',0.2509803921568627400, 0.2509803921568627400, 0.2509803921568627400 ) ;
#8070 = CARTESIAN_POINT ( 'NONE',  ( -0.2185930155690281600, 0.4798999999999999400, 0.02105205396695571500 ) ) ;
#8071 = CARTESIAN_POINT ( 'NONE',  ( -0.3097149349250229400, 0.4798999999999999400, -0.08767451036356535600 ) ) ;
#8072 =( GEOMETRIC_REPRESENTATION_CONTEXT ( 3 ) GLOBAL_UNCERTAINTY_ASSIGNED_CONTEXT ( ( #3844 ) ) GLOBAL_UNIT_ASSIGNED_CONTEXT ( ( #2777, #7763, #3492 ) ) REPRESENTATION_CONTEXT ( 'NONE', 'WORKASPACE' ) );
#8073 = AXIS2_PLACEMENT_3D ( 'NONE', #8645, #4363, #63 ) ;
#8074 = FILL_AREA_STYLE_COLOUR ( '', #1863 ) ;
#8075 = SURFACE_STYLE_USAGE ( .BOTH. , #3077 ) ;
#8076 = DIRECTION ( 'NONE',  ( -0.0000000000000000000, -1.000000000000000000, -0.0000000000000000000 ) ) ;
#8077 =( GEOMETRIC_REPRESENTATION_CONTEXT ( 3 ) GLOBAL_UNCERTAINTY_ASSIGNED_CONTEXT ( ( #2472 ) ) GLOBAL_UNIT_ASSIGNED_CONTEXT ( ( #5180, #898, #5934 ) ) REPRESENTATION_CONTEXT ( 'NONE', 'WORKASPACE' ) );
#8078 = ORIENTED_EDGE ( 'NONE', *, *, #2456, .T. ) ;
#8079 = CARTESIAN_POINT ( 'NONE',  ( 0.1453337029061355900, 0.4799999999999993200, 0.03566248771235894900 ) ) ;
#8080 = CARTESIAN_POINT ( 'NONE',  ( 0.1459136359114474900, 0.4799999999999999800, -0.05166443431078723100 ) ) ;
#8081 = EDGE_CURVE ( 'NONE', #1055, #3805, #2370, .T. ) ;
#8082 = COLOUR_RGB ( '',1.000000000000000000, 1.000000000000000000, 0.5019607843137254800 ) ;
#8083 = EDGE_CURVE ( 'NONE', #1077, #1034, #8248, .T. ) ;
#8084 = AXIS2_PLACEMENT_3D ( 'NONE', #620, #5651, #1335 ) ;
#8085 = CARTESIAN_POINT ( 'NONE',  ( 0.7500000000000001100, 0.4099999999999999200, 0.3799999999999998400 ) ) ;
#8086 = CARTESIAN_POINT ( 'NONE',  ( -0.1306384734052515600, 0.4798999999999999400, 0.04051008871010736800 ) ) ;
#8087 = CARTESIAN_POINT ( 'NONE',  ( 0.1071588710086234000, 0.4798999999999999400, -0.07896875865854860500 ) ) ;
#8088 = FACE_OUTER_BOUND ( 'NONE', #753, .T. ) ;
#8089 = CARTESIAN_POINT ( 'NONE',  ( -0.6800000000000000500, 0.4799999999999999800, 0.4499999999999999600 ) ) ;
#8090 = CARTESIAN_POINT ( 'NONE',  ( 0.2149124876560090400, 0.4799999999999999800, 0.06189050272964937600 ) ) ;
#8091 = CIRCLE ( 'NONE', #7260, 0.06250000000000000000 ) ;
#8092 = AXIS2_PLACEMENT_3D ( 'NONE', #8777, #8812, #8839 ) ;
#8093 = CARTESIAN_POINT ( 'NONE',  ( -0.1558687810788690900, 0.4798999999999999400, -0.05854790779946279100 ) ) ;
#8094 = FACE_OUTER_BOUND ( 'NONE', #6538, .T. ) ;
#8095 = EDGE_CURVE ( 'NONE', #2238, #4424, #858, .T. ) ;
#8096 = DIRECTION ( 'NONE',  ( -3.986037398843766100E-017, 0.0000000000000000000, -1.000000000000000000 ) ) ;
#8097 = SURFACE_SIDE_STYLE ('',( #9094 ) ) ;
#8098 = ORIENTED_EDGE ( 'NONE', *, *, #7122, .T. ) ;
#8099 = VECTOR ( 'NONE', #2071, 1000.000000000000000 ) ;
#8100 = CARTESIAN_POINT ( 'NONE',  ( 0.1305822210241886500, 0.4798999999999999400, 0.07089681417547012700 ) ) ;
#8101 = DIRECTION ( 'NONE',  ( -0.0000000000000000000, 1.000000000000000000, -0.0000000000000000000 ) ) ;
#8102 = COLOUR_RGB ( '',0.2509803921568627400, 0.2509803921568627400, 0.2509803921568627400 ) ;
#8103 = ADVANCED_FACE ( 'NONE', ( #2776, #6360 ), #7068, .T. ) ;
#8104 = SURFACE_STYLE_USAGE ( .BOTH. , #3118 ) ;
#8105 = ORIENTED_EDGE ( 'NONE', *, *, #8696, .F. ) ;
#8106 = ORIENTED_EDGE ( 'NONE', *, *, #4599, .T. ) ;
#8107 = FACE_OUTER_BOUND ( 'NONE', #7101, .T. ) ;
#8108 = ORIENTED_EDGE ( 'NONE', *, *, #4019, .F. ) ;
#8109 = ORIENTED_EDGE ( 'NONE', *, *, #3776, .F. ) ;
#8110 = CARTESIAN_POINT ( 'NONE',  ( -0.1274492939561577300, 0.4798999999999999400, -0.05533040091596191200 ) ) ;
#8111 = COLOUR_RGB ( '',0.7529411764705882200, 0.7529411764705882200, 0.7529411764705882200 ) ;
#8112 = VECTOR ( 'NONE', #4467, 1000.000000000000000 ) ;
#8113 = CARTESIAN_POINT ( 'NONE',  ( -0.1027989112043203300, 0.4799999999999999300, 0.06534591485567665900 ) ) ;
#8114 = DIRECTION ( 'NONE',  ( 0.0000000000000000000, 1.000000000000000000, 0.0000000000000000000 ) ) ;
#8115 = VERTEX_POINT ( 'NONE', #2106 ) ;
#8116 = COLOUR_RGB ( '',1.000000000000000000, 1.000000000000000000, 0.5019607843137254800 ) ;
#8117 = SURFACE_STYLE_FILL_AREA ( #2681 ) ;
#8118 =( GEOMETRIC_REPRESENTATION_CONTEXT ( 3 ) GLOBAL_UNCERTAINTY_ASSIGNED_CONTEXT ( ( #5234 ) ) GLOBAL_UNIT_ASSIGNED_CONTEXT ( ( #5846, #1534, #6555 ) ) REPRESENTATION_CONTEXT ( 'NONE', 'WORKASPACE' ) );
#8119 = CARTESIAN_POINT ( 'NONE',  ( 0.2359574670481951200, 0.4798999999999999400, 0.06869806578207557400 ) ) ;
#8120 = ORIENTED_EDGE ( 'NONE', *, *, #334, .F. ) ;
#8121 =( GEOMETRIC_REPRESENTATION_CONTEXT ( 3 ) GLOBAL_UNCERTAINTY_ASSIGNED_CONTEXT ( ( #7573 ) ) GLOBAL_UNIT_ASSIGNED_CONTEXT ( ( #6750, #2476, #7477 ) ) REPRESENTATION_CONTEXT ( 'NONE', 'WORKASPACE' ) );
#8122 = CARTESIAN_POINT ( 'NONE',  ( 0.08648123488288662900, 0.4798999999999999400, 0.06868518495197509200 ) ) ;
#8123 = CARTESIAN_POINT ( 'NONE',  ( 0.3819043607821415700, 0.4799999999999999800, 0.04106043031357707600 ) ) ;
#8124 = CARTESIAN_POINT ( 'NONE',  ( 0.1807367319079733500, 0.4798999999999999400, 0.05840445809264559200 ) ) ;
#8125 = ORIENTED_EDGE ( 'NONE', *, *, #6902, .T. ) ;
#8126 = COLOUR_RGB ( '',0.2509803921568627400, 0.2509803921568627400, 0.2509803921568627400 ) ;
#8127 = CARTESIAN_POINT ( 'NONE',  ( -0.1539047953627465900, 0.4798999999999999400, -0.07319601629216675200 ) ) ;
#8128 = CARTESIAN_POINT ( 'NONE',  ( -0.08623016032902695900, 0.4799999999999999800, 0.09175949764081486900 ) ) ;
#8129 = FILL_AREA_STYLE ('',( #5983 ) ) ;
#8130 = PLANE ( 'NONE',  #3170 ) ;
#8131 = LINE ( 'NONE', #6103, #744 ) ;
#8132 = CARTESIAN_POINT ( 'NONE',  ( -0.1350457205189665700, 0.4798999999999999400, 0.02255022999154274500 ) ) ;
#8133 = EDGE_CURVE ( 'NONE', #1862, #2613, #8312, .T. ) ;
#8134 = ORIENTED_EDGE ( 'NONE', *, *, #1066, .T. ) ;
#8135 =( GEOMETRIC_REPRESENTATION_CONTEXT ( 3 ) GLOBAL_UNCERTAINTY_ASSIGNED_CONTEXT ( ( #1672 ) ) GLOBAL_UNIT_ASSIGNED_CONTEXT ( ( #3798, #8783, #4500 ) ) REPRESENTATION_CONTEXT ( 'NONE', 'WORKASPACE' ) );
#8136 = CARTESIAN_POINT ( 'NONE',  ( 0.1092363737084014900, 0.4799999999999993200, 0.08754455524169688100 ) ) ;
#8137 = LINE ( 'NONE', #1987, #4333 ) ;
#8138 = FILL_AREA_STYLE_COLOUR ( '', #8712 ) ;
#8139 =( GEOMETRIC_REPRESENTATION_CONTEXT ( 3 ) GLOBAL_UNCERTAINTY_ASSIGNED_CONTEXT ( ( #7498 ) ) GLOBAL_UNIT_ASSIGNED_CONTEXT ( ( #2017, #7029, #2756 ) ) REPRESENTATION_CONTEXT ( 'NONE', 'WORKASPACE' ) );
#8140 = CARTESIAN_POINT ( 'NONE',  ( -0.1001177530421022600, 0.4800000000000000400, -0.08907792946577963700 ) ) ;
#8141 = AXIS2_PLACEMENT_3D ( 'NONE', #6092, #1789, #6806 ) ;
#8142 = UNCERTAINTY_MEASURE_WITH_UNIT (LENGTH_MEASURE( 1.000000000000000100E-005 ), #1591, 'distance_accuracy_value', 'NONE');
#8143 = EDGE_LOOP ( 'NONE', ( #6568, #4866, #763, #1522 ) ) ;
#8144 = VECTOR ( 'NONE', #5356, 1000.000000000000100 ) ;
#8145 = CARTESIAN_POINT ( 'NONE',  ( -0.5498992297968178200, 0.4798999999999999400, 0.08924856655951159100 ) ) ;
#8146 = MECHANICAL_DESIGN_GEOMETRIC_PRESENTATION_REPRESENTATION (  '', ( #7188 ), #8630 ) ;
#8147 = CARTESIAN_POINT ( 'NONE',  ( -0.1148865701014939200, 0.4798999999999999400, 0.08714592988951824800 ) ) ;
#8148 = DIRECTION ( 'NONE',  ( -0.0000000000000000000, -1.000000000000000000, -0.0000000000000000000 ) ) ;
#8149 = FILL_AREA_STYLE_COLOUR ( '', #5048 ) ;
#8150 = CARTESIAN_POINT ( 'NONE',  ( 0.2031055778954899100, 0.4798999999999999400, -0.003059125748180720700 ) ) ;
#8151 = CARTESIAN_POINT ( 'NONE',  ( -0.4119585246686127100, 0.4798999999999999400, 0.02771010502104998000 ) ) ;
#8152 = CARTESIAN_POINT ( 'NONE',  ( 0.05276525560283303100, 0.4799999999999999800, 0.04398218119757751200 ) ) ;
#8153 = PRESENTATION_LAYER_ASSIGNMENT (  '', '', ( #7189 ) ) ;
#8154 = ADVANCED_FACE ( 'NONE', ( #9263 ), #8689, .T. ) ;
#8155 = LINE ( 'NONE', #8054, #4348 ) ;
#8156 = ORIENTED_EDGE ( 'NONE', *, *, #7422, .F. ) ;
#8157 =( NAMED_UNIT ( * ) SI_UNIT ( $, .STERADIAN. ) SOLID_ANGLE_UNIT ( ) );
#8158 = CARTESIAN_POINT ( 'NONE',  ( -0.3300000000000021800, 0.0000000000000000000, -0.2299999999999968700 ) ) ;
#8159 = CARTESIAN_POINT ( 'NONE',  ( -0.1182616196708899900, 0.4798999999999999400, -0.04082142593411198400 ) ) ;
#8160 =( NAMED_UNIT ( * ) PLANE_ANGLE_UNIT ( ) SI_UNIT ( $, .RADIAN. ) );
#8161 = CARTESIAN_POINT ( 'NONE',  ( -0.1369925007799706600, 0.4799999999999999300, -0.09825780909851533600 ) ) ;
#8162 = B_SPLINE_CURVE_WITH_KNOTS ( 'NONE', 3,
 ( #7336, #7801, #3775, #8762, #4482, #188, #5194, #905, #5944, #1634, #6649, #2362, #7372, #3085, #8080, #3803, #8797, #4509, #214, #5230, #931, #5968, #1662 ),
 .UNSPECIFIED., .F., .F.,
 ( 4, 1, 1, 1, 1, 1, 1, 1, 1, 1, 1, 1, 1, 1, 1, 1, 1, 1, 1, 1, 4 ),
 ( 0.0000000000000000000, 0.05672433721815009500, 0.1114372357370103400, 0.1643678222229007800, 0.2164353724620894900, 0.2676414903219249100, 0.3173597799690274200, 0.3674730633322803600, 0.4182103970528082700, 0.4714042826470198300, 0.5279657201290490800, 0.5880611158232136300, 0.6521342629937143500, 0.6863448363353054100, 0.7232636803169649700, 0.7626102507715415400, 0.8047389366452178900, 0.8494303387909497600, 0.8967112583864921300, 0.9468896380534765900, 1.000000000000000000 ),
 .UNSPECIFIED. ) ;
#8163 = CARTESIAN_POINT ( 'NONE',  ( -0.1472208413877373300, 0.4799999999999999800, 0.06607486546877371100 ) ) ;
#8164 = FILL_AREA_STYLE_COLOUR ( '', #61 ) ;
#8165 =( NAMED_UNIT ( * ) SI_UNIT ( $, .STERADIAN. ) SOLID_ANGLE_UNIT ( ) );
#8166 = CARTESIAN_POINT ( 'NONE',  ( -0.1142504045538684800, 0.4798999999999999400, -0.1096724527833775100 ) ) ;
#8167 = EDGE_LOOP ( 'NONE', ( #1597, #8769, #8923, #3199 ) ) ;
#8168 = EDGE_CURVE ( 'NONE', #7846, #3989, #5004, .T. ) ;
#8169 = CARTESIAN_POINT ( 'NONE',  ( -0.7500000000000000000, 0.4099999999999999200, 0.3799999999999998900 ) ) ;
#8170 = CARTESIAN_POINT ( 'NONE',  ( -0.1219789849795182400, 0.4798999999999999900, -0.07690935908261138700 ) ) ;
#8171 = PRESENTATION_STYLE_ASSIGNMENT (( #2826 ) ) ;
#8172 = CARTESIAN_POINT ( 'NONE',  ( -0.2671399572768467000, 0.4798999999999999400, -0.02614138604253067900 ) ) ;
#8173 = PRESENTATION_LAYER_ASSIGNMENT (  '', '', ( #7218 ) ) ;
#8174 =( LENGTH_UNIT ( ) NAMED_UNIT ( * ) SI_UNIT ( .MILLI., .METRE. ) );
#8175 = CARTESIAN_POINT ( 'NONE',  ( -0.1591785536292419900, 0.4798999999999999400, 0.04490409715149521600 ) ) ;
#8176 = CARTESIAN_POINT ( 'NONE',  ( -0.07595689958189443000, 0.4798999999999999400, -0.1130753846678171600 ) ) ;
#8177 = DIRECTION ( 'NONE',  ( 0.0000000000000000000, 1.000000000000000000, 0.0000000000000000000 ) ) ;
#8178 =( NAMED_UNIT ( * ) SI_UNIT ( $, .STERADIAN. ) SOLID_ANGLE_UNIT ( ) );
#8179 = EDGE_LOOP ( 'NONE', ( #4470, #6691, #1495, #3414 ) ) ;
#8180 =( LENGTH_UNIT ( ) NAMED_UNIT ( * ) SI_UNIT ( .MILLI., .METRE. ) );
#8181 = UNCERTAINTY_MEASURE_WITH_UNIT (LENGTH_MEASURE( 1.000000000000000100E-005 ), #4905, 'distance_accuracy_value', 'NONE');
#8182 = CARTESIAN_POINT ( 'NONE',  ( -0.09604860761622506500, 0.4798999999999999400, -0.1130548464763175400 ) ) ;
#8183 = EDGE_LOOP ( 'NONE', ( #7908, #1619, #1845, #4744, #109, #5304, #1963, #6029, #9230, #8230, #2629, #4937, #6763, #6683, #7006, #5132 ) ) ;
#8184 = LINE ( 'NONE', #8978, #1467 ) ;
#8185 = CARTESIAN_POINT ( 'NONE',  ( 0.7999999999999964900, 0.4099999999999999200, 0.4375000000000198200 ) ) ;
#8186 = CARTESIAN_POINT ( 'NONE',  ( 0.3871521149061151700, 0.4798999999999999400, 0.05886818449874793600 ) ) ;
#8187 =( GEOMETRIC_REPRESENTATION_CONTEXT ( 3 ) GLOBAL_UNCERTAINTY_ASSIGNED_CONTEXT ( ( #5402 ) ) GLOBAL_UNIT_ASSIGNED_CONTEXT ( ( #5109, #820, #5850 ) ) REPRESENTATION_CONTEXT ( 'NONE', 'WORKASPACE' ) );
#8188 = CARTESIAN_POINT ( 'NONE',  ( -0.8000000000000037100, 0.4798999999999999400, -0.1107514334404884300 ) ) ;
#8189 = DIRECTION ( 'NONE',  ( 0.3468370040950313800, 0.0000000000000000000, 0.9379254195245926300 ) ) ;
#8190 = CARTESIAN_POINT ( 'NONE',  ( 0.2575979239244575700, 0.4798999999999999400, 0.06385902734456291900 ) ) ;
#8191 = STYLED_ITEM ( 'NONE', ( #8437 ), #4981 ) ;
#8192 = CARTESIAN_POINT ( 'NONE',  ( -0.1202151952722019800, 0.4798999999999999400, 0.05542689514415944500 ) ) ;
#8193 = VECTOR ( 'NONE', #2309, 1000.000000000000000 ) ;
#8194 = CARTESIAN_POINT ( 'NONE',  ( -0.04184634518143325000, 0.4798999999999999400, -0.01587963856869354900 ) ) ;
#8195 = CARTESIAN_POINT ( 'NONE',  ( 0.1979773727672848300, 0.4799999999999999800, -0.1081873308763859100 ) ) ;
#8196 = ADVANCED_FACE ( 'NONE', ( #8583 ), #7979, .F. ) ;
#8197 = CARTESIAN_POINT ( 'NONE',  ( -0.1276359696528179500, 0.4800000000000000400, -0.06140824625074400200 ) ) ;
#8198 = EDGE_CURVE ( 'NONE', #8115, #1068, #6019, .T. ) ;
#8199 = PRESENTATION_LAYER_ASSIGNMENT (  '', '', ( #7726 ) ) ;
#8200 = CARTESIAN_POINT ( 'NONE',  ( -0.2487806189414665800, 0.4799999999999999800, -0.02742624869205401200 ) ) ;
#8201 = STYLED_ITEM ( 'NONE', ( #2387 ), #8451 ) ;
#8202 = EDGE_CURVE ( 'NONE', #5927, #6698, #7913, .T. ) ;
#8203 = FILL_AREA_STYLE ('',( #6769 ) ) ;
#8204 = MECHANICAL_DESIGN_GEOMETRIC_PRESENTATION_REPRESENTATION (  '', ( #6770 ), #8697 ) ;
#8205 = FILL_AREA_STYLE_COLOUR ( '', #6138 ) ;
#8206 = CARTESIAN_POINT ( 'NONE',  ( -0.03625623178681137300, 0.4799999999999998700, -0.1000596887812456500 ) ) ;
#8207 = SURFACE_STYLE_USAGE ( .BOTH. , #3219 ) ;
#8208 = SURFACE_SIDE_STYLE ('',( #8857 ) ) ;
#8209 = FILL_AREA_STYLE ('',( #6778 ) ) ;
#8210 = UNCERTAINTY_MEASURE_WITH_UNIT (LENGTH_MEASURE( 1.000000000000000100E-005 ), #5264, 'distance_accuracy_value', 'NONE');
#8211 = LINE ( 'NONE', #3941, #813 ) ;
#8212 = CARTESIAN_POINT ( 'NONE',  ( 0.09277136286965632900, 0.4798999999999999400, -0.1105275724435713800 ) ) ;
#8213 = ORIENTED_EDGE ( 'NONE', *, *, #1982, .F. ) ;
#8214 = CARTESIAN_POINT ( 'NONE',  ( 0.05305640521007182200, 0.4798999999999999400, -0.06316643407763482300 ) ) ;
#8215 = VECTOR ( 'NONE', #9178, 1000.000000000000000 ) ;
#8216 = ORIENTED_EDGE ( 'NONE', *, *, #6169, .F. ) ;
#8217 = COLOUR_RGB ( '',0.2509803921568627400, 0.2509803921568627400, 0.2509803921568627400 ) ;
#8218 = ORIENTED_EDGE ( 'NONE', *, *, #3376, .F. ) ;
#8219 = FILL_AREA_STYLE ('',( #3224 ) ) ;
#8220 = EDGE_CURVE ( 'NONE', #3427, #1612, #2430, .T. ) ;
#8221 = LINE ( 'NONE', #8194, #364 ) ;
#8222 = DIRECTION ( 'NONE',  ( -0.0000000000000000000, 1.000000000000000000, -0.0000000000000000000 ) ) ;
#8223 =( NAMED_UNIT ( * ) PLANE_ANGLE_UNIT ( ) SI_UNIT ( $, .RADIAN. ) );
#8224 = CARTESIAN_POINT ( 'NONE',  ( -0.04312218095120559600, 0.4798999999999999400, 0.01485409553723475600 ) ) ;
#8225 = CARTESIAN_POINT ( 'NONE',  ( 0.2733261166004520800, 0.4799999999999998700, 0.04525267302033288100 ) ) ;
#8226 =( LENGTH_UNIT ( ) NAMED_UNIT ( * ) SI_UNIT ( .MILLI., .METRE. ) );
#8227 = ADVANCED_FACE ( 'NONE', ( #3882 ), #1622, .F. ) ;
#8228 = EDGE_LOOP ( 'NONE', ( #163, #3969, #1765, #6127 ) ) ;
#8229 = VERTEX_POINT ( 'NONE', #5936 ) ;
#8230 = ORIENTED_EDGE ( 'NONE', *, *, #3895, .T. ) ;
#8231 = CARTESIAN_POINT ( 'NONE',  ( 0.3031055778954899200, 0.4798999999999999400, 0.02065882296976799500 ) ) ;
#8232 = ORIENTED_EDGE ( 'NONE', *, *, #9046, .F. ) ;
#8233 =( NAMED_UNIT ( * ) PLANE_ANGLE_UNIT ( ) SI_UNIT ( $, .RADIAN. ) );
#8234 = SURFACE_STYLE_FILL_AREA ( #1110 ) ;
#8235 = DIRECTION ( 'NONE',  ( 0.0000000000000000000, 0.0000000000000000000, 1.000000000000000000 ) ) ;
#8236 =( LENGTH_UNIT ( ) NAMED_UNIT ( * ) SI_UNIT ( .MILLI., .METRE. ) );
#8237 = UNCERTAINTY_MEASURE_WITH_UNIT (LENGTH_MEASURE( 1.000000000000000100E-005 ), #1326, 'distance_accuracy_value', 'NONE');
#8238 = ORIENTED_EDGE ( 'NONE', *, *, #2118, .T. ) ;
#8239 = SURFACE_SIDE_STYLE ('',( #4966 ) ) ;
#8240 = B_SPLINE_SURFACE_WITH_KNOTS ( 'NONE', 3, 1, ( 
 ( #8413, #4193 ),
 ( #9203, #4922 ),
 ( #624, #5655 ),
 ( #1337, #6378 ),
 ( #2074, #7072 ),
 ( #2810, #7805 ),
 ( #3516, #8511 ),
 ( #4230, #9243 ),
 ( #4949, #655 ),
 ( #5695, #1373 ),
 ( #6405, #2113 ),
 ( #7110, #2843 ),
 ( #7830, #3562 ),
 ( #8541, #4257 ),
 ( #9277, #4982 ),
 ( #687, #5729 ),
 ( #1415, #6431 ),
 ( #2141, #7145 ),
 ( #2870, #7857 ),
 ( #3589, #8585 ),
 ( #4287, #9306 ),
 ( #5015, #724 ),
 ( #5750, #1444 ) ),
 .UNSPECIFIED., .F., .F., .F.,
 ( 4, 1, 1, 1, 1, 1, 1, 1, 1, 1, 1, 1, 1, 1, 1, 1, 1, 1, 1, 1, 4 ),
 ( 2, 2 ),
 ( 0.0000000000000000000, 0.05672433721815009500, 0.1114372357370103400, 0.1643678222229007800, 0.2164353724620894900, 0.2676414903219249100, 0.3173597799690274200, 0.3674730633322803600, 0.4182103970528082700, 0.4714042826470198300, 0.5279657201290490800, 0.5880611158232136300, 0.6521342629937143500, 0.6863448363353054100, 0.7232636803169649700, 0.7626102507715415400, 0.8047389366452178900, 0.8494303387909497600, 0.8967112583864921300, 0.9468896380534765900, 1.000000000000000000 ),
 ( 0.0000000000000000000, 1.000000000000000000 ),
 .UNSPECIFIED. ) ;
#8241 = CARTESIAN_POINT ( 'NONE',  ( 0.4581789574970518400, 0.4799999999999999800, -0.06792860119938065600 ) ) ;
#8242 = CARTESIAN_POINT ( 'NONE',  ( -0.01487044672807826200, 0.4798999999999999400, -0.07080803911754111900 ) ) ;
#8243 = CARTESIAN_POINT ( 'NONE',  ( -0.8000000000000037100, 0.4099999999999999200, 0.5000000000000195400 ) ) ;
#8244 = CARTESIAN_POINT ( 'NONE',  ( 0.2260076052745496600, 0.4799999999999999800, -0.01989661860290873800 ) ) ;
#8245 = FILL_AREA_STYLE_COLOUR ( '', #1611 ) ;
#8246 = ORIENTED_EDGE ( 'NONE', *, *, #4988, .F. ) ;
#8247 = CARTESIAN_POINT ( 'NONE',  ( -0.04295160020796046100, 0.4798999999999999400, -0.01634178704328557300 ) ) ;
#8248 = LINE ( 'NONE', #4914, #4669 ) ;
#8249 = CARTESIAN_POINT ( 'NONE',  ( 0.1035559328613118000, 0.4798999999999999400, 0.06292495138189023500 ) ) ;
#8250 = AXIS2_PLACEMENT_3D ( 'NONE', #1330, #7729, #4940 ) ;
#8251 = CARTESIAN_POINT ( 'NONE',  ( -0.4442565947616887700, 0.4799999999999999800, -0.05970245080526157000 ) ) ;
#8252 = ORIENTED_EDGE ( 'NONE', *, *, #8941, .F. ) ;
#8253 = DIRECTION ( 'NONE',  ( 0.0000000000000000000, 0.0000000000000000000, 1.000000000000000000 ) ) ;
#8254 = VECTOR ( 'NONE', #7978, 1000.000000000000000 ) ;
#8255 = DIRECTION ( 'NONE',  ( -0.0000000000000000000, -1.000000000000000000, -0.0000000000000000000 ) ) ;
#8256 = B_SPLINE_SURFACE_WITH_KNOTS ( 'NONE', 3, 1, ( 
 ( #2203, #781 ),
 ( #5818, #1505 ),
 ( #6522, #2235 ),
 ( #7238, #2962 ),
 ( #7953, #3681 ),
 ( #8668, #4389 ),
 ( #82, #5102 ),
 ( #808, #5845 ),
 ( #1533, #6553 ),
 ( #2266, #7272 ),
 ( #3000, #7985 ),
 ( #3711, #8710 ),
 ( #4419, #113 ),
 ( #5135, #851 ),
 ( #5872, #1563 ),
 ( #6595, #2297 ),
 ( #7301, #3034 ),
 ( #8024, #3737 ),
 ( #8735, #4455 ) ),
 .UNSPECIFIED., .F., .F., .F.,
 ( 4, 1, 1, 1, 1, 1, 1, 1, 1, 1, 1, 1, 1, 1, 1, 1, 4 ),
 ( 2, 2 ),
 ( 0.0000000000000000000, 0.05873203710086483100, 0.1146029008469818300, 0.1676568100446121900, 0.2179667070908433700, 0.2657752056293755700, 0.3111706510536960100, 0.3537918046646694700, 0.3947449080003069300, 0.4728059510824630900, 0.5491923665616070800, 0.6247801075795552700, 0.7026247640242255800, 0.7797414321940388000, 0.8540634639886255400, 0.9271552664103500700, 1.000000000000000000 ),
 ( 0.0000000000000000000, 1.000000000000000000 ),
 .UNSPECIFIED. ) ;
#8257 = CARTESIAN_POINT ( 'NONE',  ( 0.7999999999999961600, 0.4299999999999999400, -0.4999999999999813500 ) ) ;
#8258 = CARTESIAN_POINT ( 'NONE',  ( -0.2042841037811179700, 0.4798999999999999400, -0.03425188201920507900 ) ) ;
#8259 = VECTOR ( 'NONE', #6772, 1000.000000000000000 ) ;
#8260 = EDGE_CURVE ( 'NONE', #2304, #4968, #5100, .T. ) ;
#8261 = FILL_AREA_STYLE_COLOUR ( '', #6253 ) ;
#8262 = UNCERTAINTY_MEASURE_WITH_UNIT (LENGTH_MEASURE( 1.000000000000000100E-005 ), #4720, 'distance_accuracy_value', 'NONE');
#8263 = ORIENTED_EDGE ( 'NONE', *, *, #7421, .F. ) ;
#8264 = CARTESIAN_POINT ( 'NONE',  ( -0.1332391576982395500, 0.4798999999999999400, -0.01904503426423714800 ) ) ;
#8265 = EDGE_CURVE ( 'NONE', #4913, #5548, #9313, .T. ) ;
#8266 = ORIENTED_EDGE ( 'NONE', *, *, #2939, .F. ) ;
#8267 = STYLED_ITEM ( 'NONE', ( #1129 ), #6308 ) ;
#8268 = DIRECTION ( 'NONE',  ( -0.0000000000000000000, 1.000000000000000000, -0.0000000000000000000 ) ) ;
#8269 = FACE_OUTER_BOUND ( 'NONE', #4216, .T. ) ;
#8270 = CARTESIAN_POINT ( 'NONE',  ( 0.4532292620746926100, 0.4798999999999999400, -0.08617973433235121000 ) ) ;
#8271 = EDGE_LOOP ( 'NONE', ( #3724, #5159, #8590, #2636, #8057, #1032, #7967, #5856 ) ) ;
#8272 = ADVANCED_FACE ( 'NONE', ( #3213 ), #8130, .F. ) ;
#8273 = DIRECTION ( 'NONE',  ( 0.0000000000000000000, 1.000000000000000000, 0.0000000000000000000 ) ) ;
#8274 = CARTESIAN_POINT ( 'NONE',  ( -0.04048416569425369900, 0.4799999999999999800, -0.05434117703023201600 ) ) ;
#8275 = CARTESIAN_POINT ( 'NONE',  ( 0.2031055778954899100, 0.4798999999999999400, -0.003059125748180720700 ) ) ;
#8276 = FILL_AREA_STYLE_COLOUR ( '', #2300 ) ;
#8277 = CARTESIAN_POINT ( 'NONE',  ( -0.2444505118480998800, 0.4800000000000000400, -0.02849983087638585300 ) ) ;
#8278 = EDGE_CURVE ( 'NONE', #8020, #435, #8022, .T. ) ;
#8279 = CARTESIAN_POINT ( 'NONE',  ( 0.1899385387712875200, 0.4799999999999999800, 0.07243921234552762300 ) ) ;
#8280 = FACE_OUTER_BOUND ( 'NONE', #9309, .T. ) ;
#8281 = CARTESIAN_POINT ( 'NONE',  ( -0.4545867297968178600, 0.4798999999999999400, -0.08767451036356532800 ) ) ;
#8282 = CARTESIAN_POINT ( 'NONE',  ( -0.2381129603227704600, 0.4799999999999999800, 0.08754222616531967500 ) ) ;
#8283 = CARTESIAN_POINT ( 'NONE',  ( -0.04040835229455207200, 0.4798999999999999400, -0.01521663150329944300 ) ) ;
#8284 = UNCERTAINTY_MEASURE_WITH_UNIT (LENGTH_MEASURE( 1.000000000000000100E-005 ), #7911, 'distance_accuracy_value', 'NONE');
#8285 = LINE ( 'NONE', #5471, #8067 ) ;
#8286 = LINE ( 'NONE', #8243, #4484 ) ;
#8287 = FILL_AREA_STYLE ('',( #8261 ) ) ;
#8288 = CARTESIAN_POINT ( 'NONE',  ( -0.1556559860883113000, 0.4799999999999999800, -0.05190444755368325800 ) ) ;
#8289 = CARTESIAN_POINT ( 'NONE',  ( -0.1915833910462871000, 0.4798999999999999400, 0.01586690085233346400 ) ) ;
#8290 = ORIENTED_EDGE ( 'NONE', *, *, #7141, .T. ) ;
#8291 = MECHANICAL_DESIGN_GEOMETRIC_PRESENTATION_REPRESENTATION (  '', ( #6846 ), #8771 ) ;
#8292 = CARTESIAN_POINT ( 'NONE',  ( -0.007150832360920352800, 0.4799999999999997600, 0.03247773322617825100 ) ) ;
#8293 = MECHANICAL_DESIGN_GEOMETRIC_PRESENTATION_REPRESENTATION (  '', ( #6396 ), #8773 ) ;
#8294 = CARTESIAN_POINT ( 'NONE',  ( 0.3031055778954899200, 0.4799999999999999800, 0.02065882296976799500 ) ) ;
#8295 = CARTESIAN_POINT ( 'NONE',  ( -0.1968944221045101100, 0.4799999999999999300, -0.05890848472253970600 ) ) ;
#8296 = CARTESIAN_POINT ( 'NONE',  ( 0.4531055778954900000, 0.4799999999999999800, -0.08659277959433459000 ) ) ;
#8297 = CARTESIAN_POINT ( 'NONE',  ( -0.04828185556634684300, 0.4798999999999999400, -0.07610084371244564500 ) ) ;
#8298 =( NAMED_UNIT ( * ) SI_UNIT ( $, .STERADIAN. ) SOLID_ANGLE_UNIT ( ) );
#8299 = CARTESIAN_POINT ( 'NONE',  ( -0.7374999999999701800, 0.4099999999999999200, -0.4999999999999813500 ) ) ;
#8300 = SURFACE_STYLE_USAGE ( .BOTH. , #3314 ) ;
#8301 = PLANE ( 'NONE',  #4844 ) ;
#8302 = PRESENTATION_LAYER_ASSIGNMENT (  '', '', ( #7367 ) ) ;
#8303 = DIRECTION ( 'NONE',  ( -0.0000000000000000000, 1.000000000000000000, -0.0000000000000000000 ) ) ;
#8304 = CARTESIAN_POINT ( 'NONE',  ( 0.08515685994677196800, 0.4799999999999998700, 0.06873574604669108200 ) ) ;
#8305 = FILL_AREA_STYLE ('',( #9236 ) ) ;
#8306 = ADVANCED_FACE ( 'NONE', ( #4439 ), #4596, .F. ) ;
#8307 = CARTESIAN_POINT ( 'NONE',  ( -0.6799999999999998300, 0.4299999999999999400, -0.4499999999999999000 ) ) ;
#8308 = SURFACE_STYLE_USAGE ( .BOTH. , #3327 ) ;
#8309 = ORIENTED_EDGE ( 'NONE', *, *, #8988, .T. ) ;
#8310 = STYLED_ITEM ( 'NONE', ( #6713 ), #510 ) ;
#8311 = DIRECTION ( 'NONE',  ( -0.0000000000000000000, 1.000000000000000000, -0.0000000000000000000 ) ) ;
#8312 = B_SPLINE_CURVE_WITH_KNOTS ( 'NONE', 3,
 ( #6370, #7099, #8530, #4250, #9270, #4972, #680, #5723, #1408, #6425, #2135, #7137, #2860, #7850, #3583, #8573, #4280, #9300, #5009 ),
 .UNSPECIFIED., .F., .F.,
 ( 4, 1, 1, 1, 1, 1, 1, 1, 1, 1, 1, 1, 1, 1, 1, 1, 4 ),
 ( 0.0000000000000000000, 0.07601051920623337600, 0.1481357362434483300, 0.2177881778331538000, 0.2867678984972341600, 0.3540434632439190500, 0.4186108400234795400, 0.4836364388553444600, 0.5502295626461515300, 0.5869278113138150000, 0.6291578250269654900, 0.6772382242876700000, 0.7300426397437301800, 0.7888625661169238500, 0.8537504514610936300, 0.9241097665384558900, 1.000000000000000000 ),
 .UNSPECIFIED. ) ;
#8313 = LINE ( 'NONE', #4919, #2615 ) ;
#8314 = COLOUR_RGB ( '',1.000000000000000000, 1.000000000000000000, 0.5019607843137254800 ) ;
#8315 = CARTESIAN_POINT ( 'NONE',  ( -0.02105452429790711700, 0.4798999999999999400, 0.06894639781943798200 ) ) ;
#8316 = B_SPLINE_SURFACE_WITH_KNOTS ( 'NONE', 3, 1, ( 
 ( #265, #8875 ),
 ( #4597, #302 ),
 ( #5316, #1014 ),
 ( #6047, #1746 ),
 ( #6752, #2477 ),
 ( #7479, #3196 ),
 ( #8190, #3911 ),
 ( #8914, #4624 ),
 ( #326, #5351 ),
 ( #1041, #6077 ),
 ( #1772, #6793 ),
 ( #2500, #7504 ),
 ( #3230, #8225 ),
 ( #3934, #8938 ),
 ( #4661, #353 ),
 ( #5378, #1072 ),
 ( #6104, #1800 ),
 ( #6816, #2536 ),
 ( #7530, #3258 ) ),
 .UNSPECIFIED., .F., .F., .F.,
 ( 4, 1, 1, 1, 1, 1, 1, 1, 1, 1, 1, 1, 1, 1, 1, 1, 4 ),
 ( 2, 2 ),
 ( 0.0000000000000000000, 0.06580103760947221500, 0.1286767959489722700, 0.1886758749524329000, 0.2475984367338940900, 0.3048494201188272600, 0.3617858992828990000, 0.4195227063685900100, 0.4786818154207401800, 0.5387695030440189400, 0.5987990560131537500, 0.6601842815006787600, 0.7229515306109660600, 0.7879926891048739700, 0.8554037684344735200, 0.9261530612840039900, 1.000000000000000000 ),
 ( 0.0000000000000000000, 1.000000000000000000 ),
 .UNSPECIFIED. ) ;
#8317 = LINE ( 'NONE', #4930, #712 ) ;
#8318 = LINE ( 'NONE', #5522, #2968 ) ;
#8319 = CARTESIAN_POINT ( 'NONE',  ( -0.09547536417299895600, 0.4798999999999999400, -0.004451587916966088900 ) ) ;
#8320 = CARTESIAN_POINT ( 'NONE',  ( -0.2429189414552248000, 0.4798999999999999400, -0.02903634010498853600 ) ) ;
#8321 = CARTESIAN_POINT ( 'NONE',  ( -0.06674403192013402000, 0.4799999999999999800, -0.08803418920062706900 ) ) ;
#8322 = CARTESIAN_POINT ( 'NONE',  ( 0.2658478917403159800, 0.4799999999999999800, 0.08584523118204592800 ) ) ;
#8323 = CARTESIAN_POINT ( 'NONE',  ( 0.2078045219379108000, 0.4798999999999999400, 0.08591312047500022900 ) ) ;
#8324 = LINE ( 'NONE', #2797, #2863 ) ;
#8325 = ORIENTED_EDGE ( 'NONE', *, *, #6133, .F. ) ;
#8326 = VERTEX_POINT ( 'NONE', #4623 ) ;
#8327 = EDGE_LOOP ( 'NONE', ( #7687, #4173, #7997, #4101 ) ) ;
#8328 = CARTESIAN_POINT ( 'NONE',  ( -0.1043561649828923900, 0.4798999999999999900, -0.08812116859260738000 ) ) ;
#8329 = PLANE ( 'NONE',  #1299 ) ;
#8330 = CARTESIAN_POINT ( 'NONE',  ( 0.3884985134888577200, 0.4799999999999999800, 0.05430789924313939700 ) ) ;
#8331 = LINE ( 'NONE', #1482, #5439 ) ;
#8332 = ORIENTED_EDGE ( 'NONE', *, *, #3256, .T. ) ;
#8333 = CARTESIAN_POINT ( 'NONE',  ( 0.1979773727672848300, 0.4798999999999999400, -0.1081873308763859100 ) ) ;
#8334 = EDGE_CURVE ( 'NONE', #3872, #8663, #9248, .T. ) ;
#8335 = EDGE_CURVE ( 'NONE', #792, #5895, #4316, .T. ) ;
#8336 = CARTESIAN_POINT ( 'NONE',  ( -0.8000000000000037100, 0.4099999999999999200, 0.4499999999999999600 ) ) ;
#8337 = CARTESIAN_POINT ( 'NONE',  ( 0.3688507702031823000, 0.4798999999999999400, 0.08924856655951155000 ) ) ;
#8338 = EDGE_LOOP ( 'NONE', ( #200, #1734, #256, #3409 ) ) ;
#8339 = CARTESIAN_POINT ( 'NONE',  ( -0.02329812598244858400, 0.4798999999999999400, -0.004323607012758710900 ) ) ;
#8340 = CARTESIAN_POINT ( 'NONE',  ( 0.1067360765826604100, 0.4798999999999999400, 0.06032180233841716300 ) ) ;
#8341 = PRESENTATION_STYLE_ASSIGNMENT (( #5956 ) ) ;
#8342 = PRESENTATION_STYLE_ASSIGNMENT (( #1486 ) ) ;
#8343 = VERTEX_POINT ( 'NONE', #1040 ) ;
#8344 = VECTOR ( 'NONE', #3036, 1000.000000000000000 ) ;
#8345 = SURFACE_STYLE_FILL_AREA ( #5788 ) ;
#8346 = STYLED_ITEM ( 'NONE', ( #279 ), #1828 ) ;
#8347 = CARTESIAN_POINT ( 'NONE',  ( -0.1558687810788690900, 0.4799999999999999800, -0.05854790779946279100 ) ) ;
#8348 = CARTESIAN_POINT ( 'NONE',  ( 0.1774645522544645000, 0.4798999999999999400, -0.005623228312283274000 ) ) ;
#8349 = CARTESIAN_POINT ( 'NONE',  ( -0.02985627019083636500, 0.4799999999999999800, -0.009386043318568472100 ) ) ;
#8350 = UNCERTAINTY_MEASURE_WITH_UNIT (LENGTH_MEASURE( 1.000000000000000100E-005 ), #9278, 'distance_accuracy_value', 'NONE');
#8351 = VERTEX_POINT ( 'NONE', #1771 ) ;
#8352 = VECTOR ( 'NONE', #2414, 1000.000000000000000 ) ;
#8353 = CARTESIAN_POINT ( 'NONE',  ( -0.04333082763667355600, 0.4799999999999997600, 0.08478920166679493300 ) ) ;
#8354 = COLOUR_RGB ( '',0.2509803921568627400, 0.2509803921568627400, 0.2509803921568627400 ) ;
#8355 = SURFACE_STYLE_USAGE ( .BOTH. , #3364 ) ;
#8356 = ADVANCED_FACE ( 'NONE', ( #7353 ), #6903, .F. ) ;
#8357 = CARTESIAN_POINT ( 'NONE',  ( -0.1276636528737408700, 0.4798999999999999400, -0.06039085651741150200 ) ) ;
#8358 = CARTESIAN_POINT ( 'NONE',  ( 0.1833463185632247200, 0.4799999999999997000, 0.06339777463450894900 ) ) ;
#8359 = FILL_AREA_STYLE_COLOUR ( '', #26 ) ;
#8360 = CARTESIAN_POINT ( 'NONE',  ( -0.1276636528737408700, 0.4798999999999999400, -0.06039085651741150200 ) ) ;
#8361 = ORIENTED_EDGE ( 'NONE', *, *, #7802, .T. ) ;
#8362 = PRESENTATION_LAYER_ASSIGNMENT (  '', '', ( #7889 ) ) ;
#8363 = FACE_OUTER_BOUND ( 'NONE', #6562, .T. ) ;
#8364 = CARTESIAN_POINT ( 'NONE',  ( -0.03805016117451963400, 0.4799999999999999800, 0.02168921148873671400 ) ) ;
#8365 =( LENGTH_UNIT ( ) NAMED_UNIT ( * ) SI_UNIT ( .MILLI., .METRE. ) );
#8366 = PLANE ( 'NONE',  #7411 ) ;
#8367 = CARTESIAN_POINT ( 'NONE',  ( 0.4531055778954900000, 0.4799999999999999800, -0.08659277959433459000 ) ) ;
#8368 = CARTESIAN_POINT ( 'NONE',  ( -0.1989316222552515700, 0.4799999999999999800, 0.002028765907778444100 ) ) ;
#8369 = B_SPLINE_SURFACE_WITH_KNOTS ( 'NONE', 3, 1, ( 
 ( #6795, #354 ),
 ( #5379, #1073 ),
 ( #6106, #1801 ),
 ( #6817, #2537 ),
 ( #7532, #3259 ),
 ( #8258, #3967 ),
 ( #8964, #4691 ),
 ( #387, #5406 ),
 ( #1097, #6137 ),
 ( #1827, #6840 ),
 ( #2562, #7567 ) ),
 .UNSPECIFIED., .F., .F., .F.,
 ( 4, 1, 1, 1, 1, 1, 1, 1, 4 ),
 ( 2, 2 ),
 ( 0.0000000000000000000, 0.1158426906010180800, 0.2305685484828842200, 0.3473546045205445100, 0.4682527467344625400, 0.5923025714800842500, 0.7199701656206970400, 0.8556003811349103300, 1.000000000000000000 ),
 ( 0.0000000000000000000, 1.000000000000000000 ),
 .UNSPECIFIED. ) ;
#8370 = CARTESIAN_POINT ( 'NONE',  ( 0.04048538558779762900, 0.4798999999999999400, 0.07254183579028082600 ) ) ;
#8371 = CARTESIAN_POINT ( 'NONE',  ( -0.2332251344006538200, 0.4799999999999999800, 0.002169096362027348300 ) ) ;
#8372 = CARTESIAN_POINT ( 'NONE',  ( 0.1209980308598313700, 0.4799999999999998700, 0.03013264905188695100 ) ) ;
#8373 = VECTOR ( 'NONE', #3710, 1000.000000000000000 ) ;
#8374 = VERTEX_POINT ( 'NONE', #1891 ) ;
#8375 = CARTESIAN_POINT ( 'NONE',  ( 0.2562671834102793200, 0.4798999999999999400, -0.04307162364464444500 ) ) ;
#8376 = EDGE_CURVE ( 'NONE', #3644, #1055, #980, .T. ) ;
#8377 = CARTESIAN_POINT ( 'NONE',  ( -0.8000000000000037100, 0.4798999999999999400, -0.1107514334404884300 ) ) ;
#8378 = EDGE_CURVE ( 'NONE', #9146, #1077, #1593, .T. ) ;
#8379 = STYLED_ITEM ( 'NONE', ( #8532 ), #6819 ) ;
#8380 = CARTESIAN_POINT ( 'NONE',  ( -0.04188398918082452500, 0.4799999999999999800, -0.06263221491491695300 ) ) ;
#8381 = CARTESIAN_POINT ( 'NONE',  ( 0.5146440394339514300, 0.4798999999999999900, 0.06128382296976800400 ) ) ;
#8382 = CARTESIAN_POINT ( 'NONE',  ( -0.007170756465519382100, 0.4799999999999999800, 0.03116802476569254700 ) ) ;
#8383 = CARTESIAN_POINT ( 'NONE',  ( 0.5153080826220947100, 0.4798999999999999900, 0.05831824386690259700 ) ) ;
#8384 = B_SPLINE_SURFACE_WITH_KNOTS ( 'NONE', 3, 1, ( 
 ( #3285, #8304 ),
 ( #4023, #9026 ),
 ( #4742, #440 ),
 ( #5478, #1160 ),
 ( #6188, #1896 ),
 ( #6907, #2620 ),
 ( #7627, #3353 ),
 ( #8340, #4048 ),
 ( #9054, #4781 ),
 ( #473, #5504 ),
 ( #1194, #6231 ),
 ( #1923, #6933 ),
 ( #2662, #7657 ),
 ( #3381, #8372 ),
 ( #4078, #9082 ),
 ( #4809, #509 ),
 ( #5535, #1227 ),
 ( #6262, #1958 ),
 ( #6964, #2692 ) ),
 .UNSPECIFIED., .F., .F., .F.,
 ( 4, 1, 1, 1, 1, 1, 1, 1, 1, 1, 1, 1, 1, 1, 1, 1, 4 ),
 ( 2, 2 ),
 ( 0.0000000000000000000, 0.04078184587225965100, 0.08086958872158689400, 0.1202681657882665900, 0.1601868504553521900, 0.2004597376386386700, 0.2422651778979080000, 0.2864592615494681000, 0.3329520837492627700, 0.3844305340495299800, 0.4433891253601055500, 0.5116814722136831000, 0.5890200255490080100, 0.6762451906507719300, 0.7737051914728235700, 0.8815677677819827600, 1.000000000000000000 ),
 ( 0.0000000000000000000, 1.000000000000000000 ),
 .UNSPECIFIED. ) ;
#8385 = PLANE ( 'NONE',  #5550 ) ;
#8386 = FILL_AREA_STYLE ('',( #4795 ) ) ;
#8387 = SURFACE_SIDE_STYLE ('',( #6166 ) ) ;
#8388 = SURFACE_SIDE_STYLE ('',( #7210 ) ) ;
#8389 = FILL_AREA_STYLE ('',( #8359 ) ) ;
#8390 = SURFACE_STYLE_USAGE ( .BOTH. , #3396 ) ;
#8391 = EDGE_CURVE ( 'NONE', #3246, #4421, #7079, .T. ) ;
#8392 =( LENGTH_UNIT ( ) NAMED_UNIT ( * ) SI_UNIT ( .MILLI., .METRE. ) );
#8393 = CARTESIAN_POINT ( 'NONE',  ( -0.05646805047816530500, 0.4798999999999999400, 0.06413868136176266400 ) ) ;
#8394 = ORIENTED_EDGE ( 'NONE', *, *, #7647, .T. ) ;
#8395 = SURFACE_STYLE_USAGE ( .BOTH. , #3403 ) ;
#8396 = CARTESIAN_POINT ( 'NONE',  ( -0.08709329588705649900, 0.4800000000000000400, -0.09022521573105910000 ) ) ;
#8397 = CARTESIAN_POINT ( 'NONE',  ( 0.2034524922086894400, 0.4798999999999999400, 0.04494033439981355600 ) ) ;
#8398 = CARTESIAN_POINT ( 'NONE',  ( 0.02124601488228773600, 0.4798999999999999400, 0.003818150772442295200 ) ) ;
#8399 =( LENGTH_UNIT ( ) NAMED_UNIT ( * ) SI_UNIT ( .MILLI., .METRE. ) );
#8400 = CARTESIAN_POINT ( 'NONE',  ( -0.2611833600512316600, 0.4798999999999999400, -0.1107443099419249500 ) ) ;
#8401 = ADVANCED_FACE ( 'NONE', ( #8974 ), #5626, .T. ) ;
#8402 = CARTESIAN_POINT ( 'NONE',  ( 0.2862049159213922400, 0.4799999999999994800, -0.02599342832165107300 ) ) ;
#8403 = ORIENTED_EDGE ( 'NONE', *, *, #2584, .T. ) ;
#8404 = CARTESIAN_POINT ( 'NONE',  ( -0.08027487915721669100, 0.4799999999999999800, -0.09012884898173409400 ) ) ;
#8405 = CARTESIAN_POINT ( 'NONE',  ( -0.2192631321514463300, 0.4798999999999999400, 0.08196728744728376500 ) ) ;
#8406 = CARTESIAN_POINT ( 'NONE',  ( 0.04458355294912030200, 0.4798999999999999400, 0.07714893593044150300 ) ) ;
#8407 = LINE ( 'NONE', #7309, #4392 ) ;
#8408 = PRESENTATION_LAYER_ASSIGNMENT (  '', '', ( #7464 ) ) ;
#8409 = CARTESIAN_POINT ( 'NONE',  ( 0.1236183984083103900, 0.4799999999999999800, -0.009469382158437138600 ) ) ;
#8410 =( NAMED_UNIT ( * ) PLANE_ANGLE_UNIT ( ) SI_UNIT ( $, .RADIAN. ) );
#8411 = SURFACE_STYLE_FILL_AREA ( #7868 ) ;
#8412 = FILL_AREA_STYLE_COLOUR ( '', #880 ) ;
#8413 = CARTESIAN_POINT ( 'NONE',  ( 0.08515685994677196800, 0.4798999999999999400, -0.1107514334404884200 ) ) ;
#8414 = PLANE ( 'NONE',  #3813 ) ;
#8415 = CARTESIAN_POINT ( 'NONE',  ( -0.007210092368792714700, 0.4799999999999999800, 0.02858228420897854900 ) ) ;
#8416 = CARTESIAN_POINT ( 'NONE',  ( 0.07349127126127662200, 0.4799999999999999800, -0.08582261882850486500 ) ) ;
#8417 = CARTESIAN_POINT ( 'NONE',  ( 0.02571595843369252700, 0.4798999999999999400, 0.03881690550341690400 ) ) ;
#8418 = EDGE_CURVE ( 'NONE', #6990, #6384, #8091, .T. ) ;
#8419 = CARTESIAN_POINT ( 'NONE',  ( -0.03654370784024803300, 0.4799999999999999800, 0.04260742634220943100 ) ) ;
#8420 = DIRECTION ( 'NONE',  ( 0.0000000000000000000, 0.0000000000000000000, 1.000000000000000000 ) ) ;
#8421 = CARTESIAN_POINT ( 'NONE',  ( -0.2326397554619573600, 0.4799999999999999800, -0.03523829226340707800 ) ) ;
#8422 = COLOUR_RGB ( '',0.2509803921568627400, 0.2509803921568627400, 0.2509803921568627400 ) ;
#8423 = CARTESIAN_POINT ( 'NONE',  ( -0.2580419821680348100, 0.4798999999999999400, -0.08729823998404800900 ) ) ;
#8424 = CARTESIAN_POINT ( 'NONE',  ( 0.2359574670481951200, 0.4798999999999999400, 0.06869806578207557400 ) ) ;
#8425 = B_SPLINE_SURFACE_WITH_KNOTS ( 'NONE', 3, 1, ( 
 ( #569, #3475 ),
 ( #8465, #4167 ),
 ( #9187, #4903 ),
 ( #604, #5636 ),
 ( #1324, #6355 ),
 ( #2046, #7058 ),
 ( #2790, #7780 ),
 ( #3503, #8495 ),
 ( #4207, #9214 ),
 ( #4929, #636 ),
 ( #5674, #1349 ) ),
 .UNSPECIFIED., .F., .F., .F.,
 ( 4, 1, 1, 1, 1, 1, 1, 1, 4 ),
 ( 2, 2 ),
 ( 0.0000000000000000000, 0.1177675192120363300, 0.2301764485440568100, 0.3398429589695385300, 0.4506252599208620500, 0.5669428888721623800, 0.6960213064547944300, 0.8394383602270613100, 1.000000000000000000 ),
 ( 0.0000000000000000000, 1.000000000000000000 ),
 .UNSPECIFIED. ) ;
#8426 = CARTESIAN_POINT ( 'NONE',  ( 0.3031055778954899200, 0.4799999999999999800, 0.02065882296976799500 ) ) ;
#8427 = CARTESIAN_POINT ( 'NONE',  ( -0.2379398120100880400, 0.4799999999999999800, 0.0001155361708582900100 ) ) ;
#8428 = COLOUR_RGB ( '',0.2509803921568627400, 0.2509803921568627400, 0.2509803921568627400 ) ;
#8429 = CARTESIAN_POINT ( 'NONE',  ( -0.2300214631018461500, 0.4798999999999999400, -0.1060850684294046800 ) ) ;
#8430 = VECTOR ( 'NONE', #7707, 1000.000000000000000 ) ;
#8431 = CARTESIAN_POINT ( 'NONE',  ( 0.3029289790344422100, 0.4798999999999999400, 0.01379025488641571300 ) ) ;
#8432 = VERTEX_POINT ( 'NONE', #6959 ) ;
#8433 = MECHANICAL_DESIGN_GEOMETRIC_PRESENTATION_REPRESENTATION (  '', ( #7005 ), #8921 ) ;
#8434 = ORIENTED_EDGE ( 'NONE', *, *, #4839, .F. ) ;
#8435 = VERTEX_POINT ( 'NONE', #2044 ) ;
#8436 = UNCERTAINTY_MEASURE_WITH_UNIT (LENGTH_MEASURE( 1.000000000000000100E-005 ), #5703, 'distance_accuracy_value', 'NONE');
#8437 = PRESENTATION_STYLE_ASSIGNMENT (( #6136 ) ) ;
#8438 = CARTESIAN_POINT ( 'NONE',  ( 0.2444116676390797000, 0.4798999999999999400, -0.04408476677382174000 ) ) ;
#8439 =( LENGTH_UNIT ( ) NAMED_UNIT ( * ) SI_UNIT ( .MILLI., .METRE. ) );
#8440 = CARTESIAN_POINT ( 'NONE',  ( -0.08643769133527935700, 0.4798999999999999400, -0.1133155360045909700 ) ) ;
#8441 = VERTEX_POINT ( 'NONE', #9077 ) ;
#8442 = EDGE_LOOP ( 'NONE', ( #7924, #1829, #838, #4529 ) ) ;
#8443 = VECTOR ( 'NONE', #3570, 1000.000000000000000 ) ;
#8444 = CARTESIAN_POINT ( 'NONE',  ( 0.1101520298986300000, 0.4799999999999999800, -0.07578696137251733600 ) ) ;
#8445 = VERTEX_POINT ( 'NONE', #7056 ) ;
#8446 =( GEOMETRIC_REPRESENTATION_CONTEXT ( 3 ) GLOBAL_UNCERTAINTY_ASSIGNED_CONTEXT ( ( #1553 ) ) GLOBAL_UNIT_ASSIGNED_CONTEXT ( ( #9098, #4951, #657 ) ) REPRESENTATION_CONTEXT ( 'NONE', 'WORKASPACE' ) );
#8447 = VERTEX_POINT ( 'NONE', #2788 ) ;
#8448 = DIRECTION ( 'NONE',  ( 0.0000000000000000000, 1.000000000000000000, 0.0000000000000000000 ) ) ;
#8449 = CARTESIAN_POINT ( 'NONE',  ( 0.02105429584420780800, 0.4799999999999999800, -0.009389253953308930200 ) ) ;
#8450 = CARTESIAN_POINT ( 'NONE',  ( -0.8000000000000037100, 0.4798999999999999400, 0.02001779732874236000 ) ) ;
#8451 = ADVANCED_FACE ( 'NONE', ( #2597 ), #4165, .F. ) ;
#8452 = CARTESIAN_POINT ( 'NONE',  ( 0.2760106802066496500, 0.4799999999999999800, 0.03676277001641564000 ) ) ;
#8453 = PRESENTATION_STYLE_ASSIGNMENT (( #5062 ) ) ;
#8454 = CARTESIAN_POINT ( 'NONE',  ( 0.6800000000000000500, 0.4299999999999999400, -0.4500000000000000700 ) ) ;
#8455 =( LENGTH_UNIT ( ) NAMED_UNIT ( * ) SI_UNIT ( .MILLI., .METRE. ) );
#8456 = ORIENTED_EDGE ( 'NONE', *, *, #5069, .F. ) ;
#8457 = LINE ( 'NONE', #8944, #2997 ) ;
#8458 = FILL_AREA_STYLE_COLOUR ( '', #588 ) ;
#8459 = FACE_OUTER_BOUND ( 'NONE', #226, .T. ) ;
#8460 = SURFACE_STYLE_FILL_AREA ( #8687 ) ;
#8461 = EDGE_CURVE ( 'NONE', #5946, #5365, #6187, .T. ) ;
#8462 = ORIENTED_EDGE ( 'NONE', *, *, #5242, .T. ) ;
#8463 = COLOUR_RGB ( '',1.000000000000000000, 1.000000000000000000, 0.5019607843137254800 ) ;
#8464 = CARTESIAN_POINT ( 'NONE',  ( -0.1117335742831032400, 0.4800000000000000400, -0.08542252709092502900 ) ) ;
#8465 = CARTESIAN_POINT ( 'NONE',  ( -0.03542348481053111300, 0.4798999999999999400, 0.03239416977306104600 ) ) ;
#8466 = LINE ( 'NONE', #2244, #4666 ) ;
#8467 = CARTESIAN_POINT ( 'NONE',  ( 0.2945585297356919700, 0.4798999999999999400, 0.05722842763333203800 ) ) ;
#8468 =( NAMED_UNIT ( * ) PLANE_ANGLE_UNIT ( ) SI_UNIT ( $, .RADIAN. ) );
#8469 = FILL_AREA_STYLE ('',( #7749 ) ) ;
#8470 = CARTESIAN_POINT ( 'NONE',  ( -0.2307718394007304800, 0.4799999999999999800, 0.05978159884385608700 ) ) ;
#8471 = B_SPLINE_CURVE_WITH_KNOTS ( 'NONE', 3,
 ( #3812, #892, #225, #5239, #946, #5975, #1671 ),
 .UNSPECIFIED., .F., .F.,
 ( 4, 1, 1, 1, 4 ),
 ( 0.0000000000000000000, 0.2155326816824298400, 0.4535671417990785900, 0.7155338199332916800, 1.000000000000000000 ),
 .UNSPECIFIED. ) ;
#8472 = CARTESIAN_POINT ( 'NONE',  ( -0.009207983952485586400, 0.4798999999999999400, 0.01745881505525473700 ) ) ;
#8473 = STYLED_ITEM ( 'NONE', ( #6872 ), #2388 ) ;
#8474 = VERTEX_POINT ( 'NONE', #9254 ) ;
#8475 = LINE ( 'NONE', #479, #1070 ) ;
#8476 = CARTESIAN_POINT ( 'NONE',  ( 0.2989737251548724700, 0.4798999999999999400, -0.005238984306480358800 ) ) ;
#8477 = STYLED_ITEM ( 'NONE', ( #3343 ), #3217 ) ;
#8478 = CARTESIAN_POINT ( 'NONE',  ( 0.4471461750939627100, 0.4799999999999999800, -0.06593012325315993100 ) ) ;
#8479 = CARTESIAN_POINT ( 'NONE',  ( -0.01487044672807826200, 0.4798999999999999400, -0.07080803911754111900 ) ) ;
#8480 = SURFACE_STYLE_USAGE ( .BOTH. , #3487 ) ;
#8481 = DIRECTION ( 'NONE',  ( 1.000000000000000000, 0.0000000000000000000, 0.0000000000000000000 ) ) ;
#8482 = ORIENTED_EDGE ( 'NONE', *, *, #2818, .F. ) ;
#8483 = CARTESIAN_POINT ( 'NONE',  ( -0.2254269380574042400, 0.4800000000000000900, -0.01541774477310016800 ) ) ;
#8484 = VERTEX_POINT ( 'NONE', #7813 ) ;
#8485 = CARTESIAN_POINT ( 'NONE',  ( -0.007170756465519382100, 0.4798999999999999400, 0.03116802476569254700 ) ) ;
#8486 =( LENGTH_UNIT ( ) NAMED_UNIT ( * ) SI_UNIT ( .MILLI., .METRE. ) );
#8487 = STYLED_ITEM ( 'NONE', ( #5231 ), #7804 ) ;
#8488 = CARTESIAN_POINT ( 'NONE',  ( -0.007462430044848654200, 0.4799999999999999800, 0.04028086102604823400 ) ) ;
#8489 =( GEOMETRIC_REPRESENTATION_CONTEXT ( 3 ) GLOBAL_UNCERTAINTY_ASSIGNED_CONTEXT ( ( #8867 ) ) GLOBAL_UNIT_ASSIGNED_CONTEXT ( ( #8819, #4537, #238 ) ) REPRESENTATION_CONTEXT ( 'NONE', 'WORKASPACE' ) );
#8490 = ORIENTED_EDGE ( 'NONE', *, *, #3824, .F. ) ;
#8491 = ORIENTED_EDGE ( 'NONE', *, *, #3169, .F. ) ;
#8492 = CARTESIAN_POINT ( 'NONE',  ( 0.03986971296293422700, 0.4799999999999999800, -0.08991605412561759500 ) ) ;
#8493 =( NAMED_UNIT ( * ) SI_UNIT ( $, .STERADIAN. ) SOLID_ANGLE_UNIT ( ) );
#8494 = SURFACE_SIDE_STYLE ('',( #4277 ) ) ;
#8495 = CARTESIAN_POINT ( 'NONE',  ( -0.04685027826412861000, 0.4799999999999999800, 0.01184612364857531200 ) ) ;
#8496 = CARTESIAN_POINT ( 'NONE',  ( 0.6800000000000001600, 0.4099999999999999200, 0.3799999999999998400 ) ) ;
#8497 = CARTESIAN_POINT ( 'NONE',  ( -0.2434503257321920000, 0.4799999999999999800, -0.001345536536765257700 ) ) ;
#8498 = CARTESIAN_POINT ( 'NONE',  ( -0.1905079449705343300, 0.4799999999999998700, 0.04537450663280015500 ) ) ;
#8499 = ADVANCED_FACE ( 'NONE', ( #4508 ), #668, .T. ) ;
#8500 = DIRECTION ( 'NONE',  ( -0.0000000000000000000, 1.000000000000000000, -0.0000000000000000000 ) ) ;
#8501 =( GEOMETRIC_REPRESENTATION_CONTEXT ( 3 ) GLOBAL_UNCERTAINTY_ASSIGNED_CONTEXT ( ( #4619 ) ) GLOBAL_UNIT_ASSIGNED_CONTEXT ( ( #3380, #3407, #3445 ) ) REPRESENTATION_CONTEXT ( 'NONE', 'WORKASPACE' ) );
#8502 = LINE ( 'NONE', #4785, #6621 ) ;
#8503 = CARTESIAN_POINT ( 'NONE',  ( -0.009207983952485586400, 0.4799999999999999800, 0.01745881505525473700 ) ) ;
#8504 = MECHANICAL_DESIGN_GEOMETRIC_PRESENTATION_REPRESENTATION (  '', ( #7065 ), #8972 ) ;
#8505 =( NAMED_UNIT ( * ) PLANE_ANGLE_UNIT ( ) SI_UNIT ( $, .RADIAN. ) );
#8506 = SURFACE_STYLE_USAGE ( .BOTH. , #3512 ) ;
#8507 = CARTESIAN_POINT ( 'NONE',  ( -0.05667006313015115300, 0.4798999999999999400, 0.006836707585152607800 ) ) ;
#8508 = CARTESIAN_POINT ( 'NONE',  ( -0.2250995503096383200, 0.4799999999999999800, -0.05642451036356533500 ) ) ;
#8509 = CARTESIAN_POINT ( 'NONE',  ( -0.4545867297968178600, 0.4799999999999999800, -0.08767451036356532800 ) ) ;
#8510 = CARTESIAN_POINT ( 'NONE',  ( -0.2015099767883141200, 0.4798999999999999400, -0.001024527746500970800 ) ) ;
#8511 = CARTESIAN_POINT ( 'NONE',  ( 0.1195705512122646200, 0.4799999999999996500, -0.1009092501790296600 ) ) ;
#8512 = CARTESIAN_POINT ( 'NONE',  ( 0.08515685994677196800, 0.4799999999999999800, 0.09181266912361416000 ) ) ;
#8513 = ORIENTED_EDGE ( 'NONE', *, *, #4049, .F. ) ;
#8514 = PLANE ( 'NONE',  #3578 ) ;
#8515 = DIRECTION ( 'NONE',  ( -0.2202516988324253200, 0.0000000000000000000, 0.9754430732551390100 ) ) ;
#8516 = EDGE_CURVE ( 'NONE', #1776, #7341, #2954, .T. ) ;
#8517 = COLOUR_RGB ( '',0.2509803921568627400, 0.2509803921568627400, 0.2509803921568627400 ) ;
#8518 = EDGE_CURVE ( 'NONE', #792, #2454, #4834, .T. ) ;
#8519 = CARTESIAN_POINT ( 'NONE',  ( -0.03040213067447898900, 0.4799999999999999800, 0.07739717447653865500 ) ) ;
#8520 = CARTESIAN_POINT ( 'NONE',  ( 0.7999999999999961600, 0.4299999999999999400, -0.4374999999999813500 ) ) ;
#8521 = CARTESIAN_POINT ( 'NONE',  ( 0.04931397984084792700, 0.4798999999999999400, 0.03019915236287946900 ) ) ;
#8522 = CARTESIAN_POINT ( 'NONE',  ( -0.07978705030963835500, 0.4799999999999998700, 0.09181266912361417400 ) ) ;
#8523 =( LENGTH_UNIT ( ) NAMED_UNIT ( * ) SI_UNIT ( .MILLI., .METRE. ) );
#8524 = CARTESIAN_POINT ( 'NONE',  ( 0.1482953196139272000, 0.4799999999999999800, 0.01485829392275922700 ) ) ;
#8525 = CARTESIAN_POINT ( 'NONE',  ( -0.2499088099053042600, 0.4799999999999999800, -0.002336785869173325400 ) ) ;
#8526 =( GEOMETRIC_REPRESENTATION_CONTEXT ( 3 ) GLOBAL_UNCERTAINTY_ASSIGNED_CONTEXT ( ( #8005 ) ) GLOBAL_UNIT_ASSIGNED_CONTEXT ( ( #8486, #4199, #9206 ) ) REPRESENTATION_CONTEXT ( 'NONE', 'WORKASPACE' ) );
#8527 = CARTESIAN_POINT ( 'NONE',  ( -0.2140906681577126000, 0.4798999999999999400, 0.07936952459107328400 ) ) ;
#8528 = CARTESIAN_POINT ( 'NONE',  ( -0.008316710036694739000, 0.4798999999999999400, 0.02106120874001344400 ) ) ;
#8529 = CARTESIAN_POINT ( 'NONE',  ( -0.2253785783826972600, 0.4798999999999999400, 0.05499656913560455700 ) ) ;
#8530 = CARTESIAN_POINT ( 'NONE',  ( -0.2252522332938324300, 0.4799999999999999800, -0.06127860760657009900 ) ) ;
#8531 = CARTESIAN_POINT ( 'NONE',  ( 0.2774351175710143000, 0.4798999999999999400, 0.02055085290819130800 ) ) ;
#8532 = PRESENTATION_STYLE_ASSIGNMENT (( #8936 ) ) ;
#8533 = SURFACE_SIDE_STYLE ('',( #1057 ) ) ;
#8534 = CARTESIAN_POINT ( 'NONE',  ( 0.2862049159213922400, 0.4799999999999999800, -0.02599342832165107300 ) ) ;
#8535 = B_SPLINE_CURVE_WITH_KNOTS ( 'NONE', 3,
 ( #1292, #8396, #2016, #7028, #2755, #7745, #3474, #8464, #4166, #9186, #4902, #603, #5635, #1323, #6354, #2045, #7057, #2789, #7779 ),
 .UNSPECIFIED., .F., .F.,
 ( 4, 1, 1, 1, 1, 1, 1, 1, 1, 1, 1, 1, 1, 1, 1, 1, 4 ),
 ( 0.0000000000000000000, 0.09151103632803682400, 0.1771428603141486400, 0.2571084852282351000, 0.3311983993883847500, 0.4005922945239577800, 0.4656249598049638200, 0.5269734913138594000, 0.5854431157040227400, 0.6413985080863305900, 0.6950441672657239300, 0.7467815514927480500, 0.7969589345766995300, 0.8475448623598796900, 0.8974385414187383600, 0.9476489188871285400, 1.000000000000000000 ),
 .UNSPECIFIED. ) ;
#8536 = STYLED_ITEM ( 'NONE', ( #2189 ), #4171 ) ;
#8537 = PRESENTATION_LAYER_ASSIGNMENT (  '', '', ( #7588 ) ) ;
#8538 = PRESENTATION_STYLE_ASSIGNMENT (( #8924 ) ) ;
#8539 = CARTESIAN_POINT ( 'NONE',  ( -0.1905108115296329000, 0.4800000000000000900, 0.01968603140837521200 ) ) ;
#8540 = ADVANCED_FACE ( 'NONE', ( #2722 ), #2152, .F. ) ;
#8541 = CARTESIAN_POINT ( 'NONE',  ( 0.1445308560796088900, 0.4798999999999999400, -0.05762714093044438200 ) ) ;
#8542 = SURFACE_SIDE_STYLE ('',( #140 ) ) ;
#8543 = ORIENTED_EDGE ( 'NONE', *, *, #5727, .F. ) ;
#8544 = PRESENTATION_STYLE_ASSIGNMENT (( #4258 ) ) ;
#8545 = ORIENTED_EDGE ( 'NONE', *, *, #219, .T. ) ;
#8546 = CARTESIAN_POINT ( 'NONE',  ( -0.2202827879042626700, 0.4798999999999999400, 0.01629223226103382700 ) ) ;
#8547 = DIRECTION ( 'NONE',  ( 0.0000000000000000000, -0.0000000000000000000, -1.000000000000000000 ) ) ;
#8548 = LINE ( 'NONE', #2134, #4739 ) ;
#8549 = CARTESIAN_POINT ( 'NONE',  ( -0.4545867297968178600, 0.4798999999999999400, -0.08767451036356532800 ) ) ;
#8550 = ORIENTED_EDGE ( 'NONE', *, *, #1344, .T. ) ;
#8551 = EDGE_CURVE ( 'NONE', #2682, #1202, #5862, .T. ) ;
#8552 = ORIENTED_EDGE ( 'NONE', *, *, #6256, .F. ) ;
#8553 = CARTESIAN_POINT ( 'NONE',  ( -0.8000000000000037100, 0.4799999999999999800, 0.004633181944126954700 ) ) ;
#8554 = CARTESIAN_POINT ( 'NONE',  ( 0.08515685994677196800, 0.4798999999999999900, 0.06873574604669108200 ) ) ;
#8555 = DIRECTION ( 'NONE',  ( 0.0000000000000000000, 1.000000000000000000, 0.0000000000000000000 ) ) ;
#8556 = VERTEX_POINT ( 'NONE', #2887 ) ;
#8557 = CARTESIAN_POINT ( 'NONE',  ( -0.1148865701014939200, 0.4798999999999999400, 0.08714592988951824800 ) ) ;
#8558 = CARTESIAN_POINT ( 'NONE',  ( 0.2774645522544642000, 0.4799999999999999800, 0.02218125886720390100 ) ) ;
#8559 = ORIENTED_EDGE ( 'NONE', *, *, #6768, .F. ) ;
#8560 = B_SPLINE_SURFACE_WITH_KNOTS ( 'NONE', 3, 1, ( 
 ( #8093, #1679 ),
 ( #6697, #2412 ),
 ( #7408, #3135 ),
 ( #8127, #3843 ),
 ( #8840, #4565 ),
 ( #261, #5272 ),
 ( #985, #6016 ),
 ( #1702, #6722 ),
 ( #2441, #7437 ),
 ( #3162, #8161 ),
 ( #3878, #8870 ),
 ( #4592, #296 ),
 ( #5309, #1008 ),
 ( #6042, #1741 ),
 ( #6747, #2471 ),
 ( #7471, #3191 ),
 ( #8182, #3907 ),
 ( #8909, #4620 ),
 ( #321, #5345 ) ),
 .UNSPECIFIED., .F., .F., .F.,
 ( 4, 1, 1, 1, 1, 1, 1, 1, 1, 1, 1, 1, 1, 1, 1, 1, 4 ),
 ( 2, 2 ),
 ( 0.0000000000000000000, 0.07499546738983180200, 0.1491654404266558900, 0.2236642943382244600, 0.3004120221906722600, 0.3395704846106347200, 0.3789205746932796100, 0.4180957375990931300, 0.4582296767501552500, 0.4984267212184583800, 0.5397075464534799600, 0.5822159516458436100, 0.6258238199943747500, 0.7154812648736982300, 0.8073840844133604000, 0.9016341255073716500, 1.000000000000000000 ),
 ( 0.0000000000000000000, 1.000000000000000000 ),
 .UNSPECIFIED. ) ;
#8561 = CARTESIAN_POINT ( 'NONE',  ( 0.1209391574365984200, 0.4799999999999999800, 0.08079165367950175100 ) ) ;
#8562 = PRESENTATION_STYLE_ASSIGNMENT (( #7048 ) ) ;
#8563 = CARTESIAN_POINT ( 'NONE',  ( -0.2540270504982417000, 0.4799999999999998700, 0.08916297178188721500 ) ) ;
#8564 = EDGE_CURVE ( 'NONE', #8888, #5200, #7524, .T. ) ;
#8565 = B_SPLINE_CURVE_WITH_KNOTS ( 'NONE', 3,
 ( #7239, #8711, #5136, #852, #5873, #1564, #6596, #2298, #7302, #401, #5424, #1108, #6148, #1848, #6849, #2572, #7580, #3300, #8295 ),
 .UNSPECIFIED., .F., .F.,
 ( 4, 1, 1, 1, 1, 1, 1, 1, 1, 1, 1, 1, 1, 1, 1, 1, 4 ),
 ( 0.0000000000000000000, 0.05873203710086483100, 0.1146029008469818300, 0.1676568100446121900, 0.2179667070908433700, 0.2657752056293755700, 0.3111706510536960100, 0.3537918046646694700, 0.3947449080003069300, 0.4728059510824630900, 0.5491923665616070800, 0.6247801075795552700, 0.7026247640242255800, 0.7797414321940388000, 0.8540634639886255400, 0.9271552664103500700, 1.000000000000000000 ),
 .UNSPECIFIED. ) ;
#8566 = STYLED_ITEM ( 'NONE', ( #6196 ), #6662 ) ;
#8567 = EDGE_LOOP ( 'NONE', ( #1421, #1717, #1723, #5469 ) ) ;
#8568 = VERTEX_POINT ( 'NONE', #4339 ) ;
#8569 = ORIENTED_EDGE ( 'NONE', *, *, #4839, .T. ) ;
#8570 = CARTESIAN_POINT ( 'NONE',  ( 0.7300000000000063100, -0.02000000000000000000, 0.4300000000000031000 ) ) ;
#8571 = STYLED_ITEM ( 'NONE', ( #1613 ), #1314 ) ;
#8572 = UNCERTAINTY_MEASURE_WITH_UNIT (LENGTH_MEASURE( 1.000000000000000100E-005 ), #9100, 'distance_accuracy_value', 'NONE');
#8573 = CARTESIAN_POINT ( 'NONE',  ( -0.2622360325657197600, 0.4799999999999999800, -0.08754539757310084200 ) ) ;
#8574 = B_SPLINE_CURVE_WITH_KNOTS ( 'NONE', 3,
 ( #2833, #2133, #1367, #2806, #4221, #4946, #5690 ),
 .UNSPECIFIED., .F., .F.,
 ( 4, 1, 1, 1, 4 ),
 ( 0.0000000000000000000, 0.2627412305282684800, 0.5099565029432324700, 0.7533267184204514000, 1.000000000000000000 ),
 .UNSPECIFIED. ) ;
#8575 = CARTESIAN_POINT ( 'NONE',  ( 0.2718519855514091000, 0.4799999999999995900, -0.003129000313433032800 ) ) ;
#8576 = VECTOR ( 'NONE', #3074, 1000.000000000000000 ) ;
#8577 = FACE_OUTER_BOUND ( 'NONE', #2230, .T. ) ;
#8578 = CARTESIAN_POINT ( 'NONE',  ( 0.02199248984826680500, 0.4798999999999999400, -0.03381477176352524300 ) ) ;
#8579 = ORIENTED_EDGE ( 'NONE', *, *, #2716, .F. ) ;
#8580 = ORIENTED_EDGE ( 'NONE', *, *, #3122, .F. ) ;
#8581 = DIRECTION ( 'NONE',  ( -1.000000000000000000, 0.0000000000000000000, 0.0000000000000000000 ) ) ;
#8582 = EDGE_CURVE ( 'NONE', #5683, #1500, #1952, .T. ) ;
#8583 = FACE_OUTER_BOUND ( 'NONE', #5561, .T. ) ;
#8584 = CARTESIAN_POINT ( 'NONE',  ( -0.07435960923380863200, 0.4799999999999999800, 0.06861230203317630900 ) ) ;
#8585 = CARTESIAN_POINT ( 'NONE',  ( 0.1490174915591031500, 0.4799999999999996500, -0.02328205710538374500 ) ) ;
#8586 = CARTESIAN_POINT ( 'NONE',  ( 0.04815518397962888200, 0.4798999999999999400, 0.02175133104079524400 ) ) ;
#8587 = CARTESIAN_POINT ( 'NONE',  ( -0.2182125895988887300, 0.4798999999999999400, 0.04056900208979509500 ) ) ;
#8588 = CARTESIAN_POINT ( 'NONE',  ( -0.2434503257321920000, 0.4799999999999998700, -0.001345536536765257700 ) ) ;
#8589 =( NAMED_UNIT ( * ) PLANE_ANGLE_UNIT ( ) SI_UNIT ( $, .RADIAN. ) );
#8590 = ORIENTED_EDGE ( 'NONE', *, *, #183, .T. ) ;
#8591 = PRESENTATION_STYLE_ASSIGNMENT (( #8844 ) ) ;
#8592 = CARTESIAN_POINT ( 'NONE',  ( 0.1492331068094243400, 0.4798999999999999400, -0.006544495676734369100 ) ) ;
#8593 = B_SPLINE_CURVE_WITH_KNOTS ( 'NONE', 3,
 ( #7325, #2328, #3768, #8756, #4476, #180, #5185, #900, #5937, #1623, #6645 ),
 .UNSPECIFIED., .F., .F.,
 ( 4, 1, 1, 1, 1, 1, 1, 1, 4 ),
 ( 0.0000000000000000000, 0.1669801744060301100, 0.3208066328848155300, 0.4631345048703172700, 0.5942480539785204300, 0.7123671525397421400, 0.8194549510427506800, 0.9157522665813516700, 1.000000000000000000 ),
 .UNSPECIFIED. ) ;
#8594 = SURFACE_STYLE_USAGE ( .BOTH. , #3597 ) ;
#8595 = SURFACE_STYLE_USAGE ( .BOTH. , #3601 ) ;
#8596 = CARTESIAN_POINT ( 'NONE',  ( -0.1405954736143195700, 0.4799999999999998700, 0.07293268167040629900 ) ) ;
#8597 = CARTESIAN_POINT ( 'NONE',  ( 0.2583591537163446600, 0.4799999999999999800, -0.01656968608077187500 ) ) ;
#8598 = SURFACE_SIDE_STYLE ('',( #2619 ) ) ;
#8599 = VERTEX_POINT ( 'NONE', #3629 ) ;
#8600 =( LENGTH_UNIT ( ) NAMED_UNIT ( * ) SI_UNIT ( .MILLI., .METRE. ) );
#8601 =( LENGTH_UNIT ( ) NAMED_UNIT ( * ) SI_UNIT ( .MILLI., .METRE. ) );
#8602 = DIRECTION ( 'NONE',  ( 1.000000000000000000, 0.0000000000000000000, -1.195811219653129900E-016 ) ) ;
#8603 = VECTOR ( 'NONE', #5844, 1000.000000000000000 ) ;
#8604 = CARTESIAN_POINT ( 'NONE',  ( 0.1236183984083103900, 0.4799999999999995400, -0.009469382158437138600 ) ) ;
#8605 = ORIENTED_EDGE ( 'NONE', *, *, #7784, .F. ) ;
#8606 = CARTESIAN_POINT ( 'NONE',  ( 0.2508035455496654400, 0.4798999999999999400, -0.01943996821797198300 ) ) ;
#8607 = CARTESIAN_POINT ( 'NONE',  ( 0.03002208964457968300, 0.4800000000000000900, -0.07195299839761100400 ) ) ;
#8608 = CARTESIAN_POINT ( 'NONE',  ( -0.1276636528737408700, 0.4798999999999999400, -0.06039085651741150200 ) ) ;
#8609 = CARTESIAN_POINT ( 'NONE',  ( -0.2042841037811179700, 0.4798999999999999400, -0.03425188201920507900 ) ) ;
#8610 = CARTESIAN_POINT ( 'NONE',  ( 0.06054508827047879600, 0.4799999999999999300, 0.05727469689734178400 ) ) ;
#8611 = CARTESIAN_POINT ( 'NONE',  ( -0.2182125895988887300, 0.4799999999999999800, 0.04056900208979509500 ) ) ;
#8612 = FACE_OUTER_BOUND ( 'NONE', #6353, .T. ) ;
#8613 = ORIENTED_EDGE ( 'NONE', *, *, #5902, .T. ) ;
#8614 = EDGE_CURVE ( 'NONE', #3114, #7884, #3729, .T. ) ;
#8615 =( LENGTH_UNIT ( ) NAMED_UNIT ( * ) SI_UNIT ( .MILLI., .METRE. ) );
#8616 = CARTESIAN_POINT ( 'NONE',  ( -0.2484992281629195000, 0.4799999999999999800, 0.06568100801308456000 ) ) ;
#8617 = UNCERTAINTY_MEASURE_WITH_UNIT (LENGTH_MEASURE( 1.000000000000000100E-005 ), #4107, 'distance_accuracy_value', 'NONE');
#8618 = CARTESIAN_POINT ( 'NONE',  ( 0.1359400046351260900, 0.4798999999999999400, 0.06261181397293913400 ) ) ;
#8619 = STYLED_ITEM ( 'NONE', ( #610 ), #5654 ) ;
#8620 = PRESENTATION_LAYER_ASSIGNMENT (  '', '', ( #7661 ) ) ;
#8621 = CARTESIAN_POINT ( 'NONE',  ( 0.06086095332602563900, 0.4799999999999999800, -0.07717885880198746600 ) ) ;
#8622 = CARTESIAN_POINT ( 'NONE',  ( -0.6800000000000000500, 0.4299999999999999400, 0.3799999999999998900 ) ) ;
#8623 = CARTESIAN_POINT ( 'NONE',  ( 0.3884985134888577200, 0.4799999999999999800, 0.05430789924313939700 ) ) ;
#8624 = CARTESIAN_POINT ( 'NONE',  ( 0.2175566131935491000, 0.4799999999999999800, 0.06369507778554567300 ) ) ;
#8625 = CARTESIAN_POINT ( 'NONE',  ( -0.1591785536292419900, 0.4798999999999999400, 0.04490409715149521600 ) ) ;
#8626 = SURFACE_SIDE_STYLE ('',( #7344 ) ) ;
#8627 = CARTESIAN_POINT ( 'NONE',  ( 0.06556770677878413800, 0.4798999999999999400, 0.08920583464766401700 ) ) ;
#8628 = CARTESIAN_POINT ( 'NONE',  ( -0.2623992297968178500, 0.4799999999999999800, 0.06617164348258851300 ) ) ;
#8629 = CARTESIAN_POINT ( 'NONE',  ( 0.2087546163570283600, 0.4798999999999999400, -0.03074342061997558900 ) ) ;
#8630 =( GEOMETRIC_REPRESENTATION_CONTEXT ( 3 ) GLOBAL_UNCERTAINTY_ASSIGNED_CONTEXT ( ( #3595 ) ) GLOBAL_UNIT_ASSIGNED_CONTEXT ( ( #1165, #1198, #1835 ) ) REPRESENTATION_CONTEXT ( 'NONE', 'WORKASPACE' ) );
#8631 = EDGE_LOOP ( 'NONE', ( #784, #8543, #2757, #1153 ) ) ;
#8632 = MECHANICAL_DESIGN_GEOMETRIC_PRESENTATION_REPRESENTATION (  '', ( #7189 ), #9092 ) ;
#8633 = CARTESIAN_POINT ( 'NONE',  ( 0.1177562602539473900, 0.4798999999999999400, -0.06221825660495933200 ) ) ;
#8634 = CARTESIAN_POINT ( 'NONE',  ( -0.2605161738855693600, 0.4798999999999999400, 0.06615000983573807200 ) ) ;
#8635 = CARTESIAN_POINT ( 'NONE',  ( -0.1344497326825258900, 0.4799999999999999800, 0.02741516950476742900 ) ) ;
#8636 = B_SPLINE_CURVE_WITH_KNOTS ( 'NONE', 3,
 ( #4964, #4874, #5503, #5576, #5607, #5638, #6261, #6290, #6322, #6357, #6389 ),
 .UNSPECIFIED., .F., .F.,
 ( 4, 1, 1, 1, 1, 1, 1, 1, 4 ),
 ( 0.0000000000000000000, 0.1367294018595741300, 0.2685149167908283400, 0.3955294046848087900, 0.5199999535658116300, 0.6404964768412678700, 0.7612361017625323100, 0.8801067171759511300, 1.000000000000000000 ),
 .UNSPECIFIED. ) ;
#8637 = CARTESIAN_POINT ( 'NONE',  ( 0.04948042335789060900, 0.4798999999999999400, -0.09977586022248262400 ) ) ;
#8638 = FILL_AREA_STYLE ('',( #7925 ) ) ;
#8639 =( NAMED_UNIT ( * ) PLANE_ANGLE_UNIT ( ) SI_UNIT ( $, .RADIAN. ) );
#8640 = CARTESIAN_POINT ( 'NONE',  ( 0.08383215328892838800, 0.4798999999999999400, 0.06868626609596162300 ) ) ;
#8641 = CARTESIAN_POINT ( 'NONE',  ( -0.2175537784042293500, 0.4798999999999999400, 0.03614480920291493500 ) ) ;
#8642 =( NAMED_UNIT ( * ) PLANE_ANGLE_UNIT ( ) SI_UNIT ( $, .RADIAN. ) );
#8643 = EDGE_CURVE ( 'NONE', #729, #5946, #289, .T. ) ;
#8644 = CARTESIAN_POINT ( 'NONE',  ( 0.08692090927917273100, 0.4798999999999999400, 0.09178579377132145600 ) ) ;
#8645 = CARTESIAN_POINT ( 'NONE',  ( -0.7300000000000019800, -0.02000000000000000000, 0.4300000000000032700 ) ) ;
#8646 = CARTESIAN_POINT ( 'NONE',  ( 0.3965737145762713300, 0.4798999999999999400, 0.02629409853240388300 ) ) ;
#8647 = FILL_AREA_STYLE_COLOUR ( '', #8517 ) ;
#8648 = SURFACE_STYLE_FILL_AREA ( #2653 ) ;
#8649 = CARTESIAN_POINT ( 'NONE',  ( 0.2447616223153527000, 0.4799999999999999800, 0.09164171562687935300 ) ) ;
#8650 = CARTESIAN_POINT ( 'NONE',  ( -0.1635610887711768400, 0.4799999999999998700, 0.02001779732874236000 ) ) ;
#8651 = CARTESIAN_POINT ( 'NONE',  ( -0.06169485493217805000, 0.4799999999999999800, 0.005029543909762997600 ) ) ;
#8652 = CARTESIAN_POINT ( 'NONE',  ( 0.04048538558779762900, 0.4799999999999999800, 0.07254183579028082600 ) ) ;
#8653 = MECHANICAL_DESIGN_GEOMETRIC_PRESENTATION_REPRESENTATION (  '', ( #7218 ), #9130 ) ;
#8654 = CARTESIAN_POINT ( 'NONE',  ( 0.2101694194834711500, 0.4798999999999999400, -0.03180510871650175200 ) ) ;
#8655 = AXIS2_PLACEMENT_3D ( 'NONE', #5871, #1562, #6594 ) ;
#8656 = CARTESIAN_POINT ( 'NONE',  ( -0.1204921785147665400, 0.4799999999999999300, -0.04272258728664225100 ) ) ;
#8657 = VECTOR ( 'NONE', #8704, 1000.000000000000000 ) ;
#8658 = CARTESIAN_POINT ( 'NONE',  ( 0.5034233969742885100, 0.4800000000000000400, 0.007844176360473220300 ) ) ;
#8659 = LINE ( 'NONE', #3433, #8430 ) ;
#8660 = CARTESIAN_POINT ( 'NONE',  ( 0.1005081031351723700, 0.4799999999999995400, -0.08384557868653648400 ) ) ;
#8661 = CARTESIAN_POINT ( 'NONE',  ( -0.4568848070411599100, 0.4799999999999999800, -0.07816351500812872300 ) ) ;
#8662 = CARTESIAN_POINT ( 'NONE',  ( -0.08858784990738323400, 0.4799999999999999800, 0.06850667736971252600 ) ) ;
#8663 = VERTEX_POINT ( 'NONE', #6533 ) ;
#8664 = ORIENTED_EDGE ( 'NONE', *, *, #3616, .F. ) ;
#8665 = CARTESIAN_POINT ( 'NONE',  ( 0.07492539073779480600, 0.4800000000000000900, -0.1101461019810802700 ) ) ;
#8666 = ORIENTED_EDGE ( 'NONE', *, *, #8987, .T. ) ;
#8667 = ORIENTED_EDGE ( 'NONE', *, *, #4018, .T. ) ;
#8668 = CARTESIAN_POINT ( 'NONE',  ( -0.2425168595500872800, 0.4798999999999999400, -0.1092944038099021200 ) ) ;
#8669 = PLANE ( 'NONE',  #249 ) ;
#8670 = VECTOR ( 'NONE', #318, 1000.000000000000000 ) ;
#8671 = CARTESIAN_POINT ( 'NONE',  ( -0.2175537784042293500, 0.4799999999999999800, 0.03614480920291493500 ) ) ;
#8672 = ORIENTED_EDGE ( 'NONE', *, *, #5507, .F. ) ;
#8673 = ORIENTED_EDGE ( 'NONE', *, *, #183, .F. ) ;
#8674 = CARTESIAN_POINT ( 'NONE',  ( 0.0000000000000000000, 0.0000000000000000000, 0.0000000000000000000 ) ) ;
#8675 = ORIENTED_EDGE ( 'NONE', *, *, #4687, .F. ) ;
#8676 = ORIENTED_EDGE ( 'NONE', *, *, #4200, .T. ) ;
#8677 = LINE ( 'NONE', #3226, #1275 ) ;
#8678 = EDGE_CURVE ( 'NONE', #7135, #1391, #1803, .T. ) ;
#8679 = MECHANICAL_DESIGN_GEOMETRIC_PRESENTATION_REPRESENTATION (  '', ( #7726 ), #9164 ) ;
#8680 = COLOUR_RGB ( '',0.2509803921568627400, 0.2509803921568627400, 0.2509803921568627400 ) ;
#8681 = SURFACE_SIDE_STYLE ('',( #5515 ) ) ;
#8682 = FILL_AREA_STYLE ('',( #7961 ) ) ;
#8683 = CARTESIAN_POINT ( 'NONE',  ( -0.07809797056746485600, 0.4799999999999999800, 0.0001625855448025007800 ) ) ;
#8684 = CARTESIAN_POINT ( 'NONE',  ( -0.2260992528468941400, 0.4798999999999999400, -0.06593720625141591400 ) ) ;
#8685 = CARTESIAN_POINT ( 'NONE',  ( 0.5230522485426804000, 0.4798999999999999900, 0.02392954565145692700 ) ) ;
#8686 = ORIENTED_EDGE ( 'NONE', *, *, #2118, .F. ) ;
#8687 = FILL_AREA_STYLE ('',( #2248 ) ) ;
#8688 = CARTESIAN_POINT ( 'NONE',  ( -0.09547536417299895600, 0.4798999999999999400, -0.004451587916966088900 ) ) ;
#8689 = B_SPLINE_SURFACE_WITH_KNOTS ( 'NONE', 3, 1, ( 
 ( #5746, #8604 ),
 ( #4319, #12 ),
 ( #5038, #750 ),
 ( #5775, #1464 ),
 ( #6490, #2195 ),
 ( #7191, #2926 ),
 ( #7919, #3640 ),
 ( #8633, #4349 ),
 ( #48, #5061 ),
 ( #776, #5810 ),
 ( #1492, #6517 ),
 ( #2228, #7230 ),
 ( #2956, #7948 ),
 ( #3675, #8660 ),
 ( #4381, #76 ),
 ( #5094, #802 ),
 ( #5839, #1526 ),
 ( #6545, #2260 ),
 ( #7266, #2992 ) ),
 .UNSPECIFIED., .F., .F., .F.,
 ( 4, 1, 1, 1, 1, 1, 1, 1, 1, 1, 1, 1, 1, 1, 1, 1, 4 ),
 ( 2, 2 ),
 ( 0.0000000000000000000, 0.1156291309254413300, 0.2215410391198767100, 0.3170478562190416900, 0.4031508756396166600, 0.4801812167162796100, 0.5476493661481897100, 0.6070358428421811500, 0.6586524080635067800, 0.7057228903536457700, 0.7498040879796477000, 0.7925868153452749800, 0.8338739610102606800, 0.8747683933034329200, 0.9152226988916383200, 0.9568807037304805100, 1.000000000000000000 ),
 ( 0.0000000000000000000, 1.000000000000000000 ),
 .UNSPECIFIED. ) ;
#8690 = CARTESIAN_POINT ( 'NONE',  ( 0.02199248984826680500, 0.4798999999999999400, -0.03381477176352524300 ) ) ;
#8691 = VECTOR ( 'NONE', #3425, 1000.000000000000000 ) ;
#8692 = CARTESIAN_POINT ( 'NONE',  ( -0.2605161738855693600, 0.4798999999999999400, 0.06615000983573807200 ) ) ;
#8693 = CARTESIAN_POINT ( 'NONE',  ( 0.2351618921670330900, 0.4799999999999999800, -0.04329378670731209200 ) ) ;
#8694 = PRESENTATION_STYLE_ASSIGNMENT (( #4571 ) ) ;
#8695 = PRESENTATION_LAYER_ASSIGNMENT (  '', '', ( #8201 ) ) ;
#8696 = EDGE_CURVE ( 'NONE', #2709, #9146, #117, .T. ) ;
#8697 =( GEOMETRIC_REPRESENTATION_CONTEXT ( 3 ) GLOBAL_UNCERTAINTY_ASSIGNED_CONTEXT ( ( #8436 ) ) GLOBAL_UNIT_ASSIGNED_CONTEXT ( ( #5703, #1384, #6413 ) ) REPRESENTATION_CONTEXT ( 'NONE', 'WORKASPACE' ) );
#8698 = COLOUR_RGB ( '',1.000000000000000000, 1.000000000000000000, 0.5019607843137254800 ) ;
#8699 = UNCERTAINTY_MEASURE_WITH_UNIT (LENGTH_MEASURE( 1.000000000000000100E-005 ), #4189, 'distance_accuracy_value', 'NONE');
#8700 = CARTESIAN_POINT ( 'NONE',  ( -0.09700491231097437000, 0.4798999999999999400, -0.03204463457562468200 ) ) ;
#8701 = VERTEX_POINT ( 'NONE', #5853 ) ;
#8702 = FACE_OUTER_BOUND ( 'NONE', #5021, .T. ) ;
#8703 = CARTESIAN_POINT ( 'NONE',  ( 0.04942934843876041500, 0.4798999999999999400, -0.04886195902578040200 ) ) ;
#8704 = DIRECTION ( 'NONE',  ( -1.000000000000000000, -0.0000000000000000000, -0.0000000000000000000 ) ) ;
#8705 = CARTESIAN_POINT ( 'NONE',  ( -0.8000000000000038200, 0.4099999999999999200, -0.4499999999999999000 ) ) ;
#8706 = CARTESIAN_POINT ( 'NONE',  ( -0.2570564806469741200, 0.4798999999999999400, 0.06611026285781372600 ) ) ;
#8707 =( LENGTH_UNIT ( ) NAMED_UNIT ( * ) SI_UNIT ( .MILLI., .METRE. ) );
#8708 = EDGE_CURVE ( 'NONE', #1852, #7403, #7930, .T. ) ;
#8709 = ORIENTED_EDGE ( 'NONE', *, *, #1779, .T. ) ;
#8710 = CARTESIAN_POINT ( 'NONE',  ( -0.2139358487583085100, 0.4799999999999999300, -0.09693057458491216600 ) ) ;
#8711 = CARTESIAN_POINT ( 'NONE',  ( -0.2611833600512316600, 0.4799999999999999800, -0.1107443099419249500 ) ) ;
#8712 = COLOUR_RGB ( '',0.2509803921568627400, 0.2509803921568627400, 0.2509803921568627400 ) ;
#8713 = ORIENTED_EDGE ( 'NONE', *, *, #5511, .T. ) ;
#8714 = DIRECTION ( 'NONE',  ( -1.000000000000000000, 0.0000000000000000000, 0.0000000000000000000 ) ) ;
#8715 = CARTESIAN_POINT ( 'NONE',  ( -0.2420164702925496300, 0.4799999999999999800, -0.08467510460407558200 ) ) ;
#8716 = CARTESIAN_POINT ( 'NONE',  ( 0.2773778014156608700, 0.4798999999999999400, 0.01737607437201899700 ) ) ;
#8717 = PLANE ( 'NONE',  #2991 ) ;
#8718 = CARTESIAN_POINT ( 'NONE',  ( -0.1231519916777575500, 0.4799999999999999800, -0.01374295804994154400 ) ) ;
#8719 = CARTESIAN_POINT ( 'NONE',  ( 0.04948042335789060900, 0.4798999999999999400, -0.09977586022248262400 ) ) ;
#8720 = DIRECTION ( 'NONE',  ( -0.0000000000000000000, 1.000000000000000000, -0.0000000000000000000 ) ) ;
#8721 = VERTEX_POINT ( 'NONE', #890 ) ;
#8722 = ORIENTED_EDGE ( 'NONE', *, *, #6834, .F. ) ;
#8723 = CARTESIAN_POINT ( 'NONE',  ( -0.05860265251986498300, 0.4799999999999999300, -0.02183991773539444400 ) ) ;
#8724 =( NAMED_UNIT ( * ) SI_UNIT ( $, .STERADIAN. ) SOLID_ANGLE_UNIT ( ) );
#8725 = CARTESIAN_POINT ( 'NONE',  ( -0.08643769133527935700, 0.4799999999999999800, -0.1133155360045909700 ) ) ;
#8726 = CARTESIAN_POINT ( 'NONE',  ( 0.3773042958442078300, 0.4799999999999999800, 0.02077901527746031300 ) ) ;
#8727 = PRESENTATION_LAYER_ASSIGNMENT (  '', '', ( #7760 ) ) ;
#8728 = FILL_AREA_STYLE ('',( #8016 ) ) ;
#8729 =( LENGTH_UNIT ( ) NAMED_UNIT ( * ) SI_UNIT ( .MILLI., .METRE. ) );
#8730 = MECHANICAL_DESIGN_GEOMETRIC_PRESENTATION_REPRESENTATION (  '', ( #7766 ), #9205 ) ;
#8731 = CARTESIAN_POINT ( 'NONE',  ( 0.1175683000236200800, 0.4799999999999999800, 0.04392304871311511500 ) ) ;
#8732 = B_SPLINE_CURVE_WITH_KNOTS ( 'NONE', 3,
 ( #2088, #7082, #699, #5735, #1427, #6445, #2150, #7152, #2885, #7865, #3599 ),
 .UNSPECIFIED., .F., .F.,
 ( 4, 1, 1, 1, 1, 1, 1, 1, 4 ),
 ( 0.0000000000000000000, 0.1278926194654206600, 0.2515785135038565200, 0.3727928197023031000, 0.4927776986078528700, 0.6135900692425723100, 0.7378086492801454500, 0.8661799015391680200, 1.000000000000000000 ),
 .UNSPECIFIED. ) ;
#8733 = FILL_AREA_STYLE_COLOUR ( '', #8889 ) ;
#8734 = CARTESIAN_POINT ( 'NONE',  ( -0.1986517577323316200, 0.4799999999999999800, -0.04620680730344347400 ) ) ;
#8735 = CARTESIAN_POINT ( 'NONE',  ( -0.1968944221045101100, 0.4798999999999999400, -0.05890848472253970600 ) ) ;
#8736 = CARTESIAN_POINT ( 'NONE',  ( -0.03040213067447898900, 0.4798999999999999400, 0.07739717447653865500 ) ) ;
#8737 = EDGE_CURVE ( 'NONE', #6271, #7142, #1585, .T. ) ;
#8738 = EDGE_CURVE ( 'NONE', #7436, #1739, #3940, .T. ) ;
#8739 = PRESENTATION_LAYER_ASSIGNMENT (  '', '', ( #8267 ) ) ;
#8740 = CARTESIAN_POINT ( 'NONE',  ( 0.6800000000000001600, 0.4299999999999999400, 0.4499999999999999000 ) ) ;
#8741 = CARTESIAN_POINT ( 'NONE',  ( 0.2760106802066496500, 0.4798999999999999400, 0.03676277001641564000 ) ) ;
#8742 = CARTESIAN_POINT ( 'NONE',  ( -0.2668057327519391400, 0.4798999999999999400, -0.08765033468506047700 ) ) ;
#8743 = CARTESIAN_POINT ( 'NONE',  ( 0.2465866047535076000, 0.4798999999999999400, -0.02038134016051511300 ) ) ;
#8744 = CARTESIAN_POINT ( 'NONE',  ( -0.4119585246686127100, 0.4798999999999999400, 0.02771010502104998000 ) ) ;
#8745 = B_SPLINE_SURFACE_WITH_KNOTS ( 'NONE', 3, 1, ( 
 ( #3182, #6090 ),
 ( #1788, #6805 ),
 ( #2522, #7520 ),
 ( #3251, #8244 ),
 ( #3949, #8952 ),
 ( #4679, #373 ),
 ( #5392, #1087 ),
 ( #6125, #1810 ),
 ( #6831, #2551 ),
 ( #7550, #3270 ),
 ( #8275, #3987 ) ),
 .UNSPECIFIED., .F., .F., .F.,
 ( 4, 1, 1, 1, 1, 1, 1, 1, 4 ),
 ( 2, 2 ),
 ( 0.0000000000000000000, 0.1478596367312517400, 0.2835613219395483600, 0.4123693961385299100, 0.5342363558879446000, 0.6526916293119822100, 0.7686630594981226400, 0.8836524018604042800, 1.000000000000000000 ),
 ( 0.0000000000000000000, 1.000000000000000000 ),
 .UNSPECIFIED. ) ;
#8746 = ORIENTED_EDGE ( 'NONE', *, *, #1120, .T. ) ;
#8747 =( LENGTH_UNIT ( ) NAMED_UNIT ( * ) SI_UNIT ( .MILLI., .METRE. ) );
#8748 = PRESENTATION_LAYER_ASSIGNMENT (  '', '', ( #7795 ) ) ;
#8749 = SURFACE_STYLE_FILL_AREA ( #6745 ) ;
#8750 = CARTESIAN_POINT ( 'NONE',  ( -0.02695123586315416000, 0.4799999999999999800, -0.09190369717247928700 ) ) ;
#8751 = PRESENTATION_STYLE_ASSIGNMENT (( #4516 ) ) ;
#8752 = EDGE_CURVE ( 'NONE', #6461, #2254, #3506, .T. ) ;
#8753 = FILL_AREA_STYLE ('',( #3052 ) ) ;
#8754 = CARTESIAN_POINT ( 'NONE',  ( -0.04711698515160105800, 0.4798999999999999400, 0.05849592235330899900 ) ) ;
#8755 = CARTESIAN_POINT ( 'NONE',  ( 0.2928491676390798100, 0.4798999999999999400, 0.5000000000000195400 ) ) ;
#8756 = CARTESIAN_POINT ( 'NONE',  ( -0.2608096338295299300, 0.4798999999999999400, -0.02629461140515672700 ) ) ;
#8757 = UNCERTAINTY_MEASURE_WITH_UNIT (LENGTH_MEASURE( 1.000000000000000100E-005 ), #4637, 'distance_accuracy_value', 'NONE');
#8758 =( LENGTH_UNIT ( ) NAMED_UNIT ( * ) SI_UNIT ( .MILLI., .METRE. ) );
#8759 = CARTESIAN_POINT ( 'NONE',  ( 0.1491816909009880400, 0.4798999999999999400, -0.0009867004230227191400 ) ) ;
#8760 = CARTESIAN_POINT ( 'NONE',  ( -0.4398832041557922400, 0.4798999999999999400, -0.04793092061997560700 ) ) ;
#8761 = PRESENTATION_STYLE_ASSIGNMENT (( #8395 ) ) ;
#8762 = CARTESIAN_POINT ( 'NONE',  ( 0.1001385129845388700, 0.4799999999999999800, -0.1093176722179369000 ) ) ;
#8763 = FACE_OUTER_BOUND ( 'NONE', #2524, .T. ) ;
#8764 = LINE ( 'NONE', #6059, #3075 ) ;
#8765 = VERTEX_POINT ( 'NONE', #7347 ) ;
#8766 = ORIENTED_EDGE ( 'NONE', *, *, #4544, .T. ) ;
#8767 = SURFACE_SIDE_STYLE ('',( #176 ) ) ;
#8768 =( LENGTH_UNIT ( ) NAMED_UNIT ( * ) SI_UNIT ( .MILLI., .METRE. ) );
#8769 = ORIENTED_EDGE ( 'NONE', *, *, #529, .F. ) ;
#8770 = CARTESIAN_POINT ( 'NONE',  ( 0.4571341667377635800, 0.4798999999999999400, -0.07197912122611274700 ) ) ;
#8771 =( GEOMETRIC_REPRESENTATION_CONTEXT ( 3 ) GLOBAL_UNCERTAINTY_ASSIGNED_CONTEXT ( ( #2912 ) ) GLOBAL_UNIT_ASSIGNED_CONTEXT ( ( #4855, #557, #5595 ) ) REPRESENTATION_CONTEXT ( 'NONE', 'WORKASPACE' ) );
#8772 = CARTESIAN_POINT ( 'NONE',  ( 0.2048257672558268500, 0.4798999999999999400, 0.04846353818871447500 ) ) ;
#8773 =( GEOMETRIC_REPRESENTATION_CONTEXT ( 3 ) GLOBAL_UNCERTAINTY_ASSIGNED_CONTEXT ( ( #4931 ) ) GLOBAL_UNIT_ASSIGNED_CONTEXT ( ( #3028, #8015, #3730 ) ) REPRESENTATION_CONTEXT ( 'NONE', 'WORKASPACE' ) );
#8774 = ORIENTED_EDGE ( 'NONE', *, *, #2632, .T. ) ;
#8775 = VERTEX_POINT ( 'NONE', #4489 ) ;
#8776 = CARTESIAN_POINT ( 'NONE',  ( -0.05860265251986498300, 0.4799999999999999800, -0.02183991773539444400 ) ) ;
#8777 = CARTESIAN_POINT ( 'NONE',  ( -0.8000000000000037100, 0.4798999999999999400, 0.02771010502105003500 ) ) ;
#8778 = COLOUR_RGB ( '',0.2509803921568627400, 0.2509803921568627400, 0.2509803921568627400 ) ;
#8779 = EDGE_LOOP ( 'NONE', ( #3860, #5710, #4137, #6433 ) ) ;
#8780 = ORIENTED_EDGE ( 'NONE', *, *, #2632, .F. ) ;
#8781 = CARTESIAN_POINT ( 'NONE',  ( -0.2226614949798173500, 0.4798999999999999400, 0.01197032204480888600 ) ) ;
#8782 = FILL_AREA_STYLE ('',( #8074 ) ) ;
#8783 =( NAMED_UNIT ( * ) PLANE_ANGLE_UNIT ( ) SI_UNIT ( $, .RADIAN. ) );
#8784 = CARTESIAN_POINT ( 'NONE',  ( 0.7500000000000001100, 0.4099999999999999200, 0.5000000000000192100 ) ) ;
#8785 = VECTOR ( 'NONE', #8047, 1000.000000000000000 ) ;
#8786 = CARTESIAN_POINT ( 'NONE',  ( 0.05705464141987561700, 0.4798999999999999400, -0.1045937461119157300 ) ) ;
#8787 = ORIENTED_EDGE ( 'NONE', *, *, #4276, .F. ) ;
#8788 = EDGE_CURVE ( 'NONE', #833, #3316, #6273, .T. ) ;
#8789 = B_SPLINE_SURFACE_WITH_KNOTS ( 'NONE', 3, 1, ( 
 ( #3659, #2246 ),
 ( #7251, #2975 ),
 ( #7963, #3688 ),
 ( #8684, #4397 ),
 ( #92, #5111 ),
 ( #823, #5852 ),
 ( #1542, #6567 ),
 ( #2276, #7282 ),
 ( #3014, #7995 ),
 ( #3721, #8715 ),
 ( #4432, #122 ),
 ( #5145, #861 ),
 ( #5885, #1574 ),
 ( #6606, #2312 ),
 ( #7312, #3044 ),
 ( #8032, #3750 ),
 ( #8742, #4465 ),
 ( #161, #5171 ),
 ( #889, #5923 ) ),
 .UNSPECIFIED., .F., .F., .F.,
 ( 4, 1, 1, 1, 1, 1, 1, 1, 1, 1, 1, 1, 1, 1, 1, 1, 4 ),
 ( 2, 2 ),
 ( 0.0000000000000000000, 0.07601051920623337600, 0.1481357362434483300, 0.2177881778331538000, 0.2867678984972341600, 0.3540434632439190500, 0.4186108400234795400, 0.4836364388553444600, 0.5502295626461515300, 0.5869278113138150000, 0.6291578250269654900, 0.6772382242876700000, 0.7300426397437301800, 0.7888625661169238500, 0.8537504514610936300, 0.9241097665384558900, 1.000000000000000000 ),
 ( 0.0000000000000000000, 1.000000000000000000 ),
 .UNSPECIFIED. ) ;
#8790 = SURFACE_STYLE_FILL_AREA ( #7591 ) ;
#8791 = MECHANICAL_DESIGN_GEOMETRIC_PRESENTATION_REPRESENTATION (  '', ( #7367 ), #9283 ) ;
#8792 = CARTESIAN_POINT ( 'NONE',  ( 0.1438925009816657800, 0.4799999999999993200, 0.04180205308904070400 ) ) ;
#8793 = ORIENTED_EDGE ( 'NONE', *, *, #815, .T. ) ;
#8794 = PLANE ( 'NONE',  #3215 ) ;
#8795 = SURFACE_STYLE_FILL_AREA ( #6605 ) ;
#8796 = PRESENTATION_LAYER_ASSIGNMENT (  '', '', ( #7836 ) ) ;
#8797 = CARTESIAN_POINT ( 'NONE',  ( 0.1475888008084116100, 0.4799999999999999800, -0.04144015126454014100 ) ) ;
#8798 = STYLED_ITEM ( 'NONE', ( #5205 ), #5715 ) ;
#8799 = ORIENTED_EDGE ( 'NONE', *, *, #334, .T. ) ;
#8800 = LINE ( 'NONE', #3808, #5121 ) ;
#8801 = AXIS2_PLACEMENT_3D ( 'NONE', #1536, #218, #191 ) ;
#8802 = CARTESIAN_POINT ( 'NONE',  ( -0.1279660896067398000, 0.4798999999999999400, 0.04609624853305671600 ) ) ;
#8803 = CARTESIAN_POINT ( 'NONE',  ( 0.1005081031351723700, 0.4798999999999999400, -0.08384557868653648400 ) ) ;
#8804 = SURFACE_SIDE_STYLE ('',( #1352 ) ) ;
#8805 = DIRECTION ( 'NONE',  ( -0.0000000000000000000, 1.000000000000000000, -0.0000000000000000000 ) ) ;
#8806 = B_SPLINE_SURFACE_WITH_KNOTS ( 'NONE', 3, 1, ( 
 ( #2520, #8274 ),
 ( #3986, #8977 ),
 ( #4703, #403 ),
 ( #5425, #1111 ),
 ( #6151, #1850 ),
 ( #6852, #2574 ),
 ( #7582, #3303 ),
 ( #8297, #4014 ),
 ( #9012, #4730 ),
 ( #426, #5465 ),
 ( #1140, #6178 ),
 ( #1883, #6891 ),
 ( #2602, #7613 ),
 ( #3337, #8321 ),
 ( #4034, #9041 ),
 ( #4763, #452 ),
 ( #5487, #1179 ),
 ( #6203, #1909 ),
 ( #6919, #2643 ) ),
 .UNSPECIFIED., .F., .F., .F.,
 ( 4, 1, 1, 1, 1, 1, 1, 1, 1, 1, 1, 1, 1, 1, 1, 1, 4 ),
 ( 2, 2 ),
 ( 0.0000000000000000000, 0.06715546744904561700, 0.1314033464826144800, 0.1927317719102092900, 0.2512526591565256700, 0.3077037298841910400, 0.3626989162982006700, 0.4177783327854303100, 0.4723043857981134600, 0.5278725997916962100, 0.5852299868117372100, 0.6450565760102916500, 0.7079523564294425400, 0.7744342720454280300, 0.8449404313752603100, 0.9204035944750274000, 1.000000000000000000 ),
 ( 0.0000000000000000000, 1.000000000000000000 ),
 .UNSPECIFIED. ) ;
#8807 = VERTEX_POINT ( 'NONE', #7380 ) ;
#8808 = CARTESIAN_POINT ( 'NONE',  ( 0.2175566131935491000, 0.4799999999999999800, 0.06369507778554567300 ) ) ;
#8809 = PRESENTATION_LAYER_ASSIGNMENT (  '', '', ( #7848 ) ) ;
#8810 = ADVANCED_FACE ( 'NONE', ( #7070 ), #5950, .F. ) ;
#8811 = CARTESIAN_POINT ( 'NONE',  ( 0.2370398727672847500, 0.4798999999999999400, 0.09181266912361416000 ) ) ;
#8812 = DIRECTION ( 'NONE',  ( -0.0000000000000000000, 0.0000000000000000000, 1.000000000000000000 ) ) ;
#8813 = SURFACE_SIDE_STYLE ('',( #1812 ) ) ;
#8814 = ORIENTED_EDGE ( 'NONE', *, *, #1217, .F. ) ;
#8815 = CARTESIAN_POINT ( 'NONE',  ( -0.08196461742398948600, 0.4799999999999999800, 0.09179469884652491400 ) ) ;
#8816 = CARTESIAN_POINT ( 'NONE',  ( 0.1996089864746186700, 0.4798999999999999400, 0.7893111952822330400 ) ) ;
#8817 = FILL_AREA_STYLE_COLOUR ( '', #8912 ) ;
#8818 = FILL_AREA_STYLE_COLOUR ( '', #8111 ) ;
#8819 =( LENGTH_UNIT ( ) NAMED_UNIT ( * ) SI_UNIT ( .MILLI., .METRE. ) );
#8820 = EDGE_CURVE ( 'NONE', #7341, #2102, #684, .T. ) ;
#8821 = EDGE_CURVE ( 'NONE', #7403, #477, #2953, .T. ) ;
#8822 = CARTESIAN_POINT ( 'NONE',  ( 0.1276230948741368900, 0.4798999999999999400, 0.07456518512417424600 ) ) ;
#8823 = CARTESIAN_POINT ( 'NONE',  ( 0.3300000000000062300, -0.02000000000000000000, -0.4299999999999968800 ) ) ;
#8824 =( NAMED_UNIT ( * ) PLANE_ANGLE_UNIT ( ) SI_UNIT ( $, .RADIAN. ) );
#8825 = EDGE_LOOP ( 'NONE', ( #8997, #1724, #5742, #3958, #1955 ) ) ;
#8826 = B_SPLINE_CURVE_WITH_KNOTS ( 'NONE', 3,
 ( #8357, #3985, #1211, #6246, #1936, #6949, #2676 ),
 .UNSPECIFIED., .F., .F.,
 ( 4, 1, 1, 1, 4 ),
 ( 0.0000000000000000000, 0.2627412305282684800, 0.5099565029432324700, 0.7533267184204514000, 1.000000000000000000 ),
 .UNSPECIFIED. ) ;
#8827 = CARTESIAN_POINT ( 'NONE',  ( 0.2031055778954899100, 0.4798999999999999400, -0.003059125748180720700 ) ) ;
#8828 = CARTESIAN_POINT ( 'NONE',  ( -0.1260046760937325000, 0.4798999999999999400, -0.05058563212352360600 ) ) ;
#8829 = VECTOR ( 'NONE', #2394, 1000.000000000000000 ) ;
#8830 = DIRECTION ( 'NONE',  ( -0.0000000000000000000, 0.0000000000000000000, -1.000000000000000000 ) ) ;
#8831 = CARTESIAN_POINT ( 'NONE',  ( -0.09589544829612867100, 0.4799999999999999300, 0.06733068515346203600 ) ) ;
#8832 = FILL_AREA_STYLE ('',( #8061 ) ) ;
#8833 = DIRECTION ( 'NONE',  ( -0.0000000000000000000, -1.000000000000000000, -0.0000000000000000000 ) ) ;
#8834 = CARTESIAN_POINT ( 'NONE',  ( 0.6800000000000001600, 0.4299999999999999400, 0.3799999999999998400 ) ) ;
#8835 = CARTESIAN_POINT ( 'NONE',  ( 0.2372001291775411900, 0.4798999999999999400, 0.06873574604669108200 ) ) ;
#8836 = CARTESIAN_POINT ( 'NONE',  ( 0.3864389112288232300, 0.4799999999999999800, 0.06128382296976800400 ) ) ;
#8837 = FACE_BOUND ( 'NONE', #5087, .T. ) ;
#8838 = CARTESIAN_POINT ( 'NONE',  ( 0.1768978239120060400, 0.4798999999999999400, 0.04747891016047412600 ) ) ;
#8839 = DIRECTION ( 'NONE',  ( 1.000000000000000000, 0.0000000000000000000, 0.0000000000000000000 ) ) ;
#8840 = CARTESIAN_POINT ( 'NONE',  ( -0.1512260150150965800, 0.4798999999999999400, -0.08015987520222464500 ) ) ;
#8841 = UNCERTAINTY_MEASURE_WITH_UNIT (LENGTH_MEASURE( 1.000000000000000100E-005 ), #8947, 'distance_accuracy_value', 'NONE');
#8842 = CARTESIAN_POINT ( 'NONE',  ( -0.09850438796157512400, 0.4799999999999999800, 0.09071653934920685700 ) ) ;
#8843 = MECHANICAL_DESIGN_GEOMETRIC_PRESENTATION_REPRESENTATION (  '', ( #7889 ), #15 ) ;
#8844 = SURFACE_STYLE_USAGE ( .BOTH. , #3846 ) ;
#8845 = SURFACE_SIDE_STYLE ('',( #1284 ) ) ;
#8846 = CARTESIAN_POINT ( 'NONE',  ( 0.08515685994677196800, 0.4799999999999999800, 0.09181266912361416000 ) ) ;
#8847 = PRESENTATION_LAYER_ASSIGNMENT (  '', '', ( #7894 ) ) ;
#8848 = CARTESIAN_POINT ( 'NONE',  ( -0.1539047953627465900, 0.4798999999999999400, -0.07319601629216675200 ) ) ;
#8849 = EDGE_LOOP ( 'NONE', ( #2665, #7443, #2988, #8559, #7063, #1497 ) ) ;
#8850 = LINE ( 'NONE', #3151, #3375 ) ;
#8851 = CARTESIAN_POINT ( 'NONE',  ( 0.1048808777238821700, 0.4799999999999993200, 0.08914084938878956400 ) ) ;
#8852 = SURFACE_SIDE_STYLE ('',( #6809 ) ) ;
#8853 = ADVANCED_FACE ( 'NONE', ( #2592 ), #1689, .F. ) ;
#8854 = CARTESIAN_POINT ( 'NONE',  ( -0.1043561649828923900, 0.4800000000000000400, -0.08812116859260738000 ) ) ;
#8855 = UNCERTAINTY_MEASURE_WITH_UNIT (LENGTH_MEASURE( 1.000000000000000100E-005 ), #8758, 'distance_accuracy_value', 'NONE');
#8856 = EDGE_CURVE ( 'NONE', #4975, #2873, #7, .T. ) ;
#8857 = SURFACE_STYLE_FILL_AREA ( #2492 ) ;
#8858 = CARTESIAN_POINT ( 'NONE',  ( -0.1555842613295942400, 0.4799999999999999800, -0.06595907870806759500 ) ) ;
#8859 = EDGE_CURVE ( 'NONE', #3535, #8984, #3615, .T. ) ;
#8860 = DIRECTION ( 'NONE',  ( -0.0000000000000000000, 1.000000000000000000, -0.0000000000000000000 ) ) ;
#8861 = CARTESIAN_POINT ( 'NONE',  ( -0.1244868010680160000, 0.4798999999999999400, 0.08351952708036108900 ) ) ;
#8862 = CARTESIAN_POINT ( 'NONE',  ( -0.8000000000000037100, 0.4799999999999999800, 0.06617164348258851300 ) ) ;
#8863 = DIRECTION ( 'NONE',  ( -1.000000000000000000, -0.0000000000000000000, 2.710505431213763100E-016 ) ) ;
#8864 = CARTESIAN_POINT ( 'NONE',  ( 0.05761084502109040100, 0.4799999999999999800, 0.05372705571610886200 ) ) ;
#8865 = CARTESIAN_POINT ( 'NONE',  ( 0.08515685994677196800, 0.4798999999999999900, 0.06873574604669108200 ) ) ;
#8866 = DIRECTION ( 'NONE',  ( -8.213652821859881300E-017, -0.0000000000000000000, -1.000000000000000000 ) ) ;
#8867 = UNCERTAINTY_MEASURE_WITH_UNIT (LENGTH_MEASURE( 1.000000000000000100E-005 ), #8819, 'distance_accuracy_value', 'NONE');
#8868 = CARTESIAN_POINT ( 'NONE',  ( -0.1118602361678396300, 0.4798999999999999400, -0.03733840335770689800 ) ) ;
#8869 = LINE ( 'NONE', #5497, #3176 ) ;
#8870 = CARTESIAN_POINT ( 'NONE',  ( -0.1337443001616771500, 0.4799999999999999300, -0.1006244864515424100 ) ) ;
#8871 = EDGE_CURVE ( 'NONE', #1637, #2369, #9071, .T. ) ;
#8872 = CARTESIAN_POINT ( 'NONE',  ( -0.1528385704762000000, 0.4799999999999999800, 0.05818153066037623500 ) ) ;
#8873 = FACE_OUTER_BOUND ( 'NONE', #278, .T. ) ;
#8874 = DIRECTION ( 'NONE',  ( -2.853163611803959800E-016, -0.0000000000000000000, 1.000000000000000000 ) ) ;
#8875 = CARTESIAN_POINT ( 'NONE',  ( 0.2372001291775411900, 0.4799999999999998700, 0.06873574604669108200 ) ) ;
#8876 = CARTESIAN_POINT ( 'NONE',  ( -0.09604860761622506500, 0.4798999999999999400, -0.1130548464763175400 ) ) ;
#8877 = ORIENTED_EDGE ( 'NONE', *, *, #8334, .F. ) ;
#8878 = VECTOR ( 'NONE', #8235, 1000.000000000000000 ) ;
#8879 = CARTESIAN_POINT ( 'NONE',  ( -0.1263415374891254900, 0.4798999999999999400, -0.01531874113279610300 ) ) ;
#8880 = FILL_AREA_STYLE_COLOUR ( '', #2339 ) ;
#8881 = CARTESIAN_POINT ( 'NONE',  ( -0.1237824334254670800, 0.4798999999999999900, -0.07447767615186243200 ) ) ;
#8882 = ORIENTED_EDGE ( 'NONE', *, *, #2829, .T. ) ;
#8883 = COLOUR_RGB ( '',0.2509803921568627400, 0.2509803921568627400, 0.2509803921568627400 ) ;
#8884 = EDGE_LOOP ( 'NONE', ( #1259, #8814, #2862, #5322 ) ) ;
#8885 = CARTESIAN_POINT ( 'NONE',  ( -0.2645481926113444900, 0.4798999999999999400, -0.02615164004279017100 ) ) ;
#8886 = PRESENTATION_STYLE_ASSIGNMENT (( #9142 ) ) ;
#8887 = ORIENTED_EDGE ( 'NONE', *, *, #3122, .T. ) ;
#8888 = VERTEX_POINT ( 'NONE', #6776 ) ;
#8889 = COLOUR_RGB ( '',0.2509803921568627400, 0.2509803921568627400, 0.2509803921568627400 ) ;
#8890 =( NAMED_UNIT ( * ) SI_UNIT ( $, .STERADIAN. ) SOLID_ANGLE_UNIT ( ) );
#8891 = LINE ( 'NONE', #1027, #8670 ) ;
#8892 = CARTESIAN_POINT ( 'NONE',  ( -0.1618697322788789900, 0.4798999999999999400, 0.03534685151080554200 ) ) ;
#8893 = CARTESIAN_POINT ( 'NONE',  ( -0.06589526471116254100, 0.4798999999999999400, -0.1117553077885402200 ) ) ;
#8894 = CARTESIAN_POINT ( 'NONE',  ( -0.7374999999999701800, 0.4299999999999999400, -0.4999999999999813500 ) ) ;
#8895 = EDGE_LOOP ( 'NONE', ( #5232, #1649, #7445, #3764 ) ) ;
#8896 = CARTESIAN_POINT ( 'NONE',  ( -0.8000000000000037100, 0.4798999999999999400, 0.06617164348258851300 ) ) ;
#8897 = VECTOR ( 'NONE', #1583, 1000.000000000000200 ) ;
#8898 = DIRECTION ( 'NONE',  ( 0.0000000000000000000, 0.0000000000000000000, -1.000000000000000000 ) ) ;
#8899 = CIRCLE ( 'NONE', #8932, 0.07000000000000002100 ) ;
#8900 = UNCERTAINTY_MEASURE_WITH_UNIT (LENGTH_MEASURE( 1.000000000000000100E-005 ), #8930, 'distance_accuracy_value', 'NONE');
#8901 = ORIENTED_EDGE ( 'NONE', *, *, #4862, .T. ) ;
#8902 = VERTEX_POINT ( 'NONE', #7461 ) ;
#8903 = ADVANCED_FACE ( 'NONE', ( #5273 ), #8745, .T. ) ;
#8904 = PRESENTATION_STYLE_ASSIGNMENT (( #286 ) ) ;
#8905 = STYLED_ITEM ( 'NONE', ( #2085 ), #3892 ) ;
#8906 = CARTESIAN_POINT ( 'NONE',  ( 0.1001385129845388700, 0.4798999999999999400, -0.1093176722179369000 ) ) ;
#8907 =( NAMED_UNIT ( * ) SI_UNIT ( $, .STERADIAN. ) SOLID_ANGLE_UNIT ( ) );
#8908 = ORIENTED_EDGE ( 'NONE', *, *, #1664, .T. ) ;
#8909 = CARTESIAN_POINT ( 'NONE',  ( -0.08968664442060171600, 0.4798999999999999400, -0.1132274103751050000 ) ) ;
#8910 = VECTOR ( 'NONE', #9137, 1000.000000000000000 ) ;
#8911 = FILL_AREA_STYLE ('',( #7410 ) ) ;
#8912 = COLOUR_RGB ( '',1.000000000000000000, 1.000000000000000000, 1.000000000000000000 ) ;
#8913 = DIRECTION ( 'NONE',  ( -1.000000000000000000, 0.0000000000000000000, 0.0000000000000000000 ) ) ;
#8914 = CARTESIAN_POINT ( 'NONE',  ( 0.2608845382875773500, 0.4798999999999999400, 0.06159533313372909200 ) ) ;
#8915 = CARTESIAN_POINT ( 'NONE',  ( -0.1092653151319800500, 0.4798999999999999400, 0.06266855585511860200 ) ) ;
#8916 = EDGE_CURVE ( 'NONE', #1050, #1862, #8184, .T. ) ;
#8917 = ORIENTED_EDGE ( 'NONE', *, *, #7727, .F. ) ;
#8918 = DIRECTION ( 'NONE',  ( -0.0000000000000000000, 1.000000000000000000, -0.0000000000000000000 ) ) ;
#8919 = CARTESIAN_POINT ( 'NONE',  ( -0.1276636528737409000, 0.4800000000000000400, -0.06039085651741150900 ) ) ;
#8920 = FACE_OUTER_BOUND ( 'NONE', #5195, .T. ) ;
#8921 =( GEOMETRIC_REPRESENTATION_CONTEXT ( 3 ) GLOBAL_UNCERTAINTY_ASSIGNED_CONTEXT ( ( #4461 ) ) GLOBAL_UNIT_ASSIGNED_CONTEXT ( ( #4821, #528, #5560 ) ) REPRESENTATION_CONTEXT ( 'NONE', 'WORKASPACE' ) );
#8922 = CARTESIAN_POINT ( 'NONE',  ( -0.2464992351103215100, 0.4799999999999999800, -0.02788107746512798200 ) ) ;
#8923 = ORIENTED_EDGE ( 'NONE', *, *, #6768, .T. ) ;
#8924 = SURFACE_STYLE_USAGE ( .BOTH. , #3920 ) ;
#8925 = STYLED_ITEM ( 'NONE', ( #2767 ), #1024 ) ;
#8926 = FILL_AREA_STYLE ('',( #8205 ) ) ;
#8927 = ADVANCED_FACE ( 'NONE', ( #6297 ), #2582, .T. ) ;
#8928 = CARTESIAN_POINT ( 'NONE',  ( -0.03291356148525644700, 0.4799999999999998700, -0.09755167251749929900 ) ) ;
#8929 =( NAMED_UNIT ( * ) PLANE_ANGLE_UNIT ( ) SI_UNIT ( $, .RADIAN. ) );
#8930 =( LENGTH_UNIT ( ) NAMED_UNIT ( * ) SI_UNIT ( .MILLI., .METRE. ) );
#8931 = SURFACE_STYLE_USAGE ( .BOTH. , #3924 ) ;
#8932 = AXIS2_PLACEMENT_3D ( 'NONE', #7199, #2937, #7929 ) ;
#8933 = VECTOR ( 'NONE', #5255, 1000.000000000000000 ) ;
#8934 = ORIENTED_EDGE ( 'NONE', *, *, #8335, .T. ) ;
#8935 = FILL_AREA_STYLE_COLOUR ( '', #8954 ) ;
#8936 = SURFACE_STYLE_USAGE ( .BOTH. , #3929 ) ;
#8937 = CARTESIAN_POINT ( 'NONE',  ( -0.05143773741682231000, 0.4798999999999999400, 0.009119067205154096600 ) ) ;
#8938 = CARTESIAN_POINT ( 'NONE',  ( 0.2748703652621245500, 0.4799999999999998700, 0.04114495216876389700 ) ) ;
#8939 =( NAMED_UNIT ( * ) SI_UNIT ( $, .STERADIAN. ) SOLID_ANGLE_UNIT ( ) );
#8940 = ORIENTED_EDGE ( 'NONE', *, *, #1966, .F. ) ;
#8941 = EDGE_CURVE ( 'NONE', #2864, #5365, #5629, .T. ) ;
#8942 = DIRECTION ( 'NONE',  ( -8.213652821859881300E-017, -0.0000000000000000000, -1.000000000000000000 ) ) ;
#8943 = B_SPLINE_CURVE_WITH_KNOTS ( 'NONE', 3,
 ( #2296, #112, #3736, #8734, #4454, #146, #5163, #878, #5914, #1592, #6625 ),
 .UNSPECIFIED., .F., .F.,
 ( 4, 1, 1, 1, 1, 1, 1, 1, 4 ),
 ( 0.0000000000000000000, 0.1158426906010180800, 0.2305685484828842200, 0.3473546045205445100, 0.4682527467344625400, 0.5923025714800842500, 0.7199701656206970400, 0.8556003811349103300, 1.000000000000000000 ),
 .UNSPECIFIED. ) ;
#8944 = CARTESIAN_POINT ( 'NONE',  ( 0.08487641122882323700, 0.4798999999999999400, -0.08767451036356532800 ) ) ;
#8945 =( NAMED_UNIT ( * ) SI_UNIT ( $, .STERADIAN. ) SOLID_ANGLE_UNIT ( ) );
#8946 = AXIS2_PLACEMENT_3D ( 'NONE', #7150, #2880, #7863 ) ;
#8947 =( LENGTH_UNIT ( ) NAMED_UNIT ( * ) SI_UNIT ( .MILLI., .METRE. ) );
#8948 = AXIS2_PLACEMENT_3D ( 'NONE', #3172, #3891, #7484 ) ;
#8949 = CARTESIAN_POINT ( 'NONE',  ( 0.4571341667377635800, 0.4799999999999999800, -0.07197912122611274700 ) ) ;
#8950 = CARTESIAN_POINT ( 'NONE',  ( -0.01286667560226245400, 0.4798999999999999400, -0.06274495613042348200 ) ) ;
#8951 = FILL_AREA_STYLE_COLOUR ( '', #1568 ) ;
#8952 = CARTESIAN_POINT ( 'NONE',  ( 0.2210055668201566500, 0.4799999999999999800, -0.01837649288098800300 ) ) ;
#8953 = CARTESIAN_POINT ( 'NONE',  ( 0.3022355724466071500, 0.4798999999999999400, 0.03371903194100104400 ) ) ;
#8954 = COLOUR_RGB ( '',0.2509803921568627400, 0.2509803921568627400, 0.2509803921568627400 ) ;
#8955 = PRESENTATION_STYLE_ASSIGNMENT (( #1809 ) ) ;
#8956 = CARTESIAN_POINT ( 'NONE',  ( -0.2671399572768467000, 0.4799999999999999800, -0.02614138604253067900 ) ) ;
#8957 = CARTESIAN_POINT ( 'NONE',  ( 0.09665665534786453700, 0.4798999999999999400, 0.06666938333599987900 ) ) ;
#8958 = CARTESIAN_POINT ( 'NONE',  ( 0.2348875879834621300, 0.4799999999999999800, 0.09176901037762041900 ) ) ;
#8959 = CARTESIAN_POINT ( 'NONE',  ( -0.4462409130974885300, 0.4799999999999999800, -0.06518142956844770500 ) ) ;
#8960 = EDGE_LOOP ( 'NONE', ( #3450, #6091, #7465, #2739 ) ) ;
#8961 = CARTESIAN_POINT ( 'NONE',  ( -0.4667489700495857700, 0.4798999999999999400, -0.05372025193816360600 ) ) ;
#8962 = CARTESIAN_POINT ( 'NONE',  ( -0.1905079449705343300, 0.4799999999999999800, 0.04537450663280015500 ) ) ;
#8963 = CARTESIAN_POINT ( 'NONE',  ( -0.4386812810788691700, 0.4799999999999999800, -0.1107514334404884300 ) ) ;
#8964 = CARTESIAN_POINT ( 'NONE',  ( -0.2085008602792692800, 0.4798999999999999400, -0.02876636416621974500 ) ) ;
#8965 = ADVANCED_FACE ( 'NONE', ( #9194 ), #2151, .F. ) ;
#8966 = UNCERTAINTY_MEASURE_WITH_UNIT (LENGTH_MEASURE( 1.000000000000000100E-005 ), #7090, 'distance_accuracy_value', 'NONE');
#8967 = CARTESIAN_POINT ( 'NONE',  ( -0.4420845792883260600, 0.4799999999999999800, -0.05393292473434488400 ) ) ;
#8968 = VECTOR ( 'NONE', #6631, 1000.000000000000000 ) ;
#8969 = CARTESIAN_POINT ( 'NONE',  ( -0.1393544648409408800, 0.4798999999999999400, -0.02343392615996104500 ) ) ;
#8970 = CARTESIAN_POINT ( 'NONE',  ( -0.2225381662312596300, 0.4798999999999999400, -0.01451343530781846000 ) ) ;
#8971 = LINE ( 'NONE', #9289, #3508 ) ;
#8972 =( GEOMETRIC_REPRESENTATION_CONTEXT ( 3 ) GLOBAL_UNCERTAINTY_ASSIGNED_CONTEXT ( ( #4601 ) ) GLOBAL_UNIT_ASSIGNED_CONTEXT ( ( #224, #5238, #945 ) ) REPRESENTATION_CONTEXT ( 'NONE', 'WORKASPACE' ) );
#8973 = CARTESIAN_POINT ( 'NONE',  ( 0.3476167958442077900, 0.4799999999999999800, -0.1107514334404885400 ) ) ;
#8974 = FACE_OUTER_BOUND ( 'NONE', #8442, .T. ) ;
#8975 = CARTESIAN_POINT ( 'NONE',  ( 0.4531055778954900000, 0.4798999999999999400, -0.08659277959433459000 ) ) ;
#8976 = CARTESIAN_POINT ( 'NONE',  ( -0.2444505118480998800, 0.4798999999999999900, -0.02849983087638585300 ) ) ;
#8977 = CARTESIAN_POINT ( 'NONE',  ( -0.04066337692251564100, 0.4799999999999999800, -0.05577330180296315900 ) ) ;
#8978 = CARTESIAN_POINT ( 'NONE',  ( -0.2250995503096383200, 0.4798999999999999400, -0.05642451036356533500 ) ) ;
#8979 = FILL_AREA_STYLE ('',( #8276 ) ) ;
#8980 = CARTESIAN_POINT ( 'NONE',  ( 0.2370398727672847500, 0.4799999999999999800, 0.09181266912361416000 ) ) ;
#8981 = CARTESIAN_POINT ( 'NONE',  ( 0.1833463185632247200, 0.4799999999999999800, 0.06339777463450894900 ) ) ;
#8982 = ORIENTED_EDGE ( 'NONE', *, *, #5474, .F. ) ;
#8983 = COLOUR_RGB ( '',0.2509803921568627400, 0.2509803921568627400, 0.2509803921568627400 ) ;
#8984 = VERTEX_POINT ( 'NONE', #4233 ) ;
#8985 = EDGE_LOOP ( 'NONE', ( #6612, #8722, #3569, #27 ) ) ;
#8986 = CARTESIAN_POINT ( 'NONE',  ( 0.2372001291775411900, 0.4798999999999999400, 0.06873574604669108200 ) ) ;
#8987 = EDGE_CURVE ( 'NONE', #4002, #5541, #3916, .T. ) ;
#8988 = EDGE_CURVE ( 'NONE', #7403, #6981, #4938, .T. ) ;
#8989 = COLOUR_RGB ( '',0.2509803921568627400, 0.2509803921568627400, 0.2509803921568627400 ) ;
#8990 = CARTESIAN_POINT ( 'NONE',  ( -0.2540270504982417000, 0.4799999999999999800, 0.08916297178188721500 ) ) ;
#8991 = COLOUR_RGB ( '',0.2509803921568627400, 0.2509803921568627400, 0.2509803921568627400 ) ;
#8992 = CARTESIAN_POINT ( 'NONE',  ( -0.8000000000000037100, 0.4099999999999999200, 0.5000000000000195400 ) ) ;
#8993 = FACE_BOUND ( 'NONE', #1821, .T. ) ;
#8994 = VERTEX_POINT ( 'NONE', #3600 ) ;
#8995 = EDGE_LOOP ( 'NONE', ( #5782, #5961, #4175, #7899 ) ) ;
#8996 = VECTOR ( 'NONE', #6371, 1000.000000000000000 ) ;
#8997 = ORIENTED_EDGE ( 'NONE', *, *, #8265, .F. ) ;
#8998 = ORIENTED_EDGE ( 'NONE', *, *, #4626, .T. ) ;
#8999 = SURFACE_SIDE_STYLE ('',( #1064 ) ) ;
#9000 = SURFACE_STYLE_USAGE ( .BOTH. , #4001 ) ;
#9001 = CARTESIAN_POINT ( 'NONE',  ( -0.1557970592202259900, 0.4799999999999999800, -0.05630875115672507500 ) ) ;
#9002 = COLOUR_RGB ( '',0.2509803921568627400, 0.2509803921568627400, 0.2509803921568627400 ) ;
#9003 = CARTESIAN_POINT ( 'NONE',  ( -0.1897405826841074300, 0.4798999999999999400, 0.02365132395241151600 ) ) ;
#9004 = ORIENTED_EDGE ( 'NONE', *, *, #2011, .F. ) ;
#9005 = B_SPLINE_CURVE_WITH_KNOTS ( 'NONE', 3,
 ( #2541, #6825, #8970, #4698, #395, #5414, #1102, #6145, #1842, #6845, #2568, #7576, #3295, #8289, #4006, #9003, #4724, #419, #5456 ),
 .UNSPECIFIED., .F., .F.,
 ( 4, 1, 1, 1, 1, 1, 1, 1, 1, 1, 1, 1, 1, 1, 1, 1, 4 ),
 ( 0.0000000000000000000, 0.07046422592917486700, 0.1379569656042690700, 0.2035785636142840300, 0.2676916802449438300, 0.3301858648593750100, 0.3915337640898196600, 0.4526637734870353500, 0.5131537880892135300, 0.5734535531000288800, 0.6329675593891930200, 0.6923319074206214500, 0.7514741915716302000, 0.8121874455294299000, 0.8729617178483162200, 0.9354203067594909500, 1.000000000000000000 ),
 .UNSPECIFIED. ) ;
#9006 = SURFACE_STYLE_FILL_AREA ( #5377 ) ;
#9007 = ORIENTED_EDGE ( 'NONE', *, *, #4375, .F. ) ;
#9008 = CARTESIAN_POINT ( 'NONE',  ( -0.007255208572721291400, 0.4799999999999997600, 0.03509155534988960000 ) ) ;
#9009 = CARTESIAN_POINT ( 'NONE',  ( 0.3029705002345284800, 0.4799999999999999800, 0.02726030227481218000 ) ) ;
#9010 = ADVANCED_FACE ( 'NONE', ( #6635 ), #8789, .T. ) ;
#9011 = CARTESIAN_POINT ( 'NONE',  ( 0.4523639740041287000, 0.4799999999999999800, -0.08397344580840078500 ) ) ;
#9012 = CARTESIAN_POINT ( 'NONE',  ( -0.05061181927964881300, 0.4798999999999999400, -0.07877031133666104200 ) ) ;
#9013 = CARTESIAN_POINT ( 'NONE',  ( 0.2370398727672847500, 0.4799999999999997000, 0.09181266912361416000 ) ) ;
#9014 = ORIENTED_EDGE ( 'NONE', *, *, #3652, .F. ) ;
#9015 = FACE_OUTER_BOUND ( 'NONE', #2341, .T. ) ;
#9016 = PRESENTATION_STYLE_ASSIGNMENT (( #7860 ) ) ;
#9017 = MECHANICAL_DESIGN_GEOMETRIC_PRESENTATION_REPRESENTATION (  '', ( #7588 ), #205 ) ;
#9018 = CARTESIAN_POINT ( 'NONE',  ( -0.7500000000000000000, 0.4099999999999999200, 0.5000000000000195400 ) ) ;
#9019 =( NAMED_UNIT ( * ) PLANE_ANGLE_UNIT ( ) SI_UNIT ( $, .RADIAN. ) );
#9020 = STYLED_ITEM ( 'NONE', ( #8341 ), #4701 ) ;
#9021 = SURFACE_SIDE_STYLE ('',( #241 ) ) ;
#9022 = SURFACE_SIDE_STYLE ('',( #9006 ) ) ;
#9023 = VERTEX_POINT ( 'NONE', #6630 ) ;
#9024 = CARTESIAN_POINT ( 'NONE',  ( 0.2928491676390798100, 0.4799999999999999800, 0.5000000000000195400 ) ) ;
#9025 = CARTESIAN_POINT ( 'NONE',  ( -0.04184634518143325000, 0.4798999999999999400, -0.01587963856869354900 ) ) ;
#9026 = CARTESIAN_POINT ( 'NONE',  ( 0.08648123488288662900, 0.4799999999999998700, 0.06868518495197509200 ) ) ;
#9027 = VECTOR ( 'NONE', #5423, 1000.000000000000000 ) ;
#9028 = EDGE_CURVE ( 'NONE', #7042, #1730, #5963, .T. ) ;
#9029 = VERTEX_POINT ( 'NONE', #2345 ) ;
#9030 = DIRECTION ( 'NONE',  ( -0.0000000000000000000, 0.0000000000000000000, -1.000000000000000000 ) ) ;
#9031 =( NAMED_UNIT ( * ) PLANE_ANGLE_UNIT ( ) SI_UNIT ( $, .RADIAN. ) );
#9032 = LINE ( 'NONE', #4628, #1656 ) ;
#9033 = EDGE_CURVE ( 'NONE', #8701, #4913, #566, .T. ) ;
#9034 = PRESENTATION_LAYER_ASSIGNMENT (  '', '', ( #8566 ) ) ;
#9035 = DIRECTION ( 'NONE',  ( 0.0000000000000000000, -0.0000000000000000000, -1.000000000000000000 ) ) ;
#9036 = CARTESIAN_POINT ( 'NONE',  ( -0.02394923821442552700, 0.4798999999999999400, 0.07193238821532989300 ) ) ;
#9037 = PRESENTATION_LAYER_ASSIGNMENT (  '', '', ( #8571 ) ) ;
#9038 = CARTESIAN_POINT ( 'NONE',  ( -0.1064157129908756300, 0.4798999999999999400, -0.007652712420727171700 ) ) ;
#9039 = ORIENTED_EDGE ( 'NONE', *, *, #785, .T. ) ;
#9040 = DIRECTION ( 'NONE',  ( -0.1961161351381842700, 0.0000000000000000000, 0.9805806756909202200 ) ) ;
#9041 = CARTESIAN_POINT ( 'NONE',  ( -0.07092714034021147000, 0.4799999999999999800, -0.08902580864064145400 ) ) ;
#9042 = CARTESIAN_POINT ( 'NONE',  ( 0.2592656690021549200, 0.4799999999999999800, 0.08858932808931026200 ) ) ;
#9043 = CARTESIAN_POINT ( 'NONE',  ( 0.2028675939357984000, 0.4798999999999999400, 0.08318717864074505500 ) ) ;
#9044 = CARTESIAN_POINT ( 'NONE',  ( -0.7300000000000019800, 0.0000000000000000000, 0.4300000000000032700 ) ) ;
#9045 = CARTESIAN_POINT ( 'NONE',  ( -0.1117335742831032400, 0.4798999999999999900, -0.08542252709092502900 ) ) ;
#9046 = EDGE_CURVE ( 'NONE', #1034, #8020, #4030, .T. ) ;
#9047 = CARTESIAN_POINT ( 'NONE',  ( 0.3919716946706617900, 0.4799999999999999800, 0.04220109409201679200 ) ) ;
#9048 = CARTESIAN_POINT ( 'NONE',  ( -0.3097149349250229400, 0.4799999999999999800, 0.5000000000000195400 ) ) ;
#9049 = CARTESIAN_POINT ( 'NONE',  ( 0.04942934843876041500, 0.4798999999999999400, -0.04886195902578040200 ) ) ;
#9050 = CARTESIAN_POINT ( 'NONE',  ( 0.4593956419980541600, 0.4799999999999999800, -0.06359598472253975800 ) ) ;
#9051 = DIRECTION ( 'NONE',  ( 0.0000000000000000000, -0.0000000000000000000, -1.000000000000000000 ) ) ;
#9052 = CARTESIAN_POINT ( 'NONE',  ( -0.01785279809867185200, 0.4798999999999999400, 0.001244684823784292300 ) ) ;
#9053 = DIRECTION ( 'NONE',  ( 0.0000000000000000000, 0.0000000000000000000, 1.000000000000000000 ) ) ;
#9054 = CARTESIAN_POINT ( 'NONE',  ( 0.1097814405068637400, 0.4798999999999999400, 0.05727252782639169500 ) ) ;
#9055 = ADVANCED_FACE ( 'NONE', ( #7847 ), #1669, .F. ) ;
#9056 = FACE_BOUND ( 'NONE', #5209, .T. ) ;
#9057 = CARTESIAN_POINT ( 'NONE',  ( -0.8000000000000037100, 0.4099999999999999200, 0.5000000000000195400 ) ) ;
#9058 = DIRECTION ( 'NONE',  ( -1.000000000000000000, 0.0000000000000000000, 0.0000000000000000000 ) ) ;
#9059 = CARTESIAN_POINT ( 'NONE',  ( 0.3300000000000062300, -0.02000000000000000000, -0.4299999999999968800 ) ) ;
#9060 = CARTESIAN_POINT ( 'NONE',  ( -0.02329812598244858400, 0.4799999999999999800, -0.004323607012758710900 ) ) ;
#9061 = ORIENTED_EDGE ( 'NONE', *, *, #7600, .T. ) ;
#9062 = STYLED_ITEM ( 'NONE', ( #2459 ), #2693 ) ;
#9063 = CARTESIAN_POINT ( 'NONE',  ( -0.05060963538961389000, 0.4799999999999997600, 0.08764495608716252300 ) ) ;
#9064 = STYLED_ITEM ( 'NONE', ( #3222 ), #3543 ) ;
#9065 =( NAMED_UNIT ( * ) PLANE_ANGLE_UNIT ( ) SI_UNIT ( $, .RADIAN. ) );
#9066 = DIRECTION ( 'NONE',  ( -1.000000000000000000, -0.0000000000000000000, -0.0000000000000000000 ) ) ;
#9067 = DIRECTION ( 'NONE',  ( -0.0000000000000000000, 1.000000000000000000, -0.0000000000000000000 ) ) ;
#9068 = CARTESIAN_POINT ( 'NONE',  ( 0.1807367319079733500, 0.4799999999999997000, 0.05840445809264559200 ) ) ;
#9069 = DIRECTION ( 'NONE',  ( -0.09950371902099912300, 0.0000000000000000000, 0.9950371902099891500 ) ) ;
#9070 = CARTESIAN_POINT ( 'NONE',  ( 0.1236183984083103900, 0.4798999999999999400, -0.009469382158437138600 ) ) ;
#9071 = LINE ( 'NONE', #1026, #3383 ) ;
#9072 = CARTESIAN_POINT ( 'NONE',  ( -0.04312218095120559600, 0.4799999999999999800, 0.01485409553723475600 ) ) ;
#9073 = FACE_OUTER_BOUND ( 'NONE', #3265, .T. ) ;
#9074 = EDGE_CURVE ( 'NONE', #3316, #6383, #8850, .T. ) ;
#9075 =( NAMED_UNIT ( * ) SI_UNIT ( $, .STERADIAN. ) SOLID_ANGLE_UNIT ( ) );
#9076 = SURFACE_STYLE_USAGE ( .BOTH. , #4074 ) ;
#9077 = CARTESIAN_POINT ( 'NONE',  ( 0.6800000000000001600, 0.4099999999999999200, 0.4499999999999999000 ) ) ;
#9078 = STYLED_ITEM ( 'NONE', ( #8694 ), #8272 ) ;
#9079 = CARTESIAN_POINT ( 'NONE',  ( -0.1946355531194874900, 0.4799999999999999800, 0.008645845033746000000 ) ) ;
#9080 = CARTESIAN_POINT ( 'NONE',  ( 0.07011175412551617900, 0.4799999999999999800, 0.06508146422976449100 ) ) ;
#9081 = CARTESIAN_POINT ( 'NONE',  ( -0.2574185700051243600, 0.4799999999999999800, -0.002976415303331237300 ) ) ;
#9082 = CARTESIAN_POINT ( 'NONE',  ( 0.1221616069265563800, 0.4799999999999998700, 0.02169818436589617000 ) ) ;
#9083 = CARTESIAN_POINT ( 'NONE',  ( 0.2618699560470151800, 0.4798999999999999400, -0.04161842942831314700 ) ) ;
#9084 = MECHANICAL_DESIGN_GEOMETRIC_PRESENTATION_REPRESENTATION (  '', ( #7661 ), #275 ) ;
#9085 = DIRECTION ( 'NONE',  ( 0.0000000000000000000, 0.0000000000000000000, 1.000000000000000000 ) ) ;
#9086 = SURFACE_STYLE_FILL_AREA ( #1106 ) ;
#9087 = CARTESIAN_POINT ( 'NONE',  ( -0.04453188316987665600, 0.4799999999999999800, -0.06991363736588157600 ) ) ;
#9088 = PLANE ( 'NONE',  #7835 ) ;
#9089 = CARTESIAN_POINT ( 'NONE',  ( -0.3097149349250229400, 0.4798999999999999400, -0.02613604882510385500 ) ) ;
#9090 = LINE ( 'NONE', #333, #8878 ) ;
#9091 = CARTESIAN_POINT ( 'NONE',  ( 0.5167054956200970400, 0.4798999999999999900, 0.05207747691236887200 ) ) ;
#9092 =( GEOMETRIC_REPRESENTATION_CONTEXT ( 3 ) GLOBAL_UNCERTAINTY_ASSIGNED_CONTEXT ( ( #6561 ) ) GLOBAL_UNIT_ASSIGNED_CONTEXT ( ( #1729, #6740, #2465 ) ) REPRESENTATION_CONTEXT ( 'NONE', 'WORKASPACE' ) );
#9093 = CARTESIAN_POINT ( 'NONE',  ( 0.3184901932801054200, 0.4799999999999999800, -0.1107514334404884300 ) ) ;
#9094 = SURFACE_STYLE_FILL_AREA ( #3113 ) ;
#9095 = SURFACE_SIDE_STYLE ('',( #3697 ) ) ;
#9096 = ADVANCED_FACE ( 'NONE', ( #3155, #1463 ), #287, .T. ) ;
#9097 = SURFACE_STYLE_USAGE ( .BOTH. , #4096 ) ;
#9098 =( LENGTH_UNIT ( ) NAMED_UNIT ( * ) SI_UNIT ( .MILLI., .METRE. ) );
#9099 = VERTEX_POINT ( 'NONE', #4613 ) ;
#9100 =( LENGTH_UNIT ( ) NAMED_UNIT ( * ) SI_UNIT ( .MILLI., .METRE. ) );
#9101 = LINE ( 'NONE', #9070, #1496 ) ;
#9102 = ORIENTED_EDGE ( 'NONE', *, *, #660, .T. ) ;
#9103 = SURFACE_STYLE_USAGE ( .BOTH. , #4099 ) ;
#9104 = LINE ( 'NONE', #1213, #3413 ) ;
#9105 = ORIENTED_EDGE ( 'NONE', *, *, #6017, .F. ) ;
#9106 = ORIENTED_EDGE ( 'NONE', *, *, #7507, .F. ) ;
#9107 =( NAMED_UNIT ( * ) PLANE_ANGLE_UNIT ( ) SI_UNIT ( $, .RADIAN. ) );
#9108 = B_SPLINE_CURVE_WITH_KNOTS ( 'NONE', 3,
 ( #6395, #5684, #647, #7097, #2835, #7824, #3551, #8529, #4249, #9268, #4971, #679, #5719, #1406, #6424 ),
 .UNSPECIFIED., .F., .F.,
 ( 4, 1, 1, 1, 1, 1, 1, 1, 1, 1, 1, 1, 4 ),
 ( 0.0000000000000000000, 0.08897095769895384300, 0.1722707767733135700, 0.2503120304637093100, 0.3246551996215513700, 0.3978444501802943000, 0.4733008807185328200, 0.5518258887444476000, 0.6347494834982533300, 0.7217660118923857600, 0.8103926655611190000, 0.9031752367994195800, 1.000000000000000000 ),
 .UNSPECIFIED. ) ;
#9109 =( NAMED_UNIT ( * ) SI_UNIT ( $, .STERADIAN. ) SOLID_ANGLE_UNIT ( ) );
#9110 = LINE ( 'NONE', #961, #7221 ) ;
#9111 = ORIENTED_EDGE ( 'NONE', *, *, #8678, .F. ) ;
#9112 = VECTOR ( 'NONE', #1616, 1000.000000000000000 ) ;
#9113 = CARTESIAN_POINT ( 'NONE',  ( -0.05146316633015347200, 0.4798999999999999400, 0.06158484605036612000 ) ) ;
#9114 = DIRECTION ( 'NONE',  ( -0.0000000000000000000, 1.000000000000000000, -0.0000000000000000000 ) ) ;
#9115 = EDGE_CURVE ( 'NONE', #2102, #7342, #4379, .T. ) ;
#9116 = COLOUR_RGB ( '',1.000000000000000000, 1.000000000000000000, 0.5019607843137254800 ) ;
#9117 =( NAMED_UNIT ( * ) PLANE_ANGLE_UNIT ( ) SI_UNIT ( $, .RADIAN. ) );
#9118 = VERTEX_POINT ( 'NONE', #8894 ) ;
#9119 = CARTESIAN_POINT ( 'NONE',  ( -0.2260992528468941400, 0.4798999999999999400, -0.06593720625141591400 ) ) ;
#9120 = CARTESIAN_POINT ( 'NONE',  ( 0.2064581363260614400, 0.4798999999999999400, 0.05169351213638086200 ) ) ;
#9121 = ORIENTED_EDGE ( 'NONE', *, *, #7988, .T. ) ;
#9122 = CARTESIAN_POINT ( 'NONE',  ( 0.02105429584420780800, 0.4798999999999999400, -0.009389253953308930200 ) ) ;
#9123 = COLOUR_RGB ( '',0.2509803921568627400, 0.2509803921568627400, 0.2509803921568627400 ) ;
#9124 = CARTESIAN_POINT ( 'NONE',  ( -0.1892021144122024400, 0.4798999999999999400, 0.03195689989284492700 ) ) ;
#9125 = SURFACE_STYLE_USAGE ( .BOTH. , #6292 ) ;
#9126 = CARTESIAN_POINT ( 'NONE',  ( 0.2901448373461972800, 0.4799999999999994800, -0.02131197144651916400 ) ) ;
#9127 = EDGE_LOOP ( 'NONE', ( #6264, #5107, #5186, #4296 ) ) ;
#9128 = COLOUR_RGB ( '',0.2509803921568627400, 0.2509803921568627400, 0.2509803921568627400 ) ;
#9129 = B_SPLINE_CURVE_WITH_KNOTS ( 'NONE', 3,
 ( #130, #7360, #3073, #8070, #3793, #8781, #4496, #203, #5218, #918, #5955, #1651, #6670, #2378, #7386 ),
 .UNSPECIFIED., .F., .F.,
 ( 4, 1, 1, 1, 1, 1, 1, 1, 1, 1, 1, 1, 4 ),
 ( 0.0000000000000000000, 0.08013990246525155800, 0.1562809906190944800, 0.2294060490129021800, 0.3017986969723056600, 0.3727428627695780200, 0.4426676099026292700, 0.5133209646126977200, 0.5865476923632091400, 0.6683225082295053400, 0.7636766255259053200, 0.8740807567185482400, 1.000000000000000000 ),
 .UNSPECIFIED. ) ;
#9130 =( GEOMETRIC_REPRESENTATION_CONTEXT ( 3 ) GLOBAL_UNCERTAINTY_ASSIGNED_CONTEXT ( ( #2915 ) ) GLOBAL_UNIT_ASSIGNED_CONTEXT ( ( #4016, #9019, #4735 ) ) REPRESENTATION_CONTEXT ( 'NONE', 'WORKASPACE' ) );
#9131 = FILL_AREA_STYLE_COLOUR ( '', #5611 ) ;
#9132 = CARTESIAN_POINT ( 'NONE',  ( -0.08531589646348447500, 0.4800000000000000400, -0.09023861292766789700 ) ) ;
#9133 = B_SPLINE_CURVE_WITH_KNOTS ( 'NONE', 3,
 ( #1172, #520, #6272, #1970, #6970, #2700, #7700, #3421, #8406, #4124, #9136 ),
 .UNSPECIFIED., .F., .F.,
 ( 4, 1, 1, 1, 1, 1, 1, 1, 4 ),
 ( 0.0000000000000000000, 0.1379032299933943800, 0.2688733426002938900, 0.3951781273461146800, 0.5170892381308885800, 0.6367430265135486400, 0.7562218164637978200, 0.8766283594636796700, 1.000000000000000000 ),
 .UNSPECIFIED. ) ;
#9134 = AXIS2_PLACEMENT_3D ( 'NONE', #6521, #2234, #7237 ) ;
#9135 = CARTESIAN_POINT ( 'NONE',  ( -0.2312180814100120200, 0.4798999999999999400, 0.08608838304360219600 ) ) ;
#9136 = CARTESIAN_POINT ( 'NONE',  ( 0.04048538558779762900, 0.4798999999999999400, 0.07254183579028082600 ) ) ;
#9137 = DIRECTION ( 'NONE',  ( -0.0000000000000000000, -1.000000000000000000, -0.0000000000000000000 ) ) ;
#9138 = ORIENTED_EDGE ( 'NONE', *, *, #3734, .F. ) ;
#9139 = COLOUR_RGB ( '',0.2509803921568627400, 0.2509803921568627400, 0.2509803921568627400 ) ;
#9140 = LINE ( 'NONE', #6194, #3447 ) ;
#9141 = CARTESIAN_POINT ( 'NONE',  ( 0.2460427893608635500, 0.4799999999999999800, 0.06801764592284101400 ) ) ;
#9142 = SURFACE_STYLE_USAGE ( .BOTH. , #4129 ) ;
#9143 = DIRECTION ( 'NONE',  ( -2.478176394252578700E-016, -0.0000000000000000000, -1.000000000000000000 ) ) ;
#9144 = DIRECTION ( 'NONE',  ( 3.370319896183508200E-014, 0.0000000000000000000, -1.000000000000000000 ) ) ;
#9145 = CARTESIAN_POINT ( 'NONE',  ( 0.07002556793490274900, 0.4799999999999999800, -0.08434039120230110700 ) ) ;
#9146 = VERTEX_POINT ( 'NONE', #6063 ) ;
#9147 = AXIS2_PLACEMENT_3D ( 'NONE', #7345, #3063, #8059 ) ;
#9148 = COLOUR_RGB ( '',1.000000000000000000, 1.000000000000000000, 0.5019607843137254800 ) ;
#9149 = CARTESIAN_POINT ( 'NONE',  ( 0.02361835048342529600, 0.4798999999999999400, 0.02807624212241274800 ) ) ;
#9150 = PRESENTATION_LAYER_ASSIGNMENT (  '', '', ( #8191 ) ) ;
#9151 = CARTESIAN_POINT ( 'NONE',  ( -0.03554622990270495100, 0.4799999999999999800, 0.03823944984195898300 ) ) ;
#9152 = SURFACE_SIDE_STYLE ('',( #6179 ) ) ;
#9153 = CARTESIAN_POINT ( 'NONE',  ( -0.2298655769608778400, 0.4799999999999999800, -0.03857656862774610400 ) ) ;
#9154 = CARTESIAN_POINT ( 'NONE',  ( -0.2668057327519391400, 0.4798999999999999400, -0.08765033468506047700 ) ) ;
#9155 = FILL_AREA_STYLE ('',( #6009 ) ) ;
#9156 = CARTESIAN_POINT ( 'NONE',  ( 0.3030601779941858300, 0.4799999999999999800, 0.02287759479907831500 ) ) ;
#9157 = DIRECTION ( 'NONE',  ( 0.0000000000000000000, 1.000000000000000000, -0.0000000000000000000 ) ) ;
#9158 = CARTESIAN_POINT ( 'NONE',  ( -0.2197984082433442100, 0.4798999999999999400, -0.1012783283098967100 ) ) ;
#9159 = ORIENTED_EDGE ( 'NONE', *, *, #3815, .F. ) ;
#9160 = ADVANCED_FACE ( 'NONE', ( #2480 ), #2490, .F. ) ;
#9161 = CARTESIAN_POINT ( 'NONE',  ( 0.3030457902948182100, 0.4798999999999999400, 0.01833346705683764500 ) ) ;
#9162 = EDGE_CURVE ( 'NONE', #3644, #4512, #5382, .T. ) ;
#9163 = B_SPLINE_CURVE_WITH_KNOTS ( 'NONE', 3,
 ( #7690, #2690, #6961, #3405, #8397, #4110, #9120, #4832, #539, #5574, #1251, #6288, #1990, #6998, #2719, #7720, #3444, #8424, #4142 ),
 .UNSPECIFIED., .F., .F.,
 ( 4, 1, 1, 1, 1, 1, 1, 1, 1, 1, 1, 1, 1, 1, 1, 1, 4 ),
 ( 0.0000000000000000000, 0.07736133711897587300, 0.1504798322806807100, 0.2199772368520740400, 0.2866809968624410800, 0.3496784941856624900, 0.4106796250174846700, 0.4694271135192909000, 0.5267557014271288000, 0.5831419808348369300, 0.6388244277786268000, 0.6952634704038110900, 0.7526958048985342700, 0.8108491833348950900, 0.8713563036360851800, 0.9344364309841271000, 1.000000000000000000 ),
 .UNSPECIFIED. ) ;
#9164 =( GEOMETRIC_REPRESENTATION_CONTEXT ( 3 ) GLOBAL_UNCERTAINTY_ASSIGNED_CONTEXT ( ( #1572 ) ) GLOBAL_UNIT_ASSIGNED_CONTEXT ( ( #1858, #1116, #8157 ) ) REPRESENTATION_CONTEXT ( 'NONE', 'WORKASPACE' ) );
#9165 = MECHANICAL_DESIGN_GEOMETRIC_PRESENTATION_REPRESENTATION (  '', ( #8201 ), #337 ) ;
#9166 = CARTESIAN_POINT ( 'NONE',  ( 0.2504075736359697700, 0.4798999999999999400, -0.04392766928028109900 ) ) ;
#9167 = LINE ( 'NONE', #1208, #3467 ) ;
#9168 = ORIENTED_EDGE ( 'NONE', *, *, #3908, .F. ) ;
#9169 =( NAMED_UNIT ( * ) SI_UNIT ( $, .STERADIAN. ) SOLID_ANGLE_UNIT ( ) );
#9170 = ORIENTED_EDGE ( 'NONE', *, *, #6184, .F. ) ;
#9171 = CARTESIAN_POINT ( 'NONE',  ( -0.05651051384305941200, 0.4798999999999999400, -0.1094883884194528100 ) ) ;
#9172 = CARTESIAN_POINT ( 'NONE',  ( 0.1039631018915832700, 0.4799999999999999800, -0.08167477359008006000 ) ) ;
#9173 =( NAMED_UNIT ( * ) SI_UNIT ( $, .STERADIAN. ) SOLID_ANGLE_UNIT ( ) );
#9174 = CARTESIAN_POINT ( 'NONE',  ( 0.2773879460609744400, 0.4799999999999999800, 0.02724200749329835900 ) ) ;
#9175 = CARTESIAN_POINT ( 'NONE',  ( -0.7999999999999700700, 0.4799999999999999800, -0.4999999999999813500 ) ) ;
#9176 =( NAMED_UNIT ( * ) SI_UNIT ( $, .STERADIAN. ) SOLID_ANGLE_UNIT ( ) );
#9177 = COLOUR_RGB ( '',1.000000000000000000, 1.000000000000000000, 1.000000000000000000 ) ;
#9178 = DIRECTION ( 'NONE',  ( -0.0000000000000000000, 1.000000000000000000, -0.0000000000000000000 ) ) ;
#9179 = EDGE_CURVE ( 'NONE', #4421, #2479, #1791, .T. ) ;
#9180 = DIRECTION ( 'NONE',  ( -0.0000000000000000000, -1.000000000000000000, -0.0000000000000000000 ) ) ;
#9181 = CARTESIAN_POINT ( 'NONE',  ( 0.02144456028855442500, 0.4799999999999999800, -0.02603626305378659000 ) ) ;
#9182 = LINE ( 'NONE', #4684, #7286 ) ;
#9183 = FILL_AREA_STYLE_COLOUR ( '', #2437 ) ;
#9184 = VECTOR ( 'NONE', #3250, 1000.000000000000100 ) ;
#9185 = UNCERTAINTY_MEASURE_WITH_UNIT (LENGTH_MEASURE( 1.000000000000000100E-005 ), #8615, 'distance_accuracy_value', 'NONE');
#9186 = CARTESIAN_POINT ( 'NONE',  ( -0.1175738794371388300, 0.4800000000000000400, -0.08154830731304681100 ) ) ;
#9187 = CARTESIAN_POINT ( 'NONE',  ( -0.03555546085018612700, 0.4798999999999999400, 0.02956846725566330800 ) ) ;
#9188 = CARTESIAN_POINT ( 'NONE',  ( 0.2914947114856441500, 0.4798999999999999400, 0.06257717813358745800 ) ) ;
#9189 =( NAMED_UNIT ( * ) SI_UNIT ( $, .STERADIAN. ) SOLID_ANGLE_UNIT ( ) );
#9190 = SURFACE_STYLE_USAGE ( .BOTH. , #4170 ) ;
#9191 = CARTESIAN_POINT ( 'NONE',  ( -0.2253785783826972600, 0.4799999999999999800, 0.05499656913560455700 ) ) ;
#9192 = FILL_AREA_STYLE ('',( #1569 ) ) ;
#9193 = ORIENTED_EDGE ( 'NONE', *, *, #7026, .T. ) ;
#9194 = FACE_OUTER_BOUND ( 'NONE', #7781, .T. ) ;
#9195 = CARTESIAN_POINT ( 'NONE',  ( 0.3021875179232326200, 0.4798999999999999400, 0.007116590152036028600 ) ) ;
#9196 = CARTESIAN_POINT ( 'NONE',  ( 0.4455334625108746700, 0.4799999999999999800, -0.06039085651741169000 ) ) ;
#9197 = CARTESIAN_POINT ( 'NONE',  ( -0.01247689600928360300, 0.4798999999999999400, -0.05717074042873763300 ) ) ;
#9198 =( NAMED_UNIT ( * ) PLANE_ANGLE_UNIT ( ) SI_UNIT ( $, .RADIAN. ) );
#9199 = VECTOR ( 'NONE', #2247, 1000.000000000000000 ) ;
#9200 = MECHANICAL_DESIGN_GEOMETRIC_PRESENTATION_REPRESENTATION (  '', ( #7760 ), #378 ) ;
#9201 = CARTESIAN_POINT ( 'NONE',  ( -0.2225381662312596300, 0.4800000000000000900, -0.01451343530781846000 ) ) ;
#9202 = ADVANCED_FACE ( 'NONE', ( #3486 ), #8806, .T. ) ;
#9203 = CARTESIAN_POINT ( 'NONE',  ( 0.08772538748820649100, 0.4798999999999999400, -0.1106759205485954400 ) ) ;
#9204 = CARTESIAN_POINT ( 'NONE',  ( 0.07088692810268686100, 0.4798999999999999400, 0.6710791026590167100 ) ) ;
#9205 =( GEOMETRIC_REPRESENTATION_CONTEXT ( 3 ) GLOBAL_UNCERTAINTY_ASSIGNED_CONTEXT ( ( #7456 ) ) GLOBAL_UNIT_ASSIGNED_CONTEXT ( ( #6457, #2161, #7161 ) ) REPRESENTATION_CONTEXT ( 'NONE', 'WORKASPACE' ) );
#9206 =( NAMED_UNIT ( * ) SI_UNIT ( $, .STERADIAN. ) SOLID_ANGLE_UNIT ( ) );
#9207 = CARTESIAN_POINT ( 'NONE',  ( -0.007150832360920352800, 0.4799999999999999800, 0.03247773322617825100 ) ) ;
#9208 = EDGE_CURVE ( 'NONE', #6384, #9118, #6400, .T. ) ;
#9209 = CARTESIAN_POINT ( 'NONE',  ( 0.04604290091196387000, 0.4799999999999999800, -0.09684506321505807800 ) ) ;
#9210 = CARTESIAN_POINT ( 'NONE',  ( -0.8000000000000037100, 0.4798999999999999400, -0.02613604882510385500 ) ) ;
#9211 = COLOUR_RGB ( '',0.2509803921568627400, 0.2509803921568627400, 0.2509803921568627400 ) ;
#9212 =( LENGTH_UNIT ( ) NAMED_UNIT ( * ) SI_UNIT ( .MILLI., .METRE. ) );
#9213 = DIRECTION ( 'NONE',  ( 1.000000000000000000, 0.0000000000000000000, 0.0000000000000000000 ) ) ;
#9214 = CARTESIAN_POINT ( 'NONE',  ( -0.05143773741682231000, 0.4799999999999999800, 0.009119067205154096600 ) ) ;
#9215 = DIRECTION ( 'NONE',  ( 0.0000000000000000000, 0.0000000000000000000, -1.000000000000000000 ) ) ;
#9216 = CARTESIAN_POINT ( 'NONE',  ( -0.2656444221045100600, 0.4799999999999999800, -0.003059125748180666100 ) ) ;
#9217 = CARTESIAN_POINT ( 'NONE',  ( -0.1923665477870603000, 0.4799999999999998700, 0.05175695748006946300 ) ) ;
#9218 = EDGE_CURVE ( 'NONE', #8721, #6680, #8286, .T. ) ;
#9219 = ORIENTED_EDGE ( 'NONE', *, *, #1839, .F. ) ;
#9220 = MECHANICAL_DESIGN_GEOMETRIC_PRESENTATION_REPRESENTATION (  '', ( #8267 ), #394 ) ;
#9221 = SURFACE_STYLE_FILL_AREA ( #658 ) ;
#9222 = ORIENTED_EDGE ( 'NONE', *, *, #6935, .F. ) ;
#9223 = COLOUR_RGB ( '',0.2509803921568627400, 0.2509803921568627400, 0.2509803921568627400 ) ;
#9224 = EDGE_LOOP ( 'NONE', ( #7490, #7491, #7809, #6441 ) ) ;
#9225 = CARTESIAN_POINT ( 'NONE',  ( -0.008316710036694739000, 0.4799999999999999800, 0.02106120874001344400 ) ) ;
#9226 = LINE ( 'NONE', #1075, #7333 ) ;
#9227 = VECTOR ( 'NONE', #8303, 1000.000000000000000 ) ;
#9228 = MECHANICAL_DESIGN_GEOMETRIC_PRESENTATION_REPRESENTATION (  '', ( #7795 ), #399 ) ;
#9229 =( NAMED_UNIT ( * ) PLANE_ANGLE_UNIT ( ) SI_UNIT ( $, .RADIAN. ) );
#9230 = ORIENTED_EDGE ( 'NONE', *, *, #2011, .T. ) ;
#9231 = CIRCLE ( 'NONE', #7609, 0.06249999999999994400 ) ;
#9232 = EDGE_LOOP ( 'NONE', ( #8982, #6862, #7021, #3422, #1833, #1945, #2144, #361 ) ) ;
#9233 = VECTOR ( 'NONE', #2001, 1000.000000000000000 ) ;
#9234 = DIRECTION ( 'NONE',  ( -0.0000000000000000000, 1.000000000000000000, -0.0000000000000000000 ) ) ;
#9235 = EDGE_LOOP ( 'NONE', ( #6113, #1009, #8325, #642 ) ) ;
#9236 = FILL_AREA_STYLE_COLOUR ( '', #7127 ) ;
#9237 = ORIENTED_EDGE ( 'NONE', *, *, #583, .T. ) ;
#9238 = CARTESIAN_POINT ( 'NONE',  ( 0.2444116676390797000, 0.4799999999999999800, -0.04408476677382174000 ) ) ;
#9239 = UNCERTAINTY_MEASURE_WITH_UNIT (LENGTH_MEASURE( 1.000000000000000100E-005 ), #4570, 'distance_accuracy_value', 'NONE');
#9240 = EDGE_CURVE ( 'NONE', #415, #3989, #2821, .T. ) ;
#9241 = LINE ( 'NONE', #4762, #3766 ) ;
#9242 = CARTESIAN_POINT ( 'NONE',  ( -0.1989316222552515700, 0.4798999999999999400, 0.002028765907778444100 ) ) ;
#9243 = CARTESIAN_POINT ( 'NONE',  ( 0.1249060375321274100, 0.4799999999999996500, -0.09659786790109702000 ) ) ;
#9244 = CARTESIAN_POINT ( 'NONE',  ( 0.06556770677878413800, 0.4799999999999999800, 0.08920583464766401700 ) ) ;
#9245 = LINE ( 'NONE', #2126, #3545 ) ;
#9246 = VERTEX_POINT ( 'NONE', #7638 ) ;
#9247 = CARTESIAN_POINT ( 'NONE',  ( -0.2605161738855693600, 0.4799999999999999800, 0.06615000983573807200 ) ) ;
#9248 = LINE ( 'NONE', #3166, #1629 ) ;
#9249 = ORIENTED_EDGE ( 'NONE', *, *, #5475, .T. ) ;
#9250 = CARTESIAN_POINT ( 'NONE',  ( -0.03785048328347077900, 0.4799999999999999800, 0.08205928274364833500 ) ) ;
#9251 = FACE_OUTER_BOUND ( 'NONE', #8567, .T. ) ;
#9252 = FILL_AREA_STYLE ('',( #3471 ) ) ;
#9253 = CARTESIAN_POINT ( 'NONE',  ( 0.05276525560283303100, 0.4798999999999999400, 0.04398218119757751200 ) ) ;
#9254 = CARTESIAN_POINT ( 'NONE',  ( -0.4972149349250228900, 0.4798999999999999400, 0.02771010502105003500 ) ) ;
#9255 = VERTEX_POINT ( 'NONE', #6247 ) ;
#9256 = LINE ( 'NONE', #677, #3778 ) ;
#9257 = CARTESIAN_POINT ( 'NONE',  ( -0.08196461742398948600, 0.4799999999999998700, 0.09179469884652491400 ) ) ;
#9258 =( NAMED_UNIT ( * ) SI_UNIT ( $, .STERADIAN. ) SOLID_ANGLE_UNIT ( ) );
#9259 = CARTESIAN_POINT ( 'NONE',  ( 0.1464990139577419000, 0.4799999999999999800, 0.02911537826589146200 ) ) ;
#9260 = CARTESIAN_POINT ( 'NONE',  ( -0.2630402554378434800, 0.4798999999999999400, -0.1107514334404884200 ) ) ;
#9261 = CARTESIAN_POINT ( 'NONE',  ( -0.2605161738855693600, 0.4799999999999999800, 0.06615000983573807200 ) ) ;
#9262 = CARTESIAN_POINT ( 'NONE',  ( -0.2192631321514463300, 0.4798999999999999400, 0.08196728744728376500 ) ) ;
#9263 = FACE_OUTER_BOUND ( 'NONE', #8228, .T. ) ;
#9264 = ADVANCED_FACE ( 'NONE', ( #2578 ), #5754, .T. ) ;
#9265 = CARTESIAN_POINT ( 'NONE',  ( -0.007617771517981123900, 0.4798999999999999400, 0.02476323159672952400 ) ) ;
#9266 = VERTEX_POINT ( 'NONE', #6950 ) ;
#9267 = FACE_OUTER_BOUND ( 'NONE', #4865, .T. ) ;
#9268 = CARTESIAN_POINT ( 'NONE',  ( -0.2210676447595364700, 0.4798999999999999400, 0.04852199674393113700 ) ) ;
#9269 = COLOUR_RGB ( '',0.2509803921568627400, 0.2509803921568627400, 0.2509803921568627400 ) ;
#9270 = CARTESIAN_POINT ( 'NONE',  ( -0.2275649888927072400, 0.4799999999999999800, -0.07027117684042179200 ) ) ;
#9271 = UNCERTAINTY_MEASURE_WITH_UNIT (LENGTH_MEASURE( 1.000000000000000100E-005 ), #705, 'distance_accuracy_value', 'NONE');
#9272 = CARTESIAN_POINT ( 'NONE',  ( 0.2773778014156608700, 0.4798999999999999400, 0.01737607437201899700 ) ) ;
#9273 =( LENGTH_UNIT ( ) NAMED_UNIT ( * ) SI_UNIT ( .MILLI., .METRE. ) );
#9274 = CARTESIAN_POINT ( 'NONE',  ( 0.2936711956114460000, 0.4799999999999999800, -0.01631886631771981400 ) ) ;
#9275 = VERTEX_POINT ( 'NONE', #2907 ) ;
#9276 = CARTESIAN_POINT ( 'NONE',  ( -0.1897405826841074300, 0.4800000000000000900, 0.02365132395241151600 ) ) ;
#9277 = CARTESIAN_POINT ( 'NONE',  ( 0.1459136359114474900, 0.4798999999999999400, -0.05166443431078723100 ) ) ;
#9278 =( LENGTH_UNIT ( ) NAMED_UNIT ( * ) SI_UNIT ( .MILLI., .METRE. ) );
#9279 = CARTESIAN_POINT ( 'NONE',  ( -0.2174567771945788200, 0.4798999999999999400, 0.03310736051869686600 ) ) ;
#9280 = EDGE_CURVE ( 'NONE', #8474, #5790, #7396, .T. ) ;
#9281 = CARTESIAN_POINT ( 'NONE',  ( -0.2226614949798173500, 0.4798999999999999400, 0.01197032204480888600 ) ) ;
#9282 = CARTESIAN_POINT ( 'NONE',  ( 0.4701728855877979100, 0.4799999999999999800, -0.1107514334404885200 ) ) ;
#9283 =( GEOMETRIC_REPRESENTATION_CONTEXT ( 3 ) GLOBAL_UNCERTAINTY_ASSIGNED_CONTEXT ( ( #694 ) ) GLOBAL_UNIT_ASSIGNED_CONTEXT ( ( #4219, #9229, #4942 ) ) REPRESENTATION_CONTEXT ( 'NONE', 'WORKASPACE' ) );
#9284 = FILL_AREA_STYLE ('',( #5665 ) ) ;
#9285 = MECHANICAL_DESIGN_GEOMETRIC_PRESENTATION_REPRESENTATION (  '', ( #7836 ), #439 ) ;
#9286 = ORIENTED_EDGE ( 'NONE', *, *, #897, .T. ) ;
#9287 = AXIS2_PLACEMENT_3D ( 'NONE', #670, #5707, #1390 ) ;
#9288 = UNCERTAINTY_MEASURE_WITH_UNIT (LENGTH_MEASURE( 1.000000000000000100E-005 ), #1653, 'distance_accuracy_value', 'NONE');
#9289 = CARTESIAN_POINT ( 'NONE',  ( -0.3379200631301512200, 0.4798999999999999400, 0.5000000000000195400 ) ) ;
#9290 = FILL_AREA_STYLE_COLOUR ( '', #9139 ) ;
#9291 = SURFACE_SIDE_STYLE ('',( #3726 ) ) ;
#9292 = CARTESIAN_POINT ( 'NONE',  ( -0.3049782096953562700, 0.4798999999999999400, 0.3170079509925848900 ) ) ;
#9293 = CARTESIAN_POINT ( 'NONE',  ( -0.1198219407877447700, 0.4798999999999999400, 0.08547937120631721200 ) ) ;
#9294 = CARTESIAN_POINT ( 'NONE',  ( -0.7300000000000020900, -0.02000000000000000000, -0.4299999999999967200 ) ) ;
#9295 = CARTESIAN_POINT ( 'NONE',  ( 0.1133812823038117300, 0.4799999999999999800, 0.08567743605068030300 ) ) ;
#9296 = CARTESIAN_POINT ( 'NONE',  ( -0.2570564806469741200, 0.4798999999999999400, 0.06611026285781372600 ) ) ;
#9297 = CARTESIAN_POINT ( 'NONE',  ( -0.2598202068999455600, 0.4799999999999998700, 0.08921923757523406200 ) ) ;
#9298 = PRESENTATION_LAYER_ASSIGNMENT (  '', '', ( #8310 ) ) ;
#9299 = MECHANICAL_DESIGN_GEOMETRIC_PRESENTATION_REPRESENTATION (  '', ( #7848 ), #447 ) ;
#9300 = CARTESIAN_POINT ( 'NONE',  ( -0.2699713207242840400, 0.4799999999999999800, -0.08766625115907120100 ) ) ;
#9301 = CARTESIAN_POINT ( 'NONE',  ( 0.2697416823820942800, 0.4799999999999995900, -0.006405435731798100500 ) ) ;
#9302 = FACE_BOUND ( 'NONE', #8183, .T. ) ;
#9303 = CARTESIAN_POINT ( 'NONE',  ( 0.02281039783921088800, 0.4798999999999999400, -0.04117418641858437000 ) ) ;
#9304 = CARTESIAN_POINT ( 'NONE',  ( 0.08487641122882323700, 0.4799999999999999800, -0.08767451036356532800 ) ) ;
#9305 = CARTESIAN_POINT ( 'NONE',  ( -0.06198120213734824300, 0.4799999999999999800, 0.06624179164179694300 ) ) ;
#9306 = CARTESIAN_POINT ( 'NONE',  ( 0.1492047309762238300, 0.4799999999999996500, -0.01646836459525132000 ) ) ;
#9307 = CARTESIAN_POINT ( 'NONE',  ( 0.04931397984084792700, 0.4798999999999999400, 0.03019915236287946900 ) ) ;
#9308 = CARTESIAN_POINT ( 'NONE',  ( -0.2174567771945788200, 0.4799999999999999800, 0.03310736051869686600 ) ) ;
#9309 = EDGE_LOOP ( 'NONE', ( #1173, #5301, #7213, #1652 ) ) ;
#9310 = CARTESIAN_POINT ( 'NONE',  ( -0.2499088099053042600, 0.4799999999999998700, -0.002336785869173325400 ) ) ;
#9311 = EDGE_CURVE ( 'NONE', #4736, #363, #5321, .T. ) ;
#9312 = EDGE_CURVE ( 'NONE', #9246, #4600, #8899, .T. ) ;
#9313 = B_SPLINE_CURVE_WITH_KNOTS ( 'NONE', 3,
 ( #3110, #6675, #4535, #236, #5250, #960, #5984, #1682, #6700, #2415, #7413 ),
 .UNSPECIFIED., .F., .F.,
 ( 4, 1, 1, 1, 1, 1, 1, 1, 4 ),
 ( 0.0000000000000000000, 0.1276647678962234400, 0.2517385630080507000, 0.3727533493873898500, 0.4921467589723849700, 0.6140696213092456900, 0.7371973244121088300, 0.8656069906011159000, 1.000000000000000000 ),
 .UNSPECIFIED. ) ;
#9314 = CARTESIAN_POINT ( 'NONE',  ( -0.1892021144122024400, 0.4798999999999999400, 0.03195689989284492700 ) ) ;
ENDSEC;
END-ISO-10303-21;
