ISO-10303-21;
HEADER;
FILE_DESCRIPTION (( 'STEP AP214' ),
    '1' );
FILE_NAME ('ST25DV04K-JFR6D3.STEP',
    '2024-02-02T04:03:09',
    ( 'LENOVO' ),
    ( '' ),
    'SwSTEP 2.0',
    'SolidWorks 2021',
    '' );
FILE_SCHEMA (( 'AUTOMOTIVE_DESIGN' ));
ENDSEC;

DATA;
#1 = AXIS2_PLACEMENT_3D ( 'NONE', #4874, #656, #3077 ) ;
#2 = CARTESIAN_POINT ( 'NONE',  ( 1.400000000000000133, 0.2000000000000000111, -0.3249999999999997891 ) ) ;
#3 = DIRECTION ( 'NONE',  ( 1.000000000000000000, 0.000000000000000000, 0.000000000000000000 ) ) ;
#4 = ORIENTED_EDGE ( 'NONE', *, *, #2230, .T. ) ;
#5 = DIRECTION ( 'NONE',  ( 1.000000000000000000, 0.000000000000000000, -0.000000000000000000 ) ) ;
#6 = LINE ( 'NONE', #7213, #2473 ) ;
#7 = DIRECTION ( 'NONE',  ( 1.301042606982604690E-14, 0.000000000000000000, 1.000000000000000000 ) ) ;
#8 = CARTESIAN_POINT ( 'NONE',  ( -1.150000000000000355, 0.000000000000000000, 0.1250000000000001110 ) ) ;
#9 = LINE ( 'NONE', #5373, #2649 ) ;
#10 = EDGE_CURVE ( 'NONE', #6061, #7448, #1330, .T. ) ;
#11 = ORIENTED_EDGE ( 'NONE', *, *, #3990, .F. ) ;
#12 = LINE ( 'NONE', #2404, #7744 ) ;
#13 = DIRECTION ( 'NONE',  ( -0.000000000000000000, -1.000000000000000000, -0.000000000000000000 ) ) ;
#14 = APPLICATION_PROTOCOL_DEFINITION ( 'draft international standard', 'automotive_design', 1998, #2996 ) ;
#15 = AXIS2_PLACEMENT_3D ( 'NONE', #188, #2023, #5034 ) ;
#16 = ORIENTED_EDGE ( 'NONE', *, *, #2471, .F. ) ;
#17 = CARTESIAN_POINT ( 'NONE',  ( 1.100000000000000089, 0.1999999999999999833, 1.324999999999999734 ) ) ;
#18 = CIRCLE ( 'NONE', #2807, 0.04999999999999991257 ) ;
#19 = DIRECTION ( 'NONE',  ( -1.000000000000000000, 0.000000000000000000, -0.000000000000000000 ) ) ;
#20 = CARTESIAN_POINT ( 'NONE',  ( 1.100000000000000089, 0.2000000000000000111, -1.175000000000000266 ) ) ;
#21 = DIRECTION ( 'NONE',  ( 0.000000000000000000, 1.000000000000000000, 0.000000000000000000 ) ) ;
#22 = CARTESIAN_POINT ( 'NONE',  ( 1.350000000000000089, 0.2000000000000000111, -0.1249999999999996808 ) ) ;
#23 = VECTOR ( 'NONE', #4847, 1000.000000000000000 ) ;
#24 = ORIENTED_EDGE ( 'NONE', *, *, #3129, .F. ) ;
#25 = LINE ( 'NONE', #6396, #2618 ) ;
#26 = EDGE_CURVE ( 'NONE', #4378, #6330, #1188, .T. ) ;
#27 = ORIENTED_EDGE ( 'NONE', *, *, #4849, .F. ) ;
#28 = AXIS2_PLACEMENT_3D ( 'NONE', #6001, #6632, #6670 ) ;
#29 = DIRECTION ( 'NONE',  ( -0.000000000000000000, -1.000000000000000000, 0.000000000000000000 ) ) ;
#30 = CARTESIAN_POINT ( 'NONE',  ( 1.400000000000000133, 0.04999999999999999584, 1.175000000000000266 ) ) ;
#31 = LINE ( 'NONE', #6682, #92 ) ;
#32 = ORIENTED_EDGE ( 'NONE', *, *, #7440, .F. ) ;
#33 = DIRECTION ( 'NONE',  ( 0.000000000000000000, 1.000000000000000000, 0.000000000000000000 ) ) ;
#34 = CARTESIAN_POINT ( 'NONE',  ( 1.150000000000000355, 0.05000000000000000278, 1.125000000000000222 ) ) ;
#35 = CARTESIAN_POINT ( 'NONE',  ( 1.150000000000000355, 0.5905124837953331651, -1.375000000000000000 ) ) ;
#36 = EDGE_CURVE ( 'NONE', #1210, #7802, #3784, .T. ) ;
#37 = VERTEX_POINT ( 'NONE', #7397 ) ;
#38 = DIRECTION ( 'NONE',  ( 0.000000000000000000, 0.000000000000000000, -1.000000000000000000 ) ) ;
#39 = AXIS2_PLACEMENT_3D ( 'NONE', #5537, #6730, #6832 ) ;
#40 = DIRECTION ( 'NONE',  ( -0.000000000000000000, -1.000000000000000000, 0.000000000000000000 ) ) ;
#41 = FACE_OUTER_BOUND ( 'NONE', #3141, .T. ) ;
#42 = CARTESIAN_POINT ( 'NONE',  ( -1.200000000000000622, 0.4999999999999998890, -1.200000000000000400 ) ) ;
#43 = DIRECTION ( 'NONE',  ( 0.000000000000000000, 0.000000000000000000, -1.000000000000000000 ) ) ;
#44 = CIRCLE ( 'NONE', #4139, 0.04999999999999991257 ) ;
#45 = VERTEX_POINT ( 'NONE', #173 ) ;
#46 = CYLINDRICAL_SURFACE ( 'NONE', #871, 0.04999999999999991257 ) ;
#47 = DIRECTION ( 'NONE',  ( 0.7071067811865444641, 0.000000000000000000, 0.7071067811865506814 ) ) ;
#48 = DIRECTION ( 'NONE',  ( 0.000000000000000000, -1.000000000000000000, 0.000000000000000000 ) ) ;
#49 = VERTEX_POINT ( 'NONE', #3178 ) ;
#50 = FILL_AREA_STYLE_COLOUR ( '', #2280 ) ;
#51 = CYLINDRICAL_SURFACE ( 'NONE', #3746, 0.04999999999999991257 ) ;
#52 = EDGE_CURVE ( 'NONE', #70, #1294, #1249, .T. ) ;
#53 = DIRECTION ( 'NONE',  ( 0.000000000000000000, 0.000000000000000000, -1.000000000000000000 ) ) ;
#54 = CARTESIAN_POINT ( 'NONE',  ( 0.6999999999999996225, 0.2000000000000000944, 1.274999999999999689 ) ) ;
#55 = EDGE_CURVE ( 'NONE', #3685, #2870, #1303, .T. ) ;
#56 = LINE ( 'NONE', #2168, #7728 ) ;
#57 = VERTEX_POINT ( 'NONE', #1043 ) ;
#58 = FACE_OUTER_BOUND ( 'NONE', #6597, .T. ) ;
#59 = EDGE_CURVE ( 'NONE', #5091, #6232, #3799, .T. ) ;
#60 = APPLICATION_PROTOCOL_DEFINITION ( 'draft international standard', 'automotive_design', 1998, #2387 ) ;
#61 = ORIENTED_EDGE ( 'NONE', *, *, #5103, .T. ) ;
#62 = DIRECTION ( 'NONE',  ( -1.000000000000000000, -0.000000000000000000, -0.000000000000000000 ) ) ;
#63 = CARTESIAN_POINT ( 'NONE',  ( 1.349999999999999645, 0.04999999999999999584, -0.8749999999999998890 ) ) ;
#64 = VECTOR ( 'NONE', #1727, 1000.000000000000000 ) ;
#65 = PLANE ( 'NONE',  #3161 ) ;
#66 = SURFACE_STYLE_USAGE ( .BOTH. , #4292 ) ;
#67 = DIRECTION ( 'NONE',  ( 0.000000000000000000, 0.000000000000000000, -1.000000000000000000 ) ) ;
#68 = EDGE_CURVE ( 'NONE', #1402, #7745, #3896, .T. ) ;
#69 = LINE ( 'NONE', #3395, #5210 ) ;
#70 = VERTEX_POINT ( 'NONE', #4799 ) ;
#71 = ADVANCED_FACE ( 'NONE', ( #3920 ), #6066, .T. ) ;
#72 = FACE_BOUND ( 'NONE', #4807, .T. ) ;
#73 = EDGE_CURVE ( 'NONE', #3399, #3132, #6400, .T. ) ;
#74 = EDGE_LOOP ( 'NONE', ( #2123, #2785, #4676, #5998 ) ) ;
#75 = DIRECTION ( 'NONE',  ( 0.000000000000000000, 0.000000000000000000, 1.000000000000000000 ) ) ;
#76 = AXIS2_PLACEMENT_3D ( 'NONE', #3111, #3742, #2482 ) ;
#77 = FACE_OUTER_BOUND ( 'NONE', #1486, .T. ) ;
#78 = AXIS2_PLACEMENT_3D ( 'NONE', #6739, #3857, #3107 ) ;
#79 = DIRECTION ( 'NONE',  ( 1.445602896647346214E-15, 0.000000000000000000, -1.000000000000000000 ) ) ;
#80 = FACE_OUTER_BOUND ( 'NONE', #604, .T. ) ;
#81 = ORIENTED_EDGE ( 'NONE', *, *, #1241, .F. ) ;
#82 = CARTESIAN_POINT ( 'NONE',  ( -1.350000000000000311, 0.04999999999999999584, -0.6749999999999998224 ) ) ;
#83 = FACE_OUTER_BOUND ( 'NONE', #3493, .T. ) ;
#84 = CARTESIAN_POINT ( 'NONE',  ( -1.149999999999999911, 0.2000000000000000111, -0.8249999999999999556 ) ) ;
#85 = VERTEX_POINT ( 'NONE', #2260 ) ;
#86 = ADVANCED_FACE ( 'NONE', ( #6527 ), #7688, .F. ) ;
#87 = EDGE_CURVE ( 'NONE', #1805, #4300, #4014, .T. ) ;
#88 = PLANE ( 'NONE',  #534 ) ;
#89 = AXIS2_PLACEMENT_3D ( 'NONE', #1126, #7710, #1289 ) ;
#90 = DIRECTION ( 'NONE',  ( 1.000000000000000000, -0.000000000000000000, 0.000000000000000000 ) ) ;
#91 = CARTESIAN_POINT ( 'NONE',  ( -1.150000000000000355, 0.2000000000000000111, -0.8749999999999998890 ) ) ;
#92 = VECTOR ( 'NONE', #738, 1000.000000000000000 ) ;
#93 = VERTEX_POINT ( 'NONE', #7358 ) ;
#94 = FACE_BOUND ( 'NONE', #5106, .T. ) ;
#95 = DIRECTION ( 'NONE',  ( -1.000000000000000000, -0.000000000000000000, -0.000000000000000000 ) ) ;
#96 = DIRECTION ( 'NONE',  ( 0.000000000000000000, -1.000000000000000000, 0.000000000000000000 ) ) ;
#97 = ORIENTED_EDGE ( 'NONE', *, *, #6305, .T. ) ;
#98 =( NAMED_UNIT ( * ) SI_UNIT ( $, .STERADIAN. ) SOLID_ANGLE_UNIT ( ) );
#99 = EDGE_CURVE ( 'NONE', #7177, #3272, #6444, .T. ) ;
#100 = CARTESIAN_POINT ( 'NONE',  ( 1.500000000000000000, 5.442640687119285836, 1.500000000000000000 ) ) ;
#101 = VECTOR ( 'NONE', #2114, 1000.000000000000000 ) ;
#102 = PLANE ( 'NONE',  #3379 ) ;
#103 = AXIS2_PLACEMENT_3D ( 'NONE', #1687, #5782, #7683 ) ;
#104 = CARTESIAN_POINT ( 'NONE',  ( -1.399999999999999911, 0.1999999999999999833, -0.3249999999999995670 ) ) ;
#105 = LINE ( 'NONE', #5622, #2477 ) ;
#106 = VERTEX_POINT ( 'NONE', #5822 ) ;
#107 = CIRCLE ( 'NONE', #6237, 0.04999999999999991257 ) ;
#108 = CARTESIAN_POINT ( 'NONE',  ( -1.400000000000000133, 0.2000000000000000111, -1.175000000000000266 ) ) ;
#109 = EDGE_LOOP ( 'NONE', ( #3672, #4674, #4769, #1056, #7004, #4670, #1950, #7272 ) ) ;
#110 = DIRECTION ( 'NONE',  ( 0.000000000000000000, 1.000000000000000000, 0.000000000000000000 ) ) ;
#111 = ORIENTED_EDGE ( 'NONE', *, *, #5762, .F. ) ;
#112 = CARTESIAN_POINT ( 'NONE',  ( 1.400000000000000355, 0.1999999999999999833, -1.175000000000000266 ) ) ;
#113 = CARTESIAN_POINT ( 'NONE',  ( -1.100000000000000089, 0.2000000000000000111, -0.6750000000000002665 ) ) ;
#114 = LINE ( 'NONE', #1397, #2723 ) ;
#115 = DIRECTION ( 'NONE',  ( 1.301042606982604690E-14, 0.000000000000000000, 1.000000000000000000 ) ) ;
#116 = EDGE_CURVE ( 'NONE', #1970, #5528, #6456, .T. ) ;
#117 = DIRECTION ( 'NONE',  ( -1.445602896647343847E-15, 0.000000000000000000, -1.000000000000000000 ) ) ;
#118 = CYLINDRICAL_SURFACE ( 'NONE', #5700, 0.04999999999999991257 ) ;
#119 = AXIS2_PLACEMENT_3D ( 'NONE', #4025, #2124, #6393 ) ;
#120 = VERTEX_POINT ( 'NONE', #5254 ) ;
#121 = FACE_BOUND ( 'NONE', #1430, .T. ) ;
#122 = EDGE_LOOP ( 'NONE', ( #7231, #4743, #969, #3549 ) ) ;
#123 = DIRECTION ( 'NONE',  ( 0.000000000000000000, 0.000000000000000000, -1.000000000000000000 ) ) ;
#124 = ORIENTED_EDGE ( 'NONE', *, *, #6305, .F. ) ;
#125 = DIRECTION ( 'NONE',  ( 1.000000000000000000, -0.000000000000000000, -0.000000000000000000 ) ) ;
#126 = LINE ( 'NONE', #3651, #2844 ) ;
#127 = CARTESIAN_POINT ( 'NONE',  ( -1.149999999999999911, 0.000000000000000000, 0.6750000000000000444 ) ) ;
#128 = COLOUR_RGB ( '',0.7921568627450980005, 0.8196078431372548767, 0.9333333333333333481 ) ;
#129 = VERTEX_POINT ( 'NONE', #461 ) ;
#130 = CARTESIAN_POINT ( 'NONE',  ( 1.400000000000002132, 0.05000000000000000278, 2.499999999999997780 ) ) ;
#131 = ADVANCED_FACE ( 'NONE', ( #6471 ), #3932, .T. ) ;
#132 = AXIS2_PLACEMENT_3D ( 'NONE', #1077, #4289, #655 ) ;
#133 = FACE_BOUND ( 'NONE', #2292, .T. ) ;
#134 = DIRECTION ( 'NONE',  ( 0.000000000000000000, 0.000000000000000000, 1.000000000000000000 ) ) ;
#135 = ORIENTED_EDGE ( 'NONE', *, *, #5994, .F. ) ;
#136 = EDGE_LOOP ( 'NONE', ( #5783, #1522, #5900, #3972 ) ) ;
#137 = DIRECTION ( 'NONE',  ( -1.000000000000000000, 0.000000000000000000, 1.445602896647339163E-16 ) ) ;
#138 = CARTESIAN_POINT ( 'NONE',  ( -1.100000000000000089, 0.000000000000000000, -0.1750000000000002387 ) ) ;
#139 = LINE ( 'NONE', #7235, #5278 ) ;
#140 = EDGE_LOOP ( 'NONE', ( #4781, #1304, #7522, #4694 ) ) ;
#141 = DIRECTION ( 'NONE',  ( 0.000000000000000000, 0.000000000000000000, 1.000000000000000000 ) ) ;
#142 = CARTESIAN_POINT ( 'NONE',  ( -1.349999999999999645, 0.5905124837953331651, 0.6250000000000001110 ) ) ;
#143 = VECTOR ( 'NONE', #4126, 1000.000000000000000 ) ;
#144 = ORIENTED_EDGE ( 'NONE', *, *, #7722, .F. ) ;
#145 = FACE_OUTER_BOUND ( 'NONE', #2517, .T. ) ;
#146 = CARTESIAN_POINT ( 'NONE',  ( -1.200000000000000622, 0.4999999999999998890, -1.325000000000000622 ) ) ;
#147 = VERTEX_POINT ( 'NONE', #6483 ) ;
#148 = EDGE_CURVE ( 'NONE', #824, #2097, #6539, .T. ) ;
#149 = CARTESIAN_POINT ( 'NONE',  ( -1.349999999999999645, 0.04999999999999999584, -1.375000000000000000 ) ) ;
#150 = ORIENTED_EDGE ( 'NONE', *, *, #4023, .T. ) ;
#151 = ADVANCED_FACE ( 'NONE', ( #1233 ), #1619, .F. ) ;
#152 = PLANE ( 'NONE',  #5342 ) ;
#153 = EDGE_CURVE ( 'NONE', #485, #6552, #1342, .T. ) ;
#154 = DIRECTION ( 'NONE',  ( 0.000000000000000000, -1.000000000000000000, 0.000000000000000000 ) ) ;
#155 = FACE_OUTER_BOUND ( 'NONE', #3842, .T. ) ;
#156 = VERTEX_POINT ( 'NONE', #4731 ) ;
#157 = EDGE_CURVE ( 'NONE', #5528, #7714, #1401, .T. ) ;
#158 = AXIS2_PLACEMENT_3D ( 'NONE', #1140, #1841, #1079 ) ;
#159 = ORIENTED_EDGE ( 'NONE', *, *, #5609, .F. ) ;
#160 = LINE ( 'NONE', #888, #2770 ) ;
#161 =( GEOMETRIC_REPRESENTATION_CONTEXT ( 3 ) GLOBAL_UNCERTAINTY_ASSIGNED_CONTEXT ( ( #7414 ) ) GLOBAL_UNIT_ASSIGNED_CONTEXT ( ( #4922, #714, #3759 ) ) REPRESENTATION_CONTEXT ( 'NONE', 'WORKASPACE' ) );
#162 = DIRECTION ( 'NONE',  ( -1.000000000000000000, 0.000000000000000000, 0.000000000000000000 ) ) ;
#163 = ORIENTED_EDGE ( 'NONE', *, *, #1065, .F. ) ;
#164 = DIRECTION ( 'NONE',  ( 0.000000000000000000, 0.000000000000000000, 1.000000000000000000 ) ) ;
#165 = ORIENTED_EDGE ( 'NONE', *, *, #6507, .F. ) ;
#166 = UNCERTAINTY_MEASURE_WITH_UNIT (LENGTH_MEASURE( 1.000000000000000082E-05 ), #2526, 'distance_accuracy_value', 'NONE');
#167 = DIRECTION ( 'NONE',  ( -1.000000000000000000, 0.000000000000000000, -0.000000000000000000 ) ) ;
#168 = VECTOR ( 'NONE', #4876, 1000.000000000000000 ) ;
#169 = CARTESIAN_POINT ( 'NONE',  ( -1.149999999999999911, 0.2000000000000000111, -0.6749999999999998224 ) ) ;
#170 = ORIENTED_EDGE ( 'NONE', *, *, #4405, .T. ) ;
#171 = DIRECTION ( 'NONE',  ( -0.000000000000000000, -1.000000000000000000, -0.000000000000000000 ) ) ;
#172 = DIRECTION ( 'NONE',  ( 0.000000000000000000, -1.000000000000000000, 0.000000000000000000 ) ) ;
#173 = CARTESIAN_POINT ( 'NONE',  ( -0.7000000000000001776, 0.2000000000000000944, 1.274999999999999689 ) ) ;
#174 = EDGE_CURVE ( 'NONE', #299, #2983, #6575, .T. ) ;
#175 = FACE_OUTER_BOUND ( 'NONE', #429, .T. ) ;
#176 = ORIENTED_EDGE ( 'NONE', *, *, #1222, .F. ) ;
#177 = AXIS2_PLACEMENT_3D ( 'NONE', #6391, #6967, #7638 ) ;
#178 = VECTOR ( 'NONE', #1313, 1000.000000000000000 ) ;
#179 = ORIENTED_EDGE ( 'NONE', *, *, #1726, .F. ) ;
#180 = DIRECTION ( 'NONE',  ( -0.000000000000000000, -1.000000000000000000, -0.000000000000000000 ) ) ;
#181 = ORIENTED_EDGE ( 'NONE', *, *, #1124, .F. ) ;
#182 = LINE ( 'NONE', #3328, #2832 ) ;
#183 = EDGE_LOOP ( 'NONE', ( #6515, #3513, #5378, #5413 ) ) ;
#184 = DIRECTION ( 'NONE',  ( -1.000000000000000000, 0.000000000000000000, 0.000000000000000000 ) ) ;
#185 = EDGE_CURVE ( 'NONE', #298, #3023, #1378, .T. ) ;
#186 = VERTEX_POINT ( 'NONE', #2370 ) ;
#187 = DIRECTION ( 'NONE',  ( 0.000000000000000000, 0.000000000000000000, 1.000000000000000000 ) ) ;
#188 = CARTESIAN_POINT ( 'NONE',  ( -1.350000000000000311, 0.000000000000000000, -0.1749999999999998224 ) ) ;
#189 = VECTOR ( 'NONE', #997, 1000.000000000000000 ) ;
#190 = CARTESIAN_POINT ( 'NONE',  ( 1.400000000000000355, 0.5905124837953331651, -1.175000000000000266 ) ) ;
#191 = DIRECTION ( 'NONE',  ( 0.000000000000000000, 1.000000000000000000, 0.000000000000000000 ) ) ;
#192 = ORIENTED_EDGE ( 'NONE', *, *, #5671, .F. ) ;
#193 = AXIS2_PLACEMENT_3D ( 'NONE', #5096, #3992, #4079 ) ;
#194 = ORIENTED_EDGE ( 'NONE', *, *, #6466, .T. ) ;
#195 = DIRECTION ( 'NONE',  ( 0.000000000000000000, 0.000000000000000000, -1.000000000000000000 ) ) ;
#196 = CARTESIAN_POINT ( 'NONE',  ( -1.349999999999999645, 0.2000000000000000111, 0.6250000000000001110 ) ) ;
#197 = CARTESIAN_POINT ( 'NONE',  ( 1.100000000000000089, 0.2000000000000000111, 0.8249999999999997335 ) ) ;
#198 = LINE ( 'NONE', #7653, #2837 ) ;
#199 = EDGE_LOOP ( 'NONE', ( #7323, #3683, #4574, #4477 ) ) ;
#200 = ADVANCED_FACE ( 'NONE', ( #4003 ), #3058, .T. ) ;
#201 = FACE_BOUND ( 'NONE', #795, .T. ) ;
#202 = EDGE_CURVE ( 'NONE', #1607, #4702, #3751, .T. ) ;
#203 = PLANE ( 'NONE',  #4867 ) ;
#204 = VERTEX_POINT ( 'NONE', #1465 ) ;
#205 = FILL_AREA_STYLE_COLOUR ( '', #6394 ) ;
#206 = EDGE_LOOP ( 'NONE', ( #2448, #3338, #6158, #970, #6387, #286, #2873, #3536 ) ) ;
#207 = AXIS2_PLACEMENT_3D ( 'NONE', #1393, #110, #164 ) ;
#208 = DIRECTION ( 'NONE',  ( 0.000000000000000000, 0.000000000000000000, -1.000000000000000000 ) ) ;
#209 = VERTEX_POINT ( 'NONE', #3251 ) ;
#210 = CARTESIAN_POINT ( 'NONE',  ( -1.100000000000000089, 0.04999999999999999584, 0.8249999999999997335 ) ) ;
#211 = LINE ( 'NONE', #4911, #5434 ) ;
#212 = ORIENTED_EDGE ( 'NONE', *, *, #5808, .T. ) ;
#213 = FACE_OUTER_BOUND ( 'NONE', #2952, .T. ) ;
#214 = DIRECTION ( 'NONE',  ( 0.000000000000000000, 1.000000000000000000, 0.000000000000000000 ) ) ;
#215 = ORIENTED_EDGE ( 'NONE', *, *, #5994, .T. ) ;
#216 = CARTESIAN_POINT ( 'NONE',  ( -1.149999999999999911, 0.1999999999999999833, -0.3250000000000000111 ) ) ;
#217 = EDGE_CURVE ( 'NONE', #5984, #269, #6608, .T. ) ;
#218 = ORIENTED_EDGE ( 'NONE', *, *, #6701, .F. ) ;
#219 = ADVANCED_FACE ( 'NONE', ( #1412 ), #7321, .F. ) ;
#221 = DIRECTION ( 'NONE',  ( -1.000000000000000000, 0.000000000000000000, 0.000000000000000000 ) ) ;
#220 = AXIS2_PLACEMENT_3D ( 'NONE', #3709, #5572, #6671 ) ;
#222 = CIRCLE ( 'NONE', #1669, 0.04999999999999991257 ) ;
#223 = CARTESIAN_POINT ( 'NONE',  ( 1.150000000000000355, 0.000000000000000000, -0.6249999999999998890 ) ) ;
#224 = EDGE_LOOP ( 'NONE', ( #2582, #3041, #4605, #4446 ) ) ;
#225 = DIRECTION ( 'NONE',  ( 1.000000000000000000, 0.000000000000000000, 0.000000000000000000 ) ) ;
#226 = CARTESIAN_POINT ( 'NONE',  ( -1.200000000000000622, 0.4999999999999998890, -1.325000000000000622 ) ) ;
#227 = LINE ( 'NONE', #1602, #494 ) ;
#228 = ORIENTED_EDGE ( 'NONE', *, *, #7736, .F. ) ;
#229 = VECTOR ( 'NONE', #1114, 1000.000000000000000 ) ;
#230 = EDGE_LOOP ( 'NONE', ( #1762, #6074, #4586, #1792 ) ) ;
#231 = CARTESIAN_POINT ( 'NONE',  ( 1.100000000000000089, 0.2000000000000000111, -1.324999999999999512 ) ) ;
#232 = VERTEX_POINT ( 'NONE', #6138 ) ;
#233 = DIRECTION ( 'NONE',  ( 0.000000000000000000, -0.000000000000000000, 1.000000000000000000 ) ) ;
#234 = VECTOR ( 'NONE', #4191, 1000.000000000000000 ) ;
#235 = ORIENTED_EDGE ( 'NONE', *, *, #4529, .F. ) ;
#236 = AXIS2_PLACEMENT_3D ( 'NONE', #1424, #5626, #6238 ) ;
#237 = DIRECTION ( 'NONE',  ( 0.000000000000000000, 0.000000000000000000, -1.000000000000000000 ) ) ;
#238 = CARTESIAN_POINT ( 'NONE',  ( -1.149999999999999911, 0.1999999999999999833, 0.3250000000000001776 ) ) ;
#239 = EDGE_CURVE ( 'NONE', #5104, #657, #3733, .T. ) ;
#240 = LINE ( 'NONE', #6988, #5446 ) ;
#241 = EDGE_LOOP ( 'NONE', ( #6075, #4252, #4975, #1957 ) ) ;
#242 = CARTESIAN_POINT ( 'NONE',  ( -1.350000000000000311, 0.04999999999999999584, 1.325000000000000178 ) ) ;
#243 = LINE ( 'NONE', #6633, #2743 ) ;
#244 = DIRECTION ( 'NONE',  ( 1.000000000000000000, 0.000000000000000000, -0.000000000000000000 ) ) ;
#245 = VERTEX_POINT ( 'NONE', #3488 ) ;
#246 = ORIENTED_EDGE ( 'NONE', *, *, #4049, .T. ) ;
#247 = DIRECTION ( 'NONE',  ( 0.000000000000000000, 0.000000000000000000, 1.000000000000000000 ) ) ;
#248 = CARTESIAN_POINT ( 'NONE',  ( -1.150000000000000355, 0.1999999999999999833, -0.6249999999999998890 ) ) ;
#249 = FACE_OUTER_BOUND ( 'NONE', #439, .T. ) ;
#250 = VERTEX_POINT ( 'NONE', #4094 ) ;
#251 = DIRECTION ( 'NONE',  ( -1.000000000000000000, 0.000000000000000000, -0.000000000000000000 ) ) ;
#252 = EDGE_CURVE ( 'NONE', #2768, #2774, #6828, .T. ) ;
#253 = CARTESIAN_POINT ( 'NONE',  ( -1.400000000000000133, 0.2000000000000000111, -0.6750000000000002665 ) ) ;
#254 = LINE ( 'NONE', #6461, #2811 ) ;
#255 = ORIENTED_EDGE ( 'NONE', *, *, #5595, .F. ) ;
#256 = VECTOR ( 'NONE', #386, 1000.000000000000000 ) ;
#257 = DIRECTION ( 'NONE',  ( 0.000000000000000000, 1.000000000000000000, 0.000000000000000000 ) ) ;
#258 = ORIENTED_EDGE ( 'NONE', *, *, #1106, .F. ) ;
#259 = EDGE_CURVE ( 'NONE', #2910, #874, #6726, .T. ) ;
#260 = DIRECTION ( 'NONE',  ( 0.000000000000000000, 1.000000000000000000, 0.000000000000000000 ) ) ;
#261 = ORIENTED_EDGE ( 'NONE', *, *, #3460, .F. ) ;
#262 = CARTESIAN_POINT ( 'NONE',  ( 1.350000000000000089, 0.1999999999999999833, -1.124999999999999778 ) ) ;
#263 = AXIS2_PLACEMENT_3D ( 'NONE', #767, #5175, #4021 ) ;
#264 = FACE_OUTER_BOUND ( 'NONE', #1281, .T. ) ;
#265 = VERTEX_POINT ( 'NONE', #6486 ) ;
#266 = AXIS2_PLACEMENT_3D ( 'NONE', #7726, #7579, #5647 ) ;
#267 = PLANE ( 'NONE',  #1502 ) ;
#268 = UNCERTAINTY_MEASURE_WITH_UNIT (LENGTH_MEASURE( 1.000000000000000082E-05 ), #7526, 'distance_accuracy_value', 'NONE');
#269 = VERTEX_POINT ( 'NONE', #6413 ) ;
#270 = ADVANCED_FACE ( 'NONE', ( #4248 ), #2771, .F. ) ;
#271 = CIRCLE ( 'NONE', #1625, 0.04999999999999991257 ) ;
#272 = CARTESIAN_POINT ( 'NONE',  ( 1.149999999999999911, 0.2000000000000000111, -0.8249999999999999556 ) ) ;
#273 = VERTEX_POINT ( 'NONE', #4242 ) ;
#274 = VERTEX_POINT ( 'NONE', #5452 ) ;
#275 = EDGE_CURVE ( 'NONE', #7002, #1008, #1427, .T. ) ;
#276 = CARTESIAN_POINT ( 'NONE',  ( -1.150000000000000355, 0.000000000000000000, -0.3749999999999998890 ) ) ;
#277 = CIRCLE ( 'NONE', #7793, 0.04999999999999991257 ) ;
#278 = ORIENTED_EDGE ( 'NONE', *, *, #2102, .T. ) ;
#279 = AXIS2_PLACEMENT_3D ( 'NONE', #5624, #4485, #3305 ) ;
#280 = DIRECTION ( 'NONE',  ( 0.000000000000000000, 0.000000000000000000, 1.000000000000000000 ) ) ;
#281 = DIRECTION ( 'NONE',  ( 1.000000000000000000, -0.000000000000000000, 1.445602896647346016E-15 ) ) ;
#282 = SURFACE_STYLE_FILL_AREA ( #7507 ) ;
#283 = ORIENTED_EDGE ( 'NONE', *, *, #4249, .T. ) ;
#284 = CIRCLE ( 'NONE', #4077, 0.04999999999999991257 ) ;
#285 = ORIENTED_EDGE ( 'NONE', *, *, #6233, .F. ) ;
#286 = ORIENTED_EDGE ( 'NONE', *, *, #73, .F. ) ;
#287 = ADVANCED_FACE ( 'NONE', ( #1626 ), #6842, .T. ) ;
#288 = CARTESIAN_POINT ( 'NONE',  ( 0.000000000000000000, 0.05000000000000000278, -0.6249999999999998890 ) ) ;
#289 = EDGE_CURVE ( 'NONE', #2983, #2207, #6878, .T. ) ;
#290 = LINE ( 'NONE', #1483, #101 ) ;
#291 = ORIENTED_EDGE ( 'NONE', *, *, #4203, .F. ) ;
#292 = AXIS2_PLACEMENT_3D ( 'NONE', #7438, #1350, #5553 ) ;
#293 = DIRECTION ( 'NONE',  ( 1.000000000000000000, 0.000000000000000000, -0.000000000000000000 ) ) ;
#294 = ORIENTED_EDGE ( 'NONE', *, *, #808, .F. ) ;
#295 = PLANE ( 'NONE',  #2623 ) ;
#296 = CYLINDRICAL_SURFACE ( 'NONE', #2132, 0.05000000000000012768 ) ;
#297 = CARTESIAN_POINT ( 'NONE',  ( -1.350000000000000089, 0.5905124837953331651, 1.175000000000000044 ) ) ;
#298 = VERTEX_POINT ( 'NONE', #6756 ) ;
#299 = VERTEX_POINT ( 'NONE', #5601 ) ;
#300 =( NAMED_UNIT ( * ) SI_UNIT ( $, .STERADIAN. ) SOLID_ANGLE_UNIT ( ) );
#301 =( NAMED_UNIT ( * ) PLANE_ANGLE_UNIT ( ) SI_UNIT ( $, .RADIAN. ) );
#302 = ORIENTED_EDGE ( 'NONE', *, *, #827, .F. ) ;
#303 = EDGE_CURVE ( 'NONE', #1585, #6447, #6619, .T. ) ;
#304 = DIRECTION ( 'NONE',  ( 1.445602896647346016E-15, 0.000000000000000000, -1.000000000000000000 ) ) ;
#305 = DIRECTION ( 'NONE',  ( 0.000000000000000000, 0.000000000000000000, -1.000000000000000000 ) ) ;
#306 = VECTOR ( 'NONE', #2226, 1000.000000000000000 ) ;
#307 = AXIS2_PLACEMENT_3D ( 'NONE', #5226, #4265, #2977 ) ;
#308 = ORIENTED_EDGE ( 'NONE', *, *, #6857, .F. ) ;
#309 = VECTOR ( 'NONE', #6960, 1000.000000000000000 ) ;
#310 = ORIENTED_EDGE ( 'NONE', *, *, #5152, .F. ) ;
#311 = CARTESIAN_POINT ( 'NONE',  ( 1.100000000000000089, 0.04999999999999999584, 0.6750000000000004885 ) ) ;
#312 = VERTEX_POINT ( 'NONE', #276 ) ;
#313 = DIRECTION ( 'NONE',  ( 0.000000000000000000, 0.000000000000000000, -1.000000000000000000 ) ) ;
#314 = FACE_OUTER_BOUND ( 'NONE', #6847, .T. ) ;
#315 = VERTEX_POINT ( 'NONE', #2161 ) ;
#316 = DIRECTION ( 'NONE',  ( -0.000000000000000000, -1.000000000000000000, -0.000000000000000000 ) ) ;
#317 = EDGE_CURVE ( 'NONE', #1359, #2134, #1751, .T. ) ;
#318 = FACE_OUTER_BOUND ( 'NONE', #3290, .T. ) ;
#319 = ORIENTED_EDGE ( 'NONE', *, *, #4249, .F. ) ;
#320 = AXIS2_PLACEMENT_3D ( 'NONE', #529, #1756, #4756 ) ;
#321 = VECTOR ( 'NONE', #5046, 1000.000000000000000 ) ;
#322 = CARTESIAN_POINT ( 'NONE',  ( 0.6999999999999996225, 0.2000000000000000944, 1.274999999999999689 ) ) ;
#323 = ORIENTED_EDGE ( 'NONE', *, *, #4097, .F. ) ;
#324 = EDGE_LOOP ( 'NONE', ( #5333, #1975, #5734, #5985 ) ) ;
#325 = DIRECTION ( 'NONE',  ( 0.000000000000000000, 1.000000000000000000, 0.000000000000000000 ) ) ;
#326 = CARTESIAN_POINT ( 'NONE',  ( 1.100000000000000089, 0.2000000000000000111, -0.1750000000000002387 ) ) ;
#327 = CYLINDRICAL_SURFACE ( 'NONE', #1490, 0.04999999999999991257 ) ;
#328 = ORIENTED_EDGE ( 'NONE', *, *, #2067, .F. ) ;
#329 = DIRECTION ( 'NONE',  ( 0.000000000000000000, -1.000000000000000000, 0.000000000000000000 ) ) ;
#330 = EDGE_CURVE ( 'NONE', #3272, #7001, #6865, .T. ) ;
#331 = ADVANCED_FACE ( 'NONE', ( #1536 ), #6795, .F. ) ;
#332 = CYLINDRICAL_SURFACE ( 'NONE', #5299, 0.1250000000000003331 ) ;
#333 = ORIENTED_EDGE ( 'NONE', *, *, #4864, .F. ) ;
#334 = PLANE ( 'NONE',  #367 ) ;
#335 = AXIS2_PLACEMENT_3D ( 'NONE', #4399, #2638, #167 ) ;
#336 = DIRECTION ( 'NONE',  ( 0.000000000000000000, 1.000000000000000000, -0.000000000000000000 ) ) ;
#337 = VERTEX_POINT ( 'NONE', #840 ) ;
#338 = CARTESIAN_POINT ( 'NONE',  ( -1.400000000000000133, 0.1999999999999999833, -0.6750000000000002665 ) ) ;
#339 = EDGE_CURVE ( 'NONE', #2706, #4884, #4131, .T. ) ;
#340 = ADVANCED_FACE ( 'NONE', ( #1693 ), #1495, .T. ) ;
#341 = ORIENTED_EDGE ( 'NONE', *, *, #4097, .T. ) ;
#342 = DIRECTION ( 'NONE',  ( 0.000000000000000000, -1.000000000000000000, 0.000000000000000000 ) ) ;
#343 = LINE ( 'NONE', #699, #143 ) ;
#344 = DIRECTION ( 'NONE',  ( -0.000000000000000000, -1.000000000000000000, -0.000000000000000000 ) ) ;
#345 = CARTESIAN_POINT ( 'NONE',  ( 1.100000000000000089, 0.1999999999999999833, 1.175000000000000488 ) ) ;
#346 = VERTEX_POINT ( 'NONE', #2815 ) ;
#347 = EDGE_LOOP ( 'NONE', ( #2757, #5585, #1683, #352 ) ) ;
#348 = ADVANCED_FACE ( 'NONE', ( #4119 ), #5032, .T. ) ;
#349 = EDGE_CURVE ( 'NONE', #6330, #3265, #6769, .T. ) ;
#350 = CARTESIAN_POINT ( 'NONE',  ( 1.149999999999999911, 0.04999999999999999584, 0.8250000000000001776 ) ) ;
#351 = DIRECTION ( 'NONE',  ( -0.000000000000000000, -1.000000000000000000, 0.000000000000000000 ) ) ;
#352 = ORIENTED_EDGE ( 'NONE', *, *, #1371, .F. ) ;
#353 = CARTESIAN_POINT ( 'NONE',  ( 1.100000000000000089, 0.2000000000000000111, -0.6750000000000002665 ) ) ;
#354 = EDGE_CURVE ( 'NONE', #554, #6315, #4146, .T. ) ;
#355 = AXIS2_PLACEMENT_3D ( 'NONE', #5248, #2239, #7289 ) ;
#356 = VERTEX_POINT ( 'NONE', #5657 ) ;
#357 = AXIS2_PLACEMENT_3D ( 'NONE', #7763, #2374, #3579 ) ;
#358 = DIRECTION ( 'NONE',  ( 0.000000000000000000, 0.000000000000000000, -1.000000000000000000 ) ) ;
#359 = ORIENTED_EDGE ( 'NONE', *, *, #5365, .F. ) ;
#360 = CARTESIAN_POINT ( 'NONE',  ( 1.150000000000000355, 0.1999999999999999833, -1.125000000000000000 ) ) ;
#361 = LINE ( 'NONE', #731, #3085 ) ;
#362 = EDGE_LOOP ( 'NONE', ( #2741, #7790, #283, #2823 ) ) ;
#363 = DIRECTION ( 'NONE',  ( 1.000000000000000000, 0.000000000000000000, -0.000000000000000000 ) ) ;
#364 = EDGE_CURVE ( 'NONE', #57, #7658, #1764, .T. ) ;
#365 = PRESENTATION_STYLE_ASSIGNMENT (( #5415 ) ) ;
#366 = VERTEX_POINT ( 'NONE', #7040 ) ;
#367 = AXIS2_PLACEMENT_3D ( 'NONE', #5841, #2308, #5902 ) ;
#368 = ORIENTED_EDGE ( 'NONE', *, *, #10, .F. ) ;
#369 = DIRECTION ( 'NONE',  ( 0.000000000000000000, -1.000000000000000000, 0.000000000000000000 ) ) ;
#370 = CARTESIAN_POINT ( 'NONE',  ( -1.350000000000000089, 0.000000000000000000, 0.6750000000000000444 ) ) ;
#371 = VECTOR ( 'NONE', #3048, 1000.000000000000000 ) ;
#372 = ORIENTED_EDGE ( 'NONE', *, *, #827, .T. ) ;
#373 = DIRECTION ( 'NONE',  ( -0.000000000000000000, -0.000000000000000000, 1.000000000000000000 ) ) ;
#374 = DIRECTION ( 'NONE',  ( 1.445602896647346214E-15, 0.000000000000000000, -1.000000000000000000 ) ) ;
#375 = CARTESIAN_POINT ( 'NONE',  ( 1.149999999999999911, 0.1999999999999999833, -0.8249999999999999556 ) ) ;
#376 = FACE_OUTER_BOUND ( 'NONE', #385, .T. ) ;
#377 = EDGE_CURVE ( 'NONE', #4234, #1878, #6917, .T. ) ;
#378 = ORIENTED_EDGE ( 'NONE', *, *, #4164, .F. ) ;
#379 = PLANE ( 'NONE',  #4917 ) ;
#380 = CARTESIAN_POINT ( 'NONE',  ( -1.149999999999999911, 0.1999999999999999833, -0.1749999999999998224 ) ) ;
#381 = ORIENTED_EDGE ( 'NONE', *, *, #4813, .F. ) ;
#382 = AXIS2_PLACEMENT_3D ( 'NONE', #6046, #6709, #4193 ) ;
#383 = DIRECTION ( 'NONE',  ( 0.000000000000000000, 0.000000000000000000, 1.000000000000000000 ) ) ;
#384 = FACE_OUTER_BOUND ( 'NONE', #3522, .T. ) ;
#385 = EDGE_LOOP ( 'NONE', ( #6120, #2478, #1622, #1818 ) ) ;
#386 = DIRECTION ( 'NONE',  ( -1.445602896647343847E-15, 0.000000000000000000, -1.000000000000000000 ) ) ;
#387 = CARTESIAN_POINT ( 'NONE',  ( 1.349999999999999645, 0.5905124837953331651, 0.1250000000000001110 ) ) ;
#388 = ADVANCED_FACE ( 'NONE', ( #6852 ), #4536, .T. ) ;
#389 = LINE ( 'NONE', #3101, #321 ) ;
#390 = DIRECTION ( 'NONE',  ( 0.000000000000000000, 1.000000000000000000, 0.000000000000000000 ) ) ;
#391 = ORIENTED_EDGE ( 'NONE', *, *, #1726, .T. ) ;
#392 = EDGE_CURVE ( 'NONE', #4535, #630, #1547, .T. ) ;
#393 = EDGE_LOOP ( 'NONE', ( #1072, #4117, #1253, #406 ) ) ;
#394 = DIRECTION ( 'NONE',  ( 0.000000000000000000, -1.000000000000000000, 0.000000000000000000 ) ) ;
#395 =( GEOMETRIC_REPRESENTATION_CONTEXT ( 3 ) GLOBAL_UNCERTAINTY_ASSIGNED_CONTEXT ( ( #4413 ) ) GLOBAL_UNIT_ASSIGNED_CONTEXT ( ( #7718, #2190, #2332 ) ) REPRESENTATION_CONTEXT ( 'NONE', 'WORKASPACE' ) );
#396 = ADVANCED_FACE ( 'NONE', ( #4299 ), #1668, .F. ) ;
#397 = CARTESIAN_POINT ( 'NONE',  ( -1.350000000000000311, 0.04999999999999999584, -1.174999999999999822 ) ) ;
#398 = LINE ( 'NONE', #1579, #2985 ) ;
#399 = EDGE_LOOP ( 'NONE', ( #7445, #2249, #6690, #4114 ) ) ;
#400 = CARTESIAN_POINT ( 'NONE',  ( -1.350000000000000311, 0.1999999999999999833, 1.325000000000000178 ) ) ;
#401 = CARTESIAN_POINT ( 'NONE',  ( -1.200000000000000622, 0.1464466094067254365, -1.074999999999999956 ) ) ;
#402 = CARTESIAN_POINT ( 'NONE',  ( -1.100000000000000089, 0.000000000000000000, 0.3249999999999997891 ) ) ;
#403 = COLOUR_RGB ( '',0.7921568627450980005, 0.8196078431372548767, 0.9333333333333333481 ) ;
#404 = EDGE_LOOP ( 'NONE', ( #7558, #7466, #3787, #6502 ) ) ;
#405 = CARTESIAN_POINT ( 'NONE',  ( 1.100000000000000089, 0.2000000000000000111, 1.324999999999999734 ) ) ;
#406 = ORIENTED_EDGE ( 'NONE', *, *, #818, .T. ) ;
#407 = DIRECTION ( 'NONE',  ( 0.000000000000000000, -1.000000000000000000, 0.000000000000000000 ) ) ;
#408 = ADVANCED_FACE ( 'NONE', ( #1587 ), #6890, .T. ) ;
#409 = EDGE_CURVE ( 'NONE', #4820, #3357, #6755, .T. ) ;
#410 = CARTESIAN_POINT ( 'NONE',  ( -1.150000000000000355, 0.2000000000000000111, 0.1250000000000001110 ) ) ;
#411 = ORIENTED_EDGE ( 'NONE', *, *, #7023, .T. ) ;
#412 = AXIS2_PLACEMENT_3D ( 'NONE', #1331, #4493, #6786 ) ;
#413 = DIRECTION ( 'NONE',  ( 0.000000000000000000, 0.000000000000000000, 1.000000000000000000 ) ) ;
#414 = CARTESIAN_POINT ( 'NONE',  ( 1.150000000000000355, 0.000000000000000000, 1.125000000000000222 ) ) ;
#415 = CYLINDRICAL_SURFACE ( 'NONE', #4458, 0.04999999999999991257 ) ;
#416 = DIRECTION ( 'NONE',  ( 0.000000000000000000, 0.000000000000000000, 1.000000000000000000 ) ) ;
#417 = ORIENTED_EDGE ( 'NONE', *, *, #6184, .T. ) ;
#418 = ORIENTED_EDGE ( 'NONE', *, *, #3552, .T. ) ;
#419 = DIRECTION ( 'NONE',  ( 0.000000000000000000, 0.000000000000000000, 1.000000000000000000 ) ) ;
#420 = VECTOR ( 'NONE', #2643, 1000.000000000000000 ) ;
#421 = CARTESIAN_POINT ( 'NONE',  ( -1.349999999999999645, 0.1999999999999999833, -1.375000000000000000 ) ) ;
#422 = EDGE_CURVE ( 'NONE', #6432, #7188, #4197, .T. ) ;
#423 = DIRECTION ( 'NONE',  ( 0.000000000000000000, 0.000000000000000000, -1.000000000000000000 ) ) ;
#424 = EDGE_CURVE ( 'NONE', #5561, #6312, #1682, .T. ) ;
#425 = ORIENTED_EDGE ( 'NONE', *, *, #2236, .F. ) ;
#426 = DIRECTION ( 'NONE',  ( -0.000000000000000000, 0.000000000000000000, 1.000000000000000000 ) ) ;
#427 = EDGE_CURVE ( 'NONE', #7714, #4196, #6807, .T. ) ;
#428 = CARTESIAN_POINT ( 'NONE',  ( -1.150000000000000355, 0.2000000000000000111, -1.375000000000000000 ) ) ;
#429 = EDGE_LOOP ( 'NONE', ( #2025, #378, #7390, #3632, #27, #3468, #2803, #6218 ) ) ;
#430 = CARTESIAN_POINT ( 'NONE',  ( 1.350000000000000089, 0.2000000000000000111, -0.8249999999999999556 ) ) ;
#431 = FACE_OUTER_BOUND ( 'NONE', #6008, .T. ) ;
#432 = DIRECTION ( 'NONE',  ( 0.000000000000000000, -0.000000000000000000, 1.000000000000000000 ) ) ;
#433 = DIRECTION ( 'NONE',  ( -0.000000000000000000, 0.000000000000000000, -1.000000000000000000 ) ) ;
#434 = EDGE_CURVE ( 'NONE', #5763, #1962, #4340, .T. ) ;
#435 = DIRECTION ( 'NONE',  ( 1.445602896647344044E-15, 0.000000000000000000, 1.000000000000000000 ) ) ;
#436 = VECTOR ( 'NONE', #1419, 1000.000000000000000 ) ;
#437 = DIRECTION ( 'NONE',  ( 0.000000000000000000, -1.000000000000000000, 0.000000000000000000 ) ) ;
#438 = ORIENTED_EDGE ( 'NONE', *, *, #3914, .T. ) ;
#439 = EDGE_LOOP ( 'NONE', ( #3398, #590, #291, #2814 ) ) ;
#440 = EDGE_CURVE ( 'NONE', #5191, #1864, #1708, .T. ) ;
#441 = CARTESIAN_POINT ( 'NONE',  ( -1.200000000000000622, 0.5999999999999999778, -1.325000000000000622 ) ) ;
#442 = CARTESIAN_POINT ( 'NONE',  ( 1.350000000000000089, 0.1999999999999999833, -0.3250000000000000111 ) ) ;
#443 = AXIS2_PLACEMENT_3D ( 'NONE', #5904, #7256, #4689 ) ;
#444 = PLANE ( 'NONE',  #3393 ) ;
#445 = CARTESIAN_POINT ( 'NONE',  ( -1.349999999999999645, 0.2000000000000000111, -0.3749999999999998890 ) ) ;
#446 = CARTESIAN_POINT ( 'NONE',  ( 1.150000000000000355, 0.05000000000000000278, 0.1250000000000001110 ) ) ;
#447 = DIRECTION ( 'NONE',  ( 0.000000000000000000, 0.000000000000000000, -1.000000000000000000 ) ) ;
#448 = UNCERTAINTY_MEASURE_WITH_UNIT (LENGTH_MEASURE( 1.000000000000000082E-05 ), #5894, 'distance_accuracy_value', 'NONE');
#449 = ADVANCED_FACE ( 'NONE', ( #6931 ), #4235, .F. ) ;
#450 = FACE_OUTER_BOUND ( 'NONE', #3181, .T. ) ;
#451 = DIRECTION ( 'NONE',  ( 0.000000000000000000, -0.000000000000000000, 1.000000000000000000 ) ) ;
#452 = ORIENTED_EDGE ( 'NONE', *, *, #3389, .T. ) ;
#453 = DIRECTION ( 'NONE',  ( -0.000000000000000000, -1.000000000000000000, -0.000000000000000000 ) ) ;
#454 = CARTESIAN_POINT ( 'NONE',  ( 1.150000000000000355, 0.1999999999999999833, 0.6250000000000001110 ) ) ;
#455 = CARTESIAN_POINT ( 'NONE',  ( 1.149999999999999911, 0.2000000000000000111, 0.8250000000000001776 ) ) ;
#456 = ADVANCED_FACE ( 'NONE', ( #4283 ), #6227, .F. ) ;
#457 = EDGE_CURVE ( 'NONE', #4488, #5795, #4356, .T. ) ;
#458 = CIRCLE ( 'NONE', #5529, 0.04999999999999991257 ) ;
#459 = DIRECTION ( 'NONE',  ( 0.000000000000000000, 1.000000000000000000, 0.000000000000000000 ) ) ;
#460 = AXIS2_PLACEMENT_3D ( 'NONE', #4198, #5208, #4051 ) ;
#461 = CARTESIAN_POINT ( 'NONE',  ( 1.400000000000000133, 0.04999999999999999584, -0.8249999999999997335 ) ) ;
#462 = VECTOR ( 'NONE', #3359, 1000.000000000000000 ) ;
#463 = PLANE ( 'NONE',  #5387 ) ;
#464 = VERTEX_POINT ( 'NONE', #481 ) ;
#465 = ADVANCED_FACE ( 'NONE', ( #4368 ), #3458, .T. ) ;
#466 = CARTESIAN_POINT ( 'NONE',  ( 1.100000000000000089, 0.04999999999999999584, 0.1750000000000004607 ) ) ;
#467 = LINE ( 'NONE', #5686, #3043 ) ;
#468 = EDGE_CURVE ( 'NONE', #1026, #5563, #6958, .T. ) ;
#469 = CARTESIAN_POINT ( 'NONE',  ( -1.399999999999999911, 0.04999999999999999584, 0.6750000000000004885 ) ) ;
#470 = CARTESIAN_POINT ( 'NONE',  ( -1.150000000000000355, 0.1999999999999999833, -1.125000000000000000 ) ) ;
#471 = AXIS2_PLACEMENT_3D ( 'NONE', #7025, #3011, #4740 ) ;
#472 = CARTESIAN_POINT ( 'NONE',  ( 1.100000000000000089, 0.5905124837953331651, 1.324999999999999734 ) ) ;
#473 = LINE ( 'NONE', #853, #3081 ) ;
#474 = FACE_OUTER_BOUND ( 'NONE', #5982, .T. ) ;
#475 = CARTESIAN_POINT ( 'NONE',  ( -1.149999999999999911, 0.04999999999999999584, 0.1750000000000000167 ) ) ;
#476 = ORIENTED_EDGE ( 'NONE', *, *, #1868, .T. ) ;
#477 = CARTESIAN_POINT ( 'NONE',  ( 1.150000000000000355, 0.2000000000000000111, -1.375000000000000000 ) ) ;
#478 = DIRECTION ( 'NONE',  ( -1.445602896647346214E-15, -0.000000000000000000, 1.000000000000000000 ) ) ;
#479 = DIRECTION ( 'NONE',  ( 1.301042606982602008E-14, 0.000000000000000000, 1.000000000000000000 ) ) ;
#480 = EDGE_CURVE ( 'NONE', #1007, #2011, #4383, .T. ) ;
#481 = CARTESIAN_POINT ( 'NONE',  ( -1.100000000000000089, 0.1999999999999999833, 0.1750000000000004607 ) ) ;
#482 = AXIS2_PLACEMENT_3D ( 'NONE', #4012, #6370, #6952 ) ;
#483 = LINE ( 'NONE', #3302, #5644 ) ;
#484 = CARTESIAN_POINT ( 'NONE',  ( 1.350000000000000089, 0.2000000000000000111, 0.1750000000000000167 ) ) ;
#485 = VERTEX_POINT ( 'NONE', #3678 ) ;
#486 = DIRECTION ( 'NONE',  ( -1.445602896647343847E-15, 0.000000000000000000, -1.000000000000000000 ) ) ;
#487 = CARTESIAN_POINT ( 'NONE',  ( 1.100000000000000089, 0.2000000000000000111, -0.8249999999999995115 ) ) ;
#488 = PRESENTATION_STYLE_ASSIGNMENT (( #3559 ) ) ;
#489 = CARTESIAN_POINT ( 'NONE',  ( 1.350000000000000089, 0.1999999999999999833, 0.6750000000000000444 ) ) ;
#490 =( NAMED_UNIT ( * ) SI_UNIT ( $, .STERADIAN. ) SOLID_ANGLE_UNIT ( ) );
#491 = DIRECTION ( 'NONE',  ( 1.000000000000000000, 0.000000000000000000, 0.000000000000000000 ) ) ;
#492 = CARTESIAN_POINT ( 'NONE',  ( -1.150000000000000355, 0.04999999999999999584, 1.125000000000000222 ) ) ;
#493 = LINE ( 'NONE', #142, #5683 ) ;
#494 = VECTOR ( 'NONE', #2660, 1000.000000000000000 ) ;
#495 = AXIS2_PLACEMENT_3D ( 'NONE', #6141, #6745, #7382 ) ;
#496 = DIRECTION ( 'NONE',  ( -0.000000000000000000, -1.000000000000000000, -0.000000000000000000 ) ) ;
#497 = ORIENTED_EDGE ( 'NONE', *, *, #1575, .T. ) ;
#498 = CARTESIAN_POINT ( 'NONE',  ( 1.350000000000000311, 0.2000000000000000111, -1.174999999999999822 ) ) ;
#499 = DIRECTION ( 'NONE',  ( 0.000000000000000000, 0.000000000000000000, -1.000000000000000000 ) ) ;
#500 = VECTOR ( 'NONE', #5123, 1000.000000000000000 ) ;
#501 = VERTEX_POINT ( 'NONE', #5913 ) ;
#502 = DIRECTION ( 'NONE',  ( -0.000000000000000000, -1.000000000000000000, -0.000000000000000000 ) ) ;
#503 = ADVANCED_FACE ( 'NONE', ( #6714 ), #7760, .F. ) ;
#504 = CIRCLE ( 'NONE', #6705, 0.04999999999999991257 ) ;
#505 = VECTOR ( 'NONE', #971, 1000.000000000000000 ) ;
#506 = CARTESIAN_POINT ( 'NONE',  ( -1.150000000000000355, 0.5905124837953331651, -1.125000000000000000 ) ) ;
#507 = ORIENTED_EDGE ( 'NONE', *, *, #3245, .F. ) ;
#508 = EDGE_CURVE ( 'NONE', #6954, #6061, #7128, .T. ) ;
#509 = DIRECTION ( 'NONE',  ( -0.000000000000000000, -1.000000000000000000, -0.000000000000000000 ) ) ;
#510 = ADVANCED_FACE ( 'NONE', ( #1920 ), #4271, .F. ) ;
#511 = CIRCLE ( 'NONE', #7694, 0.04999999999999991257 ) ;
#512 = EDGE_CURVE ( 'NONE', #4526, #2680, #1891, .T. ) ;
#513 = ORIENTED_EDGE ( 'NONE', *, *, #7239, .T. ) ;
#514 = DIRECTION ( 'NONE',  ( 0.000000000000000000, 1.000000000000000000, 0.000000000000000000 ) ) ;
#515 = CARTESIAN_POINT ( 'NONE',  ( 1.400000000000000355, 0.000000000000000000, -0.6750000000000002665 ) ) ;
#516 = EDGE_CURVE ( 'NONE', #5549, #2543, #7220, .T. ) ;
#517 = DIRECTION ( 'NONE',  ( 0.000000000000000000, -1.000000000000000000, 0.000000000000000000 ) ) ;
#518 = AXIS2_PLACEMENT_3D ( 'NONE', #5508, #986, #1581 ) ;
#519 = LINE ( 'NONE', #4615, #3380 ) ;
#520 = PLANE ( 'NONE',  #6951 ) ;
#521 = AXIS2_PLACEMENT_3D ( 'NONE', #568, #5264, #2458 ) ;
#522 = CARTESIAN_POINT ( 'NONE',  ( 1.149999999999999911, 0.2000000000000000111, 0.3250000000000001776 ) ) ;
#523 = ORIENTED_EDGE ( 'NONE', *, *, #7685, .T. ) ;
#524 = ADVANCED_FACE ( 'NONE', ( #1989 ), #7206, .T. ) ;
#525 = DIRECTION ( 'NONE',  ( 1.000000000000000000, -0.000000000000000000, 1.548860246407863336E-16 ) ) ;
#526 = ORIENTED_EDGE ( 'NONE', *, *, #1081, .F. ) ;
#527 = CARTESIAN_POINT ( 'NONE',  ( -0.6999999999999999556, 0.05000000000000000278, -1.175000000000000266 ) ) ;
#528 = ORIENTED_EDGE ( 'NONE', *, *, #908, .T. ) ;
#529 = CARTESIAN_POINT ( 'NONE',  ( 1.100000000000000089, 0.5905124837953331651, -0.6750000000000002665 ) ) ;
#530 = EDGE_CURVE ( 'NONE', #3535, #7610, #4420, .T. ) ;
#531 = CARTESIAN_POINT ( 'NONE',  ( -1.149999999999999911, 0.2000000000000000111, 0.6750000000000000444 ) ) ;
#532 = VECTOR ( 'NONE', #2679, 1000.000000000000000 ) ;
#533 = DIRECTION ( 'NONE',  ( -0.000000000000000000, -1.000000000000000000, -0.000000000000000000 ) ) ;
#534 = AXIS2_PLACEMENT_3D ( 'NONE', #7309, #4376, #6727 ) ;
#535 = VERTEX_POINT ( 'NONE', #4075 ) ;
#536 = CARTESIAN_POINT ( 'NONE',  ( 1.100000000000000089, 0.2000000000000000111, 0.1750000000000004607 ) ) ;
#537 = ORIENTED_EDGE ( 'NONE', *, *, #5209, .F. ) ;
#538 = DIRECTION ( 'NONE',  ( 0.000000000000000000, -1.000000000000000000, 0.000000000000000000 ) ) ;
#539 = VECTOR ( 'NONE', #3612, 1000.000000000000000 ) ;
#540 = ORIENTED_EDGE ( 'NONE', *, *, #6020, .T. ) ;
#541 = DIRECTION ( 'NONE',  ( -1.000000000000000000, 0.000000000000000000, 0.000000000000000000 ) ) ;
#542 = CARTESIAN_POINT ( 'NONE',  ( 1.100000000000000089, 0.2000000000000000111, -1.175000000000000266 ) ) ;
#543 = FILL_AREA_STYLE ('',( #3642 ) ) ;
#544 = FACE_OUTER_BOUND ( 'NONE', #4367, .T. ) ;
#545 = EDGE_CURVE ( 'NONE', #250, #1223, #1880, .T. ) ;
#546 = CIRCLE ( 'NONE', #3674, 0.04999999999999991257 ) ;
#547 = CARTESIAN_POINT ( 'NONE',  ( -1.149999999999999911, 0.2000000000000000111, 0.6750000000000000444 ) ) ;
#548 = CLOSED_SHELL ( 'NONE', ( #2070, #6944, #6395, #2669, #4001, #7415, #7528, #1109, #4640, #5487 ) ) ;
#549 = DIRECTION ( 'NONE',  ( 0.000000000000000000, 0.000000000000000000, 1.000000000000000000 ) ) ;
#550 = AXIS2_PLACEMENT_3D ( 'NONE', #4895, #7308, #4216 ) ;
#551 = ORIENTED_EDGE ( 'NONE', *, *, #6005, .F. ) ;
#552 = CARTESIAN_POINT ( 'NONE',  ( 1.350000000000000311, 0.5905124837953331651, 1.325000000000000178 ) ) ;
#553 = CARTESIAN_POINT ( 'NONE',  ( -0.7000000000000001776, 3.109037641557771181, 1.274999999999999689 ) ) ;
#554 = VERTEX_POINT ( 'NONE', #4174 ) ;
#555 = LINE ( 'NONE', #3713, #672 ) ;
#556 = EDGE_LOOP ( 'NONE', ( #588, #6345, #621, #5964 ) ) ;
#557 = CIRCLE ( 'NONE', #5579, 0.04999999999999991257 ) ;
#558 = FACE_OUTER_BOUND ( 'NONE', #717, .T. ) ;
#559 = DIRECTION ( 'NONE',  ( 0.000000000000000000, 1.000000000000000000, -0.000000000000000000 ) ) ;
#560 = EDGE_CURVE ( 'NONE', #4060, #2972, #1863, .T. ) ;
#561 = ORIENTED_EDGE ( 'NONE', *, *, #6825, .F. ) ;
#562 = ORIENTED_EDGE ( 'NONE', *, *, #7385, .T. ) ;
#564 = CARTESIAN_POINT ( 'NONE',  ( -1.150000000000000355, 0.000000000000000000, 0.8750000000000001110 ) ) ;
#563 = AXIS2_PLACEMENT_3D ( 'NONE', #6239, #2619, #7467 ) ;
#565 = EDGE_LOOP ( 'NONE', ( #5061, #1059, #1476, #2514 ) ) ;
#566 = CARTESIAN_POINT ( 'NONE',  ( -1.149999999999999911, 0.5905124837953331651, 0.8250000000000001776 ) ) ;
#567 = ORIENTED_EDGE ( 'NONE', *, *, #6320, .F. ) ;
#568 = CARTESIAN_POINT ( 'NONE',  ( 1.149999999999999911, 0.000000000000000000, 1.175000000000000044 ) ) ;
#569 = DIRECTION ( 'NONE',  ( 1.000000000000000000, 0.000000000000000000, 1.445602896647346214E-15 ) ) ;
#570 = LINE ( 'NONE', #849, #3174 ) ;
#571 = DIRECTION ( 'NONE',  ( 0.000000000000000000, 1.000000000000000000, 0.000000000000000000 ) ) ;
#572 = ADVANCED_FACE ( 'NONE', ( #2071 ), #6646, .F. ) ;
#573 = VECTOR ( 'NONE', #4550, 1000.000000000000000 ) ;
#574 = FACE_OUTER_BOUND ( 'NONE', #1532, .T. ) ;
#575 = DIRECTION ( 'NONE',  ( -0.000000000000000000, 0.000000000000000000, 1.000000000000000000 ) ) ;
#576 = CARTESIAN_POINT ( 'NONE',  ( 1.400000000000000133, 0.04999999999999999584, 0.1750000000000002387 ) ) ;
#577 = VERTEX_POINT ( 'NONE', #4699 ) ;
#578 = EDGE_CURVE ( 'NONE', #2850, #4130, #2003, .T. ) ;
#579 = ORIENTED_EDGE ( 'NONE', *, *, #5270, .T. ) ;
#580 = DIRECTION ( 'NONE',  ( 0.000000000000000000, -1.000000000000000000, 0.000000000000000000 ) ) ;
#581 = ORIENTED_EDGE ( 'NONE', *, *, #2295, .T. ) ;
#582 = CARTESIAN_POINT ( 'NONE',  ( -1.350000000000000311, 0.1999999999999999833, -0.1749999999999998224 ) ) ;
#583 = AXIS2_PLACEMENT_3D ( 'NONE', #6437, #1741, #2909 ) ;
#584 = ORIENTED_EDGE ( 'NONE', *, *, #202, .F. ) ;
#585 = LINE ( 'NONE', #7425, #3294 ) ;
#586 = CIRCLE ( 'NONE', #6603, 0.05000000000000002359 ) ;
#587 = DIRECTION ( 'NONE',  ( 1.445602896647346016E-15, 0.000000000000000000, -1.000000000000000000 ) ) ;
#588 = ORIENTED_EDGE ( 'NONE', *, *, #36, .T. ) ;
#589 = ORIENTED_EDGE ( 'NONE', *, *, #5595, .T. ) ;
#590 = ORIENTED_EDGE ( 'NONE', *, *, #3886, .T. ) ;
#591 = EDGE_CURVE ( 'NONE', #3773, #3840, #4467, .T. ) ;
#592 = CARTESIAN_POINT ( 'NONE',  ( 1.100000000000000089, 0.2000000000000000111, -0.1750000000000002387 ) ) ;
#593 = VECTOR ( 'NONE', #6035, 1000.000000000000000 ) ;
#594 = ORIENTED_EDGE ( 'NONE', *, *, #3658, .T. ) ;
#595 = LINE ( 'NONE', #5479, #5750 ) ;
#596 = AXIS2_PLACEMENT_3D ( 'NONE', #100, #4954, #754 ) ;
#597 = CARTESIAN_POINT ( 'NONE',  ( 1.149999999999999911, 0.000000000000000000, 1.175000000000000044 ) ) ;
#598 = EDGE_CURVE ( 'NONE', #755, #3827, #7021, .T. ) ;
#599 = CIRCLE ( 'NONE', #976, 0.04999999999999991257 ) ;
#600 = FACE_OUTER_BOUND ( 'NONE', #839, .T. ) ;
#601 = CARTESIAN_POINT ( 'NONE',  ( -1.150000000000000355, 0.2000000000000000111, 1.125000000000000222 ) ) ;
#602 = VERTEX_POINT ( 'NONE', #2522 ) ;
#603 = CARTESIAN_POINT ( 'NONE',  ( -1.100000000000000089, 0.000000000000000000, -0.3249999999999995670 ) ) ;
#604 = EDGE_LOOP ( 'NONE', ( #4143, #5157, #4036, #4794 ) ) ;
#605 = CARTESIAN_POINT ( 'NONE',  ( -1.350000000000000311, 0.2000000000000000111, -1.174999999999999822 ) ) ;
#606 = CARTESIAN_POINT ( 'NONE',  ( -1.100000000000000089, 0.05000000000000000278, -0.3249999999999995670 ) ) ;
#607 = ORIENTED_EDGE ( 'NONE', *, *, #631, .F. ) ;
#608 = ORIENTED_EDGE ( 'NONE', *, *, #3633, .T. ) ;
#609 = LINE ( 'NONE', #487, #3163 ) ;
#610 = EDGE_CURVE ( 'NONE', #156, #7350, #1961, .T. ) ;
#611 = FACE_OUTER_BOUND ( 'NONE', #4406, .T. ) ;
#612 = CYLINDRICAL_SURFACE ( 'NONE', #2545, 0.04999999999999991257 ) ;
#613 = EDGE_CURVE ( 'NONE', #874, #2877, #4576, .T. ) ;
#614 = EDGE_LOOP ( 'NONE', ( #3921, #2082, #7325, #4833 ) ) ;
#615 = EDGE_CURVE ( 'NONE', #37, #1358, #2030, .T. ) ;
#616 = ORIENTED_EDGE ( 'NONE', *, *, #6784, .T. ) ;
#617 = CARTESIAN_POINT ( 'NONE',  ( -1.350000000000000089, 0.1999999999999999833, 0.1750000000000000167 ) ) ;
#618 = VERTEX_POINT ( 'NONE', #1472 ) ;
#619 = CARTESIAN_POINT ( 'NONE',  ( 1.350000000000000311, 0.000000000000000000, -1.174999999999999822 ) ) ;
#620 = AXIS2_PLACEMENT_3D ( 'NONE', #6757, #7393, #823 ) ;
#621 = ORIENTED_EDGE ( 'NONE', *, *, #973, .T. ) ;
#622 = CARTESIAN_POINT ( 'NONE',  ( -1.400000000000000133, 0.04999999999999999584, -0.1750000000000002387 ) ) ;
#623 = CARTESIAN_POINT ( 'NONE',  ( -1.350000000000000089, 0.1999999999999999833, -0.8249999999999999556 ) ) ;
#624 = VECTOR ( 'NONE', #1189, 1000.000000000000000 ) ;
#625 = STYLED_ITEM ( 'NONE', ( #5459 ), #7269 ) ;
#626 = DIRECTION ( 'NONE',  ( 0.000000000000000000, -0.000000000000000000, 1.000000000000000000 ) ) ;
#627 = LINE ( 'NONE', #5290, #778 ) ;
#628 = DIRECTION ( 'NONE',  ( 0.000000000000000000, 0.000000000000000000, 1.000000000000000000 ) ) ;
#629 = ORIENTED_EDGE ( 'NONE', *, *, #516, .T. ) ;
#630 = VERTEX_POINT ( 'NONE', #3729 ) ;
#631 = EDGE_CURVE ( 'NONE', #5720, #6490, #4452, .T. ) ;
#632 = ORIENTED_EDGE ( 'NONE', *, *, #1636, .T. ) ;
#633 = SURFACE_STYLE_FILL_AREA ( #543 ) ;
#634 = DIRECTION ( 'NONE',  ( 0.000000000000000000, 1.000000000000000000, 0.000000000000000000 ) ) ;
#635 = ORIENTED_EDGE ( 'NONE', *, *, #6825, .T. ) ;
#636 = AXIS2_PLACEMENT_3D ( 'NONE', #428, #1049, #7200 ) ;
#637 = CARTESIAN_POINT ( 'NONE',  ( -1.150000000000000355, 0.2000000000000000111, -0.1249999999999998890 ) ) ;
#638 = CARTESIAN_POINT ( 'NONE',  ( 1.149999999999999911, 0.04999999999999999584, -0.8249999999999999556 ) ) ;
#639 = ADVANCED_FACE ( 'NONE', ( #4552 ), #4395, .F. ) ;
#640 = CIRCLE ( 'NONE', #412, 0.04999999999999991257 ) ;
#641 = LINE ( 'NONE', #2397, #5807 ) ;
#642 = PLANE ( 'NONE',  #4213 ) ;
#643 = ORIENTED_EDGE ( 'NONE', *, *, #6037, .F. ) ;
#644 = ORIENTED_EDGE ( 'NONE', *, *, #2886, .F. ) ;
#645 = DIRECTION ( 'NONE',  ( 0.000000000000000000, 1.000000000000000000, 0.000000000000000000 ) ) ;
#646 = VERTEX_POINT ( 'NONE', #4385 ) ;
#647 = CARTESIAN_POINT ( 'NONE',  ( -1.150000000000000355, 0.2000000000000000111, -0.8749999999999998890 ) ) ;
#648 = ORIENTED_EDGE ( 'NONE', *, *, #3658, .F. ) ;
#649 = EDGE_CURVE ( 'NONE', #5110, #554, #7037, .T. ) ;
#650 = FACE_OUTER_BOUND ( 'NONE', #6373, .T. ) ;
#651 = CARTESIAN_POINT ( 'NONE',  ( -1.200000000000000622, 0.5999999999999999778, -1.200000000000000400 ) ) ;
#652 = AXIS2_PLACEMENT_3D ( 'NONE', #7332, #2867, #432 ) ;
#653 = LINE ( 'NONE', #3472, #3256 ) ;
#654 = VECTOR ( 'NONE', #5545, 1000.000000000000000 ) ;
#655 = DIRECTION ( 'NONE',  ( 0.000000000000000000, 0.000000000000000000, -1.000000000000000000 ) ) ;
#656 = DIRECTION ( 'NONE',  ( 0.000000000000000000, 1.000000000000000000, 0.000000000000000000 ) ) ;
#657 = VERTEX_POINT ( 'NONE', #6835 ) ;
#658 = VERTEX_POINT ( 'NONE', #1383 ) ;
#659 = DIRECTION ( 'NONE',  ( 0.000000000000000000, 0.000000000000000000, 1.000000000000000000 ) ) ;
#660 = DIRECTION ( 'NONE',  ( 1.000000000000000000, -0.000000000000000000, 0.000000000000000000 ) ) ;
#661 = VERTEX_POINT ( 'NONE', #2573 ) ;
#662 = ORIENTED_EDGE ( 'NONE', *, *, #7440, .T. ) ;
#663 = CIRCLE ( 'NONE', #3464, 0.04999999999999991257 ) ;
#664 = EDGE_CURVE ( 'NONE', #5460, #1223, #1836, .T. ) ;
#665 = AXIS2_PLACEMENT_3D ( 'NONE', #3705, #4974, #1851 ) ;
#666 = LINE ( 'NONE', #4831, #5847 ) ;
#667 = PLANE ( 'NONE',  #6436 ) ;
#668 = VERTEX_POINT ( 'NONE', #5049 ) ;
#669 = ORIENTED_EDGE ( 'NONE', *, *, #7783, .T. ) ;
#670 = CARTESIAN_POINT ( 'NONE',  ( -1.150000000000000355, 0.2000000000000000111, -0.3749999999999998890 ) ) ;
#671 = EDGE_LOOP ( 'NONE', ( #6324, #1389, #4005, #2110 ) ) ;
#672 = VECTOR ( 'NONE', #5033, 1000.000000000000000 ) ;
#673 = VERTEX_POINT ( 'NONE', #2624 ) ;
#674 = CARTESIAN_POINT ( 'NONE',  ( 1.150000000000000355, 0.2000000000000000111, -1.375000000000000000 ) ) ;
#675 = LINE ( 'NONE', #5098, #3416 ) ;
#676 = CARTESIAN_POINT ( 'NONE',  ( -1.349999999999999645, 0.2000000000000000111, -0.8749999999999998890 ) ) ;
#677 = EDGE_CURVE ( 'NONE', #3923, #854, #7052, .T. ) ;
#678 = CYLINDRICAL_SURFACE ( 'NONE', #4426, 0.04999999999999991257 ) ;
#679 = DIRECTION ( 'NONE',  ( -0.000000000000000000, -1.000000000000000000, -0.000000000000000000 ) ) ;
#680 = STYLED_ITEM ( 'NONE', ( #365 ), #1628 ) ;
#681 = DIRECTION ( 'NONE',  ( -0.000000000000000000, -1.000000000000000000, -0.000000000000000000 ) ) ;
#682 = ORIENTED_EDGE ( 'NONE', *, *, #3851, .F. ) ;
#683 = EDGE_LOOP ( 'NONE', ( #1808, #3491, #3605, #7135 ) ) ;
#684 = CARTESIAN_POINT ( 'NONE',  ( 0.6999999999999996225, 0.000000000000000000, 1.274999999999999689 ) ) ;
#685 = ORIENTED_EDGE ( 'NONE', *, *, #5808, .F. ) ;
#686 = VECTOR ( 'NONE', #7225, 1000.000000000000000 ) ;
#687 = CARTESIAN_POINT ( 'NONE',  ( 1.350000000000000089, 0.1999999999999999833, -0.6249999999999996669 ) ) ;
#688 = EDGE_LOOP ( 'NONE', ( #4780, #3232, #4989, #5883 ) ) ;
#689 = FACE_OUTER_BOUND ( 'NONE', #3707, .T. ) ;
#690 = ADVANCED_FACE ( 'NONE', ( #4436 ), #203, .F. ) ;
#691 = DIRECTION ( 'NONE',  ( 0.000000000000000000, 0.000000000000000000, 1.000000000000000000 ) ) ;
#692 = CARTESIAN_POINT ( 'NONE',  ( 1.100000000000000089, 0.1999999999999999833, -0.1750000000000002387 ) ) ;
#693 = SURFACE_STYLE_FILL_AREA ( #3530 ) ;
#694 = CYLINDRICAL_SURFACE ( 'NONE', #1592, 0.1250000000000003331 ) ;
#695 =( NAMED_UNIT ( * ) PLANE_ANGLE_UNIT ( ) SI_UNIT ( $, .RADIAN. ) );
#696 = ORIENTED_EDGE ( 'NONE', *, *, #4199, .T. ) ;
#697 = AXIS2_PLACEMENT_3D ( 'NONE', #5073, #2690, #3927 ) ;
#698 = VERTEX_POINT ( 'NONE', #1431 ) ;
#699 = CARTESIAN_POINT ( 'NONE',  ( -1.400000000000000133, 0.2000000000000000111, -1.175000000000000266 ) ) ;
#700 = VERTEX_POINT ( 'NONE', #2093 ) ;
#701 = DIRECTION ( 'NONE',  ( 0.000000000000000000, 0.000000000000000000, 1.000000000000000000 ) ) ;
#702 = VECTOR ( 'NONE', #4314, 1000.000000000000000 ) ;
#703 = EDGE_CURVE ( 'NONE', #7264, #7048, #7097, .T. ) ;
#704 = VERTEX_POINT ( 'NONE', #3905 ) ;
#705 = CYLINDRICAL_SURFACE ( 'NONE', #1882, 0.04999999999999991257 ) ;
#706 = CARTESIAN_POINT ( 'NONE',  ( 1.400000000000000133, 0.2000000000000000111, -1.324999999999999734 ) ) ;
#707 = ADVANCED_FACE ( 'NONE', ( #1905 ), #2045, .F. ) ;
#708 = PRESENTATION_STYLE_ASSIGNMENT (( #7773 ) ) ;
#709 = FACE_OUTER_BOUND ( 'NONE', #7300, .T. ) ;
#710 = DIRECTION ( 'NONE',  ( -0.000000000000000000, -1.000000000000000000, -0.000000000000000000 ) ) ;
#711 = ORIENTED_EDGE ( 'NONE', *, *, #4074, .T. ) ;
#712 = DIRECTION ( 'NONE',  ( 0.000000000000000000, 1.000000000000000000, 0.000000000000000000 ) ) ;
#713 = ORIENTED_EDGE ( 'NONE', *, *, #5296, .F. ) ;
#714 =( NAMED_UNIT ( * ) PLANE_ANGLE_UNIT ( ) SI_UNIT ( $, .RADIAN. ) );
#715 = DIRECTION ( 'NONE',  ( 0.000000000000000000, 1.000000000000000000, 0.000000000000000000 ) ) ;
#716 = EDGE_CURVE ( 'NONE', #6871, #5563, #4511, .T. ) ;
#717 = EDGE_LOOP ( 'NONE', ( #7608, #1634, #2184, #2393 ) ) ;
#718 = ORIENTED_EDGE ( 'NONE', *, *, #3330, .F. ) ;
#719 = CIRCLE ( 'NONE', #7345, 0.04999999999999991257 ) ;
#720 = EDGE_CURVE ( 'NONE', #5404, #5736, #7193, .T. ) ;
#721 = DIRECTION ( 'NONE',  ( -1.000000000000000000, -0.000000000000000000, -0.000000000000000000 ) ) ;
#722 = CIRCLE ( 'NONE', #7357, 0.1250000000000003331 ) ;
#723 = CARTESIAN_POINT ( 'NONE',  ( 1.150000000000000355, 0.5905124837953331651, 0.3750000000000001110 ) ) ;
#724 = AXIS2_PLACEMENT_3D ( 'NONE', #2575, #4999, #2044 ) ;
#725 = EDGE_LOOP ( 'NONE', ( #4728, #7403, #4964, #7376, #5056, #3207, #579, #2507 ) ) ;
#726 = AXIS2_PLACEMENT_3D ( 'NONE', #6460, #437, #2321 ) ;
#727 = ORIENTED_EDGE ( 'NONE', *, *, #2358, .F. ) ;
#728 = CARTESIAN_POINT ( 'NONE',  ( -1.150000000000000355, 0.5905124837953331651, 0.6250000000000001110 ) ) ;
#729 = ORIENTED_EDGE ( 'NONE', *, *, #6291, .F. ) ;
#730 = VERTEX_POINT ( 'NONE', #2589 ) ;
#731 = CARTESIAN_POINT ( 'NONE',  ( -0.8500000000000019762, 0.2000000000000000111, -1.024999999999999467 ) ) ;
#732 = DIRECTION ( 'NONE',  ( 0.000000000000000000, 1.000000000000000000, 0.000000000000000000 ) ) ;
#733 = LINE ( 'NONE', #1714, #3439 ) ;
#734 = PLANE ( 'NONE',  #1317 ) ;
#735 = CARTESIAN_POINT ( 'NONE',  ( -1.150000000000000355, 0.000000000000000000, 0.6250000000000001110 ) ) ;
#736 = EDGE_CURVE ( 'NONE', #5467, #147, #7068, .T. ) ;
#737 = VECTOR ( 'NONE', #4392, 1000.000000000000000 ) ;
#738 = DIRECTION ( 'NONE',  ( 1.000000000000000000, -0.000000000000000000, 1.548860246407863336E-16 ) ) ;
#739 = DIRECTION ( 'NONE',  ( 1.548860246407863336E-16, 0.000000000000000000, -1.000000000000000000 ) ) ;
#740 = VERTEX_POINT ( 'NONE', #3224 ) ;
#741 = MECHANICAL_DESIGN_GEOMETRIC_PRESENTATION_REPRESENTATION (  '', ( #1999 ), #7260 ) ;
#742 = VERTEX_POINT ( 'NONE', #7389 ) ;
#743 = DIRECTION ( 'NONE',  ( 1.445602896647346214E-15, -0.000000000000000000, -1.000000000000000000 ) ) ;
#744 = EDGE_LOOP ( 'NONE', ( #6968, #3521, #194, #5953 ) ) ;
#745 = DIRECTION ( 'NONE',  ( 0.000000000000000000, 0.000000000000000000, -1.000000000000000000 ) ) ;
#746 = VERTEX_POINT ( 'NONE', #2686 ) ;
#747 = CIRCLE ( 'NONE', #1981, 0.04999999999999991257 ) ;
#748 = DIRECTION ( 'NONE',  ( 0.000000000000000000, 0.000000000000000000, 1.000000000000000000 ) ) ;
#749 = DIRECTION ( 'NONE',  ( 0.000000000000000000, 1.000000000000000000, 0.000000000000000000 ) ) ;
#750 = VECTOR ( 'NONE', #7171, 1000.000000000000000 ) ;
#751 = LINE ( 'NONE', #3544, #3350 ) ;
#752 = CARTESIAN_POINT ( 'NONE',  ( -1.150000000000000355, 0.5905124837953331651, -0.3749999999999998890 ) ) ;
#753 = EDGE_CURVE ( 'NONE', #4919, #6000, #4618, .T. ) ;
#754 = DIRECTION ( 'NONE',  ( -1.000000000000000000, 0.000000000000000000, 2.168404344971009115E-16 ) ) ;
#755 = VERTEX_POINT ( 'NONE', #873 ) ;
#756 = VERTEX_POINT ( 'NONE', #1353 ) ;
#757 = DIRECTION ( 'NONE',  ( 0.000000000000000000, 1.000000000000000000, 0.000000000000000000 ) ) ;
#758 = AXIS2_PLACEMENT_3D ( 'NONE', #3001, #3652, #2445 ) ;
#759 = EDGE_LOOP ( 'NONE', ( #7747, #901, #6885, #4229 ) ) ;
#760 = ORIENTED_EDGE ( 'NONE', *, *, #938, .F. ) ;
#761 = ADVANCED_FACE ( 'NONE', ( #7248 ), #1396, .F. ) ;
#762 = DIRECTION ( 'NONE',  ( 0.000000000000000000, 1.000000000000000000, 0.000000000000000000 ) ) ;
#763 = DIRECTION ( 'NONE',  ( 0.000000000000000000, 1.000000000000000000, 0.000000000000000000 ) ) ;
#764 = FACE_OUTER_BOUND ( 'NONE', #4506, .T. ) ;
#765 = DIRECTION ( 'NONE',  ( 0.000000000000000000, 0.000000000000000000, 1.000000000000000000 ) ) ;
#766 = ORIENTED_EDGE ( 'NONE', *, *, #5774, .T. ) ;
#767 = CARTESIAN_POINT ( 'NONE',  ( 1.350000000000000311, 0.1999999999999999833, -0.6749999999999998224 ) ) ;
#768 = EDGE_CURVE ( 'NONE', #1037, #2046, #4659, .T. ) ;
#769 = ORIENTED_EDGE ( 'NONE', *, *, #736, .F. ) ;
#770 = CARTESIAN_POINT ( 'NONE',  ( -1.149999999999999911, 0.5905124837953331651, -0.1749999999999998224 ) ) ;
#771 = CARTESIAN_POINT ( 'NONE',  ( -1.150000000000000355, 0.000000000000000000, -0.8749999999999998890 ) ) ;
#772 = VERTEX_POINT ( 'NONE', #2742 ) ;
#773 = FACE_OUTER_BOUND ( 'NONE', #1681, .T. ) ;
#774 = AXIS2_PLACEMENT_3D ( 'NONE', #7073, #2682, #1478 ) ;
#775 = ORIENTED_EDGE ( 'NONE', *, *, #6995, .F. ) ;
#776 = VECTOR ( 'NONE', #1006, 1000.000000000000000 ) ;
#777 = ADVANCED_FACE ( 'NONE', ( #4675 ), #5069, .F. ) ;
#778 = VECTOR ( 'NONE', #6523, 1000.000000000000000 ) ;
#779 = VECTOR ( 'NONE', #5253, 1000.000000000000000 ) ;
#780 = CARTESIAN_POINT ( 'NONE',  ( -1.350000000000000089, 0.2000000000000000111, 1.175000000000000044 ) ) ;
#781 = ORIENTED_EDGE ( 'NONE', *, *, #7750, .T. ) ;
#782 = ORIENTED_EDGE ( 'NONE', *, *, #2645, .T. ) ;
#783 = DIRECTION ( 'NONE',  ( 0.000000000000000000, 1.000000000000000000, 0.000000000000000000 ) ) ;
#784 = EDGE_LOOP ( 'NONE', ( #7775, #2368, #887, #3478 ) ) ;
#785 = LINE ( 'NONE', #5291, #593 ) ;
#786 = EDGE_LOOP ( 'NONE', ( #368, #1360, #3105, #3772, #5483, #1262, #6234, #3584 ) ) ;
#787 = CARTESIAN_POINT ( 'NONE',  ( 0.000000000000000000, 0.05000000000000000278, -1.375000000000000000 ) ) ;
#788 = DIRECTION ( 'NONE',  ( 0.000000000000000000, 0.000000000000000000, 1.000000000000000000 ) ) ;
#789 = LINE ( 'NONE', #1827, #5988 ) ;
#790 = AXIS2_PLACEMENT_3D ( 'NONE', #4873, #5243, #5449 ) ;
#791 = CARTESIAN_POINT ( 'NONE',  ( -1.150000000000000355, 0.5905124837953331651, 0.6250000000000001110 ) ) ;
#792 = VECTOR ( 'NONE', #7436, 1000.000000000000000 ) ;
#793 = CARTESIAN_POINT ( 'NONE',  ( 1.100000000000000089, 0.5905124837953331651, -1.324999999999999512 ) ) ;
#794 = CARTESIAN_POINT ( 'NONE',  ( 1.500000000000000000, 0.5999999999999998668, 1.500000000000000000 ) ) ;
#795 = EDGE_LOOP ( 'NONE', ( #2812, #6301, #1776, #3686, #1832, #6390, #6314, #7091 ) ) ;
#796 = ORIENTED_EDGE ( 'NONE', *, *, #7119, .T. ) ;
#797 = DIRECTION ( 'NONE',  ( 1.000000000000000000, 0.000000000000000000, 1.700709290173340656E-16 ) ) ;
#798 = ORIENTED_EDGE ( 'NONE', *, *, #4683, .T. ) ;
#799 = DIRECTION ( 'NONE',  ( 0.000000000000000000, -1.000000000000000000, 0.000000000000000000 ) ) ;
#800 = ORIENTED_EDGE ( 'NONE', *, *, #4020, .T. ) ;
#801 = LINE ( 'NONE', #3638, #3401 ) ;
#802 = CARTESIAN_POINT ( 'NONE',  ( 1.149999999999999911, 0.000000000000000000, 0.1750000000000000167 ) ) ;
#803 = EDGE_CURVE ( 'NONE', #245, #5594, #7277, .T. ) ;
#804 = CARTESIAN_POINT ( 'NONE',  ( 1.150000000000000355, 0.5905124837953331651, -0.1249999999999998890 ) ) ;
#805 = FACE_OUTER_BOUND ( 'NONE', #136, .T. ) ;
#806 = VECTOR ( 'NONE', #4469, 1000.000000000000000 ) ;
#807 = ORIENTED_EDGE ( 'NONE', *, *, #7018, .F. ) ;
#808 = EDGE_CURVE ( 'NONE', #85, #6371, #1794, .T. ) ;
#809 = ORIENTED_EDGE ( 'NONE', *, *, #5968, .F. ) ;
#810 = CARTESIAN_POINT ( 'NONE',  ( -1.150000000000000355, 0.5905124837953331651, 1.375000000000000222 ) ) ;
#811 = ORIENTED_EDGE ( 'NONE', *, *, #349, .T. ) ;
#812 = PRESENTATION_STYLE_ASSIGNMENT (( #6349 ) ) ;
#813 = EDGE_CURVE ( 'NONE', #1704, #273, #1809, .T. ) ;
#814 = ORIENTED_EDGE ( 'NONE', *, *, #4837, .T. ) ;
#815 = LINE ( 'NONE', #952, #5775 ) ;
#816 = CARTESIAN_POINT ( 'NONE',  ( 1.350000000000000089, 0.2000000000000000111, -0.3250000000000000111 ) ) ;
#817 = DIRECTION ( 'NONE',  ( 0.000000000000000000, 1.000000000000000000, 0.000000000000000000 ) ) ;
#818 = EDGE_CURVE ( 'NONE', #1861, #6050, #4407, .T. ) ;
#819 = FACE_OUTER_BOUND ( 'NONE', #906, .T. ) ;
#820 = DIRECTION ( 'NONE',  ( 1.000000000000000000, -0.000000000000000000, 0.000000000000000000 ) ) ;
#821 = DIRECTION ( 'NONE',  ( 0.000000000000000000, 1.000000000000000000, 0.000000000000000000 ) ) ;
#822 = ORIENTED_EDGE ( 'NONE', *, *, #4236, .T. ) ;
#823 = DIRECTION ( 'NONE',  ( 0.000000000000000000, 0.000000000000000000, -1.000000000000000000 ) ) ;
#824 = VERTEX_POINT ( 'NONE', #2232 ) ;
#825 = DIRECTION ( 'NONE',  ( 1.000000000000000000, -0.000000000000000000, 0.000000000000000000 ) ) ;
#826 = CARTESIAN_POINT ( 'NONE',  ( 1.100000000000000089, 0.1999999999999999833, -0.6750000000000002665 ) ) ;
#827 = EDGE_CURVE ( 'NONE', #646, #3673, #4746, .T. ) ;
#828 = EDGE_LOOP ( 'NONE', ( #2755, #4549, #2120, #1947 ) ) ;
#829 = ORIENTED_EDGE ( 'NONE', *, *, #6665, .F. ) ;
#831 = ADVANCED_FACE ( 'NONE', ( #4812 ), #3419, .F. ) ;
#830 =( GEOMETRIC_REPRESENTATION_CONTEXT ( 3 ) GLOBAL_UNCERTAINTY_ASSIGNED_CONTEXT ( ( #1044 ) ) GLOBAL_UNIT_ASSIGNED_CONTEXT ( ( #6783, #301, #7508 ) ) REPRESENTATION_CONTEXT ( 'NONE', 'WORKASPACE' ) );
#832 = DIRECTION ( 'NONE',  ( 0.000000000000000000, 1.000000000000000000, 0.000000000000000000 ) ) ;
#833 = CYLINDRICAL_SURFACE ( 'NONE', #3106, 0.04999999999999991257 ) ;
#834 = FACE_OUTER_BOUND ( 'NONE', #5885, .T. ) ;
#835 = PLANE ( 'NONE',  #6787 ) ;
#836 = EDGE_LOOP ( 'NONE', ( #97, #4178, #6369, #5298 ) ) ;
#837 = EDGE_LOOP ( 'NONE', ( #4354, #7202, #4379, #6943 ) ) ;
#838 = DIRECTION ( 'NONE',  ( 0.000000000000000000, -1.000000000000000000, 0.000000000000000000 ) ) ;
#839 = EDGE_LOOP ( 'NONE', ( #7221, #4590, #2329, #1900 ) ) ;
#840 = CARTESIAN_POINT ( 'NONE',  ( -0.6999999999999998446, 0.2000000000000000944, -1.175000000000000266 ) ) ;
#841 = ORIENTED_EDGE ( 'NONE', *, *, #3825, .F. ) ;
#842 = EDGE_CURVE ( 'NONE', #6000, #5507, #4907, .T. ) ;
#843 = LINE ( 'NONE', #2187, #624 ) ;
#844 = DIRECTION ( 'NONE',  ( 0.000000000000000000, 0.000000000000000000, -1.000000000000000000 ) ) ;
#845 = AXIS2_PLACEMENT_3D ( 'NONE', #3671, #3616, #1811 ) ;
#846 = ADVANCED_FACE ( 'NONE', ( #4927 ), #7512, .F. ) ;
#847 = LINE ( 'NONE', #3917, #3444 ) ;
#848 = DIRECTION ( 'NONE',  ( 0.000000000000000000, -1.000000000000000000, 0.000000000000000000 ) ) ;
#849 = CARTESIAN_POINT ( 'NONE',  ( -1.150000000000000355, 0.1999999999999999833, -0.3749999999999998890 ) ) ;
#850 = EDGE_LOOP ( 'NONE', ( #7647, #3993, #4797, #1251 ) ) ;
#851 = ORIENTED_EDGE ( 'NONE', *, *, #3868, .F. ) ;
#852 = ORIENTED_EDGE ( 'NONE', *, *, #1435, .F. ) ;
#853 = CARTESIAN_POINT ( 'NONE',  ( -1.150000000000000355, 0.2000000000000000111, 0.6250000000000001110 ) ) ;
#854 = VERTEX_POINT ( 'NONE', #3368 ) ;
#855 = CIRCLE ( 'NONE', #5780, 0.04999999999999991257 ) ;
#856 = EDGE_CURVE ( 'NONE', #6144, #7214, #4785, .T. ) ;
#857 = DIRECTION ( 'NONE',  ( -0.000000000000000000, 1.000000000000000000, -0.000000000000000000 ) ) ;
#858 = CARTESIAN_POINT ( 'NONE',  ( -1.149999999999999911, 0.000000000000000000, -0.3250000000000000111 ) ) ;
#859 = AXIS2_PLACEMENT_3D ( 'NONE', #2115, #3227, #2689 ) ;
#860 = CYLINDRICAL_SURFACE ( 'NONE', #5021, 0.04999999999999991257 ) ;
#861 = LINE ( 'NONE', #4782, #3489 ) ;
#862 = DIRECTION ( 'NONE',  ( 0.000000000000000000, 1.000000000000000000, 0.000000000000000000 ) ) ;
#863 = VERTEX_POINT ( 'NONE', #492 ) ;
#864 = ORIENTED_EDGE ( 'NONE', *, *, #1750, .F. ) ;
#865 = ORIENTED_EDGE ( 'NONE', *, *, #2163, .F. ) ;
#866 = ORIENTED_EDGE ( 'NONE', *, *, #2601, .T. ) ;
#867 = CIRCLE ( 'NONE', #6189, 0.04999999999999991257 ) ;
#868 = DIRECTION ( 'NONE',  ( -1.000000000000000000, 0.000000000000000000, -0.000000000000000000 ) ) ;
#869 = EDGE_CURVE ( 'NONE', #7418, #4219, #4858, .T. ) ;
#870 = CYLINDRICAL_SURFACE ( 'NONE', #7080, 0.04999999999999991257 ) ;
#872 = PLANE ( 'NONE',  #5397 ) ;
#871 = AXIS2_PLACEMENT_3D ( 'NONE', #1175, #5965, #7156 ) ;
#873 = CARTESIAN_POINT ( 'NONE',  ( 1.100000000000000089, 0.000000000000000000, 0.8249999999999997335 ) ) ;
#874 = VERTEX_POINT ( 'NONE', #4043 ) ;
#875 = ORIENTED_EDGE ( 'NONE', *, *, #869, .F. ) ;
#876 = DIRECTION ( 'NONE',  ( 0.000000000000000000, -0.000000000000000000, 1.000000000000000000 ) ) ;
#877 = CARTESIAN_POINT ( 'NONE',  ( -1.149999999999999911, 0.2000000000000000111, 0.8250000000000001776 ) ) ;
#878 = DIRECTION ( 'NONE',  ( 0.000000000000000000, 0.000000000000000000, 1.000000000000000000 ) ) ;
#879 = VERTEX_POINT ( 'NONE', #1721 ) ;
#880 = VERTEX_POINT ( 'NONE', #7660 ) ;
#881 = FACE_OUTER_BOUND ( 'NONE', #2843, .T. ) ;
#882 = DIRECTION ( 'NONE',  ( -1.000000000000000000, -0.000000000000000000, -0.000000000000000000 ) ) ;
#883 = FACE_OUTER_BOUND ( 'NONE', #1404, .T. ) ;
#884 = CARTESIAN_POINT ( 'NONE',  ( 1.100000000000000089, 0.2000000000000000111, -0.3249999999999995670 ) ) ;
#885 = ORIENTED_EDGE ( 'NONE', *, *, #1004, .F. ) ;
#886 = AXIS2_PLACEMENT_3D ( 'NONE', #4606, #4720, #6994 ) ;
#887 = ORIENTED_EDGE ( 'NONE', *, *, #3147, .T. ) ;
#888 = CARTESIAN_POINT ( 'NONE',  ( 1.150000000000000355, 0.2000000000000000111, -0.8749999999999998890 ) ) ;
#889 = ORIENTED_EDGE ( 'NONE', *, *, #4150, .T. ) ;
#890 = VERTEX_POINT ( 'NONE', #402 ) ;
#891 = DIRECTION ( 'NONE',  ( 0.000000000000000000, 0.000000000000000000, 1.000000000000000000 ) ) ;
#892 = VECTOR ( 'NONE', #344, 1000.000000000000000 ) ;
#893 = ADVANCED_FACE ( 'NONE', ( #7468 ), #7381, .F. ) ;
#894 = DIRECTION ( 'NONE',  ( 0.000000000000000000, 0.000000000000000000, 1.000000000000000000 ) ) ;
#895 = LINE ( 'NONE', #542, #3519 ) ;
#896 = LINE ( 'NONE', #2898, #6255 ) ;
#897 = DIRECTION ( 'NONE',  ( 0.000000000000000000, -0.000000000000000000, 1.000000000000000000 ) ) ;
#898 = ADVANCED_FACE ( 'NONE', ( #7480 ), #7533, .F. ) ;
#899 = CARTESIAN_POINT ( 'NONE',  ( -1.100000000000000089, 0.05000000000000000278, 2.500000000000000000 ) ) ;
#900 = ORIENTED_EDGE ( 'NONE', *, *, #1559, .T. ) ;
#901 = ORIENTED_EDGE ( 'NONE', *, *, #6717, .F. ) ;
#902 = CARTESIAN_POINT ( 'NONE',  ( 1.350000000000000311, 0.2000000000000000111, -0.6749999999999998224 ) ) ;
#903 = EDGE_CURVE ( 'NONE', #7448, #5870, #2289, .T. ) ;
#904 = ORIENTED_EDGE ( 'NONE', *, *, #1711, .T. ) ;
#905 = CARTESIAN_POINT ( 'NONE',  ( -1.400000000000000133, 0.000000000000000000, 0.3249999999999997891 ) ) ;
#906 = EDGE_LOOP ( 'NONE', ( #3179, #4642, #3206, #1624 ) ) ;
#907 = VECTOR ( 'NONE', #4280, 1000.000000000000000 ) ;
#908 = EDGE_CURVE ( 'NONE', #1174, #2948, #7368, .T. ) ;
#909 = CARTESIAN_POINT ( 'NONE',  ( 1.150000000000000355, 0.2000000000000000111, -1.125000000000000000 ) ) ;
#910 = ADVANCED_FACE ( 'NONE', ( #2139 ), #7343, .T. ) ;
#911 = LINE ( 'NONE', #3747, #1033 ) ;
#912 = VECTOR ( 'NONE', #7670, 1000.000000000000000 ) ;
#913 = CARTESIAN_POINT ( 'NONE',  ( -1.400000000000000133, 0.2000000000000000111, -0.6750000000000002665 ) ) ;
#914 = AXIS2_PLACEMENT_3D ( 'NONE', #3352, #1003, #5749 ) ;
#915 = ORIENTED_EDGE ( 'NONE', *, *, #4028, .T. ) ;
#916 = AXIS2_PLACEMENT_3D ( 'NONE', #3314, #967, #4500 ) ;
#917 = ORIENTED_EDGE ( 'NONE', *, *, #4316, .F. ) ;
#918 = CARTESIAN_POINT ( 'NONE',  ( 1.349999999999999645, 0.2000000000000000111, -0.8749999999999998890 ) ) ;
#919 = ORIENTED_EDGE ( 'NONE', *, *, #3282, .F. ) ;
#920 = ORIENTED_EDGE ( 'NONE', *, *, #3046, .T. ) ;
#921 = LINE ( 'NONE', #2818, #6224 ) ;
#922 =( NAMED_UNIT ( * ) SI_UNIT ( $, .STERADIAN. ) SOLID_ANGLE_UNIT ( ) );
#923 = VECTOR ( 'NONE', #13, 1000.000000000000000 ) ;
#924 = EDGE_CURVE ( 'NONE', #7098, #2888, #4685, .T. ) ;
#925 = CARTESIAN_POINT ( 'NONE',  ( 0.000000000000000000, 0.05000000000000000278, 1.274999999999999689 ) ) ;
#926 = VERTEX_POINT ( 'NONE', #7560 ) ;
#927 = AXIS2_PLACEMENT_3D ( 'NONE', #5738, #336, #934 ) ;
#928 = ORIENTED_EDGE ( 'NONE', *, *, #6233, .T. ) ;
#929 = DIRECTION ( 'NONE',  ( 0.000000000000000000, 0.000000000000000000, -1.000000000000000000 ) ) ;
#930 = CARTESIAN_POINT ( 'NONE',  ( -1.200000000000000622, 0.4999999999999998890, -1.074999999999999956 ) ) ;
#931 = VERTEX_POINT ( 'NONE', #6662 ) ;
#932 = ORIENTED_EDGE ( 'NONE', *, *, #3356, .F. ) ;
#933 = CARTESIAN_POINT ( 'NONE',  ( -1.349999999999999645, 0.000000000000000000, -0.3749999999999998890 ) ) ;
#934 = DIRECTION ( 'NONE',  ( 0.000000000000000000, 0.000000000000000000, -1.000000000000000000 ) ) ;
#935 = LINE ( 'NONE', #5597, #6029 ) ;
#936 = VECTOR ( 'NONE', #2293, 1000.000000000000000 ) ;
#937 = CARTESIAN_POINT ( 'NONE',  ( 1.350000000000000089, 0.04999999999999999584, 0.3750000000000003331 ) ) ;
#938 = EDGE_CURVE ( 'NONE', #315, #3004, #2111, .T. ) ;
#939 = ORIENTED_EDGE ( 'NONE', *, *, #1512, .F. ) ;
#940 = ORIENTED_EDGE ( 'NONE', *, *, #424, .T. ) ;
#942 = PLANE ( 'NONE',  #2489 ) ;
#941 = AXIS2_PLACEMENT_3D ( 'NONE', #2087, #7604, #5701 ) ;
#943 = ORIENTED_EDGE ( 'NONE', *, *, #3492, .T. ) ;
#944 = DIRECTION ( 'NONE',  ( 0.000000000000000000, 1.000000000000000000, 0.000000000000000000 ) ) ;
#945 = ORIENTED_EDGE ( 'NONE', *, *, #2524, .F. ) ;
#946 = CARTESIAN_POINT ( 'NONE',  ( 1.150000000000000355, 0.2000000000000000111, -1.125000000000000000 ) ) ;
#947 = CIRCLE ( 'NONE', #5612, 0.04999999999999991257 ) ;
#948 = DIRECTION ( 'NONE',  ( 0.000000000000000000, 0.000000000000000000, -1.000000000000000000 ) ) ;
#949 = FACE_OUTER_BOUND ( 'NONE', #3030, .T. ) ;
#950 = FACE_OUTER_BOUND ( 'NONE', #4521, .T. ) ;
#951 = PLANE ( 'NONE',  #2931 ) ;
#952 = CARTESIAN_POINT ( 'NONE',  ( -1.150000000000000355, 0.1999999999999999833, 1.375000000000000222 ) ) ;
#953 = ORIENTED_EDGE ( 'NONE', *, *, #174, .T. ) ;
#954 = EDGE_CURVE ( 'NONE', #3983, #2571, #7424, .T. ) ;
#955 = VERTEX_POINT ( 'NONE', #1298 ) ;
#956 = ORIENTED_EDGE ( 'NONE', *, *, #5976, .T. ) ;
#957 = CARTESIAN_POINT ( 'NONE',  ( 1.100000000000000089, 0.2000000000000000111, -0.8249999999999995115 ) ) ;
#958 = AXIS2_PLACEMENT_3D ( 'NONE', #6604, #1232, #1867 ) ;
#959 = EDGE_LOOP ( 'NONE', ( #4151, #4192, #4431, #1816 ) ) ;
#960 = CARTESIAN_POINT ( 'NONE',  ( 1.400000000000000355, 0.5905124837953331651, -0.6750000000000002665 ) ) ;
#961 = MANIFOLD_SOLID_BREP ( 'LPattern2[5]', #6942 ) ;
#962 = LINE ( 'NONE', #6135, #1394 ) ;
#963 = ADVANCED_FACE ( 'NONE', ( #4881 ), #6851, .F. ) ;
#964 = CARTESIAN_POINT ( 'NONE',  ( 1.150000000000000355, 0.5905124837953331651, -0.3749999999999998890 ) ) ;
#965 = CYLINDRICAL_SURFACE ( 'NONE', #774, 0.04999999999999991257 ) ;
#966 = LINE ( 'NONE', #4581, #806 ) ;
#967 = DIRECTION ( 'NONE',  ( 0.000000000000000000, 1.000000000000000000, -0.000000000000000000 ) ) ;
#968 = ADVANCED_FACE ( 'NONE', ( #4938 ), #2587, .T. ) ;
#969 = ORIENTED_EDGE ( 'NONE', *, *, #4439, .T. ) ;
#970 = ORIENTED_EDGE ( 'NONE', *, *, #615, .F. ) ;
#971 = DIRECTION ( 'NONE',  ( 0.000000000000000000, -1.000000000000000000, 0.000000000000000000 ) ) ;
#972 = VERTEX_POINT ( 'NONE', #7486 ) ;
#973 = EDGE_CURVE ( 'NONE', #2571, #7690, #7398, .T. ) ;
#974 = ORIENTED_EDGE ( 'NONE', *, *, #4498, .F. ) ;
#975 = VECTOR ( 'NONE', #4828, 1000.000000000000000 ) ;
#976 = AXIS2_PLACEMENT_3D ( 'NONE', #6469, #4186, #1135 ) ;
#977 = DIRECTION ( 'NONE',  ( 0.000000000000000000, 0.000000000000000000, 1.000000000000000000 ) ) ;
#978 = ADVANCED_FACE ( 'NONE', ( #2122 ), #872, .T. ) ;
#979 = VECTOR ( 'NONE', #7224, 1000.000000000000000 ) ;
#980 = SURFACE_STYLE_FILL_AREA ( #5180 ) ;
#981 = CARTESIAN_POINT ( 'NONE',  ( -1.349999999999999645, 0.1999999999999999833, 0.1250000000000001110 ) ) ;
#982 = CLOSED_SHELL ( 'NONE', ( #4423, #6194, #5081, #963, #1740, #2878, #5135, #6260, #690, #5718 ) ) ;
#983 = ORIENTED_EDGE ( 'NONE', *, *, #6184, .F. ) ;
#984 = SURFACE_SIDE_STYLE ('',( #7509 ) ) ;
#985 = ORIENTED_EDGE ( 'NONE', *, *, #813, .F. ) ;
#986 = DIRECTION ( 'NONE',  ( -0.000000000000000000, -1.000000000000000000, -0.000000000000000000 ) ) ;
#987 = VERTEX_POINT ( 'NONE', #7441 ) ;
#988 = EDGE_CURVE ( 'NONE', #7112, #4558, #2325, .T. ) ;
#989 = CARTESIAN_POINT ( 'NONE',  ( -1.349999999999999645, 0.2000000000000000111, 0.6250000000000001110 ) ) ;
#990 =( GEOMETRIC_REPRESENTATION_CONTEXT ( 3 ) GLOBAL_UNCERTAINTY_ASSIGNED_CONTEXT ( ( #1516 ) ) GLOBAL_UNIT_ASSIGNED_CONTEXT ( ( #6352, #5151, #6939 ) ) REPRESENTATION_CONTEXT ( 'NONE', 'WORKASPACE' ) );
#991 = CYLINDRICAL_SURFACE ( 'NONE', #4761, 0.05000000000000002359 ) ;
#992 = LINE ( 'NONE', #1229, #3602 ) ;
#993 =( NAMED_UNIT ( * ) SI_UNIT ( $, .STERADIAN. ) SOLID_ANGLE_UNIT ( ) );
#994 = EDGE_CURVE ( 'NONE', #7610, #7714, #2275, .T. ) ;
#995 = ORIENTED_EDGE ( 'NONE', *, *, #275, .T. ) ;
#996 = ORIENTED_EDGE ( 'NONE', *, *, #2422, .T. ) ;
#997 = DIRECTION ( 'NONE',  ( -0.000000000000000000, -1.000000000000000000, -0.000000000000000000 ) ) ;
#998 = ORIENTED_EDGE ( 'NONE', *, *, #330, .T. ) ;
#999 = DIRECTION ( 'NONE',  ( -0.000000000000000000, -1.000000000000000000, -0.000000000000000000 ) ) ;
#1000 = ORIENTED_EDGE ( 'NONE', *, *, #6844, .F. ) ;
#1001 = CARTESIAN_POINT ( 'NONE',  ( 1.100000000000000089, 0.5905124837953331651, -0.8249999999999995115 ) ) ;
#1002 = LINE ( 'NONE', #5819, #3611 ) ;
#1003 = DIRECTION ( 'NONE',  ( 0.000000000000000000, 1.000000000000000000, 0.000000000000000000 ) ) ;
#1004 = EDGE_CURVE ( 'NONE', #3498, #4408, #2225, .T. ) ;
#1005 = VECTOR ( 'NONE', #1107, 1000.000000000000000 ) ;
#1006 = DIRECTION ( 'NONE',  ( -0.000000000000000000, -1.000000000000000000, -0.000000000000000000 ) ) ;
#1007 = VERTEX_POINT ( 'NONE', #3120 ) ;
#1008 = VERTEX_POINT ( 'NONE', #4345 ) ;
#1009 = DIRECTION ( 'NONE',  ( 0.000000000000000000, -1.000000000000000000, 0.000000000000000000 ) ) ;
#1010 = EDGE_CURVE ( 'NONE', #1239, #3774, #4733, .T. ) ;
#1011 = ORIENTED_EDGE ( 'NONE', *, *, #4705, .T. ) ;
#1012 = SURFACE_SIDE_STYLE ('',( #693 ) ) ;
#1013 = ORIENTED_EDGE ( 'NONE', *, *, #4837, .F. ) ;
#1014 = DIRECTION ( 'NONE',  ( 0.000000000000000000, -1.000000000000000000, 0.000000000000000000 ) ) ;
#1015 = CIRCLE ( 'NONE', #5627, 0.04999999999999991257 ) ;
#1016 = AXIS2_PLACEMENT_3D ( 'NONE', #7584, #3757, #1954 ) ;
#1017 = AXIS2_PLACEMENT_3D ( 'NONE', #1384, #6652, #6196 ) ;
#1018 = DIRECTION ( 'NONE',  ( 0.000000000000000000, -1.000000000000000000, 0.000000000000000000 ) ) ;
#1019 = CARTESIAN_POINT ( 'NONE',  ( -1.150000000000000355, 0.2000000000000000111, 0.6250000000000001110 ) ) ;
#1020 = LINE ( 'NONE', #6204, #979 ) ;
#1021 = CIRCLE ( 'NONE', #927, 0.05000000000000002359 ) ;
#1022 = DIRECTION ( 'NONE',  ( -7.228014483236695816E-17, 0.000000000000000000, -1.000000000000000000 ) ) ;
#1023 = ORIENTED_EDGE ( 'NONE', *, *, #6907, .T. ) ;
#1024 = EDGE_LOOP ( 'NONE', ( #4339, #4208, #4298, #594 ) ) ;
#1025 = DIRECTION ( 'NONE',  ( 0.000000000000000000, -0.000000000000000000, 1.000000000000000000 ) ) ;
#1026 = VERTEX_POINT ( 'NONE', #5642 ) ;
#1027 = EDGE_LOOP ( 'NONE', ( #218, #769, #5353, #181, #4350, #1732, #2668, #3551 ) ) ;
#1028 = EDGE_CURVE ( 'NONE', #5322, #6896, #4948, .T. ) ;
#1029 = FACE_OUTER_BOUND ( 'NONE', #2491, .T. ) ;
#1030 = ADVANCED_FACE ( 'NONE', ( #2340 ), #2240, .F. ) ;
#1031 = CARTESIAN_POINT ( 'NONE',  ( 1.350000000000000089, 0.1999999999999999833, 0.1750000000000000167 ) ) ;
#1032 = AXIS2_PLACEMENT_3D ( 'NONE', #5541, #1879, #3797 ) ;
#1033 = VECTOR ( 'NONE', #4343, 1000.000000000000000 ) ;
#1034 = LINE ( 'NONE', #2958, #3445 ) ;
#1035 = CARTESIAN_POINT ( 'NONE',  ( 1.100000000000000089, 0.5905124837953331651, -1.175000000000000266 ) ) ;
#1036 = ORIENTED_EDGE ( 'NONE', *, *, #6614, .T. ) ;
#1037 = VERTEX_POINT ( 'NONE', #2005 ) ;
#1038 = CARTESIAN_POINT ( 'NONE',  ( 1.150000000000000355, 0.1999999999999999833, 0.8750000000000001110 ) ) ;
#1039 = DIRECTION ( 'NONE',  ( 0.000000000000000000, 0.000000000000000000, -1.000000000000000000 ) ) ;
#1040 = ORIENTED_EDGE ( 'NONE', *, *, #6519, .F. ) ;
#1041 = CARTESIAN_POINT ( 'NONE',  ( -1.350000000000000089, 0.5905124837953331651, -0.3250000000000000111 ) ) ;
#1042 = VERTEX_POINT ( 'NONE', #6706 ) ;
#1043 = CARTESIAN_POINT ( 'NONE',  ( -1.150000000000000355, 0.1999999999999999833, 0.3750000000000001110 ) ) ;
#1044 = UNCERTAINTY_MEASURE_WITH_UNIT (LENGTH_MEASURE( 1.000000000000000082E-05 ), #6783, 'distance_accuracy_value', 'NONE');
#1045 = ADVANCED_FACE ( 'NONE', ( #4701 ), #1527, .F. ) ;
#1046 = LINE ( 'NONE', #1180, #3499 ) ;
#1047 = EDGE_CURVE ( 'NONE', #2351, #5011, #2516, .T. ) ;
#1048 = CARTESIAN_POINT ( 'NONE',  ( 1.400000000000000355, 0.2000000000000000111, 0.8249999999999997335 ) ) ;
#1049 = DIRECTION ( 'NONE',  ( 0.000000000000000000, 0.000000000000000000, 1.000000000000000000 ) ) ;
#1050 = ADVANCED_FACE ( 'NONE', ( #7792 ), #3872, .T. ) ;
#1051 = MECHANICAL_DESIGN_GEOMETRIC_PRESENTATION_REPRESENTATION (  '', ( #2647 ), #7455 ) ;
#1052 = VECTOR ( 'NONE', #3691, 1000.000000000000000 ) ;
#1053 = VECTOR ( 'NONE', #882, 1000.000000000000000 ) ;
#1054 = DIRECTION ( 'NONE',  ( -0.000000000000000000, 0.000000000000000000, 1.000000000000000000 ) ) ;
#1055 = CARTESIAN_POINT ( 'NONE',  ( 1.100000000000000089, 0.2000000000000000111, -0.1750000000000002387 ) ) ;
#1056 = ORIENTED_EDGE ( 'NONE', *, *, #3848, .F. ) ;
#1057 = VERTEX_POINT ( 'NONE', #2740 ) ;
#1058 = DIRECTION ( 'NONE',  ( -0.000000000000000000, 0.000000000000000000, 1.000000000000000000 ) ) ;
#1059 = ORIENTED_EDGE ( 'NONE', *, *, #5765, .T. ) ;
#1060 = DIRECTION ( 'NONE',  ( 0.000000000000000000, -1.000000000000000000, 0.000000000000000000 ) ) ;
#1061 = ORIENTED_EDGE ( 'NONE', *, *, #7408, .T. ) ;
#1062 = DIRECTION ( 'NONE',  ( -1.000000000000000000, 0.000000000000000000, 0.000000000000000000 ) ) ;
#1063 = FACE_OUTER_BOUND ( 'NONE', #4531, .T. ) ;
#1064 = DIRECTION ( 'NONE',  ( -1.000000000000000000, 0.000000000000000000, 0.000000000000000000 ) ) ;
#1065 = EDGE_CURVE ( 'NONE', #1646, #4328, #7731, .T. ) ;
#1066 = VECTOR ( 'NONE', #3809, 1000.000000000000000 ) ;
#1067 = LINE ( 'NONE', #3337, #1053 ) ;
#1068 =( LENGTH_UNIT ( ) NAMED_UNIT ( * ) SI_UNIT ( .MILLI., .METRE. ) );
#1069 = MECHANICAL_DESIGN_GEOMETRIC_PRESENTATION_REPRESENTATION (  '', ( #5200 ), #395 ) ;
#1070 = DIRECTION ( 'NONE',  ( 0.000000000000000000, 1.000000000000000000, 0.000000000000000000 ) ) ;
#1071 = ORIENTED_EDGE ( 'NONE', *, *, #7513, .T. ) ;
#1072 = ORIENTED_EDGE ( 'NONE', *, *, #4951, .T. ) ;
#1073 = DIRECTION ( 'NONE',  ( 0.000000000000000000, -1.000000000000000000, 0.000000000000000000 ) ) ;
#1074 = ORIENTED_EDGE ( 'NONE', *, *, #2151, .T. ) ;
#1075 = CARTESIAN_POINT ( 'NONE',  ( 1.400000000000000133, 0.000000000000000000, -0.8249999999999997335 ) ) ;
#1076 = VERTEX_POINT ( 'NONE', #4920 ) ;
#1077 = CARTESIAN_POINT ( 'NONE',  ( -1.149999999999999911, 0.2000000000000000111, 0.6750000000000000444 ) ) ;
#1078 = LINE ( 'NONE', #1291, #6209 ) ;
#1079 = DIRECTION ( 'NONE',  ( 0.000000000000000000, 0.000000000000000000, 1.000000000000000000 ) ) ;
#1080 = FACE_OUTER_BOUND ( 'NONE', #7191, .T. ) ;
#1081 = EDGE_CURVE ( 'NONE', #4558, #931, #2591, .T. ) ;
#1082 = CIRCLE ( 'NONE', #4123, 0.04999999999999991257 ) ;
#1083 = CARTESIAN_POINT ( 'NONE',  ( -1.350000000000000089, 0.5905124837953331651, -0.8249999999999999556 ) ) ;
#1084 = CARTESIAN_POINT ( 'NONE',  ( -1.150000000000000355, 0.04999999999999999584, 0.3750000000000001110 ) ) ;
#1085 = ORIENTED_EDGE ( 'NONE', *, *, #4105, .F. ) ;
#1086 = AXIS2_PLACEMENT_3D ( 'NONE', #4459, #6263, #2160 ) ;
#1087 = ORIENTED_EDGE ( 'NONE', *, *, #5156, .F. ) ;
#1088 = DIRECTION ( 'NONE',  ( -0.000000000000000000, -1.000000000000000000, -0.000000000000000000 ) ) ;
#1089 = ORIENTED_EDGE ( 'NONE', *, *, #1552, .F. ) ;
#1090 = ORIENTED_EDGE ( 'NONE', *, *, #3005, .F. ) ;
#1091 = LINE ( 'NONE', #5138, #3625 ) ;
#1092 = DIRECTION ( 'NONE',  ( -1.000000000000000000, 0.000000000000000000, 0.000000000000000000 ) ) ;
#1093 = CIRCLE ( 'NONE', #3603, 0.04999999999999991257 ) ;
#1094 = DIRECTION ( 'NONE',  ( 0.000000000000000000, -1.000000000000000000, 0.000000000000000000 ) ) ;
#1095 = ORIENTED_EDGE ( 'NONE', *, *, #4035, .F. ) ;
#1096 = EDGE_LOOP ( 'NONE', ( #5839, #170, #278, #5336 ) ) ;
#1097 = DIRECTION ( 'NONE',  ( 0.000000000000000000, 0.000000000000000000, -1.000000000000000000 ) ) ;
#1098 = EDGE_CURVE ( 'NONE', #3662, #3646, #2604, .T. ) ;
#1099 = VERTEX_POINT ( 'NONE', #4058 ) ;
#1100 = DIRECTION ( 'NONE',  ( 0.000000000000000000, -1.000000000000000000, 0.000000000000000000 ) ) ;
#1101 = VERTEX_POINT ( 'NONE', #564 ) ;
#1102 = EDGE_CURVE ( 'NONE', #4357, #740, #7631, .T. ) ;
#1103 = FACE_OUTER_BOUND ( 'NONE', #786, .T. ) ;
#1104 = ADVANCED_FACE ( 'NONE', ( #4997 ), #5024, .F. ) ;
#1105 = DIRECTION ( 'NONE',  ( -1.445602896647343847E-15, 0.000000000000000000, -1.000000000000000000 ) ) ;
#1106 = EDGE_CURVE ( 'NONE', #7046, #7098, #5116, .T. ) ;
#1107 = DIRECTION ( 'NONE',  ( -1.000000000000000000, 0.000000000000000000, 0.000000000000000000 ) ) ;
#1108 = DIRECTION ( 'NONE',  ( 0.000000000000000000, 1.000000000000000000, 0.000000000000000000 ) ) ;
#1109 = ADVANCED_FACE ( 'NONE', ( #7671 ), #5309, .F. ) ;
#1110 = DIRECTION ( 'NONE',  ( -0.000000000000000000, -1.000000000000000000, -0.000000000000000000 ) ) ;
#1111 = ORIENTED_EDGE ( 'NONE', *, *, #3534, .T. ) ;
#1112 = FACE_OUTER_BOUND ( 'NONE', #5422, .T. ) ;
#1113 = ORIENTED_EDGE ( 'NONE', *, *, #3155, .T. ) ;
#1114 = DIRECTION ( 'NONE',  ( -0.000000000000000000, -1.000000000000000000, -0.000000000000000000 ) ) ;
#1115 = ORIENTED_EDGE ( 'NONE', *, *, #3202, .T. ) ;
#1116 = CARTESIAN_POINT ( 'NONE',  ( 1.150000000000000355, 0.5905124837953331651, 0.8750000000000001110 ) ) ;
#1117 = EDGE_CURVE ( 'NONE', #2501, #7034, #5051, .T. ) ;
#1118 = ORIENTED_EDGE ( 'NONE', *, *, #6375, .T. ) ;
#1119 = DIRECTION ( 'NONE',  ( 0.000000000000000000, 0.000000000000000000, -1.000000000000000000 ) ) ;
#1120 = VECTOR ( 'NONE', #2287, 1000.000000000000000 ) ;
#1121 = CARTESIAN_POINT ( 'NONE',  ( -1.100000000000000089, 0.2000000000000000111, 0.6750000000000004885 ) ) ;
#1122 = ADVANCED_FACE ( 'NONE', ( #5130 ), #2350, .T. ) ;
#1123 = VECTOR ( 'NONE', #1092, 1000.000000000000000 ) ;
#1124 = EDGE_CURVE ( 'NONE', #4060, #3249, #2530, .T. ) ;
#1125 = CIRCLE ( 'NONE', #7045, 0.04999999999999991257 ) ;
#1126 = CARTESIAN_POINT ( 'NONE',  ( -1.150000000000000355, 0.5905124837953331651, 0.8750000000000001110 ) ) ;
#1127 = DIRECTION ( 'NONE',  ( 0.000000000000000000, -1.000000000000000000, 0.000000000000000000 ) ) ;
#1128 = EDGE_LOOP ( 'NONE', ( #6274, #6814, #4767, #1235 ) ) ;
#1129 = VECTOR ( 'NONE', #2810, 1000.000000000000000 ) ;
#1130 = AXIS2_PLACEMENT_3D ( 'NONE', #3093, #3716, #134 ) ;
#1131 = ORIENTED_EDGE ( 'NONE', *, *, #3080, .F. ) ;
#1132 = CARTESIAN_POINT ( 'NONE',  ( -1.349999999999999645, 0.5905124837953331651, 1.125000000000000222 ) ) ;
#1133 = AXIS2_PLACEMENT_3D ( 'NONE', #5445, #7554, #4825 ) ;
#1134 = ORIENTED_EDGE ( 'NONE', *, *, #3202, .F. ) ;
#1135 = DIRECTION ( 'NONE',  ( 0.000000000000000000, 0.000000000000000000, 1.000000000000000000 ) ) ;
#1136 = CARTESIAN_POINT ( 'NONE',  ( -1.100000000000000089, 0.000000000000000000, -0.6750000000000002665 ) ) ;
#1137 = ORIENTED_EDGE ( 'NONE', *, *, #6362, .T. ) ;
#1138 = CARTESIAN_POINT ( 'NONE',  ( -1.149999999999999911, 0.5905124837953331651, -1.324999999999999956 ) ) ;
#1139 = LINE ( 'NONE', #601, #975 ) ;
#1140 = CARTESIAN_POINT ( 'NONE',  ( 1.350000000000000089, 0.1999999999999999833, -0.8249999999999999556 ) ) ;
#1141 = VECTOR ( 'NONE', #1573, 1000.000000000000000 ) ;
#1142 = VECTOR ( 'NONE', #2465, 1000.000000000000000 ) ;
#1143 = DIRECTION ( 'NONE',  ( 2.602085213965215059E-14, 0.000000000000000000, 1.000000000000000000 ) ) ;
#1144 = EDGE_CURVE ( 'NONE', #657, #3685, #7557, .T. ) ;
#1145 = EDGE_LOOP ( 'NONE', ( #2401, #3736, #4629, #1569 ) ) ;
#1146 = LINE ( 'NONE', #5377, #3898 ) ;
#1147 = ORIENTED_EDGE ( 'NONE', *, *, #4259, .T. ) ;
#1148 = PLANE ( 'NONE',  #1787 ) ;
#1149 = PRESENTATION_LAYER_ASSIGNMENT (  '', '', ( #6307 ) ) ;
#1150 = ORIENTED_EDGE ( 'NONE', *, *, #5866, .F. ) ;
#1151 = ORIENTED_EDGE ( 'NONE', *, *, #6949, .F. ) ;
#1152 = LINE ( 'NONE', #1019, #3966 ) ;
#1153 = VECTOR ( 'NONE', #4513, 1000.000000000000000 ) ;
#1154 = CIRCLE ( 'NONE', #3175, 0.04999999999999991257 ) ;
#1155 = CARTESIAN_POINT ( 'NONE',  ( 1.400000000000000355, 0.2000000000000000111, -0.1750000000000002387 ) ) ;
#1156 = VECTOR ( 'NONE', #7672, 1000.000000000000000 ) ;
#1157 = ORIENTED_EDGE ( 'NONE', *, *, #613, .F. ) ;
#1158 = CIRCLE ( 'NONE', #6024, 0.04999999999999991257 ) ;
#1159 = EDGE_CURVE ( 'NONE', #6926, #5091, #5078, .T. ) ;
#1160 = ORIENTED_EDGE ( 'NONE', *, *, #5697, .F. ) ;
#1161 = DIRECTION ( 'NONE',  ( 0.000000000000000000, 0.000000000000000000, 1.000000000000000000 ) ) ;
#1162 = PLANE ( 'NONE',  #6616 ) ;
#1163 = VERTEX_POINT ( 'NONE', #981 ) ;
#1164 = DIRECTION ( 'NONE',  ( 0.000000000000000000, 0.000000000000000000, 1.000000000000000000 ) ) ;
#1165 = AXIS2_PLACEMENT_3D ( 'NONE', #6992, #4765, #5197 ) ;
#1166 = ORIENTED_EDGE ( 'NONE', *, *, #2502, .T. ) ;
#1167 = FACE_OUTER_BOUND ( 'NONE', #6822, .T. ) ;
#1168 = CARTESIAN_POINT ( 'NONE',  ( -1.150000000000000355, 0.2000000000000000111, 0.3750000000000001110 ) ) ;
#1169 = FACE_OUTER_BOUND ( 'NONE', #828, .T. ) ;
#1170 = CARTESIAN_POINT ( 'NONE',  ( -1.100000000000000089, 0.2000000000000000111, -0.6750000000000002665 ) ) ;
#1171 = ORIENTED_EDGE ( 'NONE', *, *, #1963, .T. ) ;
#1172 = CARTESIAN_POINT ( 'NONE',  ( 1.349999999999999645, 0.2000000000000000111, -0.3749999999999998890 ) ) ;
#1173 = EDGE_LOOP ( 'NONE', ( #1118, #1013, #452, #6459 ) ) ;
#1174 = VERTEX_POINT ( 'NONE', #7020 ) ;
#1175 = CARTESIAN_POINT ( 'NONE',  ( -1.350000000000000311, 0.2000000000000000111, 1.325000000000000178 ) ) ;
#1176 = ORIENTED_EDGE ( 'NONE', *, *, #2051, .T. ) ;
#1177 = EDGE_CURVE ( 'NONE', #3396, #4553, #7771, .T. ) ;
#1178 = DIRECTION ( 'NONE',  ( 0.000000000000000000, 0.000000000000000000, 1.000000000000000000 ) ) ;
#1179 = EDGE_LOOP ( 'NONE', ( #4494, #3221, #3288, #4284 ) ) ;
#1180 = CARTESIAN_POINT ( 'NONE',  ( 1.350000000000000089, 0.5905124837953331651, -1.124999999999999778 ) ) ;
#1181 = VECTOR ( 'NONE', #2149, 1000.000000000000000 ) ;
#1182 = ADVANCED_FACE ( 'NONE', ( #5214 ), #2579, .T. ) ;
#1183 = AXIS2_PLACEMENT_3D ( 'NONE', #5115, #5258, #6845 ) ;
#1184 = DIRECTION ( 'NONE',  ( 0.000000000000000000, -1.000000000000000000, 0.000000000000000000 ) ) ;
#1185 = LINE ( 'NONE', #4836, #6378 ) ;
#1186 = DIRECTION ( 'NONE',  ( 0.000000000000000000, 1.000000000000000000, 0.000000000000000000 ) ) ;
#1187 = ADVANCED_FACE ( 'NONE', ( #7544 ), #4985, .T. ) ;
#1188 = CIRCLE ( 'NONE', #697, 0.04999999999999991257 ) ;
#1189 = DIRECTION ( 'NONE',  ( 1.000000000000000000, -0.000000000000000000, -0.000000000000000000 ) ) ;
#1190 = ORIENTED_EDGE ( 'NONE', *, *, #4301, .F. ) ;
#1191 = EDGE_LOOP ( 'NONE', ( #5381, #4861, #2267, #302 ) ) ;
#1192 = CARTESIAN_POINT ( 'NONE',  ( -1.149999999999999911, 0.2000000000000000111, -0.1749999999999998224 ) ) ;
#1193 = ORIENTED_EDGE ( 'NONE', *, *, #2028, .F. ) ;
#1194 = DIRECTION ( 'NONE',  ( 0.000000000000000000, -1.000000000000000000, 0.000000000000000000 ) ) ;
#1195 = DIRECTION ( 'NONE',  ( 0.000000000000000000, 0.000000000000000000, 1.000000000000000000 ) ) ;
#1196 = ORIENTED_EDGE ( 'NONE', *, *, #3442, .T. ) ;
#1197 = AXIS2_PLACEMENT_3D ( 'NONE', #3833, #3890, #1739 ) ;
#1198 = DIRECTION ( 'NONE',  ( 0.000000000000000000, -0.000000000000000000, 1.000000000000000000 ) ) ;
#1199 = DIRECTION ( 'NONE',  ( 1.301042606982604690E-14, 0.000000000000000000, 1.000000000000000000 ) ) ;
#1200 = LINE ( 'NONE', #6544, #1355 ) ;
#1201 = LINE ( 'NONE', #2616, #6522 ) ;
#1202 = DIRECTION ( 'NONE',  ( -0.000000000000000000, -1.000000000000000000, 0.000000000000000000 ) ) ;
#1203 = CARTESIAN_POINT ( 'NONE',  ( 1.149999999999999911, 0.2000000000000000111, -0.1749999999999998224 ) ) ;
#1204 = ORIENTED_EDGE ( 'NONE', *, *, #5447, .F. ) ;
#1205 = VERTEX_POINT ( 'NONE', #4567 ) ;
#1206 = CIRCLE ( 'NONE', #6130, 0.04999999999999991257 ) ;
#1207 = ORIENTED_EDGE ( 'NONE', *, *, #4634, .F. ) ;
#1208 = DIRECTION ( 'NONE',  ( -0.000000000000000000, 0.000000000000000000, 1.000000000000000000 ) ) ;
#1209 = ORIENTED_EDGE ( 'NONE', *, *, #2926, .F. ) ;
#1210 = VERTEX_POINT ( 'NONE', #466 ) ;
#1211 = VECTOR ( 'NONE', #358, 1000.000000000000000 ) ;
#1212 = EDGE_CURVE ( 'NONE', #1543, #7264, #7716, .T. ) ;
#1213 = CIRCLE ( 'NONE', #2208, 0.04999999999999991257 ) ;
#1214 = FACE_OUTER_BOUND ( 'NONE', #836, .T. ) ;
#1215 = DIRECTION ( 'NONE',  ( 1.000000000000000000, -0.000000000000000000, -0.000000000000000000 ) ) ;
#1216 = EDGE_LOOP ( 'NONE', ( #6764, #5228, #3371, #2856 ) ) ;
#1217 = ORIENTED_EDGE ( 'NONE', *, *, #2163, .T. ) ;
#1218 = LINE ( 'NONE', #7751, #6420 ) ;
#1219 = ORIENTED_EDGE ( 'NONE', *, *, #5514, .T. ) ;
#1220 = CARTESIAN_POINT ( 'NONE',  ( -1.149999999999999911, 0.1999999999999999833, 1.325000000000000178 ) ) ;
#1221 = DIRECTION ( 'NONE',  ( 0.000000000000000000, 0.000000000000000000, -1.000000000000000000 ) ) ;
#1222 = EDGE_CURVE ( 'NONE', #6848, #4488, #4970, .T. ) ;
#1223 = VERTEX_POINT ( 'NONE', #3554 ) ;
#1224 = CARTESIAN_POINT ( 'NONE',  ( -0.5999999999999992006, 0.2000000000000000944, -1.275000000000000133 ) ) ;
#1225 = ORIENTED_EDGE ( 'NONE', *, *, #3245, .T. ) ;
#1226 = VECTOR ( 'NONE', #3311, 1000.000000000000000 ) ;
#1227 = PLANE ( 'NONE',  #550 ) ;
#1228 = PRODUCT_DEFINITION_FORMATION_WITH_SPECIFIED_SOURCE ( 'ANY', '', #2906, .NOT_KNOWN. ) ;
#1229 = CARTESIAN_POINT ( 'NONE',  ( -1.150000000000000355, 0.000000000000000000, -1.375000000000000000 ) ) ;
#1230 = CIRCLE ( 'NONE', #4154, 0.04999999999999991257 ) ;
#1231 = PRESENTATION_STYLE_ASSIGNMENT (( #1977 ) ) ;
#1232 = DIRECTION ( 'NONE',  ( 0.000000000000000000, 1.000000000000000000, 0.000000000000000000 ) ) ;
#1233 = FACE_OUTER_BOUND ( 'NONE', #1930, .T. ) ;
#1234 = DIRECTION ( 'NONE',  ( 1.000000000000000000, 0.000000000000000000, 0.000000000000000000 ) ) ;
#1235 = ORIENTED_EDGE ( 'NONE', *, *, #4333, .F. ) ;
#1236 = CIRCLE ( 'NONE', #7552, 0.04999999999999991257 ) ;
#1237 = ORIENTED_EDGE ( 'NONE', *, *, #1455, .T. ) ;
#1238 = EDGE_CURVE ( 'NONE', #1037, #298, #7684, .T. ) ;
#1239 = VERTEX_POINT ( 'NONE', #6593 ) ;
#1240 = CARTESIAN_POINT ( 'NONE',  ( 1.149999999999999911, 0.000000000000000000, 0.6750000000000000444 ) ) ;
#1241 = EDGE_CURVE ( 'NONE', #7492, #5408, #2402, .T. ) ;
#1242 = CARTESIAN_POINT ( 'NONE',  ( 1.149999999999999911, 0.2000000000000000111, -1.174999999999999822 ) ) ;
#1243 = VECTOR ( 'NONE', #6836, 1000.000000000000000 ) ;
#1244 = CARTESIAN_POINT ( 'NONE',  ( 1.350000000000000089, 0.2000000000000000111, 1.175000000000000044 ) ) ;
#1245 = AXIS2_PLACEMENT_3D ( 'NONE', #946, #1119, #2762 ) ;
#1246 = LINE ( 'NONE', #6053, #3838 ) ;
#1247 = LINE ( 'NONE', #1423, #6335 ) ;
#1248 = CARTESIAN_POINT ( 'NONE',  ( 1.100000000000000089, 0.000000000000000000, 1.175000000000000488 ) ) ;
#1249 = LINE ( 'NONE', #771, #6382 ) ;
#1250 = CARTESIAN_POINT ( 'NONE',  ( -1.399999999999999911, 0.000000000000000000, -1.324999999999999512 ) ) ;
#1251 = ORIENTED_EDGE ( 'NONE', *, *, #2345, .F. ) ;
#1252 = FACE_OUTER_BOUND ( 'NONE', #1850, .T. ) ;
#1253 = ORIENTED_EDGE ( 'NONE', *, *, #1388, .T. ) ;
#1254 = DIRECTION ( 'NONE',  ( 0.000000000000000000, 0.000000000000000000, -1.000000000000000000 ) ) ;
#1255 = CIRCLE ( 'NONE', #5161, 0.04999999999999991257 ) ;
#1256 = EDGE_CURVE ( 'NONE', #7061, #3399, #12, .T. ) ;
#1257 = CARTESIAN_POINT ( 'NONE',  ( -1.399999999999999911, 0.1999999999999999833, 0.1750000000000004607 ) ) ;
#1258 = AXIS2_PLACEMENT_3D ( 'NONE', #6013, #1976, #6179 ) ;
#1259 = CARTESIAN_POINT ( 'NONE',  ( -1.400000000000000133, 0.000000000000000000, 0.8249999999999997335 ) ) ;
#1260 = ORIENTED_EDGE ( 'NONE', *, *, #6909, .F. ) ;
#1261 = VECTOR ( 'NONE', #6768, 1000.000000000000000 ) ;
#1262 = ORIENTED_EDGE ( 'NONE', *, *, #3046, .F. ) ;
#1263 = CARTESIAN_POINT ( 'NONE',  ( 0.6999999999999996225, 0.000000000000000000, 1.274999999999999689 ) ) ;
#1264 = EDGE_CURVE ( 'NONE', #4729, #3846, #2494, .T. ) ;
#1265 = VECTOR ( 'NONE', #3099, 1000.000000000000000 ) ;
#1267 = DIRECTION ( 'NONE',  ( 0.000000000000000000, 1.000000000000000000, 0.000000000000000000 ) ) ;
#1266 = PRESENTATION_LAYER_ASSIGNMENT (  '', '', ( #1610 ) ) ;
#1268 = ORIENTED_EDGE ( 'NONE', *, *, #1010, .T. ) ;
#1269 = ORIENTED_EDGE ( 'NONE', *, *, #7677, .F. ) ;
#1270 = LINE ( 'NONE', #7496, #3871 ) ;
#1271 = VERTEX_POINT ( 'NONE', #6957 ) ;
#1272 = FILL_AREA_STYLE ('',( #3440 ) ) ;
#1273 = DIRECTION ( 'NONE',  ( 0.000000000000000000, 1.000000000000000000, 0.000000000000000000 ) ) ;
#1274 = DIRECTION ( 'NONE',  ( 1.000000000000000000, 0.000000000000000000, -0.000000000000000000 ) ) ;
#1275 = CARTESIAN_POINT ( 'NONE',  ( -1.150000000000000355, 0.000000000000000000, 1.125000000000000222 ) ) ;
#1276 = VECTOR ( 'NONE', #4148, 1000.000000000000000 ) ;
#1277 = EDGE_CURVE ( 'NONE', #7249, #1271, #5141, .T. ) ;
#1278 = DIRECTION ( 'NONE',  ( 0.000000000000000000, 0.000000000000000000, 1.000000000000000000 ) ) ;
#1279 = ORIENTED_EDGE ( 'NONE', *, *, #6857, .T. ) ;
#1280 = DIRECTION ( 'NONE',  ( -0.000000000000000000, -0.000000000000000000, 1.000000000000000000 ) ) ;
#1281 = EDGE_LOOP ( 'NONE', ( #1544, #5396, #3553, #4508 ) ) ;
#1282 = VECTOR ( 'NONE', #3341, 1000.000000000000000 ) ;
#1283 = AXIS2_PLACEMENT_3D ( 'NONE', #2994, #2828, #7559 ) ;
#1284 = EDGE_LOOP ( 'NONE', ( #1736, #4394, #5958, #7014 ) ) ;
#1285 = DIRECTION ( 'NONE',  ( 1.000000000000000000, -0.000000000000000000, 0.000000000000000000 ) ) ;
#1286 = LINE ( 'NONE', #909, #6462 ) ;
#1287 = SURFACE_SIDE_STYLE ('',( #4851 ) ) ;
#1288 = LINE ( 'NONE', #506, #6509 ) ;
#1289 = DIRECTION ( 'NONE',  ( -1.000000000000000000, 0.000000000000000000, -0.000000000000000000 ) ) ;
#1290 = VECTOR ( 'NONE', #7143, 1000.000000000000000 ) ;
#1291 = CARTESIAN_POINT ( 'NONE',  ( 1.150000000000000355, 0.000000000000000000, -1.375000000000000000 ) ) ;
#1292 = ORIENTED_EDGE ( 'NONE', *, *, #289, .T. ) ;
#1293 = LINE ( 'NONE', #6973, #1261 ) ;
#1294 = VERTEX_POINT ( 'NONE', #1576 ) ;
#1295 = AXIS2_PLACEMENT_3D ( 'NONE', #6214, #5126, #6761 ) ;
#1296 = DIRECTION ( 'NONE',  ( 0.000000000000000000, -0.000000000000000000, 1.000000000000000000 ) ) ;
#1297 = VECTOR ( 'NONE', #2423, 1000.000000000000000 ) ;
#1298 = CARTESIAN_POINT ( 'NONE',  ( 1.400000000000000133, 0.000000000000000000, -1.324999999999999734 ) ) ;
#1299 = CARTESIAN_POINT ( 'NONE',  ( -1.399999999999999911, 0.000000000000000000, 1.175000000000000488 ) ) ;
#1300 = LINE ( 'NONE', #723, #3731 ) ;
#1301 = FACE_OUTER_BOUND ( 'NONE', #614, .T. ) ;
#1302 = DIRECTION ( 'NONE',  ( 0.000000000000000000, 0.000000000000000000, -1.000000000000000000 ) ) ;
#1303 = CIRCLE ( 'NONE', #5741, 0.04999999999999991257 ) ;
#1304 = ORIENTED_EDGE ( 'NONE', *, *, #2775, .T. ) ;
#1305 = CIRCLE ( 'NONE', #5921, 0.05000000000000002359 ) ;
#1306 = ORIENTED_EDGE ( 'NONE', *, *, #7704, .F. ) ;
#1307 = EDGE_CURVE ( 'NONE', #4753, #3209, #7582, .T. ) ;
#1308 = ADVANCED_FACE ( 'NONE', ( #4961 ), #2020, .T. ) ;
#1309 = CARTESIAN_POINT ( 'NONE',  ( 1.100000000000000089, 0.5905124837953331651, 1.324999999999999734 ) ) ;
#1310 = CIRCLE ( 'NONE', #2475, 0.04999999999999991257 ) ;
#1311 = EDGE_CURVE ( 'NONE', #3991, #6248, #5166, .T. ) ;
#1312 = FACE_OUTER_BOUND ( 'NONE', #850, .T. ) ;
#1313 = DIRECTION ( 'NONE',  ( -0.000000000000000000, -0.000000000000000000, 1.000000000000000000 ) ) ;
#1314 = ORIENTED_EDGE ( 'NONE', *, *, #3129, .T. ) ;
#1315 = ORIENTED_EDGE ( 'NONE', *, *, #6672, .F. ) ;
#1316 = FACE_OUTER_BOUND ( 'NONE', #7167, .T. ) ;
#1317 = AXIS2_PLACEMENT_3D ( 'NONE', #1370, #4372, #6288 ) ;
#1318 = VERTEX_POINT ( 'NONE', #4839 ) ;
#1319 = DIRECTION ( 'NONE',  ( 0.000000000000000000, 0.000000000000000000, -1.000000000000000000 ) ) ;
#1320 = CARTESIAN_POINT ( 'NONE',  ( 1.400000000000000355, 0.2000000000000000111, 0.8249999999999997335 ) ) ;
#1321 = AXIS2_PLACEMENT_3D ( 'NONE', #4211, #5311, #1161 ) ;
#1322 = DIRECTION ( 'NONE',  ( 0.000000000000000000, -1.000000000000000000, 0.000000000000000000 ) ) ;
#1323 = CIRCLE ( 'NONE', #5689, 0.1250000000000003331 ) ;
#1324 = DIRECTION ( 'NONE',  ( -1.000000000000000000, 0.000000000000000000, 0.000000000000000000 ) ) ;
#1325 = FILL_AREA_STYLE ('',( #1376 ) ) ;
#1326 = LINE ( 'NONE', #3086, #3956 ) ;
#1327 = CYLINDRICAL_SURFACE ( 'NONE', #2089, 0.04999999999999991257 ) ;
#1328 = DIRECTION ( 'NONE',  ( 1.000000000000000000, -0.000000000000000000, 1.445602896647346016E-15 ) ) ;
#1329 = EDGE_CURVE ( 'NONE', #1859, #6287, #2428, .T. ) ;
#1330 = CIRCLE ( 'NONE', #4880, 0.04999999999999991257 ) ;
#1331 = CARTESIAN_POINT ( 'NONE',  ( -1.149999999999999911, 0.04999999999999999584, -0.3250000000000000111 ) ) ;
#1332 = ORIENTED_EDGE ( 'NONE', *, *, #3376, .F. ) ;
#1333 = PRESENTATION_STYLE_ASSIGNMENT (( #2753 ) ) ;
#1334 = EDGE_LOOP ( 'NONE', ( #1904, #1366, #2014, #1111 ) ) ;
#1335 = PRESENTATION_LAYER_ASSIGNMENT (  '', '', ( #6666 ) ) ;
#1336 = DIRECTION ( 'NONE',  ( 0.000000000000000000, -1.000000000000000000, 0.000000000000000000 ) ) ;
#1337 = CARTESIAN_POINT ( 'NONE',  ( 1.149999999999999911, 0.04999999999999999584, -0.1749999999999998224 ) ) ;
#1338 = CIRCLE ( 'NONE', #3558, 0.05000000000000002359 ) ;
#1339 = DIRECTION ( 'NONE',  ( -0.000000000000000000, -1.000000000000000000, -0.000000000000000000 ) ) ;
#1340 = VECTOR ( 'NONE', #1907, 1000.000000000000000 ) ;
#1341 = DIRECTION ( 'NONE',  ( -1.000000000000000000, 0.000000000000000000, -0.000000000000000000 ) ) ;
#1342 = LINE ( 'NONE', #2900, #6564 ) ;
#1343 = DIRECTION ( 'NONE',  ( 0.000000000000000000, 1.000000000000000000, 0.000000000000000000 ) ) ;
#1344 = ORIENTED_EDGE ( 'NONE', *, *, #116, .F. ) ;
#1345 = LINE ( 'NONE', #2696, #6355 ) ;
#1346 = EDGE_CURVE ( 'NONE', #129, #4432, #2378, .T. ) ;
#1347 = ORIENTED_EDGE ( 'NONE', *, *, #720, .F. ) ;
#1348 = DIRECTION ( 'NONE',  ( 0.000000000000000000, 0.000000000000000000, -1.000000000000000000 ) ) ;
#1349 = AXIS2_PLACEMENT_3D ( 'NONE', #6007, #569, #374 ) ;
#1350 = DIRECTION ( 'NONE',  ( 0.000000000000000000, 1.000000000000000000, 0.000000000000000000 ) ) ;
#1351 = VECTOR ( 'NONE', #5934, 1000.000000000000000 ) ;
#1352 = DIRECTION ( 'NONE',  ( 0.000000000000000000, 0.000000000000000000, 1.000000000000000000 ) ) ;
#1353 = CARTESIAN_POINT ( 'NONE',  ( 1.150000000000000355, 0.000000000000000000, 0.6250000000000001110 ) ) ;
#1354 = DIRECTION ( 'NONE',  ( 0.000000000000000000, 0.000000000000000000, 1.000000000000000000 ) ) ;
#1355 = VECTOR ( 'NONE', #3044, 1000.000000000000000 ) ;
#1356 = CARTESIAN_POINT ( 'NONE',  ( -1.149999999999999911, 0.04999999999999999584, 0.3250000000000001776 ) ) ;
#1357 = CARTESIAN_POINT ( 'NONE',  ( -1.150000000000000355, 0.000000000000000000, 0.8750000000000001110 ) ) ;
#1358 = VERTEX_POINT ( 'NONE', #6167 ) ;
#1359 = VERTEX_POINT ( 'NONE', #1964 ) ;
#1360 = ORIENTED_EDGE ( 'NONE', *, *, #508, .F. ) ;
#1361 = ADVANCED_FACE ( 'NONE', ( #7758 ), #6113, .F. ) ;
#1362 = EDGE_CURVE ( 'NONE', #7053, #7177, #2557, .T. ) ;
#1363 = AXIS2_PLACEMENT_3D ( 'NONE', #42, #1108, #2314 ) ;
#1364 = CARTESIAN_POINT ( 'NONE',  ( 1.150000000000000355, 0.5905124837953331651, -0.6249999999999998890 ) ) ;
#1365 = VECTOR ( 'NONE', #2842, 1000.000000000000000 ) ;
#1366 = ORIENTED_EDGE ( 'NONE', *, *, #4286, .F. ) ;
#1367 = CIRCLE ( 'NONE', #4928, 0.04999999999999991257 ) ;
#1368 = VERTEX_POINT ( 'NONE', #5414 ) ;
#1369 = CARTESIAN_POINT ( 'NONE',  ( 1.350000000000000311, 0.5905124837953331651, -0.1749999999999998224 ) ) ;
#1370 = CARTESIAN_POINT ( 'NONE',  ( 0.7000000000000000666, 3.109037641557771181, -1.274999999999999911 ) ) ;
#1371 = EDGE_CURVE ( 'NONE', #1457, #5513, #2391, .T. ) ;
#1372 = LINE ( 'NONE', #405, #6481 ) ;
#1373 = ADVANCED_FACE ( 'NONE', ( #5179 ), #2415, .T. ) ;
#1374 = DIRECTION ( 'NONE',  ( 0.000000000000000000, 1.000000000000000000, 0.000000000000000000 ) ) ;
#1375 = AXIS2_PLACEMENT_3D ( 'NONE', #5170, #7739, #7081 ) ;
#1376 = FILL_AREA_STYLE_COLOUR ( '', #6442 ) ;
#1377 = DIRECTION ( 'NONE',  ( -0.000000000000000000, -1.000000000000000000, -0.000000000000000000 ) ) ;
#1378 = LINE ( 'NONE', #3550, #3981 ) ;
#1379 = DIRECTION ( 'NONE',  ( 0.000000000000000000, 0.000000000000000000, 1.000000000000000000 ) ) ;
#1380 = ORIENTED_EDGE ( 'NONE', *, *, #6753, .F. ) ;
#1381 = CYLINDRICAL_SURFACE ( 'NONE', #2748, 0.04999999999999991257 ) ;
#1382 = VERTEX_POINT ( 'NONE', #30 ) ;
#1383 = CARTESIAN_POINT ( 'NONE',  ( -1.100000000000000089, 0.2000000000000000111, 1.324999999999999734 ) ) ;
#1384 = CARTESIAN_POINT ( 'NONE',  ( 1.350000000000000089, 0.2000000000000000111, 0.1750000000000000167 ) ) ;
#1385 = AXIS2_PLACEMENT_3D ( 'NONE', #6336, #2077, #2174 ) ;
#1386 = DIRECTION ( 'NONE',  ( -0.000000000000000000, -1.000000000000000000, -0.000000000000000000 ) ) ;
#1387 = VECTOR ( 'NONE', #4107, 1000.000000000000000 ) ;
#1388 = EDGE_CURVE ( 'NONE', #7448, #1861, #7621, .T. ) ;
#1389 = ORIENTED_EDGE ( 'NONE', *, *, #545, .T. ) ;
#1390 = LINE ( 'NONE', #5864, #1584 ) ;
#1391 = ORIENTED_EDGE ( 'NONE', *, *, #5255, .F. ) ;
#1392 = PLANE ( 'NONE',  #1822 ) ;
#1393 = CARTESIAN_POINT ( 'NONE',  ( -1.149999999999999911, 0.2000000000000000111, 1.325000000000000178 ) ) ;
#1394 = VECTOR ( 'NONE', #48, 1000.000000000000000 ) ;
#1395 = DIRECTION ( 'NONE',  ( 0.000000000000000000, 0.000000000000000000, 1.000000000000000000 ) ) ;
#1396 = PLANE ( 'NONE',  #5952 ) ;
#1397 = CARTESIAN_POINT ( 'NONE',  ( -1.399999999999999911, 0.5905124837953331651, -0.3249999999999995670 ) ) ;
#1398 = CARTESIAN_POINT ( 'NONE',  ( -1.400000000000000133, 0.2000000000000000111, -0.1750000000000002387 ) ) ;
#1399 = DIRECTION ( 'NONE',  ( -1.000000000000000000, 0.000000000000000000, 0.000000000000000000 ) ) ;
#1400 = EDGE_CURVE ( 'NONE', #2072, #2806, #243, .T. ) ;
#1401 = LINE ( 'NONE', #5302, #1365 ) ;
#1402 = VERTEX_POINT ( 'NONE', #4365 ) ;
#1403 = CIRCLE ( 'NONE', #6771, 0.05000000000000002359 ) ;
#1404 = EDGE_LOOP ( 'NONE', ( #2761, #111, #6009, #4276 ) ) ;
#1405 = EDGE_CURVE ( 'NONE', #1962, #4719, #2651, .T. ) ;
#1406 = EDGE_CURVE ( 'NONE', #879, #4571, #107, .T. ) ;
#1407 = PLANE ( 'NONE',  #3095 ) ;
#1408 = CARTESIAN_POINT ( 'NONE',  ( -1.150000000000000355, 0.2000000000000000111, -1.375000000000000000 ) ) ;
#1409 =( GEOMETRIC_REPRESENTATION_CONTEXT ( 3 ) GLOBAL_UNCERTAINTY_ASSIGNED_CONTEXT ( ( #6554 ) ) GLOBAL_UNIT_ASSIGNED_CONTEXT ( ( #6790, #4044, #4662 ) ) REPRESENTATION_CONTEXT ( 'NONE', 'WORKASPACE' ) );
#1410 = AXIS2_PLACEMENT_3D ( 'NONE', #3961, #862, #7005 ) ;
#1411 = CARTESIAN_POINT ( 'NONE',  ( 1.100000000000000089, 0.2000000000000000111, 0.3249999999999997891 ) ) ;
#1412 = FACE_OUTER_BOUND ( 'NONE', #7525, .T. ) ;
#1413 = ORIENTED_EDGE ( 'NONE', *, *, #5957, .F. ) ;
#1414 = LINE ( 'NONE', #5628, #4048 ) ;
#1415 = ORIENTED_EDGE ( 'NONE', *, *, #720, .T. ) ;
#1416 = CARTESIAN_POINT ( 'NONE',  ( -1.150000000000000355, 0.2000000000000000111, -0.1249999999999998890 ) ) ;
#1417 = CARTESIAN_POINT ( 'NONE',  ( -1.100000000000000089, 0.000000000000000000, 0.1750000000000004607 ) ) ;
#1418 = ADVANCED_FACE ( 'NONE', ( #5272, #2825, #2869, #121, #2852, #5306, #201, #5335, #72, #2678, #94, #2700, #2783, #133 ), #4979, .F. ) ;
#1419 = DIRECTION ( 'NONE',  ( -0.000000000000000000, -1.000000000000000000, -0.000000000000000000 ) ) ;
#1420 = DIRECTION ( 'NONE',  ( 0.000000000000000000, -1.000000000000000000, 0.000000000000000000 ) ) ;
#1421 = EDGE_CURVE ( 'NONE', #5736, #7298, #2756, .T. ) ;
#1422 = PLANE ( 'NONE',  #5454 ) ;
#1423 = CARTESIAN_POINT ( 'NONE',  ( -1.100000000000000089, 0.2000000000000000111, -0.6750000000000002665 ) ) ;
#1424 = CARTESIAN_POINT ( 'NONE',  ( 1.149999999999999911, 0.2000000000000000111, -0.3250000000000000111 ) ) ;
#1425 = AXIS2_PLACEMENT_3D ( 'NONE', #5933, #5399, #5989 ) ;
#1426 = CARTESIAN_POINT ( 'NONE',  ( 1.150000000000000355, 0.2000000000000000111, 0.8750000000000001110 ) ) ;
#1427 = CIRCLE ( 'NONE', #4472, 0.04999999999999991257 ) ;
#1428 = DIRECTION ( 'NONE',  ( 0.000000000000000000, -1.000000000000000000, 0.000000000000000000 ) ) ;
#1429 = ORIENTED_EDGE ( 'NONE', *, *, #1852, .T. ) ;
#1430 = EDGE_LOOP ( 'NONE', ( #2603, #7618, #3495, #2650, #7759, #5281, #7311, #4080 ) ) ;
#1431 = CARTESIAN_POINT ( 'NONE',  ( 0.6999999999999996225, 0.2000000000000000944, 1.274999999999999689 ) ) ;
#1432 = DIRECTION ( 'NONE',  ( 0.000000000000000000, 1.000000000000000000, 0.000000000000000000 ) ) ;
#1433 = ADVANCED_FACE ( 'NONE', ( #145 ), #5437, .T. ) ;
#1434 = CARTESIAN_POINT ( 'NONE',  ( 1.100000000000000089, 0.000000000000000000, -0.1750000000000002387 ) ) ;
#1435 = EDGE_CURVE ( 'NONE', #2543, #7067, #5450, .T. ) ;
#1436 = DIRECTION ( 'NONE',  ( -0.000000000000000000, -1.000000000000000000, -0.000000000000000000 ) ) ;
#1437 = AXIS2_PLACEMENT_3D ( 'NONE', #3056, #6073, #4170 ) ;
#1438 = ORIENTED_EDGE ( 'NONE', *, *, #4939, .F. ) ;
#1439 = VECTOR ( 'NONE', #3998, 1000.000000000000000 ) ;
#1440 = ORIENTED_EDGE ( 'NONE', *, *, #2506, .T. ) ;
#1441 = DIRECTION ( 'NONE',  ( 0.000000000000000000, -1.000000000000000000, 0.000000000000000000 ) ) ;
#1442 = DIRECTION ( 'NONE',  ( 0.000000000000000000, 0.000000000000000000, 1.000000000000000000 ) ) ;
#1443 = DIRECTION ( 'NONE',  ( -1.000000000000000000, 0.000000000000000000, -0.000000000000000000 ) ) ;
#1444 = DIRECTION ( 'NONE',  ( 0.000000000000000000, -1.000000000000000000, 0.000000000000000000 ) ) ;
#1445 = DIRECTION ( 'NONE',  ( 1.000000000000000000, 0.000000000000000000, 0.000000000000000000 ) ) ;
#1446 = EDGE_CURVE ( 'NONE', #1987, #5215, #5360, .T. ) ;
#1447 = DIRECTION ( 'NONE',  ( -0.000000000000000000, -1.000000000000000000, -0.000000000000000000 ) ) ;
#1448 = DIRECTION ( 'NONE',  ( 0.000000000000000000, 0.000000000000000000, 1.000000000000000000 ) ) ;
#1449 = VERTEX_POINT ( 'NONE', #2652 ) ;
#1450 = VECTOR ( 'NONE', #5667, 1000.000000000000000 ) ;
#1451 = AXIS2_PLACEMENT_3D ( 'NONE', #7402, #5692, #6915 ) ;
#1452 = EDGE_LOOP ( 'NONE', ( #1759, #2714, #4449, #5435, #2896 ) ) ;
#1453 = PLANE ( 'NONE',  #2962 ) ;
#1454 = DIRECTION ( 'NONE',  ( -1.000000000000000000, -0.000000000000000000, -0.000000000000000000 ) ) ;
#1455 = EDGE_CURVE ( 'NONE', #1163, #6080, #2730, .T. ) ;
#1456 = DIRECTION ( 'NONE',  ( 0.000000000000000000, 0.000000000000000000, -1.000000000000000000 ) ) ;
#1457 = VERTEX_POINT ( 'NONE', #3832 ) ;
#1458 = VECTOR ( 'NONE', #4430, 1000.000000000000000 ) ;
#1459 = ORIENTED_EDGE ( 'NONE', *, *, #3525, .F. ) ;
#1460 = DIRECTION ( 'NONE',  ( 0.000000000000000000, 0.000000000000000000, 1.000000000000000000 ) ) ;
#1461 = AXIS2_PLACEMENT_3D ( 'NONE', #617, #1267, #3189 ) ;
#1462 = DIRECTION ( 'NONE',  ( -0.000000000000000000, -1.000000000000000000, -0.000000000000000000 ) ) ;
#1463 = DIRECTION ( 'NONE',  ( 0.000000000000000000, 0.000000000000000000, 1.000000000000000000 ) ) ;
#1464 = CARTESIAN_POINT ( 'NONE',  ( -1.400000000000000133, 0.2000000000000000111, 0.8249999999999997335 ) ) ;
#1465 = CARTESIAN_POINT ( 'NONE',  ( 1.350000000000000089, 0.2000000000000000111, 0.8750000000000003331 ) ) ;
#1466 = DIRECTION ( 'NONE',  ( 0.000000000000000000, -1.000000000000000000, 0.000000000000000000 ) ) ;
#1467 = CARTESIAN_POINT ( 'NONE',  ( -1.200000000000000622, 0.4999999999999998890, -1.200000000000000400 ) ) ;
#1468 = ORIENTED_EDGE ( 'NONE', *, *, #2405, .F. ) ;
#1469 = FACE_OUTER_BOUND ( 'NONE', #1546, .T. ) ;
#1470 = ORIENTED_EDGE ( 'NONE', *, *, #1768, .F. ) ;
#1471 = ADVANCED_FACE ( 'NONE', ( #5234 ), #3045, .F. ) ;
#1472 = CARTESIAN_POINT ( 'NONE',  ( 1.150000000000000355, 0.2000000000000000111, -1.375000000000000000 ) ) ;
#1473 = EDGE_CURVE ( 'NONE', #5028, #3664, #271, .T. ) ;
#1474 = CARTESIAN_POINT ( 'NONE',  ( 1.350000000000000089, 0.2000000000000000111, 1.375000000000000444 ) ) ;
#1475 = EDGE_CURVE ( 'NONE', #1857, #2732, #2883, .T. ) ;
#1476 = ORIENTED_EDGE ( 'NONE', *, *, #1177, .T. ) ;
#1477 = VERTEX_POINT ( 'NONE', #5137 ) ;
#1478 = DIRECTION ( 'NONE',  ( 0.000000000000000000, 0.000000000000000000, -1.000000000000000000 ) ) ;
#1479 = ADVANCED_FACE ( 'NONE', ( #5398 ), #3986, .T. ) ;
#1480 = EDGE_CURVE ( 'NONE', #3246, #5346, #2629, .T. ) ;
#1481 = DIRECTION ( 'NONE',  ( -1.445602896647343847E-15, 0.000000000000000000, -1.000000000000000000 ) ) ;
#1482 = CARTESIAN_POINT ( 'NONE',  ( 0.7000000000000000666, 0.000000000000000000, -1.274999999999999911 ) ) ;
#1483 = CARTESIAN_POINT ( 'NONE',  ( 1.349999999999999645, 0.2000000000000000111, -0.3749999999999998890 ) ) ;
#1484 = DIRECTION ( 'NONE',  ( 0.000000000000000000, -1.000000000000000000, 0.000000000000000000 ) ) ;
#1485 = EDGE_CURVE ( 'NONE', #3132, #37, #5224, .T. ) ;
#1486 = EDGE_LOOP ( 'NONE', ( #7063, #1678, #811, #2866, #5271, #2729, #3740, #3607 ) ) ;
#1487 = CYLINDRICAL_SURFACE ( 'NONE', #7374, 0.05000000000000002359 ) ;
#1488 = ORIENTED_EDGE ( 'NONE', *, *, #6687, .F. ) ;
#1489 = AXIS2_PLACEMENT_3D ( 'NONE', #169, #5017, #6099 ) ;
#1490 = AXIS2_PLACEMENT_3D ( 'NONE', #770, #2592, #3176 ) ;
#1491 = DIRECTION ( 'NONE',  ( 1.445602896647343847E-15, 0.000000000000000000, 1.000000000000000000 ) ) ;
#1492 = CARTESIAN_POINT ( 'NONE',  ( -1.350000000000000089, 0.000000000000000000, -0.3250000000000000111 ) ) ;
#1493 = CIRCLE ( 'NONE', #2434, 0.04999999999999991257 ) ;
#1494 = DIRECTION ( 'NONE',  ( 0.000000000000000000, 0.000000000000000000, 1.000000000000000000 ) ) ;
#1495 = PLANE ( 'NONE',  #6252 ) ;
#1496 = ORIENTED_EDGE ( 'NONE', *, *, #3428, .F. ) ;
#1497 = VECTOR ( 'NONE', #2090, 1000.000000000000000 ) ;
#1498 = EDGE_CURVE ( 'NONE', #4070, #120, #160, .T. ) ;
#1499 = ORIENTED_EDGE ( 'NONE', *, *, #6949, .T. ) ;
#1500 = DIRECTION ( 'NONE',  ( 0.000000000000000000, -0.000000000000000000, 1.000000000000000000 ) ) ;
#1501 = CARTESIAN_POINT ( 'NONE',  ( 1.149999999999999911, 0.2000000000000000111, 0.3250000000000001776 ) ) ;
#1502 = AXIS2_PLACEMENT_3D ( 'NONE', #2580, #3318, #1567 ) ;
#1503 = DIRECTION ( 'NONE',  ( 1.000000000000000000, -0.000000000000000000, 0.000000000000000000 ) ) ;
#1504 = CARTESIAN_POINT ( 'NONE',  ( 1.350000000000000089, 0.1999999999999999833, 1.375000000000000444 ) ) ;
#1505 = CARTESIAN_POINT ( 'NONE',  ( -1.100000000000000089, 0.2000000000000000111, 0.8249999999999997335 ) ) ;
#1506 = LINE ( 'NONE', #1839, #4096 ) ;
#1507 = PLANE ( 'NONE',  #5567 ) ;
#1508 = CARTESIAN_POINT ( 'NONE',  ( 1.150000000000000355, 0.05000000000000000278, -0.3749999999999998890 ) ) ;
#1509 = ORIENTED_EDGE ( 'NONE', *, *, #6905, .T. ) ;
#1510 = CIRCLE ( 'NONE', #2950, 0.04999999999999991257 ) ;
#1511 = EDGE_LOOP ( 'NONE', ( #1717, #6300, #996, #3451 ) ) ;
#1512 = EDGE_CURVE ( 'NONE', #698, #4408, #5464, .T. ) ;
#1513 = CARTESIAN_POINT ( 'NONE',  ( -1.100000000000000089, 0.000000000000000000, -0.6750000000000002665 ) ) ;
#1514 = AXIS2_PLACEMENT_3D ( 'NONE', #7769, #6520, #7609 ) ;
#1515 = DIRECTION ( 'NONE',  ( 0.000000000000000000, -1.000000000000000000, 0.000000000000000000 ) ) ;
#1516 = UNCERTAINTY_MEASURE_WITH_UNIT (LENGTH_MEASURE( 1.000000000000000082E-05 ), #6352, 'distance_accuracy_value', 'NONE');
#1517 = VECTOR ( 'NONE', #6663, 1000.000000000000000 ) ;
#1518 = DIRECTION ( 'NONE',  ( 0.000000000000000000, 0.000000000000000000, -1.000000000000000000 ) ) ;
#1519 = ORIENTED_EDGE ( 'NONE', *, *, #3853, .F. ) ;
#1520 = ORIENTED_EDGE ( 'NONE', *, *, #1871, .F. ) ;
#1521 = VECTOR ( 'NONE', #5482, 1000.000000000000000 ) ;
#1522 = ORIENTED_EDGE ( 'NONE', *, *, #4389, .F. ) ;
#1523 = ADVANCED_FACE ( 'NONE', ( #2797 ), #5695, .T. ) ;
#1524 = DIRECTION ( 'NONE',  ( 0.000000000000000000, 0.000000000000000000, -1.000000000000000000 ) ) ;
#1525 = EDGE_CURVE ( 'NONE', #3827, #1878, #25, .T. ) ;
#1527 = PLANE ( 'NONE',  #335 ) ;
#1526 = AXIS2_PLACEMENT_3D ( 'NONE', #597, #214, #6699 ) ;
#1528 = ADVANCED_FACE ( 'NONE', ( #2813 ), #942, .F. ) ;
#1529 = LINE ( 'NONE', #4400, #4201 ) ;
#1530 = CARTESIAN_POINT ( 'NONE',  ( 1.149999999999999911, 0.5905124837953331651, -0.1749999999999998224 ) ) ;
#1531 = ORIENTED_EDGE ( 'NONE', *, *, #4187, .F. ) ;
#1532 = EDGE_LOOP ( 'NONE', ( #2915, #5557, #7535, #285 ) ) ;
#1533 = FACE_OUTER_BOUND ( 'NONE', #688, .T. ) ;
#1534 = ORIENTED_EDGE ( 'NONE', *, *, #7704, .T. ) ;
#1535 = ADVANCED_FACE ( 'NONE', ( #213 ), #6920, .F. ) ;
#1536 = FACE_OUTER_BOUND ( 'NONE', #4879, .T. ) ;
#1537 =( NAMED_UNIT ( * ) PLANE_ANGLE_UNIT ( ) SI_UNIT ( $, .RADIAN. ) );
#1538 = ADVANCED_FACE ( 'NONE', ( #5374 ), #4696, .T. ) ;
#1539 = DIRECTION ( 'NONE',  ( -1.000000000000000000, 0.000000000000000000, 0.000000000000000000 ) ) ;
#1540 = LINE ( 'NONE', #7065, #6710 ) ;
#1541 = AXIS2_PLACEMENT_3D ( 'NONE', #5121, #1953, #221 ) ;
#1542 = CARTESIAN_POINT ( 'NONE',  ( 1.499999999999999556, 5.442640687119285836, -1.500000000000000222 ) ) ;
#1543 = VERTEX_POINT ( 'NONE', #2758 ) ;
#1544 = ORIENTED_EDGE ( 'NONE', *, *, #1010, .F. ) ;
#1545 = CIRCLE ( 'NONE', #563, 0.04999999999999991257 ) ;
#1546 = EDGE_LOOP ( 'NONE', ( #5023, #4843, #3947, #4810 ) ) ;
#1547 = LINE ( 'NONE', #3348, #1572 ) ;
#1548 = PLANE ( 'NONE',  #7328 ) ;
#1549 = DIRECTION ( 'NONE',  ( 0.000000000000000000, 1.000000000000000000, 0.000000000000000000 ) ) ;
#1550 = CIRCLE ( 'NONE', #7431, 0.05000000000000012768 ) ;
#1551 = CARTESIAN_POINT ( 'NONE',  ( 1.150000000000000355, 0.000000000000000000, -1.125000000000000000 ) ) ;
#1552 = EDGE_CURVE ( 'NONE', #2774, #85, #5410, .T. ) ;
#1553 = ORIENTED_EDGE ( 'NONE', *, *, #7481, .T. ) ;
#1554 = DIRECTION ( 'NONE',  ( 0.000000000000000000, -0.000000000000000000, 1.000000000000000000 ) ) ;
#1555 = ORIENTED_EDGE ( 'NONE', *, *, #5935, .F. ) ;
#1556 = FACE_OUTER_BOUND ( 'NONE', #959, .T. ) ;
#1557 = CARTESIAN_POINT ( 'NONE',  ( -1.149999999999999911, 0.2000000000000000111, -0.3250000000000000111 ) ) ;
#1558 = ORIENTED_EDGE ( 'NONE', *, *, #6434, .T. ) ;
#1559 = EDGE_CURVE ( 'NONE', #2965, #6371, #5283, .T. ) ;
#1560 = VECTOR ( 'NONE', #2270, 1000.000000000000000 ) ;
#1561 = EDGE_CURVE ( 'NONE', #1358, #1271, #284, .T. ) ;
#1562 = DIRECTION ( 'NONE',  ( 0.000000000000000000, 0.000000000000000000, 1.000000000000000000 ) ) ;
#1563 = CARTESIAN_POINT ( 'NONE',  ( 1.100000000000000089, 0.000000000000000000, 1.324999999999999734 ) ) ;
#1564 = AXIS2_PLACEMENT_3D ( 'NONE', #3157, #2474, #1821 ) ;
#1565 = FACE_OUTER_BOUND ( 'NONE', #4205, .T. ) ;
#1566 = AXIS2_PLACEMENT_3D ( 'NONE', #6626, #21, #7341 ) ;
#1567 = DIRECTION ( 'NONE',  ( 0.000000000000000000, -0.000000000000000000, 1.000000000000000000 ) ) ;
#1568 = ORIENTED_EDGE ( 'NONE', *, *, #55, .F. ) ;
#1569 = ORIENTED_EDGE ( 'NONE', *, *, #2993, .F. ) ;
#1570 = FACE_OUTER_BOUND ( 'NONE', #2406, .T. ) ;
#1571 = ORIENTED_EDGE ( 'NONE', *, *, #1435, .T. ) ;
#1572 = VECTOR ( 'NONE', #3293, 1000.000000000000000 ) ;
#1573 = DIRECTION ( 'NONE',  ( 1.000000000000000000, 0.000000000000000000, 0.000000000000000000 ) ) ;
#1574 = EDGE_CURVE ( 'NONE', #5706, #6902, #5260, .T. ) ;
#1575 = EDGE_CURVE ( 'NONE', #6552, #6954, #2839, .T. ) ;
#1576 = CARTESIAN_POINT ( 'NONE',  ( -1.349999999999999645, 0.000000000000000000, -0.8749999999999998890 ) ) ;
#1577 = CIRCLE ( 'NONE', #2805, 0.04999999999999991257 ) ;
#1578 = AXIS2_PLACEMENT_3D ( 'NONE', #7102, #3296, #891 ) ;
#1579 = CARTESIAN_POINT ( 'NONE',  ( -1.150000000000000355, 0.1999999999999999833, -0.6249999999999998890 ) ) ;
#1580 = FILL_AREA_STYLE_COLOUR ( '', #5022 ) ;
#1581 = DIRECTION ( 'NONE',  ( 0.000000000000000000, 0.000000000000000000, -1.000000000000000000 ) ) ;
#1582 = VERTEX_POINT ( 'NONE', #4809 ) ;
#1583 = ORIENTED_EDGE ( 'NONE', *, *, #157, .F. ) ;
#1584 = VECTOR ( 'NONE', #1009, 1000.000000000000000 ) ;
#1585 = VERTEX_POINT ( 'NONE', #3517 ) ;
#1586 = ADVANCED_FACE ( 'NONE', ( #2897 ), #46, .F. ) ;
#1587 = FACE_OUTER_BOUND ( 'NONE', #6021, .T. ) ;
#1588 = CARTESIAN_POINT ( 'NONE',  ( -1.400000000000000133, 0.04999999999999999584, -0.6750000000000002665 ) ) ;
#1589 = DIRECTION ( 'NONE',  ( 0.000000000000000000, 0.000000000000000000, 1.000000000000000000 ) ) ;
#1590 = ADVANCED_FACE ( 'NONE', ( #58 ), #7757, .F. ) ;
#1591 = EDGE_CURVE ( 'NONE', #7035, #7098, #2687, .T. ) ;
#1593 = DIRECTION ( 'NONE',  ( -1.000000000000000000, 0.000000000000000000, -0.000000000000000000 ) ) ;
#1592 = AXIS2_PLACEMENT_3D ( 'NONE', #6306, #6893, #6744 ) ;
#1594 = CARTESIAN_POINT ( 'NONE',  ( -1.100000000000000089, 0.2000000000000000111, -0.3249999999999995670 ) ) ;
#1595 = ORIENTED_EDGE ( 'NONE', *, *, #5974, .T. ) ;
#1596 = ORIENTED_EDGE ( 'NONE', *, *, #856, .T. ) ;
#1597 = VECTOR ( 'NONE', #6350, 1000.000000000000000 ) ;
#1598 = ORIENTED_EDGE ( 'NONE', *, *, #4737, .F. ) ;
#1599 = CARTESIAN_POINT ( 'NONE',  ( 1.400000000000000355, 0.2000000000000000111, -0.1750000000000002387 ) ) ;
#1600 = VECTOR ( 'NONE', #4589, 1000.000000000000000 ) ;
#1601 = ADVANCED_FACE ( 'NONE', ( #83 ), #296, .F. ) ;
#1602 = CARTESIAN_POINT ( 'NONE',  ( 1.100000000000000089, 0.000000000000000000, -0.1750000000000002387 ) ) ;
#1603 = CARTESIAN_POINT ( 'NONE',  ( -1.350000000000000311, 0.1999999999999999833, -0.6749999999999998224 ) ) ;
#1604 = CYLINDRICAL_SURFACE ( 'NONE', #1772, 0.04999999999999991257 ) ;
#1605 = EDGE_CURVE ( 'NONE', #673, #4293, #3002, .T. ) ;
#1606 = CARTESIAN_POINT ( 'NONE',  ( -1.100000000000000089, 0.000000000000000000, -1.175000000000000266 ) ) ;
#1607 = VERTEX_POINT ( 'NONE', #5911 ) ;
#1608 = ORIENTED_EDGE ( 'NONE', *, *, #6362, .F. ) ;
#1609 = CIRCLE ( 'NONE', #2197, 0.04999999999999991257 ) ;
#1610 = STYLED_ITEM ( 'NONE', ( #2375 ), #3785 ) ;
#1611 = DIRECTION ( 'NONE',  ( -1.000000000000000000, 0.000000000000000000, 0.000000000000000000 ) ) ;
#1612 = ORIENTED_EDGE ( 'NONE', *, *, #2062, .T. ) ;
#1613 = VECTOR ( 'NONE', #999, 1000.000000000000000 ) ;
#1614 = CARTESIAN_POINT ( 'NONE',  ( -1.150000000000000355, 0.2000000000000000111, 1.125000000000000222 ) ) ;
#1615 = DIRECTION ( 'NONE',  ( 0.000000000000000000, 1.000000000000000000, 0.000000000000000000 ) ) ;
#1616 = DIRECTION ( 'NONE',  ( -0.000000000000000000, -1.000000000000000000, -0.000000000000000000 ) ) ;
#1617 = CIRCLE ( 'NONE', #158, 0.05000000000000002359 ) ;
#1618 = DIRECTION ( 'NONE',  ( 1.000000000000000000, 0.000000000000000000, -0.000000000000000000 ) ) ;
#1619 = PLANE ( 'NONE',  #3830 ) ;
#1620 = EDGE_CURVE ( 'NONE', #972, #3411, #5675, .T. ) ;
#1621 = ORIENTED_EDGE ( 'NONE', *, *, #1750, .T. ) ;
#1622 = ORIENTED_EDGE ( 'NONE', *, *, #1877, .T. ) ;
#1623 = VECTOR ( 'NONE', #743, 1000.000000000000000 ) ;
#1624 = ORIENTED_EDGE ( 'NONE', *, *, #5518, .F. ) ;
#1625 = AXIS2_PLACEMENT_3D ( 'NONE', #5797, #7594, #1494 ) ;
#1626 = FACE_OUTER_BOUND ( 'NONE', #6286, .T. ) ;
#1627 = CARTESIAN_POINT ( 'NONE',  ( 0.7000000000000000666, 3.109037641557771181, -1.274999999999999911 ) ) ;
#1628 = MANIFOLD_SOLID_BREP ( 'Boss-Extrude2[2]', #2816 ) ;
#1629 = VECTOR ( 'NONE', #7178, 1000.000000000000000 ) ;
#1630 = DIRECTION ( 'NONE',  ( 0.000000000000000000, 0.000000000000000000, 1.000000000000000000 ) ) ;
#1631 = FILL_AREA_STYLE ('',( #1580 ) ) ;
#1632 = PLANE ( 'NONE',  #2911 ) ;
#1633 = ORIENTED_EDGE ( 'NONE', *, *, #7354, .F. ) ;
#1634 = ORIENTED_EDGE ( 'NONE', *, *, #4333, .T. ) ;
#1635 = LINE ( 'NONE', #7752, #1777 ) ;
#1636 = EDGE_CURVE ( 'NONE', #4558, #3411, #2990, .T. ) ;
#1637 = CLOSED_SHELL ( 'NONE', ( #1433, #3270, #5726, #2738, #2243, #4373, #1672, #3954, #1361, #5779 ) ) ;
#1638 = CARTESIAN_POINT ( 'NONE',  ( -1.350000000000000089, 0.1999999999999999833, -1.324999999999999956 ) ) ;
#1639 = AXIS2_PLACEMENT_3D ( 'NONE', #6921, #7597, #6398 ) ;
#1640 = CARTESIAN_POINT ( 'NONE',  ( -1.150000000000000355, 0.000000000000000000, -0.3749999999999998890 ) ) ;
#1641 = DIRECTION ( 'NONE',  ( 1.000000000000000000, 0.000000000000000000, 0.000000000000000000 ) ) ;
#1642 = VECTOR ( 'NONE', #7443, 1000.000000000000000 ) ;
#1643 = CARTESIAN_POINT ( 'NONE',  ( -1.100000000000000089, 0.1999999999999999833, -0.6750000000000002665 ) ) ;
#1644 = CARTESIAN_POINT ( 'NONE',  ( 1.150000000000000355, 0.2000000000000000111, 0.1250000000000001110 ) ) ;
#1645 = DIRECTION ( 'NONE',  ( 0.000000000000000000, -1.000000000000000000, 0.000000000000000000 ) ) ;
#1646 = VERTEX_POINT ( 'NONE', #5037 ) ;
#1647 = ORIENTED_EDGE ( 'NONE', *, *, #3951, .T. ) ;
#1648 = EDGE_LOOP ( 'NONE', ( #1778, #6987, #5887, #3167 ) ) ;
#1649 = CARTESIAN_POINT ( 'NONE',  ( 1.150000000000000355, 0.000000000000000000, -0.8749999999999998890 ) ) ;
#1650 =( GEOMETRIC_REPRESENTATION_CONTEXT ( 3 ) GLOBAL_UNCERTAINTY_ASSIGNED_CONTEXT ( ( #5721 ) ) GLOBAL_UNIT_ASSIGNED_CONTEXT ( ( #4134, #5929, #5344 ) ) REPRESENTATION_CONTEXT ( 'NONE', 'WORKASPACE' ) );
#1651 = CARTESIAN_POINT ( 'NONE',  ( 1.400000000000000355, 0.5905124837953331651, 0.3249999999999997891 ) ) ;
#1652 = EDGE_CURVE ( 'NONE', #5763, #299, #5493, .T. ) ;
#1653 = DIRECTION ( 'NONE',  ( -0.000000000000000000, -1.000000000000000000, -0.000000000000000000 ) ) ;
#1654 = ADVANCED_FACE ( 'NONE', ( #3088 ), #7740, .T. ) ;
#1655 = DIRECTION ( 'NONE',  ( 0.000000000000000000, 0.000000000000000000, 1.000000000000000000 ) ) ;
#1656 = CYLINDRICAL_SURFACE ( 'NONE', #3955, 0.04999999999999991257 ) ;
#1657 = EDGE_CURVE ( 'NONE', #4820, #1859, #2980, .T. ) ;
#1658 = DIRECTION ( 'NONE',  ( 0.000000000000000000, 0.000000000000000000, 1.000000000000000000 ) ) ;
#1659 = EDGE_CURVE ( 'NONE', #5788, #6142, #5555, .T. ) ;
#1660 = ORIENTED_EDGE ( 'NONE', *, *, #339, .T. ) ;
#1661 = PLANE ( 'NONE',  #6981 ) ;
#1662 = EDGE_LOOP ( 'NONE', ( #5535, #5731, #5511, #3556 ) ) ;
#1663 = CIRCLE ( 'NONE', #3589, 0.04999999999999991257 ) ;
#1664 = SURFACE_SIDE_STYLE ('',( #633 ) ) ;
#1665 = CARTESIAN_POINT ( 'NONE',  ( 0.000000000000000000, 0.05000000000000000278, -0.1249999999999998890 ) ) ;
#1666 = ORIENTED_EDGE ( 'NONE', *, *, #148, .T. ) ;
#1667 = AXIS2_PLACEMENT_3D ( 'NONE', #35, #7633, #1274 ) ;
#1668 = CYLINDRICAL_SURFACE ( 'NONE', #4580, 0.04999999999999991257 ) ;
#1669 = AXIS2_PLACEMENT_3D ( 'NONE', #605, #2341, #5936 ) ;
#1670 = DIRECTION ( 'NONE',  ( -1.000000000000000000, 0.000000000000000000, 0.000000000000000000 ) ) ;
#1671 = DIRECTION ( 'NONE',  ( -0.000000000000000000, -1.000000000000000000, 0.000000000000000000 ) ) ;
#1672 = ADVANCED_FACE ( 'NONE', ( #376 ), #5580, .T. ) ;
#1673 = CARTESIAN_POINT ( 'NONE',  ( -1.500000000000000444, 5.442640687119285836, -1.499999999999999334 ) ) ;
#1674 = DIRECTION ( 'NONE',  ( -1.000000000000000000, 0.000000000000000000, -1.275531967630005245E-16 ) ) ;
#1675 = FACE_OUTER_BOUND ( 'NONE', #5996, .T. ) ;
#1676 = DIRECTION ( 'NONE',  ( -0.000000000000000000, -1.000000000000000000, -0.000000000000000000 ) ) ;
#1677 = ORIENTED_EDGE ( 'NONE', *, *, #3428, .T. ) ;
#1678 = ORIENTED_EDGE ( 'NONE', *, *, #26, .T. ) ;
#1679 = VECTOR ( 'NONE', #3168, 1000.000000000000000 ) ;
#1680 = EDGE_CURVE ( 'NONE', #4293, #3761, #5505, .T. ) ;
#1681 = EDGE_LOOP ( 'NONE', ( #6897, #1583, #5129, #1719 ) ) ;
#1683 = ORIENTED_EDGE ( 'NONE', *, *, #4182, .T. ) ;
#1682 = LINE ( 'NONE', #5187, #4210 ) ;
#1684 = DIRECTION ( 'NONE',  ( -0.000000000000000000, -1.000000000000000000, -0.000000000000000000 ) ) ;
#1685 = AXIS2_PLACEMENT_3D ( 'NONE', #7766, #7605, #7553 ) ;
#1686 = DIRECTION ( 'NONE',  ( 0.000000000000000000, 0.000000000000000000, 1.000000000000000000 ) ) ;
#1687 = CARTESIAN_POINT ( 'NONE',  ( -1.350000000000000311, 0.04999999999999999584, 0.8250000000000001776 ) ) ;
#1688 = CARTESIAN_POINT ( 'NONE',  ( -1.100000000000000089, 0.05000000000000000278, 1.000000000000000000 ) ) ;
#1689 = ORIENTED_EDGE ( 'NONE', *, *, #317, .F. ) ;
#1690 = EDGE_LOOP ( 'NONE', ( #425, #2470, #2154, #3021, #551, #2031, #2521, #7349 ) ) ;
#1691 = CYLINDRICAL_SURFACE ( 'NONE', #4745, 0.05000000000000002359 ) ;
#1692 = EDGE_LOOP ( 'NONE', ( #5480, #4632, #5930, #2930 ) ) ;
#1694 = EDGE_LOOP ( 'NONE', ( #6175, #6033, #1568, #5362, #4245, #4308, #809, #124 ) ) ;
#1693 = FACE_OUTER_BOUND ( 'NONE', #5052, .T. ) ;
#1695 = EDGE_CURVE ( 'NONE', #7053, #5602, #5590, .T. ) ;
#1696 = DIRECTION ( 'NONE',  ( 0.000000000000000000, 0.000000000000000000, 1.000000000000000000 ) ) ;
#1697 = DIRECTION ( 'NONE',  ( -0.000000000000000000, -1.000000000000000000, 0.000000000000000000 ) ) ;
#1698 =( GEOMETRIC_REPRESENTATION_CONTEXT ( 3 ) GLOBAL_UNCERTAINTY_ASSIGNED_CONTEXT ( ( #2675 ) ) GLOBAL_UNIT_ASSIGNED_CONTEXT ( ( #5026, #1537, #6220 ) ) REPRESENTATION_CONTEXT ( 'NONE', 'WORKASPACE' ) );
#1699 = DIRECTION ( 'NONE',  ( 0.000000000000000000, 1.000000000000000000, 0.000000000000000000 ) ) ;
#1700 = VECTOR ( 'NONE', #3078, 1000.000000000000000 ) ;
#1701 = FILL_AREA_STYLE ('',( #7099 ) ) ;
#1702 = DIRECTION ( 'NONE',  ( -1.000000000000000000, 0.000000000000000000, 0.000000000000000000 ) ) ;
#1703 = CARTESIAN_POINT ( 'NONE',  ( 1.350000000000000311, 0.5905124837953331651, -1.174999999999999822 ) ) ;
#1704 = VERTEX_POINT ( 'NONE', #7577 ) ;
#1705 = EDGE_LOOP ( 'NONE', ( #6259, #4393, #6912, #5246, #3870, #2274, #2301, #1890 ) ) ;
#1706 = EDGE_LOOP ( 'NONE', ( #81, #1176, #3804, #4563 ) ) ;
#1707 = DIRECTION ( 'NONE',  ( 0.000000000000000000, 0.000000000000000000, 1.000000000000000000 ) ) ;
#1709 = ORIENTED_EDGE ( 'NONE', *, *, #3711, .T. ) ;
#1708 = LINE ( 'NONE', #4646, #4224 ) ;
#1710 = DIRECTION ( 'NONE',  ( -1.445602896647346214E-15, -0.000000000000000000, 1.000000000000000000 ) ) ;
#1711 = EDGE_CURVE ( 'NONE', #5602, #3272, #493, .T. ) ;
#1712 = DIRECTION ( 'NONE',  ( 0.000000000000000000, 0.000000000000000000, 1.000000000000000000 ) ) ;
#1713 = PRESENTATION_LAYER_ASSIGNMENT (  '', '', ( #5200 ) ) ;
#1714 = CARTESIAN_POINT ( 'NONE',  ( 1.349999999999999645, 0.2000000000000000111, 0.6250000000000001110 ) ) ;
#1715 = CIRCLE ( 'NONE', #620, 0.05000000000000002359 ) ;
#1716 = DIRECTION ( 'NONE',  ( 0.000000000000000000, 0.000000000000000000, -1.000000000000000000 ) ) ;
#1717 = ORIENTED_EDGE ( 'NONE', *, *, #1742, .T. ) ;
#1718 = CARTESIAN_POINT ( 'NONE',  ( 1.100000000000000089, 0.2000000000000000111, 0.3249999999999997891 ) ) ;
#1719 = ORIENTED_EDGE ( 'NONE', *, *, #530, .T. ) ;
#1720 = VECTOR ( 'NONE', #4805, 1000.000000000000000 ) ;
#1721 = CARTESIAN_POINT ( 'NONE',  ( 1.150000000000000355, 0.1999999999999999833, -0.3749999999999998890 ) ) ;
#1722 = ORIENTED_EDGE ( 'NONE', *, *, #2605, .T. ) ;
#1723 = ORIENTED_EDGE ( 'NONE', *, *, #988, .T. ) ;
#1724 = PLANE ( 'NONE',  #2449 ) ;
#1725 = DIRECTION ( 'NONE',  ( -0.000000000000000000, -1.000000000000000000, -0.000000000000000000 ) ) ;
#1726 = EDGE_CURVE ( 'NONE', #4884, #5748, #389, .T. ) ;
#1727 = DIRECTION ( 'NONE',  ( 0.000000000000000000, -1.000000000000000000, 0.000000000000000000 ) ) ;
#1728 = ADVANCED_FACE ( 'NONE', ( #5693 ), #415, .T. ) ;
#1729 = CIRCLE ( 'NONE', #1489, 0.04999999999999991257 ) ;
#1730 = AXIS2_PLACEMENT_3D ( 'NONE', #1467, #1980, #1379 ) ;
#1731 = DIRECTION ( 'NONE',  ( 0.000000000000000000, 1.000000000000000000, 0.000000000000000000 ) ) ;
#1732 = ORIENTED_EDGE ( 'NONE', *, *, #3147, .F. ) ;
#1733 = ORIENTED_EDGE ( 'NONE', *, *, #3698, .F. ) ;
#1734 = CIRCLE ( 'NONE', #7276, 0.04999999999999991257 ) ;
#1735 = CARTESIAN_POINT ( 'NONE',  ( 1.150000000000000355, 0.1999999999999999833, 0.3750000000000001110 ) ) ;
#1736 = ORIENTED_EDGE ( 'NONE', *, *, #2062, .F. ) ;
#1737 = ORIENTED_EDGE ( 'NONE', *, *, #5697, .T. ) ;
#1738 = CARTESIAN_POINT ( 'NONE',  ( 1.349999999999999645, 0.04999999999999999584, 0.1250000000000001110 ) ) ;
#1739 = DIRECTION ( 'NONE',  ( 0.000000000000000000, 0.000000000000000000, 1.000000000000000000 ) ) ;
#1740 = ADVANCED_FACE ( 'NONE', ( #450 ), #2929, .T. ) ;
#1741 = DIRECTION ( 'NONE',  ( -1.000000000000000000, 0.000000000000000000, 0.000000000000000000 ) ) ;
#1742 = EDGE_CURVE ( 'NONE', #3597, #1382, #5663, .T. ) ;
#1743 = DIRECTION ( 'NONE',  ( 0.000000000000000000, 0.000000000000000000, -1.000000000000000000 ) ) ;
#1744 = CARTESIAN_POINT ( 'NONE',  ( -1.350000000000000311, 0.1999999999999999833, -1.174999999999999822 ) ) ;
#1745 = AXIS2_PLACEMENT_3D ( 'NONE', #5599, #5682, #3222 ) ;
#1746 = PLANE ( 'NONE',  #6916 ) ;
#1747 = EDGE_LOOP ( 'NONE', ( #323, #7000, #4940, #258 ) ) ;
#1748 = EDGE_LOOP ( 'NONE', ( #2353, #5850, #2144, #7547 ) ) ;
#1749 = EDGE_LOOP ( 'NONE', ( #4390, #5339, #917, #983 ) ) ;
#1750 = EDGE_CURVE ( 'NONE', #5838, #3923, #3136, .T. ) ;
#1752 = VERTEX_POINT ( 'NONE', #2570 ) ;
#1751 = LINE ( 'NONE', #1482, #4327 ) ;
#1753 = DIRECTION ( 'NONE',  ( -0.000000000000000000, 0.000000000000000000, -1.000000000000000000 ) ) ;
#1754 = CYLINDRICAL_SURFACE ( 'NONE', #6083, 0.04999999999999991257 ) ;
#1755 = CARTESIAN_POINT ( 'NONE',  ( -0.5999999999999992006, 0.2000000000000000944, -1.275000000000000133 ) ) ;
#1756 = DIRECTION ( 'NONE',  ( 1.000000000000000000, -0.000000000000000000, 0.000000000000000000 ) ) ;
#1757 = CARTESIAN_POINT ( 'NONE',  ( 1.350000000000000311, 0.04999999999999999584, 0.3250000000000001776 ) ) ;
#1758 = ORIENTED_EDGE ( 'NONE', *, *, #1993, .T. ) ;
#1759 = ORIENTED_EDGE ( 'NONE', *, *, #2796, .T. ) ;
#1760 = LINE ( 'NONE', #2000, #1876 ) ;
#1761 = EDGE_CURVE ( 'NONE', #931, #5848, #5519, .T. ) ;
#1762 = ORIENTED_EDGE ( 'NONE', *, *, #6829, .F. ) ;
#1763 = DIRECTION ( 'NONE',  ( 0.000000000000000000, 1.000000000000000000, 0.000000000000000000 ) ) ;
#1765 = VERTEX_POINT ( 'NONE', #2667 ) ;
#1764 = CIRCLE ( 'NONE', #4955, 0.04999999999999991257 ) ;
#1766 = DIRECTION ( 'NONE',  ( 1.000000000000000000, 0.000000000000000000, 0.000000000000000000 ) ) ;
#1767 = EDGE_CURVE ( 'NONE', #1223, #6131, #5623, .T. ) ;
#1768 = EDGE_CURVE ( 'NONE', #554, #5756, #3047, .T. ) ;
#1769 = CARTESIAN_POINT ( 'NONE',  ( -1.500000000000000222, 0.05000000000000000278, 1.500000000000000666 ) ) ;
#1770 = DIRECTION ( 'NONE',  ( 1.000000000000000000, 0.000000000000000000, 0.000000000000000000 ) ) ;
#1771 = LINE ( 'NONE', #1856, #6965 ) ;
#1772 = AXIS2_PLACEMENT_3D ( 'NONE', #3649, #4663, #2834 ) ;
#1773 = AXIS2_PLACEMENT_3D ( 'NONE', #1083, #2894, #499 ) ;
#1774 = ORIENTED_EDGE ( 'NONE', *, *, #2632, .F. ) ;
#1775 = FILL_AREA_STYLE_COLOUR ( '', #5907 ) ;
#1776 = ORIENTED_EDGE ( 'NONE', *, *, #6020, .F. ) ;
#1777 = VECTOR ( 'NONE', #1813, 1000.000000000000000 ) ;
#1778 = ORIENTED_EDGE ( 'NONE', *, *, #2247, .T. ) ;
#1779 = ORIENTED_EDGE ( 'NONE', *, *, #2791, .F. ) ;
#1780 = CARTESIAN_POINT ( 'NONE',  ( -1.350000000000000089, 0.1999999999999999833, 1.175000000000000044 ) ) ;
#1781 = CARTESIAN_POINT ( 'NONE',  ( 1.350000000000000089, 0.000000000000000000, 1.375000000000000444 ) ) ;
#1782 = DIRECTION ( 'NONE',  ( -0.000000000000000000, -1.000000000000000000, -0.000000000000000000 ) ) ;
#1783 = DIRECTION ( 'NONE',  ( 0.000000000000000000, -1.000000000000000000, 0.000000000000000000 ) ) ;
#1784 = EDGE_CURVE ( 'NONE', #3761, #6315, #5643, .T. ) ;
#1785 = FACE_OUTER_BOUND ( 'NONE', #2532, .T. ) ;
#1786 = DIRECTION ( 'NONE',  ( 1.000000000000000000, 0.000000000000000000, 0.000000000000000000 ) ) ;
#1787 = AXIS2_PLACEMENT_3D ( 'NONE', #5881, #6535, #4147 ) ;
#1788 = ORIENTED_EDGE ( 'NONE', *, *, #3299, .T. ) ;
#1789 = ORIENTED_EDGE ( 'NONE', *, *, #3103, .F. ) ;
#1790 = VERTEX_POINT ( 'NONE', #1508 ) ;
#1791 = FACE_OUTER_BOUND ( 'NONE', #6767, .T. ) ;
#1792 = ORIENTED_EDGE ( 'NONE', *, *, #6653, .F. ) ;
#1793 = ADVANCED_FACE ( 'NONE', ( #3057 ), #332, .T. ) ;
#1795 = ORIENTED_EDGE ( 'NONE', *, *, #7169, .T. ) ;
#1794 = LINE ( 'NONE', #3326, #6989 ) ;
#1796 = PLANE ( 'NONE',  #3204 ) ;
#1797 = DIRECTION ( 'NONE',  ( 0.000000000000000000, 0.000000000000000000, 1.000000000000000000 ) ) ;
#1798 = LINE ( 'NONE', #5699, #7197 ) ;
#1799 = EDGE_CURVE ( 'NONE', #3773, #7742, #3069, .T. ) ;
#1800 = DIRECTION ( 'NONE',  ( 0.000000000000000000, 1.000000000000000000, 0.000000000000000000 ) ) ;
#1801 = DIRECTION ( 'NONE',  ( 1.000000000000000000, 0.000000000000000000, 0.000000000000000000 ) ) ;
#1802 = DIRECTION ( 'NONE',  ( 0.000000000000000000, 0.000000000000000000, 1.000000000000000000 ) ) ;
#1803 = VERTEX_POINT ( 'NONE', #253 ) ;
#1804 = ORIENTED_EDGE ( 'NONE', *, *, #6492, .T. ) ;
#1805 = VERTEX_POINT ( 'NONE', #91 ) ;
#1806 = PRESENTATION_STYLE_ASSIGNMENT (( #4118 ) ) ;
#1807 = AXIS2_PLACEMENT_3D ( 'NONE', #6532, #4142, #5937 ) ;
#1808 = ORIENTED_EDGE ( 'NONE', *, *, #349, .F. ) ;
#1810 = ORIENTED_EDGE ( 'NONE', *, *, #5050, .F. ) ;
#1809 = CIRCLE ( 'NONE', #5314, 0.05000000000000012768 ) ;
#1811 = DIRECTION ( 'NONE',  ( 0.000000000000000000, 0.000000000000000000, 1.000000000000000000 ) ) ;
#1812 = PLANE ( 'NONE',  #1363 ) ;
#1813 = DIRECTION ( 'NONE',  ( -0.000000000000000000, -1.000000000000000000, -0.000000000000000000 ) ) ;
#1814 = EDGE_CURVE ( 'NONE', #1042, #1026, #473, .T. ) ;
#1815 = DIRECTION ( 'NONE',  ( -0.000000000000000000, -1.000000000000000000, 0.000000000000000000 ) ) ;
#1816 = ORIENTED_EDGE ( 'NONE', *, *, #5688, .T. ) ;
#1817 = VERTEX_POINT ( 'NONE', #687 ) ;
#1818 = ORIENTED_EDGE ( 'NONE', *, *, #5074, .F. ) ;
#1819 = VECTOR ( 'NONE', #6748, 1000.000000000000114 ) ;
#1820 = ORIENTED_EDGE ( 'NONE', *, *, #938, .T. ) ;
#1821 = DIRECTION ( 'NONE',  ( 0.000000000000000000, 0.000000000000000000, 1.000000000000000000 ) ) ;
#1822 = AXIS2_PLACEMENT_3D ( 'NONE', #651, #762, #1296 ) ;
#1824 = ORIENTED_EDGE ( 'NONE', *, *, #6784, .F. ) ;
#1823 = VECTOR ( 'NONE', #2830, 1000.000000000000000 ) ;
#1825 = DIRECTION ( 'NONE',  ( 0.000000000000000000, -0.000000000000000000, 1.000000000000000000 ) ) ;
#1826 = DIRECTION ( 'NONE',  ( 0.000000000000000000, -1.000000000000000000, 0.000000000000000000 ) ) ;
#1827 = CARTESIAN_POINT ( 'NONE',  ( 0.000000000000000000, 0.05000000000000000278, -0.3749999999999998890 ) ) ;
#1828 = VECTOR ( 'NONE', #1322, 1000.000000000000000 ) ;
#1829 = ORIENTED_EDGE ( 'NONE', *, *, #664, .F. ) ;
#1830 = CARTESIAN_POINT ( 'NONE',  ( 1.349999999999999645, 0.5905124837953331651, -0.3749999999999998890 ) ) ;
#1831 = ORIENTED_EDGE ( 'NONE', *, *, #7006, .F. ) ;
#1832 = ORIENTED_EDGE ( 'NONE', *, *, #5183, .F. ) ;
#1833 = VECTOR ( 'NONE', #1110, 1000.000000000000000 ) ;
#1834 = EDGE_CURVE ( 'NONE', #5361, #2566, #504, .T. ) ;
#1835 = ORIENTED_EDGE ( 'NONE', *, *, #6159, .T. ) ;
#1837 = ORIENTED_EDGE ( 'NONE', *, *, #4913, .F. ) ;
#1836 = LINE ( 'NONE', #5586, #7181 ) ;
#1838 = PRESENTATION_LAYER_ASSIGNMENT (  '', '', ( #680 ) ) ;
#1839 = CARTESIAN_POINT ( 'NONE',  ( 1.350000000000000089, 0.5905124837953331651, -0.6249999999999996669 ) ) ;
#1840 = CARTESIAN_POINT ( 'NONE',  ( 1.349999999999999645, 0.1999999999999999833, -1.375000000000000000 ) ) ;
#1841 = DIRECTION ( 'NONE',  ( 0.000000000000000000, 1.000000000000000000, 0.000000000000000000 ) ) ;
#1842 = CARTESIAN_POINT ( 'NONE',  ( -1.100000000000000089, 0.2000000000000000111, -0.1750000000000002387 ) ) ;
#1843 = VECTOR ( 'NONE', #1100, 1000.000000000000000 ) ;
#1844 = ORIENTED_EDGE ( 'NONE', *, *, #1106, .T. ) ;
#1845 = ORIENTED_EDGE ( 'NONE', *, *, #3834, .F. ) ;
#1846 = ORIENTED_EDGE ( 'NONE', *, *, #2051, .F. ) ;
#1847 = FACE_OUTER_BOUND ( 'NONE', #3423, .T. ) ;
#1848 = ORIENTED_EDGE ( 'NONE', *, *, #7603, .F. ) ;
#1850 = EDGE_LOOP ( 'NONE', ( #5432, #5732, #6090, #727 ) ) ;
#1849 = VECTOR ( 'NONE', #1285, 1000.000000000000000 ) ;
#1851 = DIRECTION ( 'NONE',  ( 0.000000000000000000, 0.000000000000000000, 1.000000000000000000 ) ) ;
#1852 = EDGE_CURVE ( 'NONE', #6287, #3357, #640, .T. ) ;
#1853 = PLANE ( 'NONE',  #6919 ) ;
#1854 = DIRECTION ( 'NONE',  ( 0.000000000000000000, 0.000000000000000000, 1.000000000000000000 ) ) ;
#1855 = EDGE_CURVE ( 'NONE', #6092, #6501, #585, .T. ) ;
#1856 = CARTESIAN_POINT ( 'NONE',  ( 1.400000000000000355, 0.2000000000000000111, 0.3249999999999997891 ) ) ;
#1857 = VERTEX_POINT ( 'NONE', #5669 ) ;
#1858 = EDGE_LOOP ( 'NONE', ( #1061, #3454, #6067, #1147 ) ) ;
#1859 = VERTEX_POINT ( 'NONE', #7514 ) ;
#1860 = FACE_OUTER_BOUND ( 'NONE', #1173, .T. ) ;
#1861 = VERTEX_POINT ( 'NONE', #197 ) ;
#1862 = ADVANCED_FACE ( 'NONE', ( #544 ), #3190, .F. ) ;
#1864 = VERTEX_POINT ( 'NONE', #905 ) ;
#1863 = LINE ( 'NONE', #4226, #7151 ) ;
#1865 = DIRECTION ( 'NONE',  ( 0.000000000000000000, 0.000000000000000000, -1.000000000000000000 ) ) ;
#1866 = CARTESIAN_POINT ( 'NONE',  ( -1.400000000000000133, 0.000000000000000000, -0.6750000000000002665 ) ) ;
#1867 = DIRECTION ( 'NONE',  ( 0.000000000000000000, 0.000000000000000000, 1.000000000000000000 ) ) ;
#1868 = EDGE_CURVE ( 'NONE', #4363, #4293, #5891, .T. ) ;
#1869 = CIRCLE ( 'NONE', #4888, 0.04999999999999991257 ) ;
#1870 = CARTESIAN_POINT ( 'NONE',  ( -1.150000000000000355, 0.04999999999999999584, -1.375000000000000000 ) ) ;
#1871 = EDGE_CURVE ( 'NONE', #245, #1582, #3349, .T. ) ;
#1872 = CARTESIAN_POINT ( 'NONE',  ( 1.149999999999999911, 0.000000000000000000, 0.8250000000000001776 ) ) ;
#1873 = ORIENTED_EDGE ( 'NONE', *, *, #6249, .T. ) ;
#1874 = EDGE_LOOP ( 'NONE', ( #6290, #3260, #2918, #513 ) ) ;
#1875 = EDGE_LOOP ( 'NONE', ( #2094, #5534, #7161, #5544 ) ) ;
#1876 = VECTOR ( 'NONE', #2056, 1000.000000000000000 ) ;
#1877 = EDGE_CURVE ( 'NONE', #1101, #4953, #3150, .T. ) ;
#1878 = VERTEX_POINT ( 'NONE', #4945 ) ;
#1879 = DIRECTION ( 'NONE',  ( -0.000000000000000000, -1.000000000000000000, -0.000000000000000000 ) ) ;
#1881 = VERTEX_POINT ( 'NONE', #6129 ) ;
#1880 = LINE ( 'NONE', #2982, #4478 ) ;
#1882 = AXIS2_PLACEMENT_3D ( 'NONE', #3469, #4082, #4710 ) ;
#1883 = CARTESIAN_POINT ( 'NONE',  ( -1.500000000000000444, 0.05000000000000000278, -1.499999999999999334 ) ) ;
#1884 = DIRECTION ( 'NONE',  ( -1.000000000000000000, -0.000000000000000000, -0.000000000000000000 ) ) ;
#1885 = ORIENTED_EDGE ( 'NONE', *, *, #3933, .T. ) ;
#1886 = CARTESIAN_POINT ( 'NONE',  ( 1.150000000000000355, 0.2000000000000000111, 1.125000000000000222 ) ) ;
#1887 = ORIENTED_EDGE ( 'NONE', *, *, #2128, .F. ) ;
#1888 = EDGE_LOOP ( 'NONE', ( #3375, #5840, #4169, #6712 ) ) ;
#1889 = VECTOR ( 'NONE', #5326, 1000.000000000000000 ) ;
#1890 = ORIENTED_EDGE ( 'NONE', *, *, #99, .F. ) ;
#1892 = EDGE_LOOP ( 'NONE', ( #3510, #1115, #6327, #228 ) ) ;
#1891 = LINE ( 'NONE', #5488, #1951 ) ;
#1893 = EDGE_CURVE ( 'NONE', #6447, #1449, #5922, .T. ) ;
#1894 = FILL_AREA_STYLE_COLOUR ( '', #2198 ) ;
#1895 = PLANE ( 'NONE',  #4800 ) ;
#1896 = AXIS2_PLACEMENT_3D ( 'NONE', #3127, #459, #2245 ) ;
#1897 = PLANE ( 'NONE',  #3164 ) ;
#1898 = DIRECTION ( 'NONE',  ( 0.000000000000000000, 0.000000000000000000, -1.000000000000000000 ) ) ;
#1899 = VECTOR ( 'NONE', #2563, 1000.000000000000000 ) ;
#1900 = ORIENTED_EDGE ( 'NONE', *, *, #3978, .F. ) ;
#1901 = VERTEX_POINT ( 'NONE', #4603 ) ;
#1902 = ORIENTED_EDGE ( 'NONE', *, *, #1574, .F. ) ;
#1903 = LINE ( 'NONE', #6802, #6927 ) ;
#1904 = ORIENTED_EDGE ( 'NONE', *, *, #615, .T. ) ;
#1906 = ORIENTED_EDGE ( 'NONE', *, *, #5433, .F. ) ;
#1905 = FACE_OUTER_BOUND ( 'NONE', #3725, .T. ) ;
#1907 = DIRECTION ( 'NONE',  ( -0.000000000000000000, -1.000000000000000000, -0.000000000000000000 ) ) ;
#1908 = EDGE_CURVE ( 'NONE', #2395, #5376, #5993, .T. ) ;
#1910 = DIRECTION ( 'NONE',  ( 0.000000000000000000, 1.000000000000000000, 0.000000000000000000 ) ) ;
#1909 = AXIS2_PLACEMENT_3D ( 'NONE', #5266, #5418, #6497 ) ;
#1911 = VECTOR ( 'NONE', #6776, 1000.000000000000000 ) ;
#1912 = CARTESIAN_POINT ( 'NONE',  ( -1.150000000000000355, 0.1999999999999999833, 0.8750000000000001110 ) ) ;
#1913 = CARTESIAN_POINT ( 'NONE',  ( 1.349999999999999645, 0.04999999999999999584, 1.125000000000000222 ) ) ;
#1914 = ADVANCED_FACE ( 'NONE', ( #3331 ), #5793, .T. ) ;
#1915 = CARTESIAN_POINT ( 'NONE',  ( -1.100000000000000089, 0.05000000000000000278, 0.5000000000000000000 ) ) ;
#1916 = ORIENTED_EDGE ( 'NONE', *, *, #6125, .T. ) ;
#1917 = EDGE_LOOP ( 'NONE', ( #5411, #1885, #7207, #192 ) ) ;
#1918 = LINE ( 'NONE', #3748, #1679 ) ;
#1919 = VERTEX_POINT ( 'NONE', #5928 ) ;
#1921 = ORIENTED_EDGE ( 'NONE', *, *, #2847, .T. ) ;
#1920 = FACE_OUTER_BOUND ( 'NONE', #5466, .T. ) ;
#1922 = CARTESIAN_POINT ( 'NONE',  ( -1.350000000000000311, 0.5905124837953331651, -0.1749999999999998224 ) ) ;
#1923 = DIRECTION ( 'NONE',  ( -1.000000000000000000, 0.000000000000000000, -1.548860246407863336E-16 ) ) ;
#1924 = EDGE_CURVE ( 'NONE', #3646, #4739, #5833, .T. ) ;
#1925 = DIRECTION ( 'NONE',  ( 0.000000000000000000, 0.000000000000000000, -1.000000000000000000 ) ) ;
#1926 = FACE_OUTER_BOUND ( 'NONE', #324, .T. ) ;
#1927 = DIRECTION ( 'NONE',  ( 0.000000000000000000, 0.000000000000000000, 1.000000000000000000 ) ) ;
#1928 = AXIS2_PLACEMENT_3D ( 'NONE', #7624, #6491, #3271 ) ;
#1929 = DIRECTION ( 'NONE',  ( 1.000000000000000000, -0.000000000000000000, -0.000000000000000000 ) ) ;
#1930 = EDGE_LOOP ( 'NONE', ( #4830, #7435, #1071, #6553 ) ) ;
#1931 = EDGE_LOOP ( 'NONE', ( #3003, #7648, #2180, #616 ) ) ;
#1932 = FACE_BOUND ( 'NONE', #5262, .T. ) ;
#1933 = ORIENTED_EDGE ( 'NONE', *, *, #6568, .F. ) ;
#1934 = DIRECTION ( 'NONE',  ( -0.000000000000000000, -1.000000000000000000, 0.000000000000000000 ) ) ;
#1935 = ADVANCED_FACE ( 'NONE', ( #611 ), #6993, .F. ) ;
#1937 = ORIENTED_EDGE ( 'NONE', *, *, #1761, .T. ) ;
#1936 = VECTOR ( 'NONE', #6191, 1000.000000000000000 ) ;
#1938 = FILL_AREA_STYLE ('',( #50 ) ) ;
#1939 = MANIFOLD_SOLID_BREP ( 'Chamfer4', #5207 ) ;
#1940 = DIRECTION ( 'NONE',  ( 0.000000000000000000, 1.000000000000000000, 0.000000000000000000 ) ) ;
#1941 = EDGE_CURVE ( 'NONE', #6142, #2192, #653, .T. ) ;
#1942 = DIRECTION ( 'NONE',  ( -1.000000000000000000, -0.000000000000000000, -0.000000000000000000 ) ) ;
#1943 = LINE ( 'NONE', #2355, #4427 ) ;
#1944 = AXIS2_PLACEMENT_3D ( 'NONE', #6820, #6607, #4759 ) ;
#1945 = ORIENTED_EDGE ( 'NONE', *, *, #4827, .T. ) ;
#1946 = PLANE ( 'NONE',  #3798 ) ;
#1947 = ORIENTED_EDGE ( 'NONE', *, *, #2817, .T. ) ;
#1948 = CYLINDRICAL_SURFACE ( 'NONE', #6010, 0.05000000000000002359 ) ;
#1949 = DIRECTION ( 'NONE',  ( 0.000000000000000000, 1.000000000000000000, 0.000000000000000000 ) ) ;
#1950 = ORIENTED_EDGE ( 'NONE', *, *, #5681, .F. ) ;
#1952 = ORIENTED_EDGE ( 'NONE', *, *, #4584, .T. ) ;
#1951 = VECTOR ( 'NONE', #3626, 1000.000000000000000 ) ;
#1953 = DIRECTION ( 'NONE',  ( -0.000000000000000000, 0.000000000000000000, -1.000000000000000000 ) ) ;
#1954 = DIRECTION ( 'NONE',  ( -1.000000000000000000, 0.000000000000000000, -0.000000000000000000 ) ) ;
#1955 = CARTESIAN_POINT ( 'NONE',  ( -1.349999999999999645, 0.2000000000000000111, 0.1250000000000001110 ) ) ;
#1956 = LINE ( 'NONE', #6596, #7011 ) ;
#1957 = ORIENTED_EDGE ( 'NONE', *, *, #560, .T. ) ;
#1958 = ORIENTED_EDGE ( 'NONE', *, *, #1307, .F. ) ;
#1959 = EDGE_CURVE ( 'NONE', #6392, #4613, #599, .T. ) ;
#1960 = ORIENTED_EDGE ( 'NONE', *, *, #7581, .F. ) ;
#1962 = VERTEX_POINT ( 'NONE', #7056 ) ;
#1961 = CIRCLE ( 'NONE', #3317, 0.04999999999999991257 ) ;
#1963 = EDGE_CURVE ( 'NONE', #5028, #1864, #5861, .T. ) ;
#1964 = CARTESIAN_POINT ( 'NONE',  ( -0.5999999999999992006, 0.000000000000000000, -1.275000000000000133 ) ) ;
#1965 = VECTOR ( 'NONE', #517, 1000.000000000000000 ) ;
#1966 = AXIS2_PLACEMENT_3D ( 'NONE', #531, #3732, #4272 ) ;
#1967 = CARTESIAN_POINT ( 'NONE',  ( 1.349999999999999645, 0.000000000000000000, 1.125000000000000222 ) ) ;
#1968 = AXIS2_PLACEMENT_3D ( 'NONE', #82, #6170, #187 ) ;
#1969 = CARTESIAN_POINT ( 'NONE',  ( -1.100000000000000089, 0.1999999999999999833, 0.3249999999999997891 ) ) ;
#1970 = VERTEX_POINT ( 'NONE', #445 ) ;
#1971 = EDGE_LOOP ( 'NONE', ( #6513, #5008, #7363, #6598 ) ) ;
#1972 = FACE_OUTER_BOUND ( 'NONE', #6326, .T. ) ;
#1973 = VERTEX_POINT ( 'NONE', #4824 ) ;
#1975 = ORIENTED_EDGE ( 'NONE', *, *, #6734, .T. ) ;
#1974 = VECTOR ( 'NONE', #1929, 1000.000000000000000 ) ;
#1976 = DIRECTION ( 'NONE',  ( -1.000000000000000000, 0.000000000000000000, 1.445602896647343847E-15 ) ) ;
#1977 = SURFACE_STYLE_USAGE ( .BOTH. , #7417 ) ;
#1978 = EDGE_CURVE ( 'NONE', #269, #7596, #557, .T. ) ;
#1979 = LINE ( 'NONE', #2657, #4412 ) ;
#1980 = DIRECTION ( 'NONE',  ( 0.000000000000000000, 1.000000000000000000, 0.000000000000000000 ) ) ;
#1982 = ADVANCED_FACE ( 'NONE', ( #805 ), #1661, .T. ) ;
#1981 = AXIS2_PLACEMENT_3D ( 'NONE', #5862, #6518, #7113 ) ;
#1983 = CARTESIAN_POINT ( 'NONE',  ( 1.350000000000000311, 0.1999999999999999833, 0.3250000000000001776 ) ) ;
#1984 = ORIENTED_EDGE ( 'NONE', *, *, #4727, .T. ) ;
#1985 = VERTEX_POINT ( 'NONE', #957 ) ;
#1986 = FACE_OUTER_BOUND ( 'NONE', #4698, .T. ) ;
#1987 = VERTEX_POINT ( 'NONE', #4085 ) ;
#1988 = PLANE ( 'NONE',  #724 ) ;
#1990 = ORIENTED_EDGE ( 'NONE', *, *, #1941, .T. ) ;
#1989 = FACE_OUTER_BOUND ( 'NONE', #3706, .T. ) ;
#1991 = CARTESIAN_POINT ( 'NONE',  ( 1.400000000000000355, 0.2000000000000000111, -1.175000000000000266 ) ) ;
#1992 = LINE ( 'NONE', #5576, #7159 ) ;
#1993 = EDGE_CURVE ( 'NONE', #5838, #2654, #627, .T. ) ;
#1994 = MANIFOLD_SOLID_BREP ( 'LPattern2[4]', #2992 ) ;
#1995 = VERTEX_POINT ( 'NONE', #6574 ) ;
#1996 = DIRECTION ( 'NONE',  ( -0.000000000000000000, -1.000000000000000000, -0.000000000000000000 ) ) ;
#1997 = ORIENTED_EDGE ( 'NONE', *, *, #217, .F. ) ;
#1998 = FACE_OUTER_BOUND ( 'NONE', #6612, .T. ) ;
#1999 = STYLED_ITEM ( 'NONE', ( #5531 ), #4102 ) ;
#2000 = CARTESIAN_POINT ( 'NONE',  ( -1.100000000000000089, 0.2000000000000000111, 0.3249999999999997891 ) ) ;
#2001 = ORIENTED_EDGE ( 'NONE', *, *, #7774, .F. ) ;
#2002 = ADVANCED_FACE ( 'NONE', ( #6016 ), #833, .F. ) ;
#2004 = ORIENTED_EDGE ( 'NONE', *, *, #7115, .F. ) ;
#2003 = LINE ( 'NONE', #6076, #1849 ) ;
#2005 = CARTESIAN_POINT ( 'NONE',  ( -1.150000000000000355, 0.2000000000000000111, -1.125000000000000000 ) ) ;
#2006 = CARTESIAN_POINT ( 'NONE',  ( 0.000000000000000000, 0.05000000000000000278, 0.1250000000000001110 ) ) ;
#2007 = DIRECTION ( 'NONE',  ( 0.000000000000000000, 1.000000000000000000, -0.000000000000000000 ) ) ;
#2008 = CARTESIAN_POINT ( 'NONE',  ( -1.350000000000000089, 0.04999999999999999584, 0.6750000000000000444 ) ) ;
#2009 = FACE_OUTER_BOUND ( 'NONE', #4222, .T. ) ;
#2010 = EDGE_CURVE ( 'NONE', #366, #6222, #895, .T. ) ;
#2011 = VERTEX_POINT ( 'NONE', #5199 ) ;
#2012 = ORIENTED_EDGE ( 'NONE', *, *, #7041, .F. ) ;
#2013 = FACE_OUTER_BOUND ( 'NONE', #3156, .T. ) ;
#2014 = ORIENTED_EDGE ( 'NONE', *, *, #7059, .T. ) ;
#2015 = DIRECTION ( 'NONE',  ( 0.000000000000000000, -1.000000000000000000, 0.000000000000000000 ) ) ;
#2016 = AXIS2_PLACEMENT_3D ( 'NONE', #7697, #6451, #7205 ) ;
#2018 = EDGE_LOOP ( 'NONE', ( #7515, #713, #7134, #7674 ) ) ;
#2017 = VECTOR ( 'NONE', #6808, 1000.000000000000000 ) ;
#2019 = DIRECTION ( 'NONE',  ( -0.000000000000000000, -1.000000000000000000, -0.000000000000000000 ) ) ;
#2020 = PLANE ( 'NONE',  #4667 ) ;
#2021 = CYLINDRICAL_SURFACE ( 'NONE', #2165, 0.04999999999999991257 ) ;
#2022 = CARTESIAN_POINT ( 'NONE',  ( 1.149999999999999911, 0.2000000000000000111, -1.174999999999999822 ) ) ;
#2023 = DIRECTION ( 'NONE',  ( 0.000000000000000000, 1.000000000000000000, 0.000000000000000000 ) ) ;
#2024 = CARTESIAN_POINT ( 'NONE',  ( 1.350000000000000311, 0.000000000000000000, -0.1749999999999998224 ) ) ;
#2025 = ORIENTED_EDGE ( 'NONE', *, *, #2780, .F. ) ;
#2026 = ORIENTED_EDGE ( 'NONE', *, *, #2410, .T. ) ;
#2027 = VECTOR ( 'NONE', #3760, 1000.000000000000000 ) ;
#2028 = EDGE_CURVE ( 'NONE', #746, #2081, #1020, .T. ) ;
#2029 = ORIENTED_EDGE ( 'NONE', *, *, #259, .T. ) ;
#2031 = ORIENTED_EDGE ( 'NONE', *, *, #3914, .F. ) ;
#2030 = LINE ( 'NONE', #4440, #1936 ) ;
#2032 = DIRECTION ( 'NONE',  ( -0.000000000000000000, 0.000000000000000000, 1.000000000000000000 ) ) ;
#2033 = AXIS2_PLACEMENT_3D ( 'NONE', #7626, #5832, #419 ) ;
#2034 = DIRECTION ( 'NONE',  ( -0.000000000000000000, -1.000000000000000000, -0.000000000000000000 ) ) ;
#2035 = DIRECTION ( 'NONE',  ( 0.000000000000000000, 0.000000000000000000, -1.000000000000000000 ) ) ;
#2036 = CARTESIAN_POINT ( 'NONE',  ( 1.100000000000000089, 0.5905124837953331651, 0.8249999999999997335 ) ) ;
#2037 = CIRCLE ( 'NONE', #1130, 0.05000000000000002359 ) ;
#2038 = CARTESIAN_POINT ( 'NONE',  ( 1.350000000000000089, 0.1999999999999999833, -1.324999999999999956 ) ) ;
#2039 = CARTESIAN_POINT ( 'NONE',  ( -1.149999999999999911, 0.2000000000000000111, 1.325000000000000178 ) ) ;
#2040 = ORIENTED_EDGE ( 'NONE', *, *, #6466, .F. ) ;
#2041 = ORIENTED_EDGE ( 'NONE', *, *, #7427, .F. ) ;
#2042 = VECTOR ( 'NONE', #5909, 1000.000000000000000 ) ;
#2043 = ORIENTED_EDGE ( 'NONE', *, *, #7750, .F. ) ;
#2044 = DIRECTION ( 'NONE',  ( -1.000000000000000000, 0.000000000000000000, 0.000000000000000000 ) ) ;
#2046 = VERTEX_POINT ( 'NONE', #4869 ) ;
#2045 = CYLINDRICAL_SURFACE ( 'NONE', #7305, 0.04999999999999991257 ) ;
#2047 = CARTESIAN_POINT ( 'NONE',  ( 1.400000000000000133, 0.2000000000000000111, -1.324999999999999734 ) ) ;
#2048 = AXIS2_PLACEMENT_3D ( 'NONE', #5696, #2653, #3937 ) ;
#2049 = CARTESIAN_POINT ( 'NONE',  ( 1.149999999999999911, 0.000000000000000000, -1.324999999999999956 ) ) ;
#2050 = FACE_OUTER_BOUND ( 'NONE', #2443, .T. ) ;
#2051 = EDGE_CURVE ( 'NONE', #7492, #3950, #3590, .T. ) ;
#2052 = ADVANCED_FACE ( 'NONE', ( #6114 ), #1946, .F. ) ;
#2053 = VERTEX_POINT ( 'NONE', #1886 ) ;
#2054 = DIRECTION ( 'NONE',  ( -0.000000000000000000, -1.000000000000000000, -0.000000000000000000 ) ) ;
#2055 = ORIENTED_EDGE ( 'NONE', *, *, #7137, .T. ) ;
#2056 = DIRECTION ( 'NONE',  ( 0.000000000000000000, 0.000000000000000000, -1.000000000000000000 ) ) ;
#2057 = ORIENTED_EDGE ( 'NONE', *, *, #4105, .T. ) ;
#2059 = ORIENTED_EDGE ( 'NONE', *, *, #3967, .T. ) ;
#2058 = VECTOR ( 'NONE', #7371, 1000.000000000000000 ) ;
#2060 = DIRECTION ( 'NONE',  ( 0.000000000000000000, -1.000000000000000000, 0.000000000000000000 ) ) ;
#2061 = CARTESIAN_POINT ( 'NONE',  ( 1.400000000000000355, 0.2000000000000000111, -1.175000000000000266 ) ) ;
#2062 = EDGE_CURVE ( 'NONE', #2732, #1099, #6254, .T. ) ;
#2063 = VECTOR ( 'NONE', #4062, 1000.000000000000000 ) ;
#2064 = ORIENTED_EDGE ( 'NONE', *, *, #3825, .T. ) ;
#2065 = ORIENTED_EDGE ( 'NONE', *, *, #3534, .F. ) ;
#2066 = CYLINDRICAL_SURFACE ( 'NONE', #6424, 0.04999999999999991257 ) ;
#2067 = EDGE_CURVE ( 'NONE', #4571, #5706, #935, .T. ) ;
#2068 = EDGE_LOOP ( 'NONE', ( #7008, #2615, #1438, #7107, #32, #6107, #3820, #2427 ) ) ;
#2069 = DIRECTION ( 'NONE',  ( 0.000000000000000000, 0.000000000000000000, 1.000000000000000000 ) ) ;
#2070 = ADVANCED_FACE ( 'NONE', ( #949 ), #3576, .T. ) ;
#2072 = VERTEX_POINT ( 'NONE', #5551 ) ;
#2071 = FACE_OUTER_BOUND ( 'NONE', #1749, .T. ) ;
#2073 = DIRECTION ( 'NONE',  ( 0.000000000000000000, 1.000000000000000000, 0.000000000000000000 ) ) ;
#2074 = AXIS2_PLACEMENT_3D ( 'NONE', #858, #1432, #2625 ) ;
#2075 = MECHANICAL_DESIGN_GEOMETRIC_PRESENTATION_REPRESENTATION (  '', ( #3449 ), #4977 ) ;
#2076 = DIRECTION ( 'NONE',  ( 0.000000000000000000, -0.000000000000000000, -1.000000000000000000 ) ) ;
#2077 = DIRECTION ( 'NONE',  ( -0.000000000000000000, -1.000000000000000000, -0.000000000000000000 ) ) ;
#2078 = FACE_OUTER_BOUND ( 'NONE', #4269, .T. ) ;
#2079 = DIRECTION ( 'NONE',  ( 1.000000000000000000, 0.000000000000000000, -0.000000000000000000 ) ) ;
#2080 = CARTESIAN_POINT ( 'NONE',  ( 1.400000000000000133, 0.2000000000000000111, 0.6750000000000002665 ) ) ;
#2081 = VERTEX_POINT ( 'NONE', #6658 ) ;
#2082 = ORIENTED_EDGE ( 'NONE', *, *, #3212, .F. ) ;
#2083 = ORIENTED_EDGE ( 'NONE', *, *, #26, .F. ) ;
#2085 = ORIENTED_EDGE ( 'NONE', *, *, #1311, .F. ) ;
#2084 = VECTOR ( 'NONE', #5122, 1000.000000000000000 ) ;
#2086 = EDGE_CURVE ( 'NONE', #7596, #4234, #3459, .T. ) ;
#2087 = CARTESIAN_POINT ( 'NONE',  ( -1.149999999999999911, 0.000000000000000000, -1.324999999999999956 ) ) ;
#2088 = DIRECTION ( 'NONE',  ( -1.000000000000000000, 0.000000000000000000, 0.000000000000000000 ) ) ;
#2089 = AXIS2_PLACEMENT_3D ( 'NONE', #522, #3566, #4163 ) ;
#2090 = DIRECTION ( 'NONE',  ( -1.000000000000000000, 0.000000000000000000, 0.000000000000000000 ) ) ;
#2091 = LINE ( 'NONE', #7268, #4690 ) ;
#2092 = DIRECTION ( 'NONE',  ( -0.000000000000000000, -1.000000000000000000, -0.000000000000000000 ) ) ;
#2093 = CARTESIAN_POINT ( 'NONE',  ( 1.350000000000000089, 0.1999999999999999833, -0.1249999999999996808 ) ) ;
#2094 = ORIENTED_EDGE ( 'NONE', *, *, #1144, .T. ) ;
#2095 = ORIENTED_EDGE ( 'NONE', *, *, #2780, .T. ) ;
#2096 = FACE_OUTER_BOUND ( 'NONE', #5636, .T. ) ;
#2097 = VERTEX_POINT ( 'NONE', #6617 ) ;
#2098 = CARTESIAN_POINT ( 'NONE',  ( -1.100000000000000089, 0.1999999999999999833, -0.1750000000000002387 ) ) ;
#2100 = ORIENTED_EDGE ( 'NONE', *, *, #4302, .T. ) ;
#2099 = SURFACE_STYLE_FILL_AREA ( #2490 ) ;
#2101 = CARTESIAN_POINT ( 'NONE',  ( 1.150000000000000355, 0.1999999999999999833, -1.125000000000000000 ) ) ;
#2102 = EDGE_CURVE ( 'NONE', #5427, #2456, #3473, .T. ) ;
#2103 = DIRECTION ( 'NONE',  ( 0.000000000000000000, 0.000000000000000000, -1.000000000000000000 ) ) ;
#2104 = AXIS2_PLACEMENT_3D ( 'NONE', #1192, #7556, #2188 ) ;
#2105 = CIRCLE ( 'NONE', #78, 0.05000000000000002359 ) ;
#2106 = ORIENTED_EDGE ( 'NONE', *, *, #4182, .F. ) ;
#2107 = DIRECTION ( 'NONE',  ( 0.000000000000000000, 1.000000000000000000, 0.000000000000000000 ) ) ;
#2108 = ORIENTED_EDGE ( 'NONE', *, *, #6095, .T. ) ;
#2109 = CIRCLE ( 'NONE', #3188, 0.04999999999999991257 ) ;
#2110 = ORIENTED_EDGE ( 'NONE', *, *, #3066, .F. ) ;
#2112 = EDGE_LOOP ( 'NONE', ( #5042, #4766, #7322, #7784 ) ) ;
#2111 = LINE ( 'NONE', #5814, #4826 ) ;
#2113 = EDGE_CURVE ( 'NONE', #6202, #6144, #6183, .T. ) ;
#2114 = DIRECTION ( 'NONE',  ( 0.000000000000000000, -1.000000000000000000, 0.000000000000000000 ) ) ;
#2115 = CARTESIAN_POINT ( 'NONE',  ( 1.149999999999999911, 0.2000000000000000111, -0.1749999999999998224 ) ) ;
#2116 = AXIS2_PLACEMENT_3D ( 'NONE', #477, #1054, #1641 ) ;
#2117 = ADVANCED_FACE ( 'NONE', ( #883 ), #860, .F. ) ;
#2118 = ORIENTED_EDGE ( 'NONE', *, *, #6717, .T. ) ;
#2119 = ORIENTED_EDGE ( 'NONE', *, *, #1405, .F. ) ;
#2120 = ORIENTED_EDGE ( 'NONE', *, *, #6111, .T. ) ;
#2121 = CARTESIAN_POINT ( 'NONE',  ( -1.349999999999999645, 0.1999999999999999833, 1.125000000000000222 ) ) ;
#2123 = ORIENTED_EDGE ( 'NONE', *, *, #2509, .T. ) ;
#2122 = FACE_OUTER_BOUND ( 'NONE', #1648, .T. ) ;
#2124 = DIRECTION ( 'NONE',  ( -0.000000000000000000, -1.000000000000000000, -0.000000000000000000 ) ) ;
#2125 = UNCERTAINTY_MEASURE_WITH_UNIT (LENGTH_MEASURE( 1.000000000000000082E-05 ), #4103, 'distance_accuracy_value', 'NONE');
#2126 = ADVANCED_FACE ( 'NONE', ( #3703 ), #1392, .T. ) ;
#2127 = DIRECTION ( 'NONE',  ( -0.000000000000000000, -1.000000000000000000, 0.000000000000000000 ) ) ;
#2128 = EDGE_CURVE ( 'NONE', #4599, #4369, #3562, .T. ) ;
#2129 = DIRECTION ( 'NONE',  ( -1.000000000000000000, 0.000000000000000000, 0.000000000000000000 ) ) ;
#2130 = VECTOR ( 'NONE', #5973, 1000.000000000000000 ) ;
#2131 = PLANE ( 'NONE',  #1245 ) ;
#2132 = AXIS2_PLACEMENT_3D ( 'NONE', #5329, #3574, #6606 ) ;
#2133 = DIRECTION ( 'NONE',  ( 1.000000000000000000, -0.000000000000000000, -0.000000000000000000 ) ) ;
#2134 = VERTEX_POINT ( 'NONE', #7331 ) ;
#2135 = VERTEX_POINT ( 'NONE', #108 ) ;
#2136 = VECTOR ( 'NONE', #660, 1000.000000000000000 ) ;
#2137 = ORIENTED_EDGE ( 'NONE', *, *, #4544, .T. ) ;
#2138 = ADVANCED_FACE ( 'NONE', ( #3531 ), #991, .F. ) ;
#2139 = FACE_OUTER_BOUND ( 'NONE', #3344, .T. ) ;
#2140 = SURFACE_STYLE_USAGE ( .BOTH. , #3467 ) ;
#2141 = DIRECTION ( 'NONE',  ( -0.000000000000000000, -1.000000000000000000, -0.000000000000000000 ) ) ;
#2142 = LINE ( 'NONE', #1651, #4735 ) ;
#2143 = DIRECTION ( 'NONE',  ( -1.445602896647339163E-16, -0.000000000000000000, -1.000000000000000000 ) ) ;
#2144 = ORIENTED_EDGE ( 'NONE', *, *, #5621, .T. ) ;
#2145 = ORIENTED_EDGE ( 'NONE', *, *, #7324, .T. ) ;
#2146 = LINE ( 'NONE', #7304, #4560 ) ;
#2147 = AXIS2_PLACEMENT_3D ( 'NONE', #1557, #7117, #447 ) ;
#2148 = EDGE_LOOP ( 'NONE', ( #3261, #7013, #7599, #669 ) ) ;
#2149 = DIRECTION ( 'NONE',  ( 0.000000000000000000, 0.000000000000000000, -1.000000000000000000 ) ) ;
#2150 = CARTESIAN_POINT ( 'NONE',  ( -1.150000000000000355, 0.000000000000000000, -0.6249999999999998890 ) ) ;
#2151 = EDGE_CURVE ( 'NONE', #356, #5460, #6155, .T. ) ;
#2152 = CARTESIAN_POINT ( 'NONE',  ( 1.100000000000000089, 0.1999999999999999833, -0.3249999999999995670 ) ) ;
#2153 = FACE_OUTER_BOUND ( 'NONE', #1692, .T. ) ;
#2154 = ORIENTED_EDGE ( 'NONE', *, *, #2694, .F. ) ;
#2155 = CARTESIAN_POINT ( 'NONE',  ( -1.350000000000000089, 0.000000000000000000, -1.324999999999999956 ) ) ;
#2156 = ORIENTED_EDGE ( 'NONE', *, *, #3089, .T. ) ;
#2157 = LINE ( 'NONE', #3124, #7365 ) ;
#2158 = ORIENTED_EDGE ( 'NONE', *, *, #1652, .T. ) ;
#2159 = EDGE_CURVE ( 'NONE', #5474, #4714, #911, .T. ) ;
#2160 = DIRECTION ( 'NONE',  ( 0.000000000000000000, 0.000000000000000000, -1.000000000000000000 ) ) ;
#2161 = CARTESIAN_POINT ( 'NONE',  ( -1.350000000000000089, 0.1999999999999999833, -0.6249999999999998890 ) ) ;
#2162 = CARTESIAN_POINT ( 'NONE',  ( -1.150000000000000355, 0.000000000000000000, -1.125000000000000000 ) ) ;
#2163 = EDGE_CURVE ( 'NONE', #6556, #661, #6086, .T. ) ;
#2164 = FACE_OUTER_BOUND ( 'NONE', #2316, .T. ) ;
#2165 = AXIS2_PLACEMENT_3D ( 'NONE', #7306, #6343, #6176 ) ;
#2166 = VERTEX_POINT ( 'NONE', #5062 ) ;
#2167 = ORIENTED_EDGE ( 'NONE', *, *, #1561, .T. ) ;
#2168 = CARTESIAN_POINT ( 'NONE',  ( 0.000000000000000000, 0.05000000000000000278, 0.8750000000000001110 ) ) ;
#2169 = CIRCLE ( 'NONE', #859, 0.04999999999999991257 ) ;
#2170 = AXIS2_PLACEMENT_3D ( 'NONE', #1673, #5109, #1022 ) ;
#2171 = EDGE_LOOP ( 'NONE', ( #1845, #7050, #5865, #567 ) ) ;
#2172 = DIRECTION ( 'NONE',  ( 0.000000000000000000, 1.000000000000000000, 0.000000000000000000 ) ) ;
#2173 = SURFACE_SIDE_STYLE ('',( #6446 ) ) ;
#2174 = DIRECTION ( 'NONE',  ( 0.000000000000000000, 0.000000000000000000, -1.000000000000000000 ) ) ;
#2175 = FACE_OUTER_BOUND ( 'NONE', #4969, .T. ) ;
#2176 = EDGE_CURVE ( 'NONE', #7147, #7249, #6057, .T. ) ;
#2177 = DIRECTION ( 'NONE',  ( 0.000000000000000000, -1.000000000000000000, 0.000000000000000000 ) ) ;
#2178 = ADVANCED_FACE ( 'NONE', ( #3643 ), #870, .T. ) ;
#2179 = CARTESIAN_POINT ( 'NONE',  ( -1.100000000000000089, 0.2000000000000000111, -0.1750000000000002387 ) ) ;
#2180 = ORIENTED_EDGE ( 'NONE', *, *, #3254, .T. ) ;
#2181 = EDGE_LOOP ( 'NONE', ( #5318, #3436, #1040, #3466 ) ) ;
#2182 = VECTOR ( 'NONE', #4294, 1000.000000000000000 ) ;
#2183 = AXIS2_PLACEMENT_3D ( 'NONE', #350, #5236, #5805 ) ;
#2184 = ORIENTED_EDGE ( 'NONE', *, *, #4592, .T. ) ;
#2185 = DIRECTION ( 'NONE',  ( 0.000000000000000000, -1.000000000000000000, 0.000000000000000000 ) ) ;
#2186 = ADVANCED_FACE ( 'NONE', ( #3503 ), #4454, .F. ) ;
#2187 = CARTESIAN_POINT ( 'NONE',  ( -1.150000000000000355, 0.000000000000000000, -0.1249999999999998890 ) ) ;
#2188 = DIRECTION ( 'NONE',  ( 0.000000000000000000, 0.000000000000000000, -1.000000000000000000 ) ) ;
#2189 = VECTOR ( 'NONE', #7160, 1000.000000000000000 ) ;
#2190 =( NAMED_UNIT ( * ) PLANE_ANGLE_UNIT ( ) SI_UNIT ( $, .RADIAN. ) );
#2191 = EDGE_CURVE ( 'NONE', #7048, #5561, #3669, .T. ) ;
#2192 = VERTEX_POINT ( 'NONE', #6258 ) ;
#2193 = ORIENTED_EDGE ( 'NONE', *, *, #4620, .F. ) ;
#2194 = CIRCLE ( 'NONE', #7634, 0.04999999999999991257 ) ;
#2195 = ORIENTED_EDGE ( 'NONE', *, *, #377, .T. ) ;
#2196 = ADVANCED_FACE ( 'NONE', ( #6268 ), #463, .T. ) ;
#2197 = AXIS2_PLACEMENT_3D ( 'NONE', #400, #2229, #1658 ) ;
#2198 = COLOUR_RGB ( '',0.7921568627450980005, 0.8196078431372548767, 0.9333333333333333481 ) ;
#2199 = DIRECTION ( 'NONE',  ( -0.000000000000000000, -1.000000000000000000, -0.000000000000000000 ) ) ;
#2200 = DIRECTION ( 'NONE',  ( 0.000000000000000000, 1.000000000000000000, 0.000000000000000000 ) ) ;
#2201 = CYLINDRICAL_SURFACE ( 'NONE', #4108, 0.05000000000000002359 ) ;
#2202 = ORIENTED_EDGE ( 'NONE', *, *, #2944, .F. ) ;
#2203 = DIRECTION ( 'NONE',  ( 0.000000000000000000, -1.000000000000000000, 0.000000000000000000 ) ) ;
#2204 = ORIENTED_EDGE ( 'NONE', *, *, #2376, .F. ) ;
#2205 = CIRCLE ( 'NONE', #15, 0.04999999999999991257 ) ;
#2206 = EDGE_CURVE ( 'NONE', #346, #5763, #6127, .T. ) ;
#2207 = VERTEX_POINT ( 'NONE', #7675 ) ;
#2209 = CARTESIAN_POINT ( 'NONE',  ( 1.100000000000000089, 0.2000000000000000111, -1.324999999999999512 ) ) ;
#2208 = AXIS2_PLACEMENT_3D ( 'NONE', #3604, #559, #4251 ) ;
#2210 = CARTESIAN_POINT ( 'NONE',  ( -1.150000000000000355, 0.1999999999999999833, -0.8749999999999998890 ) ) ;
#2211 = VECTOR ( 'NONE', #533, 1000.000000000000000 ) ;
#2212 = ORIENTED_EDGE ( 'NONE', *, *, #610, .F. ) ;
#2213 = ORIENTED_EDGE ( 'NONE', *, *, #753, .T. ) ;
#2214 = DIRECTION ( 'NONE',  ( 1.000000000000000000, 0.000000000000000000, 0.000000000000000000 ) ) ;
#2215 = LINE ( 'NONE', #4626, #2322 ) ;
#2216 = ORIENTED_EDGE ( 'NONE', *, *, #1908, .T. ) ;
#2217 = DIRECTION ( 'NONE',  ( 2.891205793294678326E-16, -0.000000000000000000, 1.000000000000000000 ) ) ;
#2218 = AXIS2_PLACEMENT_3D ( 'NONE', #3402, #2317, #6561 ) ;
#2219 = DIRECTION ( 'NONE',  ( 0.000000000000000000, 0.000000000000000000, 1.000000000000000000 ) ) ;
#2220 = DIRECTION ( 'NONE',  ( -0.000000000000000000, -1.000000000000000000, 0.000000000000000000 ) ) ;
#2221 = CARTESIAN_POINT ( 'NONE',  ( -1.400000000000000133, 0.000000000000000000, 0.8249999999999997335 ) ) ;
#2222 = ORIENTED_EDGE ( 'NONE', *, *, #512, .F. ) ;
#2223 = CIRCLE ( 'NONE', #103, 0.04999999999999991257 ) ;
#2224 = ORIENTED_EDGE ( 'NONE', *, *, #6434, .F. ) ;
#2225 = LINE ( 'NONE', #925, #4893 ) ;
#2226 = DIRECTION ( 'NONE',  ( 0.000000000000000000, -1.000000000000000000, 0.000000000000000000 ) ) ;
#2227 = DIRECTION ( 'NONE',  ( 0.000000000000000000, 0.000000000000000000, -1.000000000000000000 ) ) ;
#2228 = VERTEX_POINT ( 'NONE', #2790 ) ;
#2229 = DIRECTION ( 'NONE',  ( 0.000000000000000000, 1.000000000000000000, 0.000000000000000000 ) ) ;
#2230 = EDGE_CURVE ( 'NONE', #6142, #5720, #6199, .T. ) ;
#2231 = LINE ( 'NONE', #7104, #4762 ) ;
#2232 = CARTESIAN_POINT ( 'NONE',  ( -1.400000000000000133, 0.04999999999999999584, -1.175000000000000266 ) ) ;
#2233 = ADVANCED_FACE ( 'NONE', ( #1080 ), #3679, .T. ) ;
#2234 = ORIENTED_EDGE ( 'NONE', *, *, #157, .T. ) ;
#2235 = VECTOR ( 'NONE', #5648, 1000.000000000000000 ) ;
#2236 = EDGE_CURVE ( 'NONE', #4070, #1985, #1093, .T. ) ;
#2237 = ORIENTED_EDGE ( 'NONE', *, *, #4301, .T. ) ;
#2238 = DIRECTION ( 'NONE',  ( 1.000000000000000000, 0.000000000000000000, 0.000000000000000000 ) ) ;
#2239 = DIRECTION ( 'NONE',  ( 0.000000000000000000, -0.000000000000000000, 1.000000000000000000 ) ) ;
#2240 = CYLINDRICAL_SURFACE ( 'NONE', #3529, 0.1250000000000003331 ) ;
#2241 = DIRECTION ( 'NONE',  ( -0.000000000000000000, -0.000000000000000000, 1.000000000000000000 ) ) ;
#2242 = EDGE_CURVE ( 'NONE', #7729, #2134, #3601, .T. ) ;
#2243 = ADVANCED_FACE ( 'NONE', ( #3546 ), #965, .T. ) ;
#2244 = ORIENTED_EDGE ( 'NONE', *, *, #6267, .F. ) ;
#2245 = DIRECTION ( 'NONE',  ( 0.000000000000000000, -0.000000000000000000, 1.000000000000000000 ) ) ;
#2246 = CARTESIAN_POINT ( 'NONE',  ( 1.400000000000000355, 0.5905124837953331651, 0.8249999999999997335 ) ) ;
#2247 = EDGE_CURVE ( 'NONE', #2046, #1901, #6215, .T. ) ;
#2248 = FACE_OUTER_BOUND ( 'NONE', #6925, .T. ) ;
#2249 = ORIENTED_EDGE ( 'NONE', *, *, #2993, .T. ) ;
#2250 = ADVANCED_FACE ( 'NONE', ( #3717 ), #2845, .F. ) ;
#2251 = VECTOR ( 'NONE', #1611, 1000.000000000000000 ) ;
#2252 = EDGE_CURVE ( 'NONE', #874, #2938, #847, .T. ) ;
#2253 = DIRECTION ( 'NONE',  ( 0.000000000000000000, 1.000000000000000000, 0.000000000000000000 ) ) ;
#2254 = DIRECTION ( 'NONE',  ( -1.000000000000000000, 0.000000000000000000, 0.000000000000000000 ) ) ;
#2255 = EDGE_LOOP ( 'NONE', ( #2083, #7076, #6172, #4614 ) ) ;
#2256 = AXIS2_PLACEMENT_3D ( 'NONE', #5702, #538, #2227 ) ;
#2257 = DIRECTION ( 'NONE',  ( 0.000000000000000000, -1.000000000000000000, 0.000000000000000000 ) ) ;
#2258 = CARTESIAN_POINT ( 'NONE',  ( -0.7000000000000001776, 3.109037641557771181, 1.274999999999999689 ) ) ;
#2259 = LINE ( 'NONE', #4591, #2211 ) ;
#2260 = CARTESIAN_POINT ( 'NONE',  ( 1.350000000000000089, 0.04999999999999999584, -1.124999999999999778 ) ) ;
#2261 = CIRCLE ( 'NONE', #5639, 0.05000000000000002359 ) ;
#2262 = ORIENTED_EDGE ( 'NONE', *, *, #6653, .T. ) ;
#2263 = DIRECTION ( 'NONE',  ( -1.445602896647346214E-15, -0.000000000000000000, 1.000000000000000000 ) ) ;
#2264 = DIRECTION ( 'NONE',  ( 0.000000000000000000, 1.000000000000000000, -0.000000000000000000 ) ) ;
#2265 = EDGE_CURVE ( 'NONE', #4535, #698, #6047, .T. ) ;
#2266 = MANIFOLD_SOLID_BREP ( 'LPattern2[10]', #3700 ) ;
#2267 = ORIENTED_EDGE ( 'NONE', *, *, #3336, .T. ) ;
#2269 = CARTESIAN_POINT ( 'NONE',  ( 1.400000000000000355, 0.1999999999999999833, 1.324999999999999734 ) ) ;
#2268 = AXIS2_PLACEMENT_3D ( 'NONE', #6827, #7551, #247 ) ;
#2270 = DIRECTION ( 'NONE',  ( 0.000000000000000000, -1.000000000000000000, 0.000000000000000000 ) ) ;
#2271 = VECTOR ( 'NONE', #1064, 1000.000000000000000 ) ;
#2272 = CARTESIAN_POINT ( 'NONE',  ( -1.150000000000000355, 0.2000000000000000111, 1.375000000000000222 ) ) ;
#2273 = VECTOR ( 'NONE', #6635, 1000.000000000000000 ) ;
#2274 = ORIENTED_EDGE ( 'NONE', *, *, #6831, .F. ) ;
#2275 = LINE ( 'NONE', #7529, #4834 ) ;
#2276 = CARTESIAN_POINT ( 'NONE',  ( -1.350000000000000311, 0.000000000000000000, -1.174999999999999822 ) ) ;
#2277 = CARTESIAN_POINT ( 'NONE',  ( 1.400000000000000355, 0.000000000000000000, -0.1750000000000002387 ) ) ;
#2278 = EDGE_LOOP ( 'NONE', ( #3452, #5372, #5476, #1846 ) ) ;
#2279 = EDGE_CURVE ( 'NONE', #1881, #6863, #3930, .T. ) ;
#2280 = COLOUR_RGB ( '',0.7921568627450980005, 0.8196078431372548767, 0.9333333333333333481 ) ;
#2281 = DIRECTION ( 'NONE',  ( 0.000000000000000000, 0.000000000000000000, -1.000000000000000000 ) ) ;
#2282 = PRODUCT_CONTEXT ( 'NONE', #2387, 'mechanical' ) ;
#2283 =( GEOMETRIC_REPRESENTATION_CONTEXT ( 3 ) GLOBAL_UNCERTAINTY_ASSIGNED_CONTEXT ( ( #448 ) ) GLOBAL_UNIT_ASSIGNED_CONTEXT ( ( #5894, #3441, #4842 ) ) REPRESENTATION_CONTEXT ( 'NONE', 'WORKASPACE' ) );
#2284 = DIRECTION ( 'NONE',  ( -0.000000000000000000, -1.000000000000000000, -0.000000000000000000 ) ) ;
#2285 = LINE ( 'NONE', #6440, #5059 ) ;
#2286 = VERTEX_POINT ( 'NONE', #3320 ) ;
#2287 = DIRECTION ( 'NONE',  ( -0.000000000000000000, -1.000000000000000000, -0.000000000000000000 ) ) ;
#2288 = CARTESIAN_POINT ( 'NONE',  ( 1.349999999999999645, 0.000000000000000000, -0.3749999999999998890 ) ) ;
#2289 = LINE ( 'NONE', #3532, #7457 ) ;
#2290 = CARTESIAN_POINT ( 'NONE',  ( 1.100000000000000089, 0.000000000000000000, 1.324999999999999734 ) ) ;
#2291 = DIRECTION ( 'NONE',  ( -1.275531967630005245E-16, 0.000000000000000000, 1.000000000000000000 ) ) ;
#2292 = EDGE_LOOP ( 'NONE', ( #6203, #932, #2594, #1774, #5195, #6749, #5182, #4141 ) ) ;
#2293 = DIRECTION ( 'NONE',  ( -0.000000000000000000, -1.000000000000000000, -0.000000000000000000 ) ) ;
#2294 = DIRECTION ( 'NONE',  ( 1.445602896647343847E-15, 0.000000000000000000, 1.000000000000000000 ) ) ;
#2295 = EDGE_CURVE ( 'NONE', #6850, #5427, #1230, .T. ) ;
#2296 = LINE ( 'NONE', #2179, #7495 ) ;
#2297 = ADVANCED_FACE ( 'NONE', ( #6562 ), #5724, .F. ) ;
#2298 = AXIS2_PLACEMENT_3D ( 'NONE', #6453, #5186, #4587 ) ;
#2299 = FILL_AREA_STYLE_COLOUR ( '', #3865 ) ;
#2300 = CIRCLE ( 'NONE', #4637, 0.05000000000000002359 ) ;
#2301 = ORIENTED_EDGE ( 'NONE', *, *, #330, .F. ) ;
#2302 = ADVANCED_FACE ( 'NONE', ( #1169 ), #667, .T. ) ;
#2303 = ORIENTED_EDGE ( 'NONE', *, *, #2944, .T. ) ;
#2304 = CARTESIAN_POINT ( 'NONE',  ( -1.149999999999999911, 0.2000000000000000111, -1.324999999999999956 ) ) ;
#2305 = CARTESIAN_POINT ( 'NONE',  ( -1.350000000000000089, 0.2000000000000000111, -1.125000000000000000 ) ) ;
#2306 = CARTESIAN_POINT ( 'NONE',  ( -1.150000000000000355, 0.2000000000000000111, 0.8750000000000001110 ) ) ;
#2307 = EDGE_CURVE ( 'NONE', #298, #3171, #3942, .T. ) ;
#2308 = DIRECTION ( 'NONE',  ( -1.000000000000000000, 0.000000000000000000, 0.000000000000000000 ) ) ;
#2309 = VECTOR ( 'NONE', #4981, 1000.000000000000000 ) ;
#2310 = AXIS2_PLACEMENT_3D ( 'NONE', #5230, #7502, #293 ) ;
#2311 = ORIENTED_EDGE ( 'NONE', *, *, #4706, .F. ) ;
#2312 = CARTESIAN_POINT ( 'NONE',  ( -1.149999999999999911, 0.000000000000000000, -0.6749999999999998224 ) ) ;
#2313 = ADVANCED_FACE ( 'NONE', ( #3782 ), #5359, .F. ) ;
#2314 = DIRECTION ( 'NONE',  ( 0.000000000000000000, -0.000000000000000000, 1.000000000000000000 ) ) ;
#2315 = CARTESIAN_POINT ( 'NONE',  ( -1.150000000000000355, 0.2000000000000000111, 1.375000000000000222 ) ) ;
#2316 = EDGE_LOOP ( 'NONE', ( #4281, #5873, #3591, #4311 ) ) ;
#2317 = DIRECTION ( 'NONE',  ( 0.000000000000000000, 1.000000000000000000, -0.000000000000000000 ) ) ;
#2318 = CARTESIAN_POINT ( 'NONE',  ( -1.400000000000000133, 0.2000000000000000111, -0.1750000000000002387 ) ) ;
#2319 = VECTOR ( 'NONE', #5282, 1000.000000000000000 ) ;
#2320 = DIRECTION ( 'NONE',  ( 0.000000000000000000, 1.000000000000000000, 0.000000000000000000 ) ) ;
#2321 = DIRECTION ( 'NONE',  ( 0.000000000000000000, 0.000000000000000000, -1.000000000000000000 ) ) ;
#2322 = VECTOR ( 'NONE', #5950, 1000.000000000000000 ) ;
#2323 = EDGE_LOOP ( 'NONE', ( #1429, #6011, #7442, #3594 ) ) ;
#2324 = EDGE_CURVE ( 'NONE', #7350, #2286, #6441, .T. ) ;
#2325 = CIRCLE ( 'NONE', #3929, 0.05000000000000012768 ) ;
#2326 = CARTESIAN_POINT ( 'NONE',  ( 1.350000000000000311, 0.1999999999999999833, 0.8250000000000001776 ) ) ;
#2327 = DIRECTION ( 'NONE',  ( 0.000000000000000000, 0.000000000000000000, -1.000000000000000000 ) ) ;
#2328 = EDGE_CURVE ( 'NONE', #2870, #1026, #1326, .T. ) ;
#2329 = ORIENTED_EDGE ( 'NONE', *, *, #2691, .T. ) ;
#2330 = DIRECTION ( 'NONE',  ( 0.000000000000000000, 0.000000000000000000, -1.000000000000000000 ) ) ;
#2331 = EDGE_CURVE ( 'NONE', #1163, #501, #1200, .T. ) ;
#2332 =( NAMED_UNIT ( * ) SI_UNIT ( $, .STERADIAN. ) SOLID_ANGLE_UNIT ( ) );
#2333 = DIRECTION ( 'NONE',  ( -0.000000000000000000, 0.000000000000000000, 1.000000000000000000 ) ) ;
#2334 = AXIS2_PLACEMENT_3D ( 'NONE', #6500, #571, #7687 ) ;
#2335 = CIRCLE ( 'NONE', #6862, 0.04999999999999991257 ) ;
#2336 = AXIS2_PLACEMENT_3D ( 'NONE', #6425, #5767, #4046 ) ;
#2337 = VERTEX_POINT ( 'NONE', #1263 ) ;
#2338 = PLANE ( 'NONE',  #2997 ) ;
#2339 = CARTESIAN_POINT ( 'NONE',  ( 1.149999999999999911, 0.1999999999999999833, 0.6750000000000000444 ) ) ;
#2340 = FACE_OUTER_BOUND ( 'NONE', #3277, .T. ) ;
#2341 = DIRECTION ( 'NONE',  ( 0.000000000000000000, 1.000000000000000000, 0.000000000000000000 ) ) ;
#2342 = PLANE ( 'NONE',  #4239 ) ;
#2343 = ORIENTED_EDGE ( 'NONE', *, *, #1346, .T. ) ;
#2344 = DIRECTION ( 'NONE',  ( -0.000000000000000000, -1.000000000000000000, -0.000000000000000000 ) ) ;
#2345 = EDGE_CURVE ( 'NONE', #2910, #5507, #1300, .T. ) ;
#2346 = CARTESIAN_POINT ( 'NONE',  ( 1.349999999999999645, 0.1999999999999999833, 0.6250000000000001110 ) ) ;
#2347 = VECTOR ( 'NONE', #2257, 1000.000000000000000 ) ;
#2348 = AXIS2_PLACEMENT_3D ( 'NONE', #6161, #5691, #6763 ) ;
#2349 = ORIENTED_EDGE ( 'NONE', *, *, #3231, .T. ) ;
#2350 = CYLINDRICAL_SURFACE ( 'NONE', #7294, 0.04999999999999991257 ) ;
#2351 = VERTEX_POINT ( 'NONE', #1738 ) ;
#2352 = CARTESIAN_POINT ( 'NONE',  ( -1.400000000000001910, 0.05000000000000000278, 1.999999999999997780 ) ) ;
#2353 = ORIENTED_EDGE ( 'NONE', *, *, #5646, .T. ) ;
#2354 = CARTESIAN_POINT ( 'NONE',  ( -1.149999999999999911, 0.1999999999999999833, -1.174999999999999822 ) ) ;
#2355 = CARTESIAN_POINT ( 'NONE',  ( 0.000000000000000000, 0.05000000000000000278, 1.375000000000000222 ) ) ;
#2356 = LINE ( 'NONE', #3682, #4992 ) ;
#2357 = ADVANCED_FACE ( 'NONE', ( #3906 ), #3796, .F. ) ;
#2358 = EDGE_CURVE ( 'NONE', #6488, #3647, #1288, .T. ) ;
#2359 = CARTESIAN_POINT ( 'NONE',  ( -1.200000000000000622, 0.4999999999999998890, -1.325000000000000622 ) ) ;
#2360 = ORIENTED_EDGE ( 'NONE', *, *, #2598, .F. ) ;
#2361 = DIRECTION ( 'NONE',  ( 0.000000000000000000, 0.000000000000000000, 1.000000000000000000 ) ) ;
#2362 = AXIS2_PLACEMENT_3D ( 'NONE', #2859, #7144, #3447 ) ;
#2363 = VECTOR ( 'NONE', #7456, 1000.000000000000000 ) ;
#2364 = ORIENTED_EDGE ( 'NONE', *, *, #2907, .T. ) ;
#2365 = DIRECTION ( 'NONE',  ( -0.000000000000000000, 0.000000000000000000, 1.000000000000000000 ) ) ;
#2366 = ADVANCED_FACE ( 'NONE', ( #6498 ), #4304, .F. ) ;
#2367 =( LENGTH_UNIT ( ) NAMED_UNIT ( * ) SI_UNIT ( .MILLI., .METRE. ) );
#2368 = ORIENTED_EDGE ( 'NONE', *, *, #1893, .F. ) ;
#2369 = CARTESIAN_POINT ( 'NONE',  ( 1.100000000000000089, 0.000000000000000000, -1.175000000000000266 ) ) ;
#2370 = CARTESIAN_POINT ( 'NONE',  ( 1.100000000000000089, 0.1999999999999999833, -1.324999999999999512 ) ) ;
#2371 = DIRECTION ( 'NONE',  ( 0.000000000000000000, -1.000000000000000000, 0.000000000000000000 ) ) ;
#2372 = LINE ( 'NONE', #1563, #2484 ) ;
#2373 = DIRECTION ( 'NONE',  ( -0.000000000000000000, -1.000000000000000000, 0.000000000000000000 ) ) ;
#2374 = DIRECTION ( 'NONE',  ( 0.000000000000000000, 1.000000000000000000, 0.000000000000000000 ) ) ;
#2375 = PRESENTATION_STYLE_ASSIGNMENT (( #2799 ) ) ;
#2376 = EDGE_CURVE ( 'NONE', #5723, #7182, #6467, .T. ) ;
#2377 = ORIENTED_EDGE ( 'NONE', *, *, #4495, .F. ) ;
#2378 = LINE ( 'NONE', #5030, #7570 ) ;
#2379 = VERTEX_POINT ( 'NONE', #2554 ) ;
#2380 = CARTESIAN_POINT ( 'NONE',  ( -1.399999999999999911, 0.5905124837953331651, -1.324999999999999512 ) ) ;
#2381 = AXIS2_PLACEMENT_3D ( 'NONE', #6071, #1328, #304 ) ;
#2382 = DIRECTION ( 'NONE',  ( 0.000000000000000000, 0.000000000000000000, 1.000000000000000000 ) ) ;
#2383 = ORIENTED_EDGE ( 'NONE', *, *, #2486, .F. ) ;
#2384 = CARTESIAN_POINT ( 'NONE',  ( 1.400000000000000355, 0.2000000000000000111, -0.6750000000000002665 ) ) ;
#2385 = LINE ( 'NONE', #3427, #2421 ) ;
#2386 = DIRECTION ( 'NONE',  ( 0.000000000000000000, -1.000000000000000000, 0.000000000000000000 ) ) ;
#2387 = APPLICATION_CONTEXT ( 'automotive_design' ) ;
#2388 = EDGE_LOOP ( 'NONE', ( #5001, #179, #438, #4713 ) ) ;
#2389 = CARTESIAN_POINT ( 'NONE',  ( -1.400000000000000133, 0.5905124837953331651, -0.6750000000000002665 ) ) ;
#2390 = PLANE ( 'NONE',  #6740 ) ;
#2391 = LINE ( 'NONE', #4887, #5193 ) ;
#2392 = EDGE_CURVE ( 'NONE', #3197, #337, #6333, .T. ) ;
#2393 = ORIENTED_EDGE ( 'NONE', *, *, #2540, .F. ) ;
#2394 = DIRECTION ( 'NONE',  ( -1.445602896647346016E-15, 0.000000000000000000, 1.000000000000000000 ) ) ;
#2395 = VERTEX_POINT ( 'NONE', #2346 ) ;
#2396 = AXIS2_PLACEMENT_3D ( 'NONE', #5707, #6351, #1927 ) ;
#2397 = CARTESIAN_POINT ( 'NONE',  ( -1.349999999999999645, 0.5905124837953331651, -1.375000000000000000 ) ) ;
#2398 = CYLINDRICAL_SURFACE ( 'NONE', #1773, 0.04999999999999991257 ) ;
#2399 = CARTESIAN_POINT ( 'NONE',  ( 1.150000000000000355, 0.5905124837953331651, 1.125000000000000222 ) ) ;
#2400 = VECTOR ( 'NONE', #3501, 1000.000000000000000 ) ;
#2401 = ORIENTED_EDGE ( 'NONE', *, *, #3511, .F. ) ;
#2402 = CIRCLE ( 'NONE', #4263, 0.04999999999999991257 ) ;
#2403 = ORIENTED_EDGE ( 'NONE', *, *, #2252, .F. ) ;
#2404 = CARTESIAN_POINT ( 'NONE',  ( -1.150000000000000355, 0.2000000000000000111, 0.3750000000000001110 ) ) ;
#2405 = EDGE_CURVE ( 'NONE', #5870, #1881, #1310, .T. ) ;
#2406 = EDGE_LOOP ( 'NONE', ( #6565, #2222, #2156, #4947 ) ) ;
#2407 = CARTESIAN_POINT ( 'NONE',  ( -1.150000000000000355, 0.1999999999999999833, 0.8750000000000001110 ) ) ;
#2408 = AXIS2_PLACEMENT_3D ( 'NONE', #5268, #6678, #7307 ) ;
#2409 = LINE ( 'NONE', #7519, #5100 ) ;
#2410 = EDGE_CURVE ( 'NONE', #6837, #85, #3918, .T. ) ;
#2411 = DIRECTION ( 'NONE',  ( 0.000000000000000000, 0.000000000000000000, 1.000000000000000000 ) ) ;
#2412 = FACE_OUTER_BOUND ( 'NONE', #1334, .T. ) ;
#2413 = ORIENTED_EDGE ( 'NONE', *, *, #5002, .F. ) ;
#2414 = DIRECTION ( 'NONE',  ( -1.275531967630005245E-16, 0.000000000000000000, 1.000000000000000000 ) ) ;
#2415 = CYLINDRICAL_SURFACE ( 'NONE', #3407, 0.04999999999999991257 ) ;
#2416 = ORIENTED_EDGE ( 'NONE', *, *, #4286, .T. ) ;
#2417 = CARTESIAN_POINT ( 'NONE',  ( -1.350000000000000089, 0.2000000000000000111, -0.3250000000000000111 ) ) ;
#2418 = DIRECTION ( 'NONE',  ( -1.000000000000000000, 0.000000000000000000, -0.000000000000000000 ) ) ;
#2419 = ORIENTED_EDGE ( 'NONE', *, *, #6672, .T. ) ;
#2420 = DIRECTION ( 'NONE',  ( 0.000000000000000000, 0.000000000000000000, -1.000000000000000000 ) ) ;
#2421 = VECTOR ( 'NONE', #5159, 1000.000000000000000 ) ;
#2422 = EDGE_CURVE ( 'NONE', #6312, #535, #1213, .T. ) ;
#2423 = DIRECTION ( 'NONE',  ( 0.000000000000000000, -1.000000000000000000, 0.000000000000000000 ) ) ;
#2424 = ADVANCED_FACE ( 'NONE', ( #3823 ), #1796, .F. ) ;
#2425 = CARTESIAN_POINT ( 'NONE',  ( -0.7000000000000001776, 3.109037641557771181, 1.274999999999999689 ) ) ;
#2426 = LINE ( 'NONE', #4019, #5035 ) ;
#2427 = ORIENTED_EDGE ( 'NONE', *, *, #52, .F. ) ;
#2428 = LINE ( 'NONE', #670, #2363 ) ;
#2429 = EDGE_CURVE ( 'NONE', #577, #1973, #1185, .T. ) ;
#2430 = ORIENTED_EDGE ( 'NONE', *, *, #4796, .F. ) ;
#2431 = CARTESIAN_POINT ( 'NONE',  ( -1.150000000000000355, 0.04999999999999999584, 0.1250000000000001110 ) ) ;
#2432 = CARTESIAN_POINT ( 'NONE',  ( 1.150000000000000355, 0.000000000000000000, -1.125000000000000000 ) ) ;
#2433 = ORIENTED_EDGE ( 'NONE', *, *, #5383, .F. ) ;
#2434 = AXIS2_PLACEMENT_3D ( 'NONE', #1780, #5876, #3648 ) ;
#2435 = AXIS2_PLACEMENT_3D ( 'NONE', #6889, #1616, #5250 ) ;
#2436 = VECTOR ( 'NONE', #5297, 1000.000000000000000 ) ;
#2437 = CARTESIAN_POINT ( 'NONE',  ( -1.350000000000000089, 0.5905124837953331651, -1.324999999999999956 ) ) ;
#2438 = DIRECTION ( 'NONE',  ( 1.000000000000000000, 0.000000000000000000, 0.000000000000000000 ) ) ;
#2439 = ORIENTED_EDGE ( 'NONE', *, *, #36, .F. ) ;
#2440 = CARTESIAN_POINT ( 'NONE',  ( 1.349999999999999645, 0.000000000000000000, -1.375000000000000000 ) ) ;
#2441 = DIRECTION ( 'NONE',  ( 0.000000000000000000, 0.000000000000000000, 1.000000000000000000 ) ) ;
#2442 = VECTOR ( 'NONE', #7139, 1000.000000000000000 ) ;
#2443 = EDGE_LOOP ( 'NONE', ( #3154, #775, #711, #3309 ) ) ;
#2444 = CARTESIAN_POINT ( 'NONE',  ( 1.500000000000000000, 5.442640687119285836, 1.500000000000000000 ) ) ;
#2445 = DIRECTION ( 'NONE',  ( 0.000000000000000000, 0.000000000000000000, 1.000000000000000000 ) ) ;
#2446 = LINE ( 'NONE', #6331, #2481 ) ;
#2447 = EDGE_CURVE ( 'NONE', #2455, #5795, #6521, .T. ) ;
#2448 = ORIENTED_EDGE ( 'NONE', *, *, #4925, .F. ) ;
#2449 = AXIS2_PLACEMENT_3D ( 'NONE', #3537, #4774, #7175 ) ;
#2450 = CIRCLE ( 'NONE', #1017, 0.05000000000000002359 ) ;
#2451 = DIRECTION ( 'NONE',  ( -1.000000000000000000, 0.000000000000000000, -0.000000000000000000 ) ) ;
#2452 = LINE ( 'NONE', #5072, #2400 ) ;
#2453 = ORIENTED_EDGE ( 'NONE', *, *, #5776, .F. ) ;
#2454 = VECTOR ( 'NONE', #3386, 1000.000000000000000 ) ;
#2455 = VERTEX_POINT ( 'NONE', #4882 ) ;
#2456 = VERTEX_POINT ( 'NONE', #5463 ) ;
#2457 = EDGE_CURVE ( 'NONE', #356, #250, #1246, .T. ) ;
#2458 = DIRECTION ( 'NONE',  ( 0.000000000000000000, -0.000000000000000000, 1.000000000000000000 ) ) ;
#2459 = CARTESIAN_POINT ( 'NONE',  ( -1.150000000000000355, 0.2000000000000000111, -0.1249999999999998890 ) ) ;
#2460 = CARTESIAN_POINT ( 'NONE',  ( 1.150000000000000355, 0.5905124837953331651, 1.375000000000000222 ) ) ;
#2461 = LINE ( 'NONE', #2047, #5029 ) ;
#2462 = AXIS2_PLACEMENT_3D ( 'NONE', #7342, #715, #4351 ) ;
#2463 = DIRECTION ( 'NONE',  ( -0.000000000000000000, -1.000000000000000000, -0.000000000000000000 ) ) ;
#2464 = ORIENTED_EDGE ( 'NONE', *, *, #3552, .F. ) ;
#2465 = DIRECTION ( 'NONE',  ( -1.445602896647343847E-15, 0.000000000000000000, -1.000000000000000000 ) ) ;
#2466 = VECTOR ( 'NONE', #4016, 1000.000000000000000 ) ;
#2467 = ORIENTED_EDGE ( 'NONE', *, *, #2324, .T. ) ;
#2468 = PLANE ( 'NONE',  #6693 ) ;
#2469 = CARTESIAN_POINT ( 'NONE',  ( -1.150000000000000355, 0.2000000000000000111, -0.6249999999999998890 ) ) ;
#2470 = ORIENTED_EDGE ( 'NONE', *, *, #4601, .F. ) ;
#2471 = EDGE_CURVE ( 'NONE', #5438, #2606, #3879, .T. ) ;
#2472 = DIRECTION ( 'NONE',  ( 0.000000000000000000, 1.000000000000000000, 0.000000000000000000 ) ) ;
#2473 = VECTOR ( 'NONE', #7430, 1000.000000000000000 ) ;
#2474 = DIRECTION ( 'NONE',  ( -1.000000000000000000, 0.000000000000000000, 0.000000000000000000 ) ) ;
#2475 = AXIS2_PLACEMENT_3D ( 'NONE', #7241, #29, #2500 ) ;
#2476 = DIRECTION ( 'NONE',  ( -1.445602896647343847E-15, 0.000000000000000000, -1.000000000000000000 ) ) ;
#2477 = VECTOR ( 'NONE', #575, 1000.000000000000000 ) ;
#2478 = ORIENTED_EDGE ( 'NONE', *, *, #5031, .T. ) ;
#2479 = ORIENTED_EDGE ( 'NONE', *, *, #3231, .F. ) ;
#2480 = CARTESIAN_POINT ( 'NONE',  ( 1.400000000000000355, 0.04999999999999999584, -0.6750000000000002665 ) ) ;
#2481 = VECTOR ( 'NONE', #4470, 1000.000000000000000 ) ;
#2482 = DIRECTION ( 'NONE',  ( 0.000000000000000000, 0.000000000000000000, -1.000000000000000000 ) ) ;
#2483 = ORIENTED_EDGE ( 'NONE', *, *, #1941, .F. ) ;
#2484 = VECTOR ( 'NONE', #2241, 1000.000000000000000 ) ;
#2485 = CARTESIAN_POINT ( 'NONE',  ( -1.150000000000000355, 0.5905124837953331651, 0.3750000000000001110 ) ) ;
#2486 = EDGE_CURVE ( 'NONE', #2081, #1057, #2446, .T. ) ;
#2487 = ADVANCED_FACE ( 'NONE', ( #1252 ), #7451, .F. ) ;
#2488 = VECTOR ( 'NONE', #1105, 1000.000000000000000 ) ;
#2490 = FILL_AREA_STYLE ('',( #1894 ) ) ;
#2489 = AXIS2_PLACEMENT_3D ( 'NONE', #3457, #6866, #4073 ) ;
#2491 = EDGE_LOOP ( 'NONE', ( #6543, #6025, #5951, #6651 ) ) ;
#2492 = CARTESIAN_POINT ( 'NONE',  ( -1.149999999999999911, 0.000000000000000000, -1.324999999999999956 ) ) ;
#2493 = CARTESIAN_POINT ( 'NONE',  ( -1.149999999999999911, 0.2000000000000000111, 0.3250000000000001776 ) ) ;
#2494 = CIRCLE ( 'NONE', #3702, 0.04999999999999991257 ) ;
#2495 = ORIENTED_EDGE ( 'NONE', *, *, #6909, .T. ) ;
#2496 = CARTESIAN_POINT ( 'NONE',  ( -1.349999999999999645, 0.000000000000000000, 1.125000000000000222 ) ) ;
#2497 = PLANE ( 'NONE',  #3028 ) ;
#2498 = ORIENTED_EDGE ( 'NONE', *, *, #7661, .T. ) ;
#2499 = VECTOR ( 'NONE', #6304, 1000.000000000000000 ) ;
#2500 = DIRECTION ( 'NONE',  ( 0.000000000000000000, 0.000000000000000000, 1.000000000000000000 ) ) ;
#2501 = VERTEX_POINT ( 'NONE', #5027 ) ;
#2502 = EDGE_CURVE ( 'NONE', #4702, #7298, #3984, .T. ) ;
#2503 = VECTOR ( 'NONE', #1215, 1000.000000000000000 ) ;
#2504 = VERTEX_POINT ( 'NONE', #338 ) ;
#2505 = CARTESIAN_POINT ( 'NONE',  ( 1.149999999999999911, 0.000000000000000000, -0.6749999999999998224 ) ) ;
#2506 = EDGE_CURVE ( 'NONE', #7238, #3246, #6340, .T. ) ;
#2507 = ORIENTED_EDGE ( 'NONE', *, *, #7591, .T. ) ;
#2508 = CARTESIAN_POINT ( 'NONE',  ( -1.150000000000000355, 0.04999999999999999584, 1.375000000000000222 ) ) ;
#2509 = EDGE_CURVE ( 'NONE', #4219, #2972, #3720, .T. ) ;
#2510 = DIRECTION ( 'NONE',  ( -0.000000000000000000, -1.000000000000000000, -0.000000000000000000 ) ) ;
#2511 = FACE_OUTER_BOUND ( 'NONE', #6162, .T. ) ;
#2512 = DIRECTION ( 'NONE',  ( 1.445602896647339163E-16, 0.000000000000000000, 1.000000000000000000 ) ) ;
#2513 = VECTOR ( 'NONE', #7537, 1000.000000000000000 ) ;
#2514 = ORIENTED_EDGE ( 'NONE', *, *, #4705, .F. ) ;
#2515 = DIRECTION ( 'NONE',  ( 0.000000000000000000, 1.000000000000000000, -0.000000000000000000 ) ) ;
#2516 = CIRCLE ( 'NONE', #1745, 0.05000000000000002359 ) ;
#2517 = EDGE_LOOP ( 'NONE', ( #3803, #3484, #1219, #3861 ) ) ;
#2518 = DIRECTION ( 'NONE',  ( 1.700709290173340656E-16, 0.000000000000000000, -1.000000000000000000 ) ) ;
#2519 = EDGE_CURVE ( 'NONE', #6552, #2860, #3935, .T. ) ;
#2520 = DIRECTION ( 'NONE',  ( 0.000000000000000000, 0.000000000000000000, 1.000000000000000000 ) ) ;
#2521 = ORIENTED_EDGE ( 'NONE', *, *, #339, .F. ) ;
#2522 = CARTESIAN_POINT ( 'NONE',  ( -1.400000000000000133, 0.2000000000000000111, 0.3249999999999997891 ) ) ;
#2523 = CYLINDRICAL_SURFACE ( 'NONE', #2435, 0.04999999999999991257 ) ;
#2524 = EDGE_CURVE ( 'NONE', #6299, #704, #1158, .T. ) ;
#2525 = CARTESIAN_POINT ( 'NONE',  ( 1.149999999999999911, 0.2000000000000000111, 0.6750000000000000444 ) ) ;
#2526 =( LENGTH_UNIT ( ) NAMED_UNIT ( * ) SI_UNIT ( .MILLI., .METRE. ) );
#2527 = LINE ( 'NONE', #4747, #2513 ) ;
#2528 = AXIS2_PLACEMENT_3D ( 'NONE', #964, #1562, #2779 ) ;
#2529 = ORIENTED_EDGE ( 'NONE', *, *, #2457, .F. ) ;
#2530 = LINE ( 'NONE', #6494, #2503 ) ;
#2531 = AXIS2_PLACEMENT_3D ( 'NONE', #4518, #5173, #5559 ) ;
#2532 = EDGE_LOOP ( 'NONE', ( #4546, #3384, #333, #2004, #2773, #2244, #2085, #4660 ) ) ;
#2533 = CARTESIAN_POINT ( 'NONE',  ( -1.350000000000000089, 0.04999999999999999584, 0.8750000000000001110 ) ) ;
#2534 = CARTESIAN_POINT ( 'NONE',  ( 0.6999999999999996225, 0.2000000000000000944, 1.274999999999999689 ) ) ;
#2535 = ORIENTED_EDGE ( 'NONE', *, *, #87, .T. ) ;
#2536 = ADVANCED_FACE ( 'NONE', ( #3753 ), #835, .F. ) ;
#2537 = FACE_OUTER_BOUND ( 'NONE', #6754, .T. ) ;
#2538 = DIRECTION ( 'NONE',  ( -1.000000000000000000, 0.000000000000000000, -0.000000000000000000 ) ) ;
#2539 = CARTESIAN_POINT ( 'NONE',  ( 1.350000000000000089, 0.2000000000000000111, -0.8249999999999999556 ) ) ;
#2540 = EDGE_CURVE ( 'NONE', #2983, #4919, #1345, .T. ) ;
#2541 = FACE_OUTER_BOUND ( 'NONE', #1892, .T. ) ;
#2542 = CARTESIAN_POINT ( 'NONE',  ( -1.200000000000000622, 0.4999999999999998890, -1.200000000000000400 ) ) ;
#2543 = VERTEX_POINT ( 'NONE', #937 ) ;
#2544 = CARTESIAN_POINT ( 'NONE',  ( 1.150000000000000355, 0.5905124837953331651, -0.8749999999999998890 ) ) ;
#2545 = AXIS2_PLACEMENT_3D ( 'NONE', #7275, #6028, #53 ) ;
#2546 = VECTOR ( 'NONE', #6097, 1000.000000000000000 ) ;
#2547 = ORIENTED_EDGE ( 'NONE', *, *, #2862, .F. ) ;
#2548 = DIRECTION ( 'NONE',  ( 0.000000000000000000, 0.000000000000000000, -1.000000000000000000 ) ) ;
#2549 = DIRECTION ( 'NONE',  ( -0.000000000000000000, -1.000000000000000000, 0.000000000000000000 ) ) ;
#2550 = ORIENTED_EDGE ( 'NONE', *, *, #5606, .F. ) ;
#2551 = VECTOR ( 'NONE', #6613, 1000.000000000000000 ) ;
#2552 = DIRECTION ( 'NONE',  ( 0.000000000000000000, 0.000000000000000000, 1.000000000000000000 ) ) ;
#2553 = ADVANCED_FACE ( 'NONE', ( #3828 ), #3963, .T. ) ;
#2554 = CARTESIAN_POINT ( 'NONE',  ( 1.100000000000000089, 0.04999999999999999584, 1.175000000000000488 ) ) ;
#2555 = EDGE_CURVE ( 'NONE', #7471, #700, #1293, .T. ) ;
#2556 = ORIENTED_EDGE ( 'NONE', *, *, #1346, .F. ) ;
#2557 = LINE ( 'NONE', #728, #7702 ) ;
#2558 = ORIENTED_EDGE ( 'NONE', *, *, #3376, .T. ) ;
#2560 = CARTESIAN_POINT ( 'NONE',  ( 1.149999999999999911, 0.5905124837953331651, -0.8249999999999999556 ) ) ;
#2559 = AXIS2_PLACEMENT_3D ( 'NONE', #2979, #3624, #2418 ) ;
#2561 = ORIENTED_EDGE ( 'NONE', *, *, #6844, .T. ) ;
#2562 = PLANE ( 'NONE',  #4802 ) ;
#2563 = DIRECTION ( 'NONE',  ( -0.000000000000000000, -1.000000000000000000, -0.000000000000000000 ) ) ;
#2564 = LINE ( 'NONE', #3374, #2436 ) ;
#2565 = LINE ( 'NONE', #6388, #5202 ) ;
#2566 = VERTEX_POINT ( 'NONE', #3184 ) ;
#2567 = CARTESIAN_POINT ( 'NONE',  ( -1.150000000000000355, 0.5905124837953331651, 0.8750000000000001110 ) ) ;
#2568 = EDGE_CURVE ( 'NONE', #6600, #746, #1206, .T. ) ;
#2569 = PLANE ( 'NONE',  #4337 ) ;
#2570 = CARTESIAN_POINT ( 'NONE',  ( 1.150000000000000355, 0.1999999999999999833, -1.375000000000000000 ) ) ;
#2571 = VERTEX_POINT ( 'NONE', #2600 ) ;
#2572 = STYLED_ITEM ( 'NONE', ( #3810 ), #2266 ) ;
#2573 = CARTESIAN_POINT ( 'NONE',  ( -1.100000000000000089, 0.1999999999999999833, 0.6750000000000004885 ) ) ;
#2574 = FACE_OUTER_BOUND ( 'NONE', #7500, .T. ) ;
#2575 = CARTESIAN_POINT ( 'NONE',  ( -1.150000000000000355, 0.2000000000000000111, -0.6249999999999998890 ) ) ;
#2576 = DIRECTION ( 'NONE',  ( 1.445602896647344044E-15, 0.000000000000000000, 1.000000000000000000 ) ) ;
#2577 = LINE ( 'NONE', #7416, #7753 ) ;
#2578 = ORIENTED_EDGE ( 'NONE', *, *, #2429, .T. ) ;
#2579 = CYLINDRICAL_SURFACE ( 'NONE', #1375, 0.05000000000000002359 ) ;
#2580 = CARTESIAN_POINT ( 'NONE',  ( 1.149999999999999911, 0.2000000000000000111, -0.3250000000000000111 ) ) ;
#2581 = EDGE_CURVE ( 'NONE', #3950, #577, #3737, .T. ) ;
#2582 = ORIENTED_EDGE ( 'NONE', *, *, #5725, .T. ) ;
#2583 = AXIS2_PLACEMENT_3D ( 'NONE', #472, #1503, #2710 ) ;
#2584 = LINE ( 'NONE', #4610, #2597 ) ;
#2585 = DIRECTION ( 'NONE',  ( 0.000000000000000000, 0.000000000000000000, -1.000000000000000000 ) ) ;
#2586 = CARTESIAN_POINT ( 'NONE',  ( -1.350000000000000311, 0.000000000000000000, 0.3250000000000001776 ) ) ;
#2587 = PLANE ( 'NONE',  #1541 ) ;
#2588 = ORIENTED_EDGE ( 'NONE', *, *, #1329, .F. ) ;
#2589 = CARTESIAN_POINT ( 'NONE',  ( 1.400000000000000133, 0.1999999999999999833, 0.6750000000000002665 ) ) ;
#2590 = DIRECTION ( 'NONE',  ( 7.228014483236695816E-17, -0.000000000000000000, 1.000000000000000000 ) ) ;
#2591 = LINE ( 'NONE', #112, #2546 ) ;
#2592 = DIRECTION ( 'NONE',  ( -0.000000000000000000, -1.000000000000000000, -0.000000000000000000 ) ) ;
#2593 = CARTESIAN_POINT ( 'NONE',  ( 1.350000000000000089, 0.04999999999999999584, 0.6750000000000000444 ) ) ;
#2594 = ORIENTED_EDGE ( 'NONE', *, *, #1834, .F. ) ;
#2595 = MANIFOLD_SOLID_BREP ( 'LPattern2[2]', #5771 ) ;
#2596 = ADVANCED_FACE ( 'NONE', ( #6431 ), #1453, .F. ) ;
#2597 = VECTOR ( 'NONE', #4665, 1000.000000000000000 ) ;
#2598 = EDGE_CURVE ( 'NONE', #1859, #1970, #6555, .T. ) ;
#2599 = PLANE ( 'NONE',  #4711 ) ;
#2600 = CARTESIAN_POINT ( 'NONE',  ( 1.150000000000000355, 0.2000000000000000111, 0.1250000000000001110 ) ) ;
#2601 = EDGE_CURVE ( 'NONE', #3664, #57, #1270, .T. ) ;
#2602 = CIRCLE ( 'NONE', #5552, 0.04999999999999991257 ) ;
#2603 = ORIENTED_EDGE ( 'NONE', *, *, #7401, .F. ) ;
#2604 = CIRCLE ( 'NONE', #5485, 0.1250000000000003331 ) ;
#2605 = EDGE_CURVE ( 'NONE', #6148, #880, #6325, .T. ) ;
#2606 = VERTEX_POINT ( 'NONE', #7262 ) ;
#2607 = DIRECTION ( 'NONE',  ( 0.000000000000000000, -1.000000000000000000, 0.000000000000000000 ) ) ;
#2608 = DIRECTION ( 'NONE',  ( 1.445602896647344044E-15, 0.000000000000000000, 1.000000000000000000 ) ) ;
#2609 = ADVANCED_FACE ( 'NONE', ( #6384 ), #6015, .T. ) ;
#2610 = DIRECTION ( 'NONE',  ( 0.000000000000000000, 0.000000000000000000, -1.000000000000000000 ) ) ;
#2611 = FACE_OUTER_BOUND ( 'NONE', #140, .T. ) ;
#2612 = ADVANCED_FACE ( 'NONE', ( #3802 ), #2468, .T. ) ;
#2613 = CARTESIAN_POINT ( 'NONE',  ( 1.150000000000000355, 0.2000000000000000111, -0.8749999999999998890 ) ) ;
#2614 = LINE ( 'NONE', #6908, #5332 ) ;
#2615 = ORIENTED_EDGE ( 'NONE', *, *, #5825, .F. ) ;
#2616 = CARTESIAN_POINT ( 'NONE',  ( -1.100000000000000089, 0.5905124837953331651, 0.3249999999999997891 ) ) ;
#2617 = DIRECTION ( 'NONE',  ( 0.000000000000000000, -1.000000000000000000, -0.000000000000000000 ) ) ;
#2618 = VECTOR ( 'NONE', #7701, 1000.000000000000000 ) ;
#2619 = DIRECTION ( 'NONE',  ( 0.000000000000000000, 1.000000000000000000, 0.000000000000000000 ) ) ;
#2620 = EDGE_CURVE ( 'NONE', #5852, #5011, #6474, .T. ) ;
#2621 = DIRECTION ( 'NONE',  ( 0.000000000000000000, 1.000000000000000000, 0.000000000000000000 ) ) ;
#2622 = ORIENTED_EDGE ( 'NONE', *, *, #440, .F. ) ;
#2623 = AXIS2_PLACEMENT_3D ( 'NONE', #2525, #749, #4175 ) ;
#2624 = CARTESIAN_POINT ( 'NONE',  ( -1.500000000000000222, 0.5999999999999998668, 1.500000000000000222 ) ) ;
#2625 = DIRECTION ( 'NONE',  ( 0.000000000000000000, 0.000000000000000000, 1.000000000000000000 ) ) ;
#2626 = DIRECTION ( 'NONE',  ( -0.000000000000000000, -1.000000000000000000, -0.000000000000000000 ) ) ;
#2627 = CIRCLE ( 'NONE', #845, 0.04999999999999991257 ) ;
#2628 = ORIENTED_EDGE ( 'NONE', *, *, #545, .F. ) ;
#2629 = CIRCLE ( 'NONE', #6452, 0.04999999999999991257 ) ;
#2630 = DIRECTION ( 'NONE',  ( -1.000000000000000000, 0.000000000000000000, -0.000000000000000000 ) ) ;
#2631 = ORIENTED_EDGE ( 'NONE', *, *, #3656, .T. ) ;
#2632 = EDGE_CURVE ( 'NONE', #1057, #5361, #1218, .T. ) ;
#2633 = CIRCLE ( 'NONE', #2531, 0.04999999999999991257 ) ;
#2634 = CARTESIAN_POINT ( 'NONE',  ( -1.150000000000000355, 0.2000000000000000111, 0.1250000000000001110 ) ) ;
#2635 = AXIS2_PLACEMENT_3D ( 'NONE', #4110, #5959, #426 ) ;
#2636 = CARTESIAN_POINT ( 'NONE',  ( -1.400000000000000133, 0.1999999999999999833, -0.1750000000000002387 ) ) ;
#2637 = VECTOR ( 'NONE', #6068, 1000.000000000000000 ) ;
#2638 = DIRECTION ( 'NONE',  ( 0.000000000000000000, 0.000000000000000000, -1.000000000000000000 ) ) ;
#2639 = ORIENTED_EDGE ( 'NONE', *, *, #4202, .F. ) ;
#2640 = DIRECTION ( 'NONE',  ( 0.000000000000000000, 0.000000000000000000, 1.000000000000000000 ) ) ;
#2641 = DIRECTION ( 'NONE',  ( 0.000000000000000000, 0.000000000000000000, -1.000000000000000000 ) ) ;
#2642 = VECTOR ( 'NONE', #838, 1000.000000000000000 ) ;
#2643 = DIRECTION ( 'NONE',  ( -0.000000000000000000, -1.000000000000000000, -0.000000000000000000 ) ) ;
#2644 = ORIENTED_EDGE ( 'NONE', *, *, #3868, .T. ) ;
#2645 = EDGE_CURVE ( 'NONE', #3162, #7729, #1146, .T. ) ;
#2646 = DIRECTION ( 'NONE',  ( 0.000000000000000000, -0.000000000000000000, 1.000000000000000000 ) ) ;
#2647 = STYLED_ITEM ( 'NONE', ( #1806 ), #3193 ) ;
#2648 = DIRECTION ( 'NONE',  ( 0.000000000000000000, 1.000000000000000000, 0.000000000000000000 ) ) ;
#2649 = VECTOR ( 'NONE', #2214, 1000.000000000000000 ) ;
#2650 = ORIENTED_EDGE ( 'NONE', *, *, #908, .F. ) ;
#2651 = LINE ( 'NONE', #6003, #5347 ) ;
#2652 = CARTESIAN_POINT ( 'NONE',  ( -1.399999999999999911, 0.04999999999999999584, -0.8249999999999995115 ) ) ;
#2653 = DIRECTION ( 'NONE',  ( 0.000000000000000000, 0.000000000000000000, 1.000000000000000000 ) ) ;
#2654 = VERTEX_POINT ( 'NONE', #3622 ) ;
#2655 = CARTESIAN_POINT ( 'NONE',  ( 1.100000000000000089, 0.05000000000000000278, 0.5000000000000000000 ) ) ;
#2656 = ADVANCED_FACE ( 'NONE', ( #1316 ), #7096, .F. ) ;
#2657 = CARTESIAN_POINT ( 'NONE',  ( -1.150000000000000355, 0.000000000000000000, -0.6249999999999998890 ) ) ;
#2658 = VECTOR ( 'NONE', #5402, 1000.000000000000000 ) ;
#2659 = EDGE_CURVE ( 'NONE', #6902, #7336, #1236, .T. ) ;
#2660 = DIRECTION ( 'NONE',  ( -0.000000000000000000, -0.000000000000000000, 1.000000000000000000 ) ) ;
#2661 = VECTOR ( 'NONE', #6781, 1000.000000000000000 ) ;
#2662 =( GEOMETRIC_REPRESENTATION_CONTEXT ( 3 ) GLOBAL_UNCERTAINTY_ASSIGNED_CONTEXT ( ( #6031 ) ) GLOBAL_UNIT_ASSIGNED_CONTEXT ( ( #4424, #6174, #6775 ) ) REPRESENTATION_CONTEXT ( 'NONE', 'WORKASPACE' ) );
#2663 = ORIENTED_EDGE ( 'NONE', *, *, #5577, .F. ) ;
#2664 = PLANE ( 'NONE',  #3083 ) ;
#2665 = VECTOR ( 'NONE', #5382, 1000.000000000000000 ) ;
#2666 = DIRECTION ( 'NONE',  ( 0.000000000000000000, -1.000000000000000000, 0.000000000000000000 ) ) ;
#2667 = CARTESIAN_POINT ( 'NONE',  ( 1.100000000000000089, 0.04999999999999999584, -0.8249999999999995115 ) ) ;
#2668 = ORIENTED_EDGE ( 'NONE', *, *, #303, .F. ) ;
#2669 = ADVANCED_FACE ( 'NONE', ( #6503 ), #2863, .F. ) ;
#2670 = CARTESIAN_POINT ( 'NONE',  ( 1.150000000000000355, 0.2000000000000000111, 1.375000000000000222 ) ) ;
#2671 = DIRECTION ( 'NONE',  ( 0.000000000000000000, 0.000000000000000000, 1.000000000000000000 ) ) ;
#2672 = ADVANCED_FACE ( 'NONE', ( #6566 ), #1812, .F. ) ;
#2673 = CARTESIAN_POINT ( 'NONE',  ( 1.100000000000000089, 0.000000000000000000, -0.8249999999999995115 ) ) ;
#2674 = FACE_OUTER_BOUND ( 'NONE', #5745, .T. ) ;
#2675 = UNCERTAINTY_MEASURE_WITH_UNIT (LENGTH_MEASURE( 1.000000000000000082E-05 ), #5026, 'distance_accuracy_value', 'NONE');
#2676 = ORIENTED_EDGE ( 'NONE', *, *, #4495, .T. ) ;
#2677 = AXIS2_PLACEMENT_3D ( 'NONE', #1983, #257, #748 ) ;
#2678 = FACE_BOUND ( 'NONE', #3354, .T. ) ;
#2679 = DIRECTION ( 'NONE',  ( -1.000000000000000000, 0.000000000000000000, 0.000000000000000000 ) ) ;
#2680 = VERTEX_POINT ( 'NONE', #7640 ) ;
#2681 = LINE ( 'NONE', #2006, #2749 ) ;
#2682 = DIRECTION ( 'NONE',  ( -0.000000000000000000, -1.000000000000000000, -0.000000000000000000 ) ) ;
#2683 = LINE ( 'NONE', #793, #7680 ) ;
#2684 = DIRECTION ( 'NONE',  ( 1.445602896647346214E-15, -0.000000000000000000, -1.000000000000000000 ) ) ;
#2685 = ORIENTED_EDGE ( 'NONE', *, *, #6638, .F. ) ;
#2686 = CARTESIAN_POINT ( 'NONE',  ( -1.399999999999999911, 0.2000000000000000111, 1.175000000000000488 ) ) ;
#2687 = LINE ( 'NONE', #2369, #2665 ) ;
#2688 = CARTESIAN_POINT ( 'NONE',  ( 1.100000000000000089, 0.2000000000000000111, 0.6750000000000004885 ) ) ;
#2689 = DIRECTION ( 'NONE',  ( 0.000000000000000000, 0.000000000000000000, 1.000000000000000000 ) ) ;
#2690 = DIRECTION ( 'NONE',  ( 0.000000000000000000, 1.000000000000000000, 0.000000000000000000 ) ) ;
#2691 = EDGE_CURVE ( 'NONE', #265, #7035, #1367, .T. ) ;
#2692 = ORIENTED_EDGE ( 'NONE', *, *, #6729, .T. ) ;
#2693 = VECTOR ( 'NONE', #6265, 1000.000000000000000 ) ;
#2694 = EDGE_CURVE ( 'NONE', #4686, #4557, #1305, .T. ) ;
#2695 = DIRECTION ( 'NONE',  ( 0.000000000000000000, 1.000000000000000000, 0.000000000000000000 ) ) ;
#2696 = CARTESIAN_POINT ( 'NONE',  ( 1.100000000000000089, 0.5905124837953331651, 0.1750000000000004607 ) ) ;
#2697 = VECTOR ( 'NONE', #6601, 1000.000000000000000 ) ;
#2698 = AXIS2_PLACEMENT_3D ( 'NONE', #6581, #5990, #4087 ) ;
#2699 = ORIENTED_EDGE ( 'NONE', *, *, #5239, .F. ) ;
#2700 = FACE_BOUND ( 'NONE', #206, .T. ) ;
#2701 = AXIS2_PLACEMENT_3D ( 'NONE', #1416, #3090, #7355 ) ;
#2702 = DIRECTION ( 'NONE',  ( 0.000000000000000000, 0.000000000000000000, 1.000000000000000000 ) ) ;
#2703 = VERTEX_POINT ( 'NONE', #4804 ) ;
#2704 = DIRECTION ( 'NONE',  ( 1.000000000000000000, 0.000000000000000000, 1.445602896647346214E-15 ) ) ;
#2705 = DIRECTION ( 'NONE',  ( 0.000000000000000000, 0.000000000000000000, 1.000000000000000000 ) ) ;
#2706 = VERTEX_POINT ( 'NONE', #2924 ) ;
#2707 = CARTESIAN_POINT ( 'NONE',  ( -1.100000000000000089, 0.000000000000000000, 0.8249999999999997335 ) ) ;
#2708 = DIRECTION ( 'NONE',  ( -0.000000000000000000, -1.000000000000000000, -0.000000000000000000 ) ) ;
#2709 = LINE ( 'NONE', #6212, #5312 ) ;
#2710 = DIRECTION ( 'NONE',  ( 0.000000000000000000, 0.000000000000000000, -1.000000000000000000 ) ) ;
#2711 = EDGE_CURVE ( 'NONE', #3962, #6620, #3911, .T. ) ;
#2712 = CARTESIAN_POINT ( 'NONE',  ( -1.149999999999999911, 0.2000000000000000111, -0.3250000000000000111 ) ) ;
#2713 = FACE_OUTER_BOUND ( 'NONE', #5649, .T. ) ;
#2714 = ORIENTED_EDGE ( 'NONE', *, *, #4498, .T. ) ;
#2715 = CARTESIAN_POINT ( 'NONE',  ( 1.350000000000000089, 0.5905124837953331651, 0.1750000000000000167 ) ) ;
#2716 = AXIS2_PLACEMENT_3D ( 'NONE', #6464, #2882, #7654 ) ;
#2717 = DIRECTION ( 'NONE',  ( 0.000000000000000000, 1.000000000000000000, 0.000000000000000000 ) ) ;
#2718 = DIRECTION ( 'NONE',  ( 0.000000000000000000, -1.000000000000000000, 0.000000000000000000 ) ) ;
#2719 = ORIENTED_EDGE ( 'NONE', *, *, #68, .T. ) ;
#2720 = CARTESIAN_POINT ( 'NONE',  ( -1.400000000000000133, 0.1999999999999999833, 1.324999999999999734 ) ) ;
#2721 = EDGE_LOOP ( 'NONE', ( #3032, #6631, #1151, #6261, #3060, #3694, #6272, #5496 ) ) ;
#2722 = ADVANCED_FACE ( 'NONE', ( #6541 ), #1381, .F. ) ;
#2723 = VECTOR ( 'NONE', #3974, 1000.000000000000000 ) ;
#2724 = CARTESIAN_POINT ( 'NONE',  ( 1.400000000000000133, 0.04999999999999999584, -0.3249999999999997891 ) ) ;
#2725 = CARTESIAN_POINT ( 'NONE',  ( 1.100000000000000089, 0.000000000000000000, -1.324999999999999512 ) ) ;
#2726 = LINE ( 'NONE', #5222, #5113 ) ;
#2727 = ADVANCED_FACE ( 'NONE', ( #1112 ), #1487, .F. ) ;
#2728 = EDGE_CURVE ( 'NONE', #1861, #2765, #4027, .T. ) ;
#2729 = ORIENTED_EDGE ( 'NONE', *, *, #5241, .T. ) ;
#2730 = CIRCLE ( 'NONE', #1461, 0.04999999999999991257 ) ;
#2731 = CARTESIAN_POINT ( 'NONE',  ( -1.150000000000000355, 0.2000000000000000111, -1.125000000000000000 ) ) ;
#2732 = VERTEX_POINT ( 'NONE', #4850 ) ;
#2733 = AXIS2_PLACEMENT_3D ( 'NONE', #4484, #6292, #5751 ) ;
#2734 = ORIENTED_EDGE ( 'NONE', *, *, #2422, .F. ) ;
#2735 = ADVANCED_FACE ( 'NONE', ( #1533 ), #1507, .T. ) ;
#2736 = CYLINDRICAL_SURFACE ( 'NONE', #1566, 0.1250000000000003331 ) ;
#2737 = CARTESIAN_POINT ( 'NONE',  ( 0.000000000000000000, 0.05000000000000000278, 0.6250000000000001110 ) ) ;
#2738 = ADVANCED_FACE ( 'NONE', ( #6640 ), #6785, .F. ) ;
#2739 = CYLINDRICAL_SURFACE ( 'NONE', #3781, 0.04999999999999991257 ) ;
#2740 = CARTESIAN_POINT ( 'NONE',  ( -1.400000000000000133, 0.04999999999999999584, 1.324999999999999734 ) ) ;
#2741 = ORIENTED_EDGE ( 'NONE', *, *, #4790, .F. ) ;
#2742 = CARTESIAN_POINT ( 'NONE',  ( 1.400000000000000355, 0.1999999999999999833, -0.1750000000000002387 ) ) ;
#2743 = VECTOR ( 'NONE', #3134, 1000.000000000000000 ) ;
#2744 = EDGE_CURVE ( 'NONE', #854, #2654, #6691, .T. ) ;
#2745 = CARTESIAN_POINT ( 'NONE',  ( -1.349999999999999645, 0.1999999999999999833, -0.3749999999999998890 ) ) ;
#2746 = EDGE_LOOP ( 'NONE', ( #7274, #2119, #5025, #2413, #1260, #6419, #7632, #7179 ) ) ;
#2747 = EDGE_LOOP ( 'NONE', ( #1332, #2216, #4415, #2193 ) ) ;
#2748 = AXIS2_PLACEMENT_3D ( 'NONE', #2417, #7799, #4113 ) ;
#2749 = VECTOR ( 'NONE', #225, 1000.000000000000000 ) ;
#2750 = CARTESIAN_POINT ( 'NONE',  ( 0.000000000000000000, 0.05000000000000000278, -0.3749999999999998890 ) ) ;
#2751 = ORIENTED_EDGE ( 'NONE', *, *, #631, .T. ) ;
#2752 = CARTESIAN_POINT ( 'NONE',  ( 1.150000000000000355, 0.04999999999999999584, 1.375000000000000222 ) ) ;
#2753 = SURFACE_STYLE_USAGE ( .BOTH. , #2173 ) ;
#2754 = CIRCLE ( 'NONE', #7620, 0.05000000000000002359 ) ;
#2755 = ORIENTED_EDGE ( 'NONE', *, *, #2328, .T. ) ;
#2756 = LINE ( 'NONE', #7247, #5478 ) ;
#2757 = ORIENTED_EDGE ( 'NONE', *, *, #7587, .F. ) ;
#2758 = CARTESIAN_POINT ( 'NONE',  ( 1.100000000000000089, 0.2000000000000000111, 1.324999999999999734 ) ) ;
#2759 = EDGE_CURVE ( 'NONE', #2337, #93, #6703, .T. ) ;
#2760 = CARTESIAN_POINT ( 'NONE',  ( -0.5999999999999992006, 0.05000000000000012768, -1.275000000000000133 ) ) ;
#2761 = ORIENTED_EDGE ( 'NONE', *, *, #869, .T. ) ;
#2762 = DIRECTION ( 'NONE',  ( -1.000000000000000000, 0.000000000000000000, -0.000000000000000000 ) ) ;
#2763 = PRESENTATION_LAYER_ASSIGNMENT (  '', '', ( #4565 ) ) ;
#2764 = DIRECTION ( 'NONE',  ( 0.000000000000000000, 0.000000000000000000, 1.000000000000000000 ) ) ;
#2765 = VERTEX_POINT ( 'NONE', #1426 ) ;
#2766 = CARTESIAN_POINT ( 'NONE',  ( 1.150000000000000355, 0.1999999999999999833, -0.3749999999999998890 ) ) ;
#2767 = LINE ( 'NONE', #3027, #5386 ) ;
#2768 = VERTEX_POINT ( 'NONE', #6182 ) ;
#2769 = DIRECTION ( 'NONE',  ( -0.000000000000000000, -1.000000000000000000, 0.000000000000000000 ) ) ;
#2770 = VECTOR ( 'NONE', #342, 1000.000000000000000 ) ;
#2771 = PLANE ( 'NONE',  #6998 ) ;
#2772 = DIRECTION ( 'NONE',  ( 0.000000000000000000, 1.000000000000000000, 0.000000000000000000 ) ) ;
#2773 = ORIENTED_EDGE ( 'NONE', *, *, #3336, .F. ) ;
#2774 = VERTEX_POINT ( 'NONE', #7367 ) ;
#2775 = EDGE_CURVE ( 'NONE', #269, #755, #6611, .T. ) ;
#2776 = LINE ( 'NONE', #7532, #2693 ) ;
#2777 = VERTEX_POINT ( 'NONE', #4377 ) ;
#2778 = PRESENTATION_LAYER_ASSIGNMENT (  '', '', ( #7770 ) ) ;
#2779 = DIRECTION ( 'NONE',  ( 1.000000000000000000, 0.000000000000000000, -0.000000000000000000 ) ) ;
#2780 = EDGE_CURVE ( 'NONE', #6871, #1042, #1545, .T. ) ;
#2781 = VECTOR ( 'NONE', #7110, 1000.000000000000114 ) ;
#2782 = ORIENTED_EDGE ( 'NONE', *, *, #2893, .T. ) ;
#2783 = FACE_BOUND ( 'NONE', #1694, .T. ) ;
#2784 = DIRECTION ( 'NONE',  ( 0.000000000000000000, 0.000000000000000000, 1.000000000000000000 ) ) ;
#2785 = ORIENTED_EDGE ( 'NONE', *, *, #560, .F. ) ;
#2786 = ORIENTED_EDGE ( 'NONE', *, *, #7354, .T. ) ;
#2787 = ADVANCED_FACE ( 'NONE', ( #1570 ), #3847, .T. ) ;
#2788 = PRODUCT_RELATED_PRODUCT_CATEGORY ( 'part', '', ( #2906 ) ) ;
#2789 = VECTOR ( 'NONE', #2394, 1000.000000000000000 ) ;
#2790 = CARTESIAN_POINT ( 'NONE',  ( -1.150000000000000355, 0.1999999999999999833, 1.375000000000000222 ) ) ;
#2791 = EDGE_CURVE ( 'NONE', #6195, #6232, #1414, .T. ) ;
#2792 = FACE_OUTER_BOUND ( 'NONE', #5712, .T. ) ;
#2793 = CARTESIAN_POINT ( 'NONE',  ( 1.149999999999999911, 0.2000000000000000111, 1.325000000000000178 ) ) ;
#2794 = ADVANCED_FACE ( 'NONE', ( #1556 ), #4144, .F. ) ;
#2795 = EDGE_LOOP ( 'NONE', ( #1217, #2364, #7312, #6473, #4986, #4758, #7583, #2137 ) ) ;
#2796 = EDGE_CURVE ( 'NONE', #630, #7188, #4153, .T. ) ;
#2797 = FACE_OUTER_BOUND ( 'NONE', #2112, .T. ) ;
#2798 = CARTESIAN_POINT ( 'NONE',  ( -1.349999999999999645, 0.5905124837953331651, -0.8749999999999998890 ) ) ;
#2799 = SURFACE_STYLE_USAGE ( .BOTH. , #984 ) ;
#2800 = ORIENTED_EDGE ( 'NONE', *, *, #3944, .F. ) ;
#2801 = EDGE_CURVE ( 'NONE', #3869, #1449, #6824, .T. ) ;
#2802 = CARTESIAN_POINT ( 'NONE',  ( 1.150000000000000355, 0.04999999999999999584, -1.125000000000000000 ) ) ;
#2803 = ORIENTED_EDGE ( 'NONE', *, *, #2893, .F. ) ;
#2804 = ADVANCED_FACE ( 'NONE', ( #4069 ), #2569, .T. ) ;
#2805 = AXIS2_PLACEMENT_3D ( 'NONE', #375, #712, #3173 ) ;
#2806 = VERTEX_POINT ( 'NONE', #3253 ) ;
#2807 = AXIS2_PLACEMENT_3D ( 'NONE', #1356, #1202, #1143 ) ;
#2808 = CARTESIAN_POINT ( 'NONE',  ( -1.149999999999999911, 0.000000000000000000, 0.1750000000000000167 ) ) ;
#2809 = ADVANCED_FACE ( 'NONE', ( #6779 ), #4091, .F. ) ;
#2810 = DIRECTION ( 'NONE',  ( 0.000000000000000000, -1.000000000000000000, 0.000000000000000000 ) ) ;
#2811 = VECTOR ( 'NONE', #2185, 1000.000000000000000 ) ;
#2812 = ORIENTED_EDGE ( 'NONE', *, *, #1480, .F. ) ;
#2813 = FACE_OUTER_BOUND ( 'NONE', #5499, .T. ) ;
#2814 = ORIENTED_EDGE ( 'NONE', *, *, #1924, .F. ) ;
#2815 = CARTESIAN_POINT ( 'NONE',  ( 1.400000000000000133, 0.1999999999999999833, 0.1750000000000002387 ) ) ;
#2816 = CLOSED_SHELL ( 'NONE', ( #910, #2250, #2178, #7009, #6922, #2487, #131, #5772, #5711, #5846 ) ) ;
#2817 = EDGE_CURVE ( 'NONE', #3858, #2870, #4081, .T. ) ;
#2818 = CARTESIAN_POINT ( 'NONE',  ( -1.150000000000000355, 0.000000000000000000, -1.125000000000000000 ) ) ;
#2819 = DIRECTION ( 'NONE',  ( 0.000000000000000000, -1.000000000000000000, 0.000000000000000000 ) ) ;
#2820 = ORIENTED_EDGE ( 'NONE', *, *, #924, .F. ) ;
#2821 = AXIS2_PLACEMENT_3D ( 'NONE', #1242, #1763, #6689 ) ;
#2822 = CIRCLE ( 'NONE', #7155, 0.04999999999999991257 ) ;
#2823 = ORIENTED_EDGE ( 'NONE', *, *, #1159, .F. ) ;
#2824 = DIRECTION ( 'NONE',  ( 0.000000000000000000, -1.000000000000000000, 0.000000000000000000 ) ) ;
#2825 = FACE_BOUND ( 'NONE', #4029, .T. ) ;
#2826 = DIRECTION ( 'NONE',  ( 0.000000000000000000, 0.000000000000000000, 1.000000000000000000 ) ) ;
#2827 = VERTEX_POINT ( 'NONE', #4943 ) ;
#2828 = DIRECTION ( 'NONE',  ( -0.000000000000000000, -1.000000000000000000, -0.000000000000000000 ) ) ;
#2829 = ORIENTED_EDGE ( 'NONE', *, *, #3587, .F. ) ;
#2830 = DIRECTION ( 'NONE',  ( 0.000000000000000000, -1.000000000000000000, 0.000000000000000000 ) ) ;
#2831 = EDGE_CURVE ( 'NONE', #1607, #1790, #6630, .T. ) ;
#2832 = VECTOR ( 'NONE', #329, 1000.000000000000000 ) ;
#2833 = CARTESIAN_POINT ( 'NONE',  ( -1.200000000000000622, 0.4999999999999998890, -1.074999999999999956 ) ) ;
#2834 = DIRECTION ( 'NONE',  ( 0.000000000000000000, 0.000000000000000000, -1.000000000000000000 ) ) ;
#2835 = AXIS2_PLACEMENT_3D ( 'NONE', #5010, #1949, #5598 ) ;
#2836 = CARTESIAN_POINT ( 'NONE',  ( 1.150000000000000355, 0.5905124837953331651, -1.375000000000000000 ) ) ;
#2837 = VECTOR ( 'NONE', #848, 1000.000000000000000 ) ;
#2838 = EDGE_LOOP ( 'NONE', ( #5743, #2202, #3322, #2550, #2106, #5169, #5134, #7230 ) ) ;
#2839 = CIRCLE ( 'NONE', #2218, 0.05000000000000002359 ) ;
#2840 = CARTESIAN_POINT ( 'NONE',  ( 1.150000000000000355, 0.5905124837953331651, 0.6250000000000001110 ) ) ;
#2841 = ORIENTED_EDGE ( 'NONE', *, *, #4864, .T. ) ;
#2842 = DIRECTION ( 'NONE',  ( 0.000000000000000000, -1.000000000000000000, 0.000000000000000000 ) ) ;
#2843 = EDGE_LOOP ( 'NONE', ( #5304, #6975, #6990, #5448, #1150, #1193, #6860, #1209 ) ) ;
#2844 = VECTOR ( 'NONE', #117, 1000.000000000000000 ) ;
#2845 = PLANE ( 'NONE',  #5727 ) ;
#2846 = ORIENTED_EDGE ( 'NONE', *, *, #2691, .F. ) ;
#2847 = EDGE_CURVE ( 'NONE', #3411, #955, #6650, .T. ) ;
#2849 = DIRECTION ( 'NONE',  ( -0.000000000000000000, -1.000000000000000000, -0.000000000000000000 ) ) ;
#2848 = AXIS2_PLACEMENT_3D ( 'NONE', #1492, #6223, #383 ) ;
#2850 = VERTEX_POINT ( 'NONE', #6296 ) ;
#2851 = DIRECTION ( 'NONE',  ( 0.000000000000000000, 1.000000000000000000, 0.000000000000000000 ) ) ;
#2852 = FACE_BOUND ( 'NONE', #7015, .T. ) ;
#2853 = DIRECTION ( 'NONE',  ( 0.000000000000000000, -0.000000000000000000, 1.000000000000000000 ) ) ;
#2854 = EDGE_LOOP ( 'NONE', ( #7545, #6528, #4905, #6540 ) ) ;
#2855 = CARTESIAN_POINT ( 'NONE',  ( -1.100000000000000089, 0.2000000000000000111, 0.1750000000000004607 ) ) ;
#2856 = ORIENTED_EDGE ( 'NONE', *, *, #7426, .T. ) ;
#2857 = ADVANCED_FACE ( 'NONE', ( #4115 ), #6684, .F. ) ;
#2858 = LINE ( 'NONE', #6531, #2789 ) ;
#2859 = CARTESIAN_POINT ( 'NONE',  ( 1.149999999999999911, 0.2000000000000000111, 0.1750000000000000167 ) ) ;
#2860 = VERTEX_POINT ( 'NONE', #5147 ) ;
#2861 = CARTESIAN_POINT ( 'NONE',  ( 1.400000000000000355, 0.000000000000000000, 0.3249999999999997891 ) ) ;
#2862 = EDGE_CURVE ( 'NONE', #1970, #4196, #1390, .T. ) ;
#2863 = PLANE ( 'NONE',  #2016 ) ;
#2864 = LINE ( 'NONE', #5194, #5475 ) ;
#2865 = ADVANCED_FACE ( 'NONE', ( #6621 ), #4006, .T. ) ;
#2866 = ORIENTED_EDGE ( 'NONE', *, *, #3834, .T. ) ;
#2867 = DIRECTION ( 'NONE',  ( 0.000000000000000000, 1.000000000000000000, 0.000000000000000000 ) ) ;
#2868 = AXIS2_PLACEMENT_3D ( 'NONE', #2793, #2253, #3437 ) ;
#2869 = FACE_BOUND ( 'NONE', #3383, .T. ) ;
#2870 = VERTEX_POINT ( 'NONE', #3528 ) ;
#2871 = DIRECTION ( 'NONE',  ( 1.445602896647346214E-15, 0.000000000000000000, -1.000000000000000000 ) ) ;
#2872 = DIRECTION ( 'NONE',  ( 0.000000000000000000, 0.000000000000000000, -1.000000000000000000 ) ) ;
#2873 = ORIENTED_EDGE ( 'NONE', *, *, #7254, .F. ) ;
#2874 = DIRECTION ( 'NONE',  ( 0.000000000000000000, 1.000000000000000000, 0.000000000000000000 ) ) ;
#2875 = PLANE ( 'NONE',  #5981 ) ;
#2876 = VECTOR ( 'NONE', #7490, 1000.000000000000000 ) ;
#2877 = VERTEX_POINT ( 'NONE', #2884 ) ;
#2878 = ADVANCED_FACE ( 'NONE', ( #4099 ), #5289, .F. ) ;
#2879 = CARTESIAN_POINT ( 'NONE',  ( 1.350000000000000089, 0.1999999999999999833, 0.8750000000000003331 ) ) ;
#2880 = CYLINDRICAL_SURFACE ( 'NONE', #3273, 0.05000000000000002359 ) ;
#2881 = EDGE_LOOP ( 'NONE', ( #310, #2751, #5815, #7315 ) ) ;
#2882 = DIRECTION ( 'NONE',  ( 0.000000000000000000, 1.000000000000000000, 0.000000000000000000 ) ) ;
#2883 = LINE ( 'NONE', #2269, #256 ) ;
#2884 = CARTESIAN_POINT ( 'NONE',  ( 1.400000000000000355, 0.1999999999999999833, 0.3249999999999997891 ) ) ;
#2885 = ORIENTED_EDGE ( 'NONE', *, *, #4203, .T. ) ;
#2886 = EDGE_CURVE ( 'NONE', #2706, #1205, #4206, .T. ) ;
#2887 = CARTESIAN_POINT ( 'NONE',  ( 1.349999999999999645, 0.5905124837953331651, 0.6250000000000001110 ) ) ;
#2888 = VERTEX_POINT ( 'NONE', #1551 ) ;
#2889 = DIRECTION ( 'NONE',  ( 0.000000000000000000, 0.000000000000000000, 1.000000000000000000 ) ) ;
#2890 = DIRECTION ( 'NONE',  ( -0.000000000000000000, -1.000000000000000000, -0.000000000000000000 ) ) ;
#2891 = CIRCLE ( 'NONE', #7142, 0.04999999999999991257 ) ;
#2892 = VERTEX_POINT ( 'NONE', #3588 ) ;
#2893 = EDGE_CURVE ( 'NONE', #3858, #3017, #6588, .T. ) ;
#2894 = DIRECTION ( 'NONE',  ( -0.000000000000000000, -1.000000000000000000, -0.000000000000000000 ) ) ;
#2895 = DIRECTION ( 'NONE',  ( 0.000000000000000000, 0.000000000000000000, 1.000000000000000000 ) ) ;
#2896 = ORIENTED_EDGE ( 'NONE', *, *, #7006, .T. ) ;
#2897 = FACE_OUTER_BOUND ( 'NONE', #6244, .T. ) ;
#2898 = CARTESIAN_POINT ( 'NONE',  ( 1.400000000000000355, 0.1999999999999999833, 0.3249999999999997891 ) ) ;
#2899 = EDGE_LOOP ( 'NONE', ( #1666, #4325, #5802, #5916 ) ) ;
#2900 = CARTESIAN_POINT ( 'NONE',  ( 1.400000000000000355, 0.2000000000000000111, 0.8249999999999997335 ) ) ;
#2901 = ORIENTED_EDGE ( 'NONE', *, *, #1047, .T. ) ;
#2902 = EDGE_CURVE ( 'NONE', #618, #7421, #4037, .T. ) ;
#2903 = VECTOR ( 'NONE', #3777, 1000.000000000000000 ) ;
#2904 = SURFACE_SIDE_STYLE ('',( #6549 ) ) ;
#2905 = EDGE_CURVE ( 'NONE', #3829, #3597, #6668, .T. ) ;
#2906 = PRODUCT ( 'ST25DV04K-JFR6D3', 'ST25DV04K-JFR6D3', '', ( #2282 ) ) ;
#2907 = EDGE_CURVE ( 'NONE', #661, #7053, #1510, .T. ) ;
#2908 = VECTOR ( 'NONE', #394, 1000.000000000000000 ) ;
#2909 = DIRECTION ( 'NONE',  ( 0.000000000000000000, 0.000000000000000000, 1.000000000000000000 ) ) ;
#2910 = VERTEX_POINT ( 'NONE', #7657 ) ;
#2911 = AXIS2_PLACEMENT_3D ( 'NONE', #3013, #1164, #7746 ) ;
#2912 = VECTOR ( 'NONE', #7195, 1000.000000000000000 ) ;
#2913 = DIRECTION ( 'NONE',  ( 0.000000000000000000, -1.000000000000000000, 0.000000000000000000 ) ) ;
#2914 = CARTESIAN_POINT ( 'NONE',  ( 1.149999999999999911, 0.000000000000000000, 0.6750000000000000444 ) ) ;
#2915 = ORIENTED_EDGE ( 'NONE', *, *, #4515, .F. ) ;
#2916 = AXIS2_PLACEMENT_3D ( 'NONE', #1220, #1800, #6634 ) ;
#2917 = DIRECTION ( 'NONE',  ( 0.000000000000000000, 0.000000000000000000, -1.000000000000000000 ) ) ;
#2918 = ORIENTED_EDGE ( 'NONE', *, *, #4386, .T. ) ;
#2919 = DIRECTION ( 'NONE',  ( 0.000000000000000000, 0.000000000000000000, 1.000000000000000000 ) ) ;
#2920 = FACE_OUTER_BOUND ( 'NONE', #6932, .T. ) ;
#2921 = CARTESIAN_POINT ( 'NONE',  ( 1.150000000000000355, 0.000000000000000000, 1.375000000000000222 ) ) ;
#2922 = VERTEX_POINT ( 'NONE', #4654 ) ;
#2923 = DIRECTION ( 'NONE',  ( -1.000000000000000000, 0.000000000000000000, 0.000000000000000000 ) ) ;
#2924 = CARTESIAN_POINT ( 'NONE',  ( 1.100000000000000089, 0.2000000000000000111, -0.6750000000000002665 ) ) ;
#2925 = FACE_OUTER_BOUND ( 'NONE', #3230, .T. ) ;
#2926 = EDGE_CURVE ( 'NONE', #5895, #6600, #4195, .T. ) ;
#2927 = VERTEX_POINT ( 'NONE', #6937 ) ;
#2928 = CARTESIAN_POINT ( 'NONE',  ( 1.100000000000000089, 0.5905124837953331651, -0.6750000000000002665 ) ) ;
#2929 = CYLINDRICAL_SURFACE ( 'NONE', #39, 0.05000000000000002359 ) ;
#2930 = ORIENTED_EDGE ( 'NONE', *, *, #1065, .T. ) ;
#2932 = CARTESIAN_POINT ( 'NONE',  ( 1.100000000000000089, 0.5905124837953331651, -0.1750000000000002387 ) ) ;
#2931 = AXIS2_PLACEMENT_3D ( 'NONE', #2712, #1549, #897 ) ;
#2933 = DIRECTION ( 'NONE',  ( 0.000000000000000000, 1.000000000000000000, 0.000000000000000000 ) ) ;
#2934 = ORIENTED_EDGE ( 'NONE', *, *, #3525, .T. ) ;
#2935 = DIRECTION ( 'NONE',  ( -1.000000000000000000, -0.000000000000000000, -0.000000000000000000 ) ) ;
#2936 = CARTESIAN_POINT ( 'NONE',  ( 1.150000000000000355, 0.2000000000000000111, 1.125000000000000222 ) ) ;
#2937 = FACE_OUTER_BOUND ( 'NONE', #725, .T. ) ;
#2938 = VERTEX_POINT ( 'NONE', #2991 ) ;
#2939 = CARTESIAN_POINT ( 'NONE',  ( 1.149999999999999911, 0.1999999999999999833, 1.325000000000000178 ) ) ;
#2940 = CYLINDRICAL_SURFACE ( 'NONE', #5796, 0.04999999999999991257 ) ;
#2941 = ADVANCED_FACE ( 'NONE', ( #6723 ), #444, .T. ) ;
#2942 = CARTESIAN_POINT ( 'NONE',  ( -1.150000000000000355, 0.5905124837953331651, -0.1249999999999998890 ) ) ;
#2943 = VECTOR ( 'NONE', #4435, 1000.000000000000000 ) ;
#2944 = EDGE_CURVE ( 'NONE', #1076, #2192, #4232, .T. ) ;
#2945 = DIRECTION ( 'NONE',  ( -0.000000000000000000, -1.000000000000000000, -0.000000000000000000 ) ) ;
#2946 = VERTEX_POINT ( 'NONE', #5925 ) ;
#2947 = DIRECTION ( 'NONE',  ( 0.000000000000000000, -1.000000000000000000, 0.000000000000000000 ) ) ;
#2948 = VERTEX_POINT ( 'NONE', #7055 ) ;
#2949 =( NAMED_UNIT ( * ) PLANE_ANGLE_UNIT ( ) SI_UNIT ( $, .RADIAN. ) );
#2950 = AXIS2_PLACEMENT_3D ( 'NONE', #4597, #7715, #5341 ) ;
#2951 = DIRECTION ( 'NONE',  ( -0.000000000000000000, -1.000000000000000000, 0.000000000000000000 ) ) ;
#2952 = EDGE_LOOP ( 'NONE', ( #3758, #5294, #3738, #1160 ) ) ;
#2953 = DIRECTION ( 'NONE',  ( 0.000000000000000000, 1.000000000000000000, 0.000000000000000000 ) ) ;
#2954 = ADVANCED_FACE ( 'NONE', ( #1469 ), #6751, .F. ) ;
#2955 = CARTESIAN_POINT ( 'NONE',  ( 1.150000000000000355, 0.000000000000000000, -0.1249999999999998890 ) ) ;
#2956 = CARTESIAN_POINT ( 'NONE',  ( -1.400000000000000133, 0.5905124837953331651, 0.3249999999999997891 ) ) ;
#2957 = VECTOR ( 'NONE', #7209, 1000.000000000000000 ) ;
#2958 = CARTESIAN_POINT ( 'NONE',  ( 1.400000000000000133, 0.5905124837953331651, 1.175000000000000266 ) ) ;
#2959 = ORIENTED_EDGE ( 'NONE', *, *, #3152, .F. ) ;
#2960 = EDGE_CURVE ( 'NONE', #730, #2395, #4168, .T. ) ;
#2961 = ORIENTED_EDGE ( 'NONE', *, *, #4422, .F. ) ;
#2962 = AXIS2_PLACEMENT_3D ( 'NONE', #3289, #4528, #5082 ) ;
#2963 = CIRCLE ( 'NONE', #6743, 0.04999999999999991257 ) ;
#2964 = CARTESIAN_POINT ( 'NONE',  ( 1.350000000000000089, 0.2000000000000000111, -1.124999999999999778 ) ) ;
#2965 = VERTEX_POINT ( 'NONE', #7114 ) ;
#2966 = LINE ( 'NONE', #6085, #2781 ) ;
#2967 = DIRECTION ( 'NONE',  ( -1.445602896647343847E-15, 0.000000000000000000, -1.000000000000000000 ) ) ;
#2968 = CARTESIAN_POINT ( 'NONE',  ( -1.100000000000000089, 0.1999999999999999833, -1.175000000000000266 ) ) ;
#2969 = DIRECTION ( 'NONE',  ( -1.445602896647346214E-15, -0.000000000000000000, 1.000000000000000000 ) ) ;
#2970 = ORIENTED_EDGE ( 'NONE', *, *, #6291, .T. ) ;
#2971 = CARTESIAN_POINT ( 'NONE',  ( -1.350000000000000089, 0.000000000000000000, 1.175000000000000044 ) ) ;
#2972 = VERTEX_POINT ( 'NONE', #3365 ) ;
#2973 = DIRECTION ( 'NONE',  ( -1.000000000000000000, 0.000000000000000000, 0.000000000000000000 ) ) ;
#2974 = ORIENTED_EDGE ( 'NONE', *, *, #5057, .T. ) ;
#2975 = AXIS2_PLACEMENT_3D ( 'NONE', #1872, #2472, #691 ) ;
#2976 = DIRECTION ( 'NONE',  ( 0.000000000000000000, 0.000000000000000000, 1.000000000000000000 ) ) ;
#2977 = DIRECTION ( 'NONE',  ( 1.445602896647346016E-15, 0.000000000000000000, -1.000000000000000000 ) ) ;
#2978 = UNCERTAINTY_MEASURE_WITH_UNIT (LENGTH_MEASURE( 1.000000000000000082E-05 ), #3234, 'distance_accuracy_value', 'NONE');
#2979 = CARTESIAN_POINT ( 'NONE',  ( 1.150000000000000355, 0.2000000000000000111, 0.8750000000000001110 ) ) ;
#2980 = CIRCLE ( 'NONE', #3516, 0.04999999999999991257 ) ;
#2981 = ORIENTED_EDGE ( 'NONE', *, *, #1406, .F. ) ;
#2982 = CARTESIAN_POINT ( 'NONE',  ( -1.100000000000000089, 0.5905124837953331651, 1.175000000000000488 ) ) ;
#2983 = VERTEX_POINT ( 'NONE', #5240 ) ;
#2984 = CARTESIAN_POINT ( 'NONE',  ( 1.349999999999999645, 0.04999999999999999584, 0.6250000000000001110 ) ) ;
#2985 = VECTOR ( 'NONE', #825, 1000.000000000000000 ) ;
#2986 = EDGE_LOOP ( 'NONE', ( #2959, #1844, #4734, #4896 ) ) ;
#2987 = EDGE_CURVE ( 'NONE', #1919, #7061, #6766, .T. ) ;
#2988 = DIRECTION ( 'NONE',  ( -1.700709290173340656E-16, -0.000000000000000000, 1.000000000000000000 ) ) ;
#2989 = EDGE_CURVE ( 'NONE', #1582, #3210, #1609, .T. ) ;
#2990 = LINE ( 'NONE', #190, #436 ) ;
#2991 = CARTESIAN_POINT ( 'NONE',  ( 1.350000000000000089, 0.000000000000000000, 0.3750000000000003331 ) ) ;
#2992 = CLOSED_SHELL ( 'NONE', ( #1122, #2297, #7153, #510, #1182, #151, #2865, #6463, #503, #5858 ) ) ;
#2993 = EDGE_CURVE ( 'NONE', #4806, #7271, #4220, .T. ) ;
#2994 = CARTESIAN_POINT ( 'NONE',  ( 1.149999999999999911, 0.5905124837953331651, -0.6749999999999998224 ) ) ;
#2995 = ORIENTED_EDGE ( 'NONE', *, *, #6687, .T. ) ;
#2996 = APPLICATION_CONTEXT ( 'automotive_design' ) ;
#2997 = AXIS2_PLACEMENT_3D ( 'NONE', #547, #2953, #1198 ) ;
#2998 = ORIENTED_EDGE ( 'NONE', *, *, #5536, .T. ) ;
#2999 = DIRECTION ( 'NONE',  ( 0.000000000000000000, 1.000000000000000000, 0.000000000000000000 ) ) ;
#3000 = CARTESIAN_POINT ( 'NONE',  ( 1.150000000000000355, 0.000000000000000000, -0.3749999999999998890 ) ) ;
#3001 = CARTESIAN_POINT ( 'NONE',  ( 1.350000000000000311, 0.000000000000000000, -0.6749999999999998224 ) ) ;
#3002 = LINE ( 'NONE', #4173, #2957 ) ;
#3003 = ORIENTED_EDGE ( 'NONE', *, *, #6472, .T. ) ;
#3004 = VERTEX_POINT ( 'NONE', #5809 ) ;
#3005 = EDGE_CURVE ( 'NONE', #4488, #3172, #1403, .T. ) ;
#3006 = ORIENTED_EDGE ( 'NONE', *, *, #3812, .T. ) ;
#3007 = AXIS2_PLACEMENT_3D ( 'NONE', #1599, #5747, #435 ) ;
#3008 = DIRECTION ( 'NONE',  ( 0.000000000000000000, -1.000000000000000000, 0.000000000000000000 ) ) ;
#3009 = DIRECTION ( 'NONE',  ( -0.000000000000000000, -1.000000000000000000, -0.000000000000000000 ) ) ;
#3010 = CARTESIAN_POINT ( 'NONE',  ( -1.350000000000000089, 0.2000000000000000111, -1.125000000000000000 ) ) ;
#3011 = DIRECTION ( 'NONE',  ( 0.000000000000000000, 1.000000000000000000, 0.000000000000000000 ) ) ;
#3012 = ORIENTED_EDGE ( 'NONE', *, *, #2905, .T. ) ;
#3013 = CARTESIAN_POINT ( 'NONE',  ( 1.150000000000000355, 0.5905124837953331651, 0.6250000000000001110 ) ) ;
#3014 = EDGE_LOOP ( 'NONE', ( #2970, #4909 ) ) ;
#3015 = LINE ( 'NONE', #6496, #5607 ) ;
#3016 = CARTESIAN_POINT ( 'NONE',  ( 1.149999999999999911, 0.1999999999999999833, 1.175000000000000044 ) ) ;
#3017 = VERTEX_POINT ( 'NONE', #6093 ) ;
#3018 = CARTESIAN_POINT ( 'NONE',  ( 0.7000000000000000666, 3.109037641557771181, -1.274999999999999911 ) ) ;
#3019 = AXIS2_PLACEMENT_3D ( 'NONE', #7380, #1386, #123 ) ;
#3020 = CARTESIAN_POINT ( 'NONE',  ( -1.400000000000000133, 0.5905124837953331651, -0.1750000000000002387 ) ) ;
#3021 = ORIENTED_EDGE ( 'NONE', *, *, #4651, .F. ) ;
#3022 = DIRECTION ( 'NONE',  ( -0.000000000000000000, -1.000000000000000000, -0.000000000000000000 ) ) ;
#3023 = VERTEX_POINT ( 'NONE', #3115 ) ;
#3024 = CARTESIAN_POINT ( 'NONE',  ( 1.100000000000000089, 0.04999999999999999584, -0.1750000000000002387 ) ) ;
#3025 = DIRECTION ( 'NONE',  ( 0.000000000000000000, -1.000000000000000000, 0.000000000000000000 ) ) ;
#3026 = EDGE_CURVE ( 'NONE', #337, #6432, #4380, .T. ) ;
#3027 = CARTESIAN_POINT ( 'NONE',  ( 1.150000000000000355, 0.5905124837953331651, 0.1250000000000001110 ) ) ;
#3028 = AXIS2_PLACEMENT_3D ( 'NONE', #5879, #7127, #7236 ) ;
#3029 = CARTESIAN_POINT ( 'NONE',  ( 1.100000000000000089, 0.1999999999999999833, -0.8249999999999995115 ) ) ;
#3030 = EDGE_LOOP ( 'NONE', ( #24, #6959, #212, #6289 ) ) ;
#3031 = CARTESIAN_POINT ( 'NONE',  ( 1.400000000000000355, 0.5905124837953331651, -0.6750000000000002665 ) ) ;
#3032 = ORIENTED_EDGE ( 'NONE', *, *, #973, .F. ) ;
#3033 = CARTESIAN_POINT ( 'NONE',  ( -1.349999999999999645, 0.2000000000000000111, 1.125000000000000222 ) ) ;
#3034 = FACE_OUTER_BOUND ( 'NONE', #362, .T. ) ;
#3035 = CARTESIAN_POINT ( 'NONE',  ( 0.000000000000000000, 0.05000000000000000278, -1.375000000000000000 ) ) ;
#3036 = EDGE_CURVE ( 'NONE', #106, #2680, #1918, .T. ) ;
#3037 = CARTESIAN_POINT ( 'NONE',  ( 1.400000000000000355, 0.2000000000000000111, -0.1750000000000002387 ) ) ;
#3038 = CARTESIAN_POINT ( 'NONE',  ( 1.400000000000000355, 0.000000000000000000, -1.175000000000000266 ) ) ;
#3039 = AXIS2_PLACEMENT_3D ( 'NONE', #1644, #1058, #7543 ) ;
#3040 = VECTOR ( 'NONE', #2254, 1000.000000000000000 ) ;
#3041 = ORIENTED_EDGE ( 'NONE', *, *, #1498, .F. ) ;
#3042 = EDGE_LOOP ( 'NONE', ( #6983, #7762, #3465, #2535 ) ) ;
#3043 = VECTOR ( 'NONE', #6321, 1000.000000000000000 ) ;
#3044 = DIRECTION ( 'NONE',  ( -0.000000000000000000, -1.000000000000000000, -0.000000000000000000 ) ) ;
#3045 = PLANE ( 'NONE',  #5829 ) ;
#3046 = EDGE_CURVE ( 'NONE', #2765, #204, #6873, .T. ) ;
#3047 = LINE ( 'NONE', #7316, #2943 ) ;
#3048 = DIRECTION ( 'NONE',  ( 1.000000000000000000, 0.000000000000000000, 0.000000000000000000 ) ) ;
#3049 = CARTESIAN_POINT ( 'NONE',  ( 1.100000000000000089, 0.04999999999999999584, 1.324999999999999734 ) ) ;
#3050 = ORIENTED_EDGE ( 'NONE', *, *, #6585, .T. ) ;
#3051 = AXIS2_PLACEMENT_3D ( 'NONE', #6455, #1645, #2872 ) ;
#3052 = DIRECTION ( 'NONE',  ( 0.000000000000000000, 1.000000000000000000, 0.000000000000000000 ) ) ;
#3053 = ORIENTED_EDGE ( 'NONE', *, *, #457, .F. ) ;
#3054 = DIRECTION ( 'NONE',  ( -0.000000000000000000, -1.000000000000000000, 0.000000000000000000 ) ) ;
#3055 = VECTOR ( 'NONE', #171, 1000.000000000000000 ) ;
#3056 = CARTESIAN_POINT ( 'NONE',  ( 1.149999999999999911, 0.1999999999999999833, -1.174999999999999822 ) ) ;
#3057 = FACE_OUTER_BOUND ( 'NONE', #6445, .T. ) ;
#3058 = PLANE ( 'NONE',  #4009 ) ;
#3059 = DIRECTION ( 'NONE',  ( -1.445602896647346016E-15, 0.000000000000000000, 1.000000000000000000 ) ) ;
#3060 = ORIENTED_EDGE ( 'NONE', *, *, #1102, .F. ) ;
#3061 = EDGE_CURVE ( 'NONE', #6879, #658, #4490, .T. ) ;
#3062 = CARTESIAN_POINT ( 'NONE',  ( -1.349999999999999645, 0.2000000000000000111, -1.375000000000000000 ) ) ;
#3063 = CARTESIAN_POINT ( 'NONE',  ( 1.349999999999999645, 0.2000000000000000111, 0.6250000000000001110 ) ) ;
#3064 = LINE ( 'NONE', #5416, #3143 ) ;
#3065 = EDGE_CURVE ( 'NONE', #2207, #2910, #4450, .T. ) ;
#3066 = EDGE_CURVE ( 'NONE', #3945, #6131, #1903, .T. ) ;
#3067 = CARTESIAN_POINT ( 'NONE',  ( -1.100000000000000089, 0.000000000000000000, 1.324999999999999734 ) ) ;
#3068 = AXIS2_PLACEMENT_3D ( 'NONE', #2339, #7124, #2441 ) ;
#3069 = LINE ( 'NONE', #3307, #3112 ) ;
#3070 = LINE ( 'NONE', #6410, #2908 ) ;
#3071 = AXIS2_PLACEMENT_3D ( 'NONE', #3875, #6854, #5604 ) ;
#3072 = DIRECTION ( 'NONE',  ( 0.000000000000000000, 0.000000000000000000, -1.000000000000000000 ) ) ;
#3073 = EDGE_LOOP ( 'NONE', ( #5910, #648, #5830, #1440 ) ) ;
#3074 = CIRCLE ( 'NONE', #1321, 0.04999999999999991257 ) ;
#3075 = SURFACE_SIDE_STYLE ('',( #2099 ) ) ;
#3076 = CARTESIAN_POINT ( 'NONE',  ( 1.150000000000000355, 0.2000000000000000111, -0.8749999999999998890 ) ) ;
#3077 = DIRECTION ( 'NONE',  ( 0.000000000000000000, -0.000000000000000000, 1.000000000000000000 ) ) ;
#3078 = DIRECTION ( 'NONE',  ( -0.000000000000000000, -1.000000000000000000, -0.000000000000000000 ) ) ;
#3079 = CARTESIAN_POINT ( 'NONE',  ( 1.100000000000000089, 0.04999999999999999584, -0.3249999999999995670 ) ) ;
#3080 = EDGE_CURVE ( 'NONE', #1864, #5474, #1663, .T. ) ;
#3081 = VECTOR ( 'NONE', #799, 1000.000000000000000 ) ;
#3082 = CIRCLE ( 'NONE', #2733, 0.04999999999999991257 ) ;
#3083 = AXIS2_PLACEMENT_3D ( 'NONE', #6880, #4429, #3250 ) ;
#3084 = ORIENTED_EDGE ( 'NONE', *, *, #7169, .F. ) ;
#3085 = VECTOR ( 'NONE', #5617, 1000.000000000000114 ) ;
#3086 = CARTESIAN_POINT ( 'NONE',  ( 0.000000000000000000, 0.05000000000000000278, 0.6250000000000001110 ) ) ;
#3087 = DIRECTION ( 'NONE',  ( 0.000000000000000000, 0.000000000000000000, 1.000000000000000000 ) ) ;
#3088 = FACE_OUTER_BOUND ( 'NONE', #1216, .T. ) ;
#3089 = EDGE_CURVE ( 'NONE', #4526, #7204, #1760, .T. ) ;
#3090 = DIRECTION ( 'NONE',  ( -0.000000000000000000, 0.000000000000000000, -1.000000000000000000 ) ) ;
#3091 = LINE ( 'NONE', #6930, #5665 ) ;
#3092 = DIRECTION ( 'NONE',  ( 0.000000000000000000, -0.000000000000000000, 1.000000000000000000 ) ) ;
#3093 = CARTESIAN_POINT ( 'NONE',  ( 1.350000000000000311, 0.2000000000000000111, 0.8250000000000001776 ) ) ;
#3094 = ORIENTED_EDGE ( 'NONE', *, *, #2159, .F. ) ;
#3095 = AXIS2_PLACEMENT_3D ( 'NONE', #7400, #7494, #1491 ) ;
#3096 = ADVANCED_FACE ( 'NONE', ( #1791 ), #1691, .F. ) ;
#3097 = SURFACE_STYLE_FILL_AREA ( #1272 ) ;
#3098 = CARTESIAN_POINT ( 'NONE',  ( 1.349999999999999645, 0.2000000000000000111, 0.1250000000000001110 ) ) ;
#3099 = DIRECTION ( 'NONE',  ( -0.000000000000000000, -1.000000000000000000, -0.000000000000000000 ) ) ;
#3100 = CARTESIAN_POINT ( 'NONE',  ( -1.200000000000000622, 0.5999999999999999778, -1.200000000000000400 ) ) ;
#3101 = CARTESIAN_POINT ( 'NONE',  ( 1.150000000000000355, 0.2000000000000000111, -0.6249999999999998890 ) ) ;
#3102 = VECTOR ( 'NONE', #3523, 1000.000000000000000 ) ;
#3103 = EDGE_CURVE ( 'NONE', #3936, #6148, #6955, .T. ) ;
#3104 = DIRECTION ( 'NONE',  ( 0.000000000000000000, 1.000000000000000000, 0.000000000000000000 ) ) ;
#3105 = ORIENTED_EDGE ( 'NONE', *, *, #1575, .F. ) ;
#3106 = AXIS2_PLACEMENT_3D ( 'NONE', #3999, #2947, #5759 ) ;
#3107 = DIRECTION ( 'NONE',  ( 0.000000000000000000, 0.000000000000000000, 1.000000000000000000 ) ) ;
#3108 = COLOUR_RGB ( '',0.7921568627450980005, 0.8196078431372548767, 0.9333333333333333481 ) ;
#3109 = ORIENTED_EDGE ( 'NONE', *, *, #2620, .T. ) ;
#3110 = CARTESIAN_POINT ( 'NONE',  ( 1.350000000000000089, 0.2000000000000000111, 0.3750000000000003331 ) ) ;
#3111 = CARTESIAN_POINT ( 'NONE',  ( 1.350000000000000311, 0.2000000000000000111, -0.1749999999999998224 ) ) ;
#3112 = VECTOR ( 'NONE', #5584, 1000.000000000000000 ) ;
#3113 = DIRECTION ( 'NONE',  ( 0.000000000000000000, 0.000000000000000000, 1.000000000000000000 ) ) ;
#3114 = VERTEX_POINT ( 'NONE', #706 ) ;
#3115 = CARTESIAN_POINT ( 'NONE',  ( -1.100000000000000089, 0.04999999999999999584, -1.175000000000000266 ) ) ;
#3116 = EDGE_CURVE ( 'NONE', #618, #4753, #6839, .T. ) ;
#3117 = ORIENTED_EDGE ( 'NONE', *, *, #1241, .T. ) ;
#3118 = VECTOR ( 'NONE', #6439, 1000.000000000000000 ) ;
#3120 = CARTESIAN_POINT ( 'NONE',  ( -1.399999999999999911, 0.1999999999999999833, -1.324999999999999512 ) ) ;
#3119 = AXIS2_PLACEMENT_3D ( 'NONE', #6438, #1743, #4157 ) ;
#3121 = EDGE_LOOP ( 'NONE', ( #7176, #3434, #5581, #6231, #4848 ) ) ;
#3122 = CARTESIAN_POINT ( 'NONE',  ( -1.150000000000000355, 0.04999999999999999584, -0.3749999999999998890 ) ) ;
#3123 = DIRECTION ( 'NONE',  ( -0.000000000000000000, -1.000000000000000000, 0.000000000000000000 ) ) ;
#3124 = CARTESIAN_POINT ( 'NONE',  ( -1.150000000000000355, 0.1999999999999999833, 1.125000000000000222 ) ) ;
#3125 = VECTOR ( 'NONE', #1436, 1000.000000000000000 ) ;
#3126 = ORIENTED_EDGE ( 'NONE', *, *, #5547, .F. ) ;
#3127 = CARTESIAN_POINT ( 'NONE',  ( -1.149999999999999911, 0.000000000000000000, -0.3250000000000000111 ) ) ;
#3128 = VERTEX_POINT ( 'NONE', #2636 ) ;
#3129 = EDGE_CURVE ( 'NONE', #6195, #5276, #1734, .T. ) ;
#3130 = LINE ( 'NONE', #787, #2903 ) ;
#3131 = DIRECTION ( 'NONE',  ( 0.000000000000000000, 1.000000000000000000, 0.000000000000000000 ) ) ;
#3132 = VERTEX_POINT ( 'NONE', #4455 ) ;
#3133 = AXIS2_PLACEMENT_3D ( 'NONE', #7756, #1060, #4419 ) ;
#3134 = DIRECTION ( 'NONE',  ( -0.000000000000000000, -1.000000000000000000, -0.000000000000000000 ) ) ;
#3135 = EDGE_CURVE ( 'NONE', #1477, #2504, #4268, .T. ) ;
#3136 = CIRCLE ( 'NONE', #1730, 0.1250000000000003331 ) ;
#3137 = PLANE ( 'NONE',  #4111 ) ;
#3138 = DIRECTION ( 'NONE',  ( -0.000000000000000000, -1.000000000000000000, 0.000000000000000000 ) ) ;
#3139 = ADVANCED_FACE ( 'NONE', ( #1932, #4364 ), #5502, .T. ) ;
#3140 = CARTESIAN_POINT ( 'NONE',  ( -1.100000000000000089, 0.000000000000000000, 0.3249999999999997891 ) ) ;
#3141 = EDGE_LOOP ( 'NONE', ( #6711, #2676, #7772, #4127 ) ) ;
#3142 = ORIENTED_EDGE ( 'NONE', *, *, #55, .T. ) ;
#3143 = VECTOR ( 'NONE', #7250, 1000.000000000000000 ) ;
#3144 = CARTESIAN_POINT ( 'NONE',  ( 1.350000000000000089, 0.2000000000000000111, -1.324999999999999956 ) ) ;
#3145 = VERTEX_POINT ( 'NONE', #4071 ) ;
#3146 = DIRECTION ( 'NONE',  ( 0.000000000000000000, 0.000000000000000000, -1.000000000000000000 ) ) ;
#3147 = EDGE_CURVE ( 'NONE', #6447, #1803, #4324, .T. ) ;
#3148 = DIRECTION ( 'NONE',  ( 0.000000000000000000, 1.000000000000000000, 0.000000000000000000 ) ) ;
#3149 = PRODUCT_DEFINITION_CONTEXT ( 'detailed design', #2996, 'design' ) ;
#3150 = CIRCLE ( 'NONE', #2396, 0.04999999999999991257 ) ;
#3151 = FACE_OUTER_BOUND ( 'NONE', #5969, .T. ) ;
#3152 = EDGE_CURVE ( 'NONE', #7046, #7140, #4296, .T. ) ;
#3153 = DIRECTION ( 'NONE',  ( 0.000000000000000000, 0.000000000000000000, 1.000000000000000000 ) ) ;
#3154 = ORIENTED_EDGE ( 'NONE', *, *, #5239, .T. ) ;
#3155 = EDGE_CURVE ( 'NONE', #4538, #6248, #1635, .T. ) ;
#3156 = EDGE_LOOP ( 'NONE', ( #1595, #417, #7561, #2040 ) ) ;
#3157 = CARTESIAN_POINT ( 'NONE',  ( -1.100000000000000089, 0.5905124837953331651, -1.175000000000000266 ) ) ;
#3158 = ADVANCED_FACE ( 'NONE', ( #7049 ), #3455, .T. ) ;
#3159 = ORIENTED_EDGE ( 'NONE', *, *, #6812, .F. ) ;
#3160 = LINE ( 'NONE', #6718, #702 ) ;
#3161 = AXIS2_PLACEMENT_3D ( 'NONE', #5603, #1354, #4575 ) ;
#3162 = VERTEX_POINT ( 'NONE', #1755 ) ;
#3163 = VECTOR ( 'NONE', #1127, 1000.000000000000000 ) ;
#3164 = AXIS2_PLACEMENT_3D ( 'NONE', #3699, #6708, #7126 ) ;
#3165 = CARTESIAN_POINT ( 'NONE',  ( -1.400000000000000133, 0.1999999999999999833, 0.3249999999999997891 ) ) ;
#3166 = LINE ( 'NONE', #6796, #654 ) ;
#3167 = ORIENTED_EDGE ( 'NONE', *, *, #768, .T. ) ;
#3168 = DIRECTION ( 'NONE',  ( 0.000000000000000000, 0.000000000000000000, 1.000000000000000000 ) ) ;
#3169 = ORIENTED_EDGE ( 'NONE', *, *, #3282, .T. ) ;
#3170 = EDGE_CURVE ( 'NONE', #1857, #880, #4465, .T. ) ;
#3171 = VERTEX_POINT ( 'NONE', #4223 ) ;
#3172 = VERTEX_POINT ( 'NONE', #1172 ) ;
#3173 = DIRECTION ( 'NONE',  ( 0.000000000000000000, 0.000000000000000000, 1.000000000000000000 ) ) ;
#3174 = VECTOR ( 'NONE', #2088, 1000.000000000000000 ) ;
#3175 = AXIS2_PLACEMENT_3D ( 'NONE', #5533, #2515, #3721 ) ;
#3176 = DIRECTION ( 'NONE',  ( 0.000000000000000000, 0.000000000000000000, -1.000000000000000000 ) ) ;
#3177 = DIRECTION ( 'NONE',  ( 0.000000000000000000, 0.000000000000000000, -1.000000000000000000 ) ) ;
#3178 = CARTESIAN_POINT ( 'NONE',  ( 1.100000000000000089, 0.000000000000000000, -0.3249999999999995670 ) ) ;
#3179 = ORIENTED_EDGE ( 'NONE', *, *, #3135, .F. ) ;
#3180 = CARTESIAN_POINT ( 'NONE',  ( -1.200000000000000622, 0.5999999999999999778, -1.074999999999999956 ) ) ;
#3181 = EDGE_LOOP ( 'NONE', ( #1157, #7404, #2495, #6649 ) ) ;
#3182 = ORIENTED_EDGE ( 'NONE', *, *, #7115, .T. ) ;
#3183 = SHAPE_DEFINITION_REPRESENTATION ( #7689, #7409 ) ;
#3184 = CARTESIAN_POINT ( 'NONE',  ( -1.349999999999999645, 0.04999999999999999584, 1.125000000000000222 ) ) ;
#3185 = VERTEX_POINT ( 'NONE', #7642 ) ;
#3186 = EDGE_CURVE ( 'NONE', #4378, #7542, #6898, .T. ) ;
#3187 = LINE ( 'NONE', #2942, #776 ) ;
#3189 = DIRECTION ( 'NONE',  ( 0.000000000000000000, 0.000000000000000000, 1.000000000000000000 ) ) ;
#3188 = AXIS2_PLACEMENT_3D ( 'NONE', #7251, #732, #788 ) ;
#3190 = CYLINDRICAL_SURFACE ( 'NONE', #4941, 0.04999999999999991257 ) ;
#3191 = CARTESIAN_POINT ( 'NONE',  ( 1.100000000000000089, 0.5905124837953331651, 0.3249999999999997891 ) ) ;
#3192 = CIRCLE ( 'NONE', #4991, 0.04999999999999991257 ) ;
#3193 = MANIFOLD_SOLID_BREP ( 'LPattern2[3]', #982 ) ;
#3194 = CARTESIAN_POINT ( 'NONE',  ( 1.350000000000000311, 0.2000000000000000111, 0.3250000000000001776 ) ) ;
#3195 = CARTESIAN_POINT ( 'NONE',  ( 1.150000000000000355, 0.5905124837953331651, 1.125000000000000222 ) ) ;
#3196 = EDGE_LOOP ( 'NONE', ( #6872, #1279, #3723, #3790 ) ) ;
#3197 = VERTEX_POINT ( 'NONE', #527 ) ;
#3198 = ORIENTED_EDGE ( 'NONE', *, *, #3080, .T. ) ;
#3199 = CYLINDRICAL_SURFACE ( 'NONE', #5162, 0.05000000000000002359 ) ;
#3200 = ORIENTED_EDGE ( 'NONE', *, *, #5757, .T. ) ;
#3201 = VECTOR ( 'NONE', #3415, 1000.000000000000000 ) ;
#3202 = EDGE_CURVE ( 'NONE', #3128, #1973, #7064, .T. ) ;
#3203 = CARTESIAN_POINT ( 'NONE',  ( 1.149999999999999911, 0.2000000000000000111, 1.325000000000000178 ) ) ;
#3204 = AXIS2_PLACEMENT_3D ( 'NONE', #2399, #5517, #4200 ) ;
#3205 = DIRECTION ( 'NONE',  ( 0.000000000000000000, 1.000000000000000000, 0.000000000000000000 ) ) ;
#3206 = ORIENTED_EDGE ( 'NONE', *, *, #4987, .T. ) ;
#3207 = ORIENTED_EDGE ( 'NONE', *, *, #2989, .T. ) ;
#3208 = DIRECTION ( 'NONE',  ( 0.000000000000000000, 0.000000000000000000, -1.000000000000000000 ) ) ;
#3209 = VERTEX_POINT ( 'NONE', #4901 ) ;
#3210 = VERTEX_POINT ( 'NONE', #4853 ) ;
#3211 = FACE_OUTER_BOUND ( 'NONE', #1748, .T. ) ;
#3212 = EDGE_CURVE ( 'NONE', #7147, #4309, #7092, .T. ) ;
#3213 = CYLINDRICAL_SURFACE ( 'NONE', #3019, 0.04999999999999991257 ) ;
#3214 = ADVANCED_FACE ( 'NONE', ( #1847 ), #4353, .F. ) ;
#3215 = MECHANICAL_DESIGN_GEOMETRIC_PRESENTATION_REPRESENTATION (  '', ( #680 ), #2662 ) ;
#3216 = CARTESIAN_POINT ( 'NONE',  ( -1.100000000000000089, 0.5905124837953331651, 1.324999999999999734 ) ) ;
#3217 = ORIENTED_EDGE ( 'NONE', *, *, #1421, .T. ) ;
#3218 = DIRECTION ( 'NONE',  ( 0.000000000000000000, 0.000000000000000000, -1.000000000000000000 ) ) ;
#3219 = ORIENTED_EDGE ( 'NONE', *, *, #2242, .T. ) ;
#3220 = ADVANCED_FACE ( 'NONE', ( #1860 ), #6018, .T. ) ;
#3221 = ORIENTED_EDGE ( 'NONE', *, *, #2331, .T. ) ;
#3222 = DIRECTION ( 'NONE',  ( 0.000000000000000000, 0.000000000000000000, 1.000000000000000000 ) ) ;
#3223 = EDGE_LOOP ( 'NONE', ( #3960, #1314, #4396, #3117, #4421, #5914, #1268, #5944 ) ) ;
#3224 = CARTESIAN_POINT ( 'NONE',  ( 1.400000000000000355, 0.2000000000000000111, 0.3249999999999997891 ) ) ;
#3225 = CARTESIAN_POINT ( 'NONE',  ( -1.200000000000000622, 0.4999999999999998890, -1.200000000000000400 ) ) ;
#3226 = DIRECTION ( 'NONE',  ( 0.000000000000000000, 1.000000000000000000, 0.000000000000000000 ) ) ;
#3227 = DIRECTION ( 'NONE',  ( 0.000000000000000000, 1.000000000000000000, 0.000000000000000000 ) ) ;
#3228 = SURFACE_STYLE_FILL_AREA ( #7116 ) ;
#3229 = CYLINDRICAL_SURFACE ( 'NONE', #6406, 0.05000000000000002359 ) ;
#3230 = EDGE_LOOP ( 'NONE', ( #3580, #2065, #2055, #7377 ) ) ;
#3231 = EDGE_CURVE ( 'NONE', #346, #2892, #7078, .T. ) ;
#3232 = ORIENTED_EDGE ( 'NONE', *, *, #5383, .T. ) ;
#3233 = EDGE_LOOP ( 'NONE', ( #3873, #841, #3755, #61 ) ) ;
#3234 =( LENGTH_UNIT ( ) NAMED_UNIT ( * ) SI_UNIT ( .MILLI., .METRE. ) );
#3235 = EDGE_LOOP ( 'NONE', ( #7623, #4681, #796, #5912 ) ) ;
#3236 = CYLINDRICAL_SURFACE ( 'NONE', #4517, 0.04999999999999991257 ) ;
#3237 = EDGE_CURVE ( 'NONE', #3128, #1239, #4509, .T. ) ;
#3238 = CARTESIAN_POINT ( 'NONE',  ( -1.400000000000000133, 0.2000000000000000111, 0.8249999999999997335 ) ) ;
#3239 = CARTESIAN_POINT ( 'NONE',  ( -1.350000000000000311, 0.2000000000000000111, -0.1749999999999998224 ) ) ;
#3240 = LINE ( 'NONE', #2380, #5740 ) ;
#3241 = CARTESIAN_POINT ( 'NONE',  ( 1.150000000000000355, 0.2000000000000000111, 1.375000000000000222 ) ) ;
#3242 = DIRECTION ( 'NONE',  ( 0.000000000000000000, 1.000000000000000000, 0.000000000000000000 ) ) ;
#3243 = ORIENTED_EDGE ( 'NONE', *, *, #4664, .T. ) ;
#3244 = ORIENTED_EDGE ( 'NONE', *, *, #5866, .T. ) ;
#3245 = EDGE_CURVE ( 'NONE', #4702, #5404, #7108, .T. ) ;
#3246 = VERTEX_POINT ( 'NONE', #1870 ) ;
#3247 = CIRCLE ( 'NONE', #4692, 0.04999999999999991257 ) ;
#3248 = CARTESIAN_POINT ( 'NONE',  ( -1.399999999999999911, 0.2000000000000000111, 0.6750000000000004885 ) ) ;
#3249 = VERTEX_POINT ( 'NONE', #2469 ) ;
#3250 = DIRECTION ( 'NONE',  ( -0.000000000000000000, 0.000000000000000000, 1.000000000000000000 ) ) ;
#3251 = CARTESIAN_POINT ( 'NONE',  ( 1.400000000000000133, 0.000000000000000000, 1.175000000000000266 ) ) ;
#3252 = CIRCLE ( 'NONE', #5076, 0.05000000000000002359 ) ;
#3253 = CARTESIAN_POINT ( 'NONE',  ( -1.150000000000000355, 0.000000000000000000, 0.1250000000000001110 ) ) ;
#3254 = EDGE_CURVE ( 'NONE', #6092, #6879, #7123, .T. ) ;
#3255 = DIRECTION ( 'NONE',  ( 0.000000000000000000, 0.000000000000000000, 1.000000000000000000 ) ) ;
#3256 = VECTOR ( 'NONE', #5812, 1000.000000000000000 ) ;
#3257 = LINE ( 'NONE', #3863, #532 ) ;
#3258 = AXIS2_PLACEMENT_3D ( 'NONE', #4990, #681, #195 ) ;
#3259 = DIRECTION ( 'NONE',  ( 1.000000000000000000, 0.000000000000000000, 0.000000000000000000 ) ) ;
#3260 = ORIENTED_EDGE ( 'NONE', *, *, #4199, .F. ) ;
#3261 = ORIENTED_EDGE ( 'NONE', *, *, #3356, .T. ) ;
#3262 = CARTESIAN_POINT ( 'NONE',  ( -1.350000000000000089, 0.04999999999999999584, -1.324999999999999956 ) ) ;
#3263 = VERTEX_POINT ( 'NONE', #1643 ) ;
#3264 = DIRECTION ( 'NONE',  ( 0.000000000000000000, 0.000000000000000000, 1.000000000000000000 ) ) ;
#3265 = VERTEX_POINT ( 'NONE', #5277 ) ;
#3266 = LINE ( 'NONE', #54, #5857 ) ;
#3267 = CARTESIAN_POINT ( 'NONE',  ( 1.149999999999999911, 0.2000000000000000111, -1.324999999999999956 ) ) ;
#3268 = EDGE_CURVE ( 'NONE', #6891, #3991, #7338, .T. ) ;
#3269 = CIRCLE ( 'NONE', #460, 0.04999999999999991257 ) ;
#3270 = ADVANCED_FACE ( 'NONE', ( #7273 ), #3778, .F. ) ;
#3271 = DIRECTION ( 'NONE',  ( 0.000000000000000000, 0.000000000000000000, 1.000000000000000000 ) ) ;
#3272 = VERTEX_POINT ( 'NONE', #4089 ) ;
#3273 = AXIS2_PLACEMENT_3D ( 'NONE', #6235, #6876, #4708 ) ;
#3274 = ORIENTED_EDGE ( 'NONE', *, *, #5152, .T. ) ;
#3275 = EDGE_LOOP ( 'NONE', ( #6134, #1829, #5067, #5867, #2212, #3300, #5770, #7662 ) ) ;
#3276 = ADVANCED_FACE ( 'NONE', ( #4643 ), #2497, .T. ) ;
#3277 = EDGE_LOOP ( 'NONE', ( #6063, #864, #1758, #3410 ) ) ;
#3278 = CARTESIAN_POINT ( 'NONE',  ( -1.399999999999999911, 0.5905124837953331651, 1.175000000000000488 ) ) ;
#3279 = VECTOR ( 'NONE', #1942, 1000.000000000000000 ) ;
#3280 = PLANE ( 'NONE',  #4608 ) ;
#3281 = VECTOR ( 'NONE', #2344, 1000.000000000000000 ) ;
#3282 = EDGE_CURVE ( 'NONE', #5591, #129, #4742, .T. ) ;
#3283 = CLOSED_SHELL ( 'NONE', ( #4582, #2857, #6675, #270, #524, #4772, #4007, #6534, #4503, #6816 ) ) ;
#3284 = CARTESIAN_POINT ( 'NONE',  ( -1.150000000000000355, 0.1999999999999999833, -1.125000000000000000 ) ) ;
#3285 = VERTEX_POINT ( 'NONE', #22 ) ;
#3286 = ADVANCED_FACE ( 'NONE', ( #2096 ), #4933, .F. ) ;
#3287 = AXIS2_PLACEMENT_3D ( 'NONE', #791, #6230, #4840 ) ;
#3288 = ORIENTED_EDGE ( 'NONE', *, *, #5354, .T. ) ;
#3289 = CARTESIAN_POINT ( 'NONE',  ( 1.149999999999999911, 0.2000000000000000111, -1.324999999999999956 ) ) ;
#3290 = EDGE_LOOP ( 'NONE', ( #6160, #1011, #6219, #5203 ) ) ;
#3291 = LINE ( 'NONE', #7712, #3279 ) ;
#3292 = CARTESIAN_POINT ( 'NONE',  ( -1.350000000000000089, 0.04999999999999999584, 0.1750000000000000167 ) ) ;
#3293 = DIRECTION ( 'NONE',  ( -0.000000000000000000, -1.000000000000000000, -0.000000000000000000 ) ) ;
#3294 = VECTOR ( 'NONE', #1428, 1000.000000000000000 ) ;
#3295 = FACE_OUTER_BOUND ( 'NONE', #1145, .T. ) ;
#3296 = DIRECTION ( 'NONE',  ( 0.000000000000000000, 1.000000000000000000, 0.000000000000000000 ) ) ;
#3297 = DIRECTION ( 'NONE',  ( 0.000000000000000000, 0.000000000000000000, -1.000000000000000000 ) ) ;
#3298 = ORIENTED_EDGE ( 'NONE', *, *, #6037, .T. ) ;
#3299 = EDGE_CURVE ( 'NONE', #5561, #1704, #7245, .T. ) ;
#3300 = ORIENTED_EDGE ( 'NONE', *, *, #5465, .F. ) ;
#3301 = VERTEX_POINT ( 'NONE', #1967 ) ;
#3302 = CARTESIAN_POINT ( 'NONE',  ( 1.100000000000000089, 0.5905124837953331651, -0.3249999999999995670 ) ) ;
#3303 = AXIS2_PLACEMENT_3D ( 'NONE', #4321, #251, #3902 ) ;
#3304 = ORIENTED_EDGE ( 'NONE', *, *, #4885, .T. ) ;
#3305 = DIRECTION ( 'NONE',  ( 0.000000000000000000, 0.000000000000000000, -1.000000000000000000 ) ) ;
#3306 = CIRCLE ( 'NONE', #1685, 0.04999999999999991257 ) ;
#3307 = CARTESIAN_POINT ( 'NONE',  ( -1.350000000000000089, 0.2000000000000000111, -0.1249999999999998890 ) ) ;
#3308 = LINE ( 'NONE', #3165, #737 ) ;
#3309 = ORIENTED_EDGE ( 'NONE', *, *, #2711, .T. ) ;
#3310 = ORIENTED_EDGE ( 'NONE', *, *, #3061, .T. ) ;
#3311 = DIRECTION ( 'NONE',  ( 0.000000000000000000, 0.000000000000000000, 1.000000000000000000 ) ) ;
#3312 = ORIENTED_EDGE ( 'NONE', *, *, #6870, .T. ) ;
#3313 = EDGE_CURVE ( 'NONE', #3962, #618, #4822, .T. ) ;
#3314 = CARTESIAN_POINT ( 'NONE',  ( 1.350000000000000089, 0.000000000000000000, 1.175000000000000044 ) ) ;
#3315 = CIRCLE ( 'NONE', #1133, 0.05000000000000002359 ) ;
#3316 = ORIENTED_EDGE ( 'NONE', *, *, #7601, .T. ) ;
#3317 = AXIS2_PLACEMENT_3D ( 'NONE', #5279, #3205, #3153 ) ;
#3318 = DIRECTION ( 'NONE',  ( 0.000000000000000000, 1.000000000000000000, 0.000000000000000000 ) ) ;
#3319 = FACE_OUTER_BOUND ( 'NONE', #6721, .T. ) ;
#3320 = CARTESIAN_POINT ( 'NONE',  ( -1.150000000000000355, 0.000000000000000000, 1.375000000000000222 ) ) ;
#3321 = ORIENTED_EDGE ( 'NONE', *, *, #202, .T. ) ;
#3322 = ORIENTED_EDGE ( 'NONE', *, *, #7119, .F. ) ;
#3323 = ORIENTED_EDGE ( 'NONE', *, *, #1591, .F. ) ;
#3324 = CARTESIAN_POINT ( 'NONE',  ( -1.350000000000000089, 0.2000000000000000111, 0.8750000000000001110 ) ) ;
#3325 = EDGE_LOOP ( 'NONE', ( #1960, #6354, #7261, #7432, #3884, #6157, #1085, #7033 ) ) ;
#3326 = CARTESIAN_POINT ( 'NONE',  ( 0.000000000000000000, 0.05000000000000000278, -1.125000000000000000 ) ) ;
#3327 = VECTOR ( 'NONE', #6087, 1000.000000000000000 ) ;
#3328 = CARTESIAN_POINT ( 'NONE',  ( 1.350000000000000089, 0.2000000000000000111, 1.375000000000000444 ) ) ;
#3329 = DIRECTION ( 'NONE',  ( 0.000000000000000000, 0.000000000000000000, -1.000000000000000000 ) ) ;
#3330 = EDGE_CURVE ( 'NONE', #7238, #7002, #2146, .T. ) ;
#3331 = FACE_OUTER_BOUND ( 'NONE', #4510, .T. ) ;
#3332 = VECTOR ( 'NONE', #4011, 1000.000000000000000 ) ;
#3333 = EDGE_CURVE ( 'NONE', #1973, #3719, #2205, .T. ) ;
#3334 = ADVANCED_FACE ( 'NONE', ( #4768 ), #7405, .F. ) ;
#3335 = ORIENTED_EDGE ( 'NONE', *, *, #354, .T. ) ;
#3336 = EDGE_CURVE ( 'NONE', #2927, #3673, #7163, .T. ) ;
#3337 = CARTESIAN_POINT ( 'NONE',  ( 1.150000000000000355, 0.000000000000000000, 1.125000000000000222 ) ) ;
#3338 = ORIENTED_EDGE ( 'NONE', *, *, #5419, .F. ) ;
#3339 = ORIENTED_EDGE ( 'NONE', *, *, #2230, .F. ) ;
#3340 = LINE ( 'NONE', #7719, #5899 ) ;
#3341 = DIRECTION ( 'NONE',  ( 0.000000000000000000, -1.000000000000000000, 0.000000000000000000 ) ) ;
#3342 = AXIS2_PLACEMENT_3D ( 'NONE', #5766, #5714, #7428 ) ;
#3343 = ADVANCED_FACE ( 'NONE', ( #1972 ), #4695, .F. ) ;
#3344 = EDGE_LOOP ( 'NONE', ( #3339, #1990, #5400, #607 ) ) ;
#3345 = CYLINDRICAL_SURFACE ( 'NONE', #279, 0.04999999999999991257 ) ;
#3346 = AXIS2_PLACEMENT_3D ( 'NONE', #6664, #7292, #659 ) ;
#3347 = CARTESIAN_POINT ( 'NONE',  ( 1.150000000000000355, 0.2000000000000000111, -1.125000000000000000 ) ) ;
#3348 = CARTESIAN_POINT ( 'NONE',  ( 0.7000000000000000666, 3.109037641557771181, -1.274999999999999911 ) ) ;
#3349 = LINE ( 'NONE', #2720, #5978 ) ;
#3350 = VECTOR ( 'NONE', #7346, 1000.000000000000000 ) ;
#3351 = CARTESIAN_POINT ( 'NONE',  ( -1.149999999999999911, 0.2000000000000000111, 1.175000000000000044 ) ) ;
#3352 = CARTESIAN_POINT ( 'NONE',  ( 1.350000000000000311, 0.1999999999999999833, 1.325000000000000178 ) ) ;
#3353 = VERTEX_POINT ( 'NONE', #3596 ) ;
#3354 = EDGE_LOOP ( 'NONE', ( #159, #1733, #4416, #4404, #144, #5898, #875, #5160 ) ) ;
#3355 = ADVANCED_FACE ( 'NONE', ( #1986 ), #7351, .T. ) ;
#3356 = EDGE_CURVE ( 'NONE', #2566, #863, #7259, .T. ) ;
#3357 = VERTEX_POINT ( 'NONE', #606 ) ;
#3358 = COLOUR_RGB ( '',0.7921568627450980005, 0.8196078431372548767, 0.9333333333333333481 ) ;
#3359 = DIRECTION ( 'NONE',  ( -1.000000000000000000, 0.000000000000000000, 0.000000000000000000 ) ) ;
#3360 = EDGE_LOOP ( 'NONE', ( #1190, #2195, #4657, #7258 ) ) ;
#3361 = DIRECTION ( 'NONE',  ( 1.000000000000000000, -0.000000000000000000, 0.000000000000000000 ) ) ;
#3362 = CYLINDRICAL_SURFACE ( 'NONE', #3661, 0.05000000000000002359 ) ;
#3363 = AXIS2_PLACEMENT_3D ( 'NONE', #2808, #2695, #2069 ) ;
#3364 = CARTESIAN_POINT ( 'NONE',  ( 1.150000000000000355, 0.5905124837953331651, -1.125000000000000000 ) ) ;
#3365 = CARTESIAN_POINT ( 'NONE',  ( -1.350000000000000089, 0.04999999999999999584, -0.6249999999999998890 ) ) ;
#3366 = CARTESIAN_POINT ( 'NONE',  ( 1.149999999999999911, 0.1999999999999999833, 0.8250000000000001776 ) ) ;
#3367 = COLOUR_RGB ( '',0.2509803921568627416, 0.2509803921568627416, 0.2509803921568627416 ) ;
#3368 = CARTESIAN_POINT ( 'NONE',  ( -1.200000000000000622, 0.5999999999999999778, -1.325000000000000622 ) ) ;
#3369 = LINE ( 'NONE', #7070, #779 ) ;
#3370 = ORIENTED_EDGE ( 'NONE', *, *, #649, .T. ) ;
#3371 = ORIENTED_EDGE ( 'NONE', *, *, #703, .T. ) ;
#3372 = DIRECTION ( 'NONE',  ( 0.000000000000000000, 1.000000000000000000, 0.000000000000000000 ) ) ;
#3373 = ORIENTED_EDGE ( 'NONE', *, *, #988, .F. ) ;
#3374 = CARTESIAN_POINT ( 'NONE',  ( -1.150000000000000355, 0.5905124837953331651, 0.3750000000000001110 ) ) ;
#3375 = ORIENTED_EDGE ( 'NONE', *, *, #7536, .T. ) ;
#3376 = EDGE_CURVE ( 'NONE', #2395, #7129, #7190, .T. ) ;
#3377 = LINE ( 'NONE', #3526, #3201 ) ;
#3378 = DIRECTION ( 'NONE',  ( 0.000000000000000000, 0.000000000000000000, -1.000000000000000000 ) ) ;
#3379 = AXIS2_PLACEMENT_3D ( 'NONE', #6139, #1518, #2630 ) ;
#3380 = VECTOR ( 'NONE', #3805, 1000.000000000000114 ) ;
#3381 = DIRECTION ( 'NONE',  ( 0.000000000000000000, 0.000000000000000000, 1.000000000000000000 ) ) ;
#3382 = ORIENTED_EDGE ( 'NONE', *, *, #275, .F. ) ;
#3383 = EDGE_LOOP ( 'NONE', ( #2439, #7755, #3582, #852, #7686, #2224, #4152, #4047 ) ) ;
#3384 = ORIENTED_EDGE ( 'NONE', *, *, #5656, .F. ) ;
#3385 = VECTOR ( 'NONE', #7172, 1000.000000000000000 ) ;
#3386 = DIRECTION ( 'NONE',  ( 0.000000000000000000, -1.000000000000000000, 0.000000000000000000 ) ) ;
#3387 = ORIENTED_EDGE ( 'NONE', *, *, #7465, .T. ) ;
#3388 = LINE ( 'NONE', #8, #3327 ) ;
#3389 = EDGE_CURVE ( 'NONE', #926, #1543, #7299, .T. ) ;
#3390 = CARTESIAN_POINT ( 'NONE',  ( -1.149999999999999911, 0.5905124837953331651, 1.325000000000000178 ) ) ;
#3391 = DIRECTION ( 'NONE',  ( 0.000000000000000000, -1.000000000000000000, 0.000000000000000000 ) ) ;
#3392 = PLANE ( 'NONE',  #1016 ) ;
#3393 = AXIS2_PLACEMENT_3D ( 'NONE', #2384, #6465, #4545 ) ;
#3394 = VECTOR ( 'NONE', #5080, 1000.000000000000000 ) ;
#3395 = CARTESIAN_POINT ( 'NONE',  ( -1.500000000000000444, 5.442640687119285836, -1.499999999999999334 ) ) ;
#3396 = VERTEX_POINT ( 'NONE', #1259 ) ;
#3397 = CARTESIAN_POINT ( 'NONE',  ( 1.400000000000000133, 0.2000000000000000111, -0.8249999999999997335 ) ) ;
#3398 = ORIENTED_EDGE ( 'NONE', *, *, #1098, .F. ) ;
#3399 = VERTEX_POINT ( 'NONE', #1084 ) ;
#3400 = ORIENTED_EDGE ( 'NONE', *, *, #903, .T. ) ;
#3401 = VECTOR ( 'NONE', #4233, 1000.000000000000000 ) ;
#3402 = CARTESIAN_POINT ( 'NONE',  ( 1.350000000000000089, 0.2000000000000000111, 0.6750000000000000444 ) ) ;
#3403 = EDGE_CURVE ( 'NONE', #3210, #7350, #7203, .T. ) ;
#3404 = CIRCLE ( 'NONE', #2348, 0.04999999999999991257 ) ;
#3405 = CARTESIAN_POINT ( 'NONE',  ( 1.150000000000000355, 0.1999999999999999833, -1.375000000000000000 ) ) ;
#3406 = ADVANCED_FACE ( 'NONE', ( #1998 ), #4726, .T. ) ;
#3407 = AXIS2_PLACEMENT_3D ( 'NONE', #2560, #4207, #237 ) ;
#3408 = CARTESIAN_POINT ( 'NONE',  ( -1.350000000000000311, 0.2000000000000000111, 0.8250000000000001776 ) ) ;
#3409 = ORIENTED_EDGE ( 'NONE', *, *, #5183, .T. ) ;
#3410 = ORIENTED_EDGE ( 'NONE', *, *, #4422, .T. ) ;
#3411 = VERTEX_POINT ( 'NONE', #3038 ) ;
#3412 = PLANE ( 'NONE',  #7725 ) ;
#3413 = ADVANCED_FACE ( 'NONE', ( #4600 ), #2066, .F. ) ;
#3414 = ORIENTED_EDGE ( 'NONE', *, *, #2502, .F. ) ;
#3415 = DIRECTION ( 'NONE',  ( 0.000000000000000000, -1.000000000000000000, 0.000000000000000000 ) ) ;
#3416 = VECTOR ( 'NONE', #4264, 1000.000000000000000 ) ;
#3417 = CARTESIAN_POINT ( 'NONE',  ( 0.000000000000000000, 0.05000000000000000278, 1.125000000000000222 ) ) ;
#3418 = DIRECTION ( 'NONE',  ( 0.000000000000000000, 1.000000000000000000, 0.000000000000000000 ) ) ;
#3419 = PLANE ( 'NONE',  #886 ) ;
#3420 = ADVANCED_FACE ( 'NONE', ( #2013 ), #5992, .T. ) ;
#3421 = ORIENTED_EDGE ( 'NONE', *, *, #5776, .T. ) ;
#3422 = AXIS2_PLACEMENT_3D ( 'NONE', #370, #4072, #2702 ) ;
#3423 = EDGE_LOOP ( 'NONE', ( #5972, #4381, #6104, #4627 ) ) ;
#3424 = CARTESIAN_POINT ( 'NONE',  ( -1.149999999999999911, 0.2000000000000000111, -0.8249999999999999556 ) ) ;
#3425 = ADVANCED_FACE ( 'NONE', ( #7216 ), #2342, .F. ) ;
#3426 = ORIENTED_EDGE ( 'NONE', *, *, #4885, .F. ) ;
#3427 = CARTESIAN_POINT ( 'NONE',  ( -0.7000000000000001776, 0.2000000000000000944, 1.274999999999999689 ) ) ;
#3428 = EDGE_CURVE ( 'NONE', #1382, #1704, #7288, .T. ) ;
#3429 = ORIENTED_EDGE ( 'NONE', *, *, #4529, .T. ) ;
#3430 = LINE ( 'NONE', #647, #3665 ) ;
#3431 = CARTESIAN_POINT ( 'NONE',  ( -1.350000000000000089, 0.1999999999999999833, 0.6750000000000000444 ) ) ;
#3432 = CIRCLE ( 'NONE', #3874, 0.04999999999999991257 ) ;
#3433 = ORIENTED_EDGE ( 'NONE', *, *, #598, .F. ) ;
#3434 = ORIENTED_EDGE ( 'NONE', *, *, #4316, .T. ) ;
#3435 = EDGE_CURVE ( 'NONE', #7264, #4729, #4532, .T. ) ;
#3436 = ORIENTED_EDGE ( 'NONE', *, *, #1868, .F. ) ;
#3437 = DIRECTION ( 'NONE',  ( 0.000000000000000000, 0.000000000000000000, 1.000000000000000000 ) ) ;
#3438 = ORIENTED_EDGE ( 'NONE', *, *, #10, .T. ) ;
#3439 = VECTOR ( 'NONE', #2824, 1000.000000000000000 ) ;
#3440 = FILL_AREA_STYLE_COLOUR ( '', #3108 ) ;
#3441 =( NAMED_UNIT ( * ) PLANE_ANGLE_UNIT ( ) SI_UNIT ( $, .RADIAN. ) );
#3442 = EDGE_CURVE ( 'NONE', #485, #2946, #7148, .T. ) ;
#3443 = DIRECTION ( 'NONE',  ( 0.000000000000000000, -1.000000000000000000, 0.000000000000000000 ) ) ;
#3444 = VECTOR ( 'NONE', #1684, 1000.000000000000000 ) ;
#3445 = VECTOR ( 'NONE', #1676, 1000.000000000000000 ) ;
#3446 = AXIS2_PLACEMENT_3D ( 'NONE', #6676, #3052, #1802 ) ;
#3447 = DIRECTION ( 'NONE',  ( 0.000000000000000000, -0.000000000000000000, 1.000000000000000000 ) ) ;
#3448 = VERTEX_POINT ( 'NONE', #1417 ) ;
#3449 = STYLED_ITEM ( 'NONE', ( #7413 ), #6894 ) ;
#3450 = DIRECTION ( 'NONE',  ( 0.000000000000000000, 1.000000000000000000, 0.000000000000000000 ) ) ;
#3451 = ORIENTED_EDGE ( 'NONE', *, *, #4187, .T. ) ;
#3452 = ORIENTED_EDGE ( 'NONE', *, *, #5149, .F. ) ;
#3453 = DIRECTION ( 'NONE',  ( -1.000000000000000000, 0.000000000000000000, -0.000000000000000000 ) ) ;
#3454 = ORIENTED_EDGE ( 'NONE', *, *, #4491, .F. ) ;
#3455 = PLANE ( 'NONE',  #2559 ) ;
#3456 = VECTOR ( 'NONE', #2935, 1000.000000000000000 ) ;
#3457 = CARTESIAN_POINT ( 'NONE',  ( -1.149999999999999911, 0.2000000000000000111, -1.324999999999999956 ) ) ;
#3458 = PLANE ( 'NONE',  #6636 ) ;
#3459 = LINE ( 'NONE', #6801, #1052 ) ;
#3460 = EDGE_CURVE ( 'NONE', #6891, #4538, #2109, .T. ) ;
#3461 = CARTESIAN_POINT ( 'NONE',  ( 1.500000000000000000, 0.05000000000000000278, 1.500000000000000000 ) ) ;
#3462 = CARTESIAN_POINT ( 'NONE',  ( 1.350000000000000089, 0.2000000000000000111, -1.124999999999999778 ) ) ;
#3463 = ORIENTED_EDGE ( 'NONE', *, *, #4796, .T. ) ;
#3464 = AXIS2_PLACEMENT_3D ( 'NONE', #4764, #351, #6348 ) ;
#3465 = ORIENTED_EDGE ( 'NONE', *, *, #6701, .T. ) ;
#3466 = ORIENTED_EDGE ( 'NONE', *, *, #1784, .F. ) ;
#3467 = SURFACE_SIDE_STYLE ('',( #282 ) ) ;
#3468 = ORIENTED_EDGE ( 'NONE', *, *, #7786, .F. ) ;
#3469 = CARTESIAN_POINT ( 'NONE',  ( -1.149999999999999911, 0.5905124837953331651, 0.3250000000000001776 ) ) ;
#3470 = CIRCLE ( 'NONE', #4816, 0.05000000000000002359 ) ;
#3471 = DIRECTION ( 'NONE',  ( 0.000000000000000000, 0.000000000000000000, -1.000000000000000000 ) ) ;
#3472 = CARTESIAN_POINT ( 'NONE',  ( -1.100000000000000089, 0.5905124837953331651, -1.324999999999999512 ) ) ;
#3473 = LINE ( 'NONE', #6145, #1066 ) ;
#3474 = DIRECTION ( 'NONE',  ( 2.602085213965215059E-14, 0.000000000000000000, 1.000000000000000000 ) ) ;
#3475 = FACE_OUTER_BOUND ( 'NONE', #3741, .T. ) ;
#3476 = EDGE_CURVE ( 'NONE', #6501, #1057, #2194, .T. ) ;
#3477 = ORIENTED_EDGE ( 'NONE', *, *, #4366, .T. ) ;
#3478 = ORIENTED_EDGE ( 'NONE', *, *, #7131, .T. ) ;
#3479 = PLANE ( 'NONE',  #7444 ) ;
#3480 = AXIS2_PLACEMENT_3D ( 'NONE', #2914, #7630, #4104 ) ;
#3481 = EDGE_LOOP ( 'NONE', ( #2167, #3934, #2057, #2416 ) ) ;
#3482 = CARTESIAN_POINT ( 'NONE',  ( 1.150000000000000355, 0.04999999999999999584, 0.3750000000000001110 ) ) ;
#3483 = ADVANCED_FACE ( 'NONE', ( #7378 ), #1948, .F. ) ;
#3484 = ORIENTED_EDGE ( 'NONE', *, *, #6638, .T. ) ;
#3485 = VECTOR ( 'NONE', #4908, 1000.000000000000000 ) ;
#3486 = DIRECTION ( 'NONE',  ( -1.445602896647343847E-15, 0.000000000000000000, -1.000000000000000000 ) ) ;
#3487 = DIRECTION ( 'NONE',  ( -1.445602896647343847E-15, 0.000000000000000000, -1.000000000000000000 ) ) ;
#3488 = CARTESIAN_POINT ( 'NONE',  ( -1.399999999999999911, 0.1999999999999999833, 1.175000000000000488 ) ) ;
#3489 = VECTOR ( 'NONE', #1088, 1000.000000000000000 ) ;
#3490 = SURFACE_STYLE_USAGE ( .BOTH. , #2904 ) ;
#3491 = ORIENTED_EDGE ( 'NONE', *, *, #7524, .T. ) ;
#3492 = EDGE_CURVE ( 'NONE', #700, #2827, #4616, .T. ) ;
#3493 = EDGE_LOOP ( 'NONE', ( #6859, #5325, #7795, #1788 ) ) ;
#3494 = ADVANCED_FACE ( 'NONE', ( #4628 ), #4755, .F. ) ;
#3495 = ORIENTED_EDGE ( 'NONE', *, *, #5757, .F. ) ;
#3497 = CARTESIAN_POINT ( 'NONE',  ( 1.400000000000000355, 0.5905124837953331651, 0.8249999999999997335 ) ) ;
#3496 = STYLED_ITEM ( 'NONE', ( #1333 ), #2595 ) ;
#3498 = VERTEX_POINT ( 'NONE', #6377 ) ;
#3499 = VECTOR ( 'NONE', #5971, 1000.000000000000000 ) ;
#3500 = CARTESIAN_POINT ( 'NONE',  ( -1.100000000000000089, 0.5905124837953331651, 1.324999999999999734 ) ) ;
#3501 = DIRECTION ( 'NONE',  ( 1.445602896647344044E-15, 0.000000000000000000, 1.000000000000000000 ) ) ;
#3502 = CARTESIAN_POINT ( 'NONE',  ( 1.400000000000002132, 0.05000000000000000278, 1.499999999999997780 ) ) ;
#3503 = FACE_OUTER_BOUND ( 'NONE', #6567, .T. ) ;
#3504 = CARTESIAN_POINT ( 'NONE',  ( -1.100000000000000089, 0.000000000000000000, -0.1750000000000002387 ) ) ;
#3505 = CYLINDRICAL_SURFACE ( 'NONE', #4040, 0.04999999999999991257 ) ;
#3506 = DIRECTION ( 'NONE',  ( 0.000000000000000000, 1.000000000000000000, 0.000000000000000000 ) ) ;
#3507 = ORIENTED_EDGE ( 'NONE', *, *, #4035, .T. ) ;
#3508 = CARTESIAN_POINT ( 'NONE',  ( 1.150000000000000355, 0.2000000000000000111, -0.6249999999999998890 ) ) ;
#3509 = ORIENTED_EDGE ( 'NONE', *, *, #2694, .T. ) ;
#3510 = ORIENTED_EDGE ( 'NONE', *, *, #3237, .F. ) ;
#3511 = EDGE_CURVE ( 'NONE', #3945, #4806, #2157, .T. ) ;
#3512 = CARTESIAN_POINT ( 'NONE',  ( 1.349999999999999645, 0.2000000000000000111, -1.375000000000000000 ) ) ;
#3513 = ORIENTED_EDGE ( 'NONE', *, *, #1362, .T. ) ;
#3514 =( NAMED_UNIT ( * ) PLANE_ANGLE_UNIT ( ) SI_UNIT ( $, .RADIAN. ) );
#3515 = FACE_OUTER_BOUND ( 'NONE', #1874, .T. ) ;
#3516 = AXIS2_PLACEMENT_3D ( 'NONE', #5364, #2851, #6594 ) ;
#3517 = CARTESIAN_POINT ( 'NONE',  ( -1.349999999999999645, 0.2000000000000000111, -0.8749999999999998890 ) ) ;
#3518 = DIRECTION ( 'NONE',  ( 1.301042606982604690E-14, 0.000000000000000000, 1.000000000000000000 ) ) ;
#3519 = VECTOR ( 'NONE', #1194, 1000.000000000000000 ) ;
#3520 = ORIENTED_EDGE ( 'NONE', *, *, #3848, .T. ) ;
#3521 = ORIENTED_EDGE ( 'NONE', *, *, #2471, .T. ) ;
#3522 = EDGE_LOOP ( 'NONE', ( #2529, #1074, #6823, #2628 ) ) ;
#3523 = DIRECTION ( 'NONE',  ( 0.000000000000000000, -1.000000000000000000, 0.000000000000000000 ) ) ;
#3524 = EDGE_LOOP ( 'NONE', ( #7644, #4026, #7700, #5164 ) ) ;
#3525 = EDGE_CURVE ( 'NONE', #5404, #3609, #2169, .T. ) ;
#3526 = CARTESIAN_POINT ( 'NONE',  ( -1.350000000000000089, 0.2000000000000000111, 0.3750000000000001110 ) ) ;
#3527 = VECTOR ( 'NONE', #4859, 1000.000000000000000 ) ;
#3528 = CARTESIAN_POINT ( 'NONE',  ( -1.349999999999999645, 0.04999999999999999584, 0.6250000000000001110 ) ) ;
#3529 = AXIS2_PLACEMENT_3D ( 'NONE', #2542, #5554, #1395 ) ;
#3530 = FILL_AREA_STYLE ('',( #5394 ) ) ;
#3531 = FACE_OUTER_BOUND ( 'NONE', #7075, .T. ) ;
#3532 = CARTESIAN_POINT ( 'NONE',  ( 1.100000000000000089, 0.2000000000000000111, 0.6750000000000004885 ) ) ;
#3533 = VECTOR ( 'NONE', #4527, 1000.000000000000000 ) ;
#3534 = EDGE_CURVE ( 'NONE', #602, #37, #4783, .T. ) ;
#3535 = VERTEX_POINT ( 'NONE', #1398 ) ;
#3536 = ORIENTED_EDGE ( 'NONE', *, *, #3036, .F. ) ;
#3537 = CARTESIAN_POINT ( 'NONE',  ( -1.149999999999999911, 0.2000000000000000111, 0.1750000000000000167 ) ) ;
#3538 = DIRECTION ( 'NONE',  ( -0.000000000000000000, -0.000000000000000000, 1.000000000000000000 ) ) ;
#3539 = ORIENTED_EDGE ( 'NONE', *, *, #2555, .T. ) ;
#3540 = CARTESIAN_POINT ( 'NONE',  ( 1.150000000000000355, 0.1999999999999999833, -0.8749999999999998890 ) ) ;
#3541 = ORIENTED_EDGE ( 'NONE', *, *, #2405, .T. ) ;
#3542 = CYLINDRICAL_SURFACE ( 'NONE', #1032, 0.04999999999999991257 ) ;
#3543 = PRESENTATION_LAYER_ASSIGNMENT (  '', '', ( #7227 ) ) ;
#3544 = CARTESIAN_POINT ( 'NONE',  ( 1.400000000000000355, 0.2000000000000000111, -0.6750000000000002665 ) ) ;
#3545 = EDGE_CURVE ( 'NONE', #4717, #4936, #2335, .T. ) ;
#3546 = FACE_OUTER_BOUND ( 'NONE', #565, .T. ) ;
#3547 = FACE_OUTER_BOUND ( 'NONE', #3481, .T. ) ;
#3548 = DIRECTION ( 'NONE',  ( -0.000000000000000000, -1.000000000000000000, -0.000000000000000000 ) ) ;
#3549 = ORIENTED_EDGE ( 'NONE', *, *, #4700, .F. ) ;
#3550 = CARTESIAN_POINT ( 'NONE',  ( -1.100000000000000089, 0.2000000000000000111, -1.175000000000000266 ) ) ;
#3551 = ORIENTED_EDGE ( 'NONE', *, *, #5431, .F. ) ;
#3552 = EDGE_CURVE ( 'NONE', #6863, #2860, #2261, .T. ) ;
#3553 = ORIENTED_EDGE ( 'NONE', *, *, #5209, .T. ) ;
#3554 = CARTESIAN_POINT ( 'NONE',  ( -1.100000000000000089, 0.000000000000000000, 1.175000000000000488 ) ) ;
#3555 = ADVANCED_FACE ( 'NONE', ( #7488 ), #7420, .F. ) ;
#3556 = ORIENTED_EDGE ( 'NONE', *, *, #2519, .T. ) ;
#3557 = CIRCLE ( 'NONE', #1578, 0.04999999999999991257 ) ;
#3558 = AXIS2_PLACEMENT_3D ( 'NONE', #5453, #1671, #1199 ) ;
#3559 = SURFACE_STYLE_USAGE ( .BOTH. , #7629 ) ;
#3560 = PLANE ( 'NONE',  #1909 ) ;
#3561 = AXIS2_PLACEMENT_3D ( 'NONE', #4555, #7667, #3264 ) ;
#3562 = CIRCLE ( 'NONE', #1526, 0.04999999999999991257 ) ;
#3563 = LINE ( 'NONE', #1275, #6200 ) ;
#3564 = CARTESIAN_POINT ( 'NONE',  ( 1.349999999999999645, 0.2000000000000000111, -1.375000000000000000 ) ) ;
#3565 = ORIENTED_EDGE ( 'NONE', *, *, #6829, .T. ) ;
#3566 = DIRECTION ( 'NONE',  ( 0.000000000000000000, -1.000000000000000000, 0.000000000000000000 ) ) ;
#3567 = ORIENTED_EDGE ( 'NONE', *, *, #1212, .F. ) ;
#3568 = VERTEX_POINT ( 'NONE', #6760 ) ;
#3569 = DIRECTION ( 'NONE',  ( 0.000000000000000000, 1.000000000000000000, 0.000000000000000000 ) ) ;
#3570 = ORIENTED_EDGE ( 'NONE', *, *, #3389, .F. ) ;
#3571 = EDGE_CURVE ( 'NONE', #4553, #1101, #7498, .T. ) ;
#3572 = CARTESIAN_POINT ( 'NONE',  ( -1.400000000000000133, 0.2000000000000000111, -0.6750000000000002665 ) ) ;
#3574 = DIRECTION ( 'NONE',  ( 0.000000000000000000, -1.000000000000000000, 0.000000000000000000 ) ) ;
#3573 = AXIS2_PLACEMENT_3D ( 'NONE', #2939, #645, #1712 ) ;
#3575 = DIRECTION ( 'NONE',  ( -0.000000000000000000, -1.000000000000000000, -0.000000000000000000 ) ) ;
#3576 = CYLINDRICAL_SURFACE ( 'NONE', #4653, 0.04999999999999991257 ) ;
#3577 = VECTOR ( 'NONE', #6275, 1000.000000000000000 ) ;
#3578 = DIRECTION ( 'NONE',  ( -0.000000000000000000, -1.000000000000000000, -0.000000000000000000 ) ) ;
#3579 = DIRECTION ( 'NONE',  ( 0.000000000000000000, -0.000000000000000000, 1.000000000000000000 ) ) ;
#3580 = ORIENTED_EDGE ( 'NONE', *, *, #1485, .T. ) ;
#3581 = VERTEX_POINT ( 'NONE', #6904 ) ;
#3582 = ORIENTED_EDGE ( 'NONE', *, *, #7536, .F. ) ;
#3583 = DIRECTION ( 'NONE',  ( 0.000000000000000000, 0.000000000000000000, 1.000000000000000000 ) ) ;
#3584 = ORIENTED_EDGE ( 'NONE', *, *, #1388, .F. ) ;
#3585 = DIRECTION ( 'NONE',  ( 0.000000000000000000, 0.000000000000000000, 1.000000000000000000 ) ) ;
#3586 = CYLINDRICAL_SURFACE ( 'NONE', #76, 0.05000000000000002359 ) ;
#3587 = EDGE_CURVE ( 'NONE', #5457, #6891, #4934, .T. ) ;
#3588 = CARTESIAN_POINT ( 'NONE',  ( 1.400000000000000133, 0.000000000000000000, 0.1750000000000002387 ) ) ;
#3589 = AXIS2_PLACEMENT_3D ( 'NONE', #2586, #763, #3811 ) ;
#3590 = LINE ( 'NONE', #5444, #6102 ) ;
#3591 = ORIENTED_EDGE ( 'NONE', *, *, #1238, .T. ) ;
#3592 = ORIENTED_EDGE ( 'NONE', *, *, #5018, .F. ) ;
#3593 = DIRECTION ( 'NONE',  ( -1.000000000000000000, 0.000000000000000000, 0.000000000000000000 ) ) ;
#3594 = ORIENTED_EDGE ( 'NONE', *, *, #1329, .T. ) ;
#3595 = DIRECTION ( 'NONE',  ( 0.000000000000000000, -1.000000000000000000, 0.000000000000000000 ) ) ;
#3596 = CARTESIAN_POINT ( 'NONE',  ( -1.100000000000000089, 0.000000000000000000, 0.6750000000000004885 ) ) ;
#3597 = VERTEX_POINT ( 'NONE', #1913 ) ;
#3598 = FACE_OUTER_BOUND ( 'NONE', #4145, .T. ) ;
#3599 = PLANE ( 'NONE',  #4320 ) ;
#3600 = EDGE_CURVE ( 'NONE', #4557, #5591, #4902, .T. ) ;
#3601 = LINE ( 'NONE', #1627, #6308 ) ;
#3602 = VECTOR ( 'NONE', #2923, 1000.000000000000000 ) ;
#3603 = AXIS2_PLACEMENT_3D ( 'NONE', #272, #6433, #416 ) ;
#3604 = CARTESIAN_POINT ( 'NONE',  ( 1.350000000000000089, 0.2000000000000000111, 1.175000000000000044 ) ) ;
#3605 = ORIENTED_EDGE ( 'NONE', *, *, #52, .T. ) ;
#3606 = EDGE_LOOP ( 'NONE', ( #584, #6780, #1090, #176, #3676, #1488, #1459, #507 ) ) ;
#3607 = ORIENTED_EDGE ( 'NONE', *, *, #3735, .T. ) ;
#3608 = CARTESIAN_POINT ( 'NONE',  ( 1.149999999999999911, 0.04999999999999999584, 1.325000000000000178 ) ) ;
#3609 = VERTEX_POINT ( 'NONE', #4257 ) ;
#3610 = DIRECTION ( 'NONE',  ( 0.000000000000000000, 0.000000000000000000, -1.000000000000000000 ) ) ;
#3611 = VECTOR ( 'NONE', #2177, 1000.000000000000000 ) ;
#3612 = DIRECTION ( 'NONE',  ( 0.000000000000000000, -1.000000000000000000, 0.000000000000000000 ) ) ;
#3613 = DIRECTION ( 'NONE',  ( 0.000000000000000000, 0.000000000000000000, -1.000000000000000000 ) ) ;
#3614 = CARTESIAN_POINT ( 'NONE',  ( -1.149999999999999911, 0.2000000000000000111, 0.1750000000000000167 ) ) ;
#3615 = CIRCLE ( 'NONE', #6495, 0.04999999999999991257 ) ;
#3616 = DIRECTION ( 'NONE',  ( -0.000000000000000000, -1.000000000000000000, 0.000000000000000000 ) ) ;
#3617 = ORIENTED_EDGE ( 'NONE', *, *, #7184, .T. ) ;
#3618 = AXIS2_PLACEMENT_3D ( 'NONE', #4993, #5101, #2520 ) ;
#3619 = DIRECTION ( 'NONE',  ( 0.000000000000000000, 1.000000000000000000, 0.000000000000000000 ) ) ;
#3620 = ORIENTED_EDGE ( 'NONE', *, *, #994, .F. ) ;
#3621 = CLOSED_SHELL ( 'NONE', ( #3940, #4652, #7212, #4950, #5261, #761, #2553, #2366, #831, #7399 ) ) ;
#3622 = CARTESIAN_POINT ( 'NONE',  ( -1.200000000000000622, 0.5999999999999999778, -1.074999999999999956 ) ) ;
#3623 = ORIENTED_EDGE ( 'NONE', *, *, #5156, .T. ) ;
#3624 = DIRECTION ( 'NONE',  ( 0.000000000000000000, 0.000000000000000000, -1.000000000000000000 ) ) ;
#3625 = VECTOR ( 'NONE', #4076, 1000.000000000000000 ) ;
#3626 = DIRECTION ( 'NONE',  ( 0.000000000000000000, -1.000000000000000000, 0.000000000000000000 ) ) ;
#3627 = VECTOR ( 'NONE', #2054, 1000.000000000000000 ) ;
#3628 = FACE_OUTER_BOUND ( 'NONE', #4039, .T. ) ;
#3629 = CARTESIAN_POINT ( 'NONE',  ( 1.150000000000000355, 0.04999999999999999584, -0.6249999999999998890 ) ) ;
#3630 = DIRECTION ( 'NONE',  ( 0.000000000000000000, 0.000000000000000000, -1.000000000000000000 ) ) ;
#3631 = ORIENTED_EDGE ( 'NONE', *, *, #3330, .T. ) ;
#3632 = ORIENTED_EDGE ( 'NONE', *, *, #5057, .F. ) ;
#3633 = EDGE_CURVE ( 'NONE', #3609, #2948, #7453, .T. ) ;
#3634 = ORIENTED_EDGE ( 'NONE', *, *, #2279, .F. ) ;
#3635 = CARTESIAN_POINT ( 'NONE',  ( 0.6999999999999996225, 0.05000000000000000278, 1.274999999999999689 ) ) ;
#3636 = ADVANCED_FACE ( 'NONE', ( #7530 ), #5619, .T. ) ;
#3637 = ORIENTED_EDGE ( 'NONE', *, *, #6519, .T. ) ;
#3638 = CARTESIAN_POINT ( 'NONE',  ( 0.000000000000000000, 0.05000000000000000278, 0.1250000000000001110 ) ) ;
#3639 = LINE ( 'NONE', #2389, #6069 ) ;
#3640 = EDGE_CURVE ( 'NONE', #1205, #1765, #4889, .T. ) ;
#3641 = DIRECTION ( 'NONE',  ( -1.000000000000000000, 0.000000000000000000, 1.445602896647343847E-15 ) ) ;
#3642 = FILL_AREA_STYLE_COLOUR ( '', #3358 ) ;
#3643 = FACE_OUTER_BOUND ( 'NONE', #4352, .T. ) ;
#3644 = LINE ( 'NONE', #5790, #6017 ) ;
#3645 = EDGE_CURVE ( 'NONE', #6896, #6144, #2300, .T. ) ;
#3646 = VERTEX_POINT ( 'NONE', #930 ) ;
#3647 = VERTEX_POINT ( 'NONE', #2162 ) ;
#3648 = DIRECTION ( 'NONE',  ( 0.000000000000000000, 0.000000000000000000, 1.000000000000000000 ) ) ;
#3649 = CARTESIAN_POINT ( 'NONE',  ( 1.149999999999999911, 0.5905124837953331651, 1.325000000000000178 ) ) ;
#3650 = ORIENTED_EDGE ( 'NONE', *, *, #1028, .F. ) ;
#3651 = CARTESIAN_POINT ( 'NONE',  ( 1.400000000000000355, 0.1999999999999999833, -0.1750000000000002387 ) ) ;
#3652 = DIRECTION ( 'NONE',  ( 0.000000000000000000, 1.000000000000000000, 0.000000000000000000 ) ) ;
#3653 = EDGE_CURVE ( 'NONE', #3923, #5838, #7477, .T. ) ;
#3654 = EDGE_LOOP ( 'NONE', ( #1887, #1598, #807, #5855, #6117, #1789, #7162, #2012 ) ) ;
#3655 = LINE ( 'NONE', #6023, #6293 ) ;
#3656 = EDGE_CURVE ( 'NONE', #147, #2703, #5047, .T. ) ;
#3657 = VECTOR ( 'NONE', #162, 1000.000000000000000 ) ;
#3658 = EDGE_CURVE ( 'NONE', #3171, #5346, #7521, .T. ) ;
#3659 = CARTESIAN_POINT ( 'NONE',  ( -1.150000000000000355, 0.000000000000000000, 1.375000000000000222 ) ) ;
#3660 = ORIENTED_EDGE ( 'NONE', *, *, #392, .F. ) ;
#3661 = AXIS2_PLACEMENT_3D ( 'NONE', #2715, #5043, #7463 ) ;
#3662 = VERTEX_POINT ( 'NONE', #226 ) ;
#3663 = EDGE_LOOP ( 'NONE', ( #540, #6888, #995, #1804 ) ) ;
#3664 = VERTEX_POINT ( 'NONE', #4462 ) ;
#3665 = VECTOR ( 'NONE', #4183, 1000.000000000000000 ) ;
#3666 = CARTESIAN_POINT ( 'NONE',  ( 1.350000000000000089, 0.2000000000000000111, -0.6249999999999996669 ) ) ;
#3667 = CARTESIAN_POINT ( 'NONE',  ( 1.400000000000000355, 0.2000000000000000111, -1.175000000000000266 ) ) ;
#3668 = DIRECTION ( 'NONE',  ( 0.000000000000000000, 1.000000000000000000, 0.000000000000000000 ) ) ;
#3669 = CIRCLE ( 'NONE', #1183, 0.05000000000000012768 ) ;
#3670 = EDGE_CURVE ( 'NONE', #2860, #2946, #2452, .T. ) ;
#3671 = CARTESIAN_POINT ( 'NONE',  ( -1.350000000000000089, 0.04999999999999999584, -0.8249999999999999556 ) ) ;
#3672 = ORIENTED_EDGE ( 'NONE', *, *, #3116, .F. ) ;
#3673 = VERTEX_POINT ( 'NONE', #515 ) ;
#3674 = AXIS2_PLACEMENT_3D ( 'NONE', #3913, #757, #2784 ) ;
#3675 = ORIENTED_EDGE ( 'NONE', *, *, #6062, .F. ) ;
#3676 = ORIENTED_EDGE ( 'NONE', *, *, #4386, .F. ) ;
#3677 = LINE ( 'NONE', #7285, #1120 ) ;
#3678 = CARTESIAN_POINT ( 'NONE',  ( 1.400000000000000355, 0.2000000000000000111, 0.8249999999999997335 ) ) ;
#3679 = CYLINDRICAL_SURFACE ( 'NONE', #4355, 0.04999999999999991257 ) ;
#3680 = VECTOR ( 'NONE', #180, 1000.000000000000000 ) ;
#3681 = DIRECTION ( 'NONE',  ( 0.000000000000000000, 0.000000000000000000, 1.000000000000000000 ) ) ;
#3682 = CARTESIAN_POINT ( 'NONE',  ( 1.100000000000000089, 0.2000000000000000111, -0.6750000000000002665 ) ) ;
#3683 = ORIENTED_EDGE ( 'NONE', *, *, #2376, .T. ) ;
#3684 = EDGE_CURVE ( 'NONE', #3840, #704, #2285, .T. ) ;
#3685 = VERTEX_POINT ( 'NONE', #469 ) ;
#3686 = ORIENTED_EDGE ( 'NONE', *, *, #148, .F. ) ;
#3687 = AXIS2_PLACEMENT_3D ( 'NONE', #7459, #1460, #2079 ) ;
#3688 = ORIENTED_EDGE ( 'NONE', *, *, #3633, .F. ) ;
#3689 = CARTESIAN_POINT ( 'NONE',  ( -1.149999999999999911, 0.2000000000000000111, -1.324999999999999956 ) ) ;
#3690 = CIRCLE ( 'NONE', #4409, 0.04999999999999991257 ) ;
#3691 = DIRECTION ( 'NONE',  ( 1.000000000000000000, -0.000000000000000000, 0.000000000000000000 ) ) ;
#3692 = VERTEX_POINT ( 'NONE', #421 ) ;
#3693 = SURFACE_STYLE_USAGE ( .BOTH. , #3075 ) ;
#3694 = ORIENTED_EDGE ( 'NONE', *, *, #4664, .F. ) ;
#3695 = CARTESIAN_POINT ( 'NONE',  ( 1.150000000000000355, 0.2000000000000000111, -0.3749999999999998890 ) ) ;
#3696 = CARTESIAN_POINT ( 'NONE',  ( 1.150000000000000355, 0.000000000000000000, -0.6249999999999998890 ) ) ;
#3697 = ORIENTED_EDGE ( 'NONE', *, *, #3186, .F. ) ;
#3698 = EDGE_CURVE ( 'NONE', #3568, #4300, #2215, .T. ) ;
#3699 = CARTESIAN_POINT ( 'NONE',  ( -1.149999999999999911, 0.2000000000000000111, -0.8249999999999999556 ) ) ;
#3700 = CLOSED_SHELL ( 'NONE', ( #1728, #4633, #6589, #2656, #2233, #4438, #7475, #7573, #2536, #7520 ) ) ;
#3701 = LINE ( 'NONE', #7060, #3712 ) ;
#3702 = AXIS2_PLACEMENT_3D ( 'NONE', #3608, #5728, #6374 ) ;
#3703 = FACE_OUTER_BOUND ( 'NONE', #7705, .T. ) ;
#3704 = FACE_OUTER_BOUND ( 'NONE', #6132, .T. ) ;
#3705 = CARTESIAN_POINT ( 'NONE',  ( -1.100000000000000089, 0.5905124837953331651, -0.6750000000000002665 ) ) ;
#3706 = EDGE_LOOP ( 'NONE', ( #3373, #3969, #5462, #6358 ) ) ;
#3707 = EDGE_LOOP ( 'NONE', ( #6578, #7062, #662, #760 ) ) ;
#3708 = ORIENTED_EDGE ( 'NONE', *, *, #1993, .F. ) ;
#3709 = CARTESIAN_POINT ( 'NONE',  ( 0.000000000000000000, 0.05000000000000000278, 0.000000000000000000 ) ) ;
#3710 = VERTEX_POINT ( 'NONE', #2305 ) ;
#3711 = EDGE_CURVE ( 'NONE', #742, #6422, #7433, .T. ) ;
#3712 = VECTOR ( 'NONE', #1670, 1000.000000000000000 ) ;
#3713 = CARTESIAN_POINT ( 'NONE',  ( 1.400000000000002132, 0.05000000000000000278, 0.9999999999999978906 ) ) ;
#3714 = DIRECTION ( 'NONE',  ( 0.000000000000000000, -1.000000000000000000, 0.000000000000000000 ) ) ;
#3715 = AXIS2_PLACEMENT_3D ( 'NONE', #1757, #5384, #3518 ) ;
#3716 = DIRECTION ( 'NONE',  ( 0.000000000000000000, 1.000000000000000000, 0.000000000000000000 ) ) ;
#3717 = FACE_OUTER_BOUND ( 'NONE', #2881, .T. ) ;
#3718 = PLANE ( 'NONE',  #1258 ) ;
#3719 = VERTEX_POINT ( 'NONE', #4212 ) ;
#3720 = LINE ( 'NONE', #288, #3843 ) ;
#3721 = DIRECTION ( 'NONE',  ( 0.000000000000000000, 0.000000000000000000, -1.000000000000000000 ) ) ;
#3722 = EDGE_LOOP ( 'NONE', ( #6969, #6914, #6929, #2026 ) ) ;
#3723 = ORIENTED_EDGE ( 'NONE', *, *, #5050, .T. ) ;
#3724 = CARTESIAN_POINT ( 'NONE',  ( 1.974796814170025828E-16, 0.05000000000000000278, -1.275000000000000133 ) ) ;
#3725 = EDGE_LOOP ( 'NONE', ( #3541, #1087, #3438, #3400 ) ) ;
#3726 = CARTESIAN_POINT ( 'NONE',  ( -1.200000000000000622, 0.1464466094067254365, -1.200000000000000400 ) ) ;
#3727 = CIRCLE ( 'NONE', #2821, 0.04999999999999991257 ) ;
#3728 = ADVANCED_FACE ( 'NONE', ( #2248 ), #1162, .T. ) ;
#3729 = CARTESIAN_POINT ( 'NONE',  ( 0.7000000000000000666, 0.05000000000000012768, -1.274999999999999911 ) ) ;
#3730 = EDGE_CURVE ( 'NONE', #4328, #657, #2223, .T. ) ;
#3731 = VECTOR ( 'NONE', #3548, 1000.000000000000000 ) ;
#3732 = DIRECTION ( 'NONE',  ( 0.000000000000000000, 1.000000000000000000, 0.000000000000000000 ) ) ;
#3733 = LINE ( 'NONE', #6742, #3768 ) ;
#3734 = CARTESIAN_POINT ( 'NONE',  ( -1.100000000000000089, 0.1999999999999999833, -0.1750000000000002387 ) ) ;
#3735 = EDGE_CURVE ( 'NONE', #5145, #3263, #4958, .T. ) ;
#3736 = ORIENTED_EDGE ( 'NONE', *, *, #3066, .T. ) ;
#3737 = CIRCLE ( 'NONE', #2848, 0.04999999999999991257 ) ;
#3738 = ORIENTED_EDGE ( 'NONE', *, *, #6665, .T. ) ;
#3739 = EDGE_CURVE ( 'NONE', #756, #274, #7655, .T. ) ;
#3740 = ORIENTED_EDGE ( 'NONE', *, *, #7506, .T. ) ;
#3741 = EDGE_LOOP ( 'NONE', ( #1621, #6736 ) ) ;
#3742 = DIRECTION ( 'NONE',  ( 0.000000000000000000, -1.000000000000000000, 0.000000000000000000 ) ) ;
#3743 = LINE ( 'NONE', #5915, #6506 ) ;
#3744 = AXIS2_PLACEMENT_3D ( 'NONE', #5350, #453, #4243 ) ;
#3745 = DIRECTION ( 'NONE',  ( 0.000000000000000000, 0.000000000000000000, 1.000000000000000000 ) ) ;
#3746 = AXIS2_PLACEMENT_3D ( 'NONE', #3390, #5070, #929 ) ;
#3747 = CARTESIAN_POINT ( 'NONE',  ( -1.150000000000000355, 0.000000000000000000, 0.3750000000000001110 ) ) ;
#3748 = CARTESIAN_POINT ( 'NONE',  ( -1.100000000000000089, 0.05000000000000000278, 1.500000000000000000 ) ) ;
#3749 = LINE ( 'NONE', #3845, #3783 ) ;
#3750 = ADVANCED_FACE ( 'NONE', ( #7541 ), #4914, .F. ) ;
#3751 = CIRCLE ( 'NONE', #236, 0.04999999999999991257 ) ;
#3752 = ORIENTED_EDGE ( 'NONE', *, *, #377, .F. ) ;
#3753 = FACE_OUTER_BOUND ( 'NONE', #3275, .T. ) ;
#3754 = CARTESIAN_POINT ( 'NONE',  ( -1.150000000000000355, 0.2000000000000000111, -1.125000000000000000 ) ) ;
#3755 = ORIENTED_EDGE ( 'NONE', *, *, #1959, .T. ) ;
#3756 = DIRECTION ( 'NONE',  ( -0.000000000000000000, 0.000000000000000000, 1.000000000000000000 ) ) ;
#3757 = DIRECTION ( 'NONE',  ( 0.000000000000000000, 0.000000000000000000, -1.000000000000000000 ) ) ;
#3758 = ORIENTED_EDGE ( 'NONE', *, *, #6647, .F. ) ;
#3759 =( NAMED_UNIT ( * ) SI_UNIT ( $, .STERADIAN. ) SOLID_ANGLE_UNIT ( ) );
#3760 = DIRECTION ( 'NONE',  ( -0.000000000000000000, -1.000000000000000000, -0.000000000000000000 ) ) ;
#3761 = VERTEX_POINT ( 'NONE', #3461 ) ;
#3762 = EDGE_CURVE ( 'NONE', #7182, #3936, #4866, .T. ) ;
#3763 = FACE_OUTER_BOUND ( 'NONE', #2795, .T. ) ;
#3764 = AXIS2_PLACEMENT_3D ( 'NONE', #3018, #739, #1923 ) ;
#3765 = VECTOR ( 'NONE', #5888, 1000.000000000000000 ) ;
#3766 = DIRECTION ( 'NONE',  ( 1.000000000000000000, 0.000000000000000000, -0.000000000000000000 ) ) ;
#3767 = CYLINDRICAL_SURFACE ( 'NONE', #3258, 0.04999999999999991257 ) ;
#3768 = VECTOR ( 'NONE', #154, 1000.000000000000000 ) ;
#3769 = DIRECTION ( 'NONE',  ( 0.000000000000000000, 0.000000000000000000, -1.000000000000000000 ) ) ;
#3770 = ORIENTED_EDGE ( 'NONE', *, *, #1406, .T. ) ;
#3771 = VECTOR ( 'NONE', #7540, 1000.000000000000000 ) ;
#3772 = ORIENTED_EDGE ( 'NONE', *, *, #153, .F. ) ;
#3773 = VERTEX_POINT ( 'NONE', #6401 ) ;
#3774 = VERTEX_POINT ( 'NONE', #6868 ) ;
#3775 = LINE ( 'NONE', #3958, #3850 ) ;
#3776 = EDGE_CURVE ( 'NONE', #4953, #3353, #7464, .T. ) ;
#3777 = DIRECTION ( 'NONE',  ( 1.000000000000000000, 0.000000000000000000, 0.000000000000000000 ) ) ;
#3778 = PLANE ( 'NONE',  #3287 ) ;
#3779 = DIRECTION ( 'NONE',  ( 0.000000000000000000, 0.000000000000000000, 1.000000000000000000 ) ) ;
#3780 = CARTESIAN_POINT ( 'NONE',  ( -1.100000000000000089, 0.1999999999999999833, 0.8249999999999997335 ) ) ;
#3781 = AXIS2_PLACEMENT_3D ( 'NONE', #1922, #2463, #1865 ) ;
#3782 = FACE_OUTER_BOUND ( 'NONE', #5811, .T. ) ;
#3783 = VECTOR ( 'NONE', #4319, 1000.000000000000000 ) ;
#3784 = CIRCLE ( 'NONE', #1295, 0.04999999999999991257 ) ;
#3785 = MANIFOLD_SOLID_BREP ( 'LPattern2[6]', #3621 ) ;
#3786 = DIRECTION ( 'NONE',  ( 0.000000000000000000, 1.000000000000000000, -0.000000000000000000 ) ) ;
#3787 = ORIENTED_EDGE ( 'NONE', *, *, #6753, .T. ) ;
#3788 = CARTESIAN_POINT ( 'NONE',  ( -1.400000000000000133, 0.1999999999999999833, 0.3249999999999997891 ) ) ;
#3789 = ORIENTED_EDGE ( 'NONE', *, *, #3268, .T. ) ;
#3790 = ORIENTED_EDGE ( 'NONE', *, *, #6734, .F. ) ;
#3791 = ORIENTED_EDGE ( 'NONE', *, *, #3005, .T. ) ;
#3792 = DIRECTION ( 'NONE',  ( 0.000000000000000000, 1.000000000000000000, 0.000000000000000000 ) ) ;
#3793 = VECTOR ( 'NONE', #3208, 1000.000000000000000 ) ;
#3794 = EDGE_CURVE ( 'NONE', #232, #5748, #7592, .T. ) ;
#3795 = DIRECTION ( 'NONE',  ( 0.000000000000000000, 0.000000000000000000, -1.000000000000000000 ) ) ;
#3796 = CYLINDRICAL_SURFACE ( 'NONE', #3995, 0.04999999999999991257 ) ;
#3797 = DIRECTION ( 'NONE',  ( 0.000000000000000000, 0.000000000000000000, -1.000000000000000000 ) ) ;
#3798 = AXIS2_PLACEMENT_3D ( 'NONE', #2485, #1348, #2538 ) ;
#3799 = LINE ( 'NONE', #3504, #1387 ) ;
#3800 = DIRECTION ( 'NONE',  ( -1.000000000000000000, 0.000000000000000000, 1.445602896647344044E-15 ) ) ;
#3801 = ORIENTED_EDGE ( 'NONE', *, *, #578, .F. ) ;
#3802 = FACE_OUTER_BOUND ( 'NONE', #7504, .T. ) ;
#3803 = ORIENTED_EDGE ( 'NONE', *, *, #2907, .F. ) ;
#3804 = ORIENTED_EDGE ( 'NONE', *, *, #2581, .T. ) ;
#3805 = DIRECTION ( 'NONE',  ( -0.7071067811865506814, -0.000000000000000000, 0.7071067811865443531 ) ) ;
#3806 = ORIENTED_EDGE ( 'NONE', *, *, #6164, .F. ) ;
#3807 = LINE ( 'NONE', #6193, #1226 ) ;
#3808 = ADVANCED_FACE ( 'NONE', ( #5006 ), #3560, .F. ) ;
#3809 = DIRECTION ( 'NONE',  ( -1.445602896647346214E-15, -0.000000000000000000, 1.000000000000000000 ) ) ;
#3810 = PRESENTATION_STYLE_ASSIGNMENT (( #3490 ) ) ;
#3811 = DIRECTION ( 'NONE',  ( 0.000000000000000000, 0.000000000000000000, 1.000000000000000000 ) ) ;
#3812 = EDGE_CURVE ( 'NONE', #7214, #49, #7606, .T. ) ;
#3813 = VECTOR ( 'NONE', #6924, 1000.000000000000000 ) ;
#3814 = ORIENTED_EDGE ( 'NONE', *, *, #2086, .F. ) ;
#3816 = DIRECTION ( 'NONE',  ( 0.000000000000000000, 1.000000000000000000, 0.000000000000000000 ) ) ;
#3815 = AXIS2_PLACEMENT_3D ( 'NONE', #5216, #4679, #1686 ) ;
#3817 = ORIENTED_EDGE ( 'NONE', *, *, #2728, .T. ) ;
#3818 = CARTESIAN_POINT ( 'NONE',  ( 1.100000000000000089, 0.000000000000000000, 0.3249999999999997891 ) ) ;
#3819 = CARTESIAN_POINT ( 'NONE',  ( 1.350000000000000089, 0.2000000000000000111, 0.6750000000000000444 ) ) ;
#3820 = ORIENTED_EDGE ( 'NONE', *, *, #6551, .F. ) ;
#3821 = CARTESIAN_POINT ( 'NONE',  ( -1.149999999999999911, 0.000000000000000000, -0.8249999999999999556 ) ) ;
#3822 = VECTOR ( 'NONE', #6359, 1000.000000000000000 ) ;
#3823 = FACE_OUTER_BOUND ( 'NONE', #230, .T. ) ;
#3824 = ADVANCED_FACE ( 'NONE', ( #2412 ), #7791, .T. ) ;
#3825 = EDGE_CURVE ( 'NONE', #6392, #5784, #2426, .T. ) ;
#3826 = EDGE_LOOP ( 'NONE', ( #5613, #5097, #4402, #7302 ) ) ;
#3827 = VERTEX_POINT ( 'NONE', #5088 ) ;
#3828 = FACE_OUTER_BOUND ( 'NONE', #837, .T. ) ;
#3829 = VERTEX_POINT ( 'NONE', #34 ) ;
#3830 = AXIS2_PLACEMENT_3D ( 'NONE', #2246, #4093, #2294 ) ;
#3831 = EDGE_LOOP ( 'NONE', ( #6899, #1820, #1036, #6216 ) ) ;
#3832 = CARTESIAN_POINT ( 'NONE',  ( -1.350000000000000089, 0.1999999999999999833, -1.125000000000000000 ) ) ;
#3833 = CARTESIAN_POINT ( 'NONE',  ( 1.149999999999999911, 0.1999999999999999833, 0.1750000000000000167 ) ) ;
#3834 = EDGE_CURVE ( 'NONE', #3265, #1477, #5293, .T. ) ;
#3835 = LINE ( 'NONE', #7562, #3822 ) ;
#3836 = DIRECTION ( 'NONE',  ( -0.000000000000000000, -1.000000000000000000, -0.000000000000000000 ) ) ;
#3837 = DIRECTION ( 'NONE',  ( 0.000000000000000000, 0.000000000000000000, -1.000000000000000000 ) ) ;
#3838 = VECTOR ( 'NONE', #7296, 1000.000000000000000 ) ;
#3839 = VECTOR ( 'NONE', #7361, 1000.000000000000000 ) ;
#3840 = VERTEX_POINT ( 'NONE', #2459 ) ;
#3841 = CARTESIAN_POINT ( 'NONE',  ( -1.350000000000000089, 0.2000000000000000111, -0.6249999999999998890 ) ) ;
#3842 = EDGE_LOOP ( 'NONE', ( #561, #3617, #1722, #4562 ) ) ;
#3843 = VECTOR ( 'NONE', #1539, 1000.000000000000000 ) ;
#3844 =( GEOMETRIC_REPRESENTATION_CONTEXT ( 3 ) GLOBAL_UNCERTAINTY_ASSIGNED_CONTEXT ( ( #7691 ) ) GLOBAL_UNIT_ASSIGNED_CONTEXT ( ( #4238, #2949, #6618 ) ) REPRESENTATION_CONTEXT ( 'NONE', 'WORKASPACE' ) );
#3845 = CARTESIAN_POINT ( 'NONE',  ( 0.000000000000000000, 0.05000000000000000278, 0.8750000000000001110 ) ) ;
#3846 = VERTEX_POINT ( 'NONE', #3049 ) ;
#3847 = PLANE ( 'NONE',  #3303 ) ;
#3848 = EDGE_CURVE ( 'NONE', #3912, #3114, #5102, .T. ) ;
#3849 = DIRECTION ( 'NONE',  ( 0.000000000000000000, -1.000000000000000000, 0.000000000000000000 ) ) ;
#3850 = VECTOR ( 'NONE', #7613, 1000.000000000000000 ) ;
#3851 = EDGE_CURVE ( 'NONE', #5756, #4363, #69, .T. ) ;
#3852 = CARTESIAN_POINT ( 'NONE',  ( 1.499999999999999556, 0.5999999999999998668, -1.500000000000000222 ) ) ;
#3853 = EDGE_CURVE ( 'NONE', #4196, #6287, #5127, .T. ) ;
#3854 = LINE ( 'NONE', #2861, #1142 ) ;
#3855 = CARTESIAN_POINT ( 'NONE',  ( -1.149999999999999911, 0.2000000000000000111, -1.324999999999999956 ) ) ;
#3856 = ORIENTED_EDGE ( 'NONE', *, *, #1400, .T. ) ;
#3857 = DIRECTION ( 'NONE',  ( 0.000000000000000000, 1.000000000000000000, 0.000000000000000000 ) ) ;
#3858 = VERTEX_POINT ( 'NONE', #989 ) ;
#3859 = UNCERTAINTY_MEASURE_WITH_UNIT (LENGTH_MEASURE( 1.000000000000000082E-05 ), #2367, 'distance_accuracy_value', 'NONE');
#3860 = AXIS2_PLACEMENT_3D ( 'NONE', #3225, #6963, #6151 ) ;
#3861 = ORIENTED_EDGE ( 'NONE', *, *, #1362, .F. ) ;
#3862 = AXIS2_PLACEMENT_3D ( 'NONE', #7375, #4952, #208 ) ;
#3863 = CARTESIAN_POINT ( 'NONE',  ( 1.150000000000000355, 0.1999999999999999833, -0.8749999999999998890 ) ) ;
#3864 = LINE ( 'NONE', #5107, #6533 ) ;
#3865 = COLOUR_RGB ( '',0.7921568627450980005, 0.8196078431372548767, 0.9333333333333333481 ) ;
#3866 = DIRECTION ( 'NONE',  ( 1.000000000000000000, 0.000000000000000000, 0.000000000000000000 ) ) ;
#3867 = VECTOR ( 'NONE', #6294, 1000.000000000000000 ) ;
#3868 = EDGE_CURVE ( 'NONE', #2053, #926, #5163, .T. ) ;
#3869 = VERTEX_POINT ( 'NONE', #1588 ) ;
#3870 = ORIENTED_EDGE ( 'NONE', *, *, #1177, .F. ) ;
#3871 = VECTOR ( 'NONE', #3982, 1000.000000000000000 ) ;
#3872 = PLANE ( 'NONE',  #1086 ) ;
#3873 = ORIENTED_EDGE ( 'NONE', *, *, #5968, .T. ) ;
#3874 = AXIS2_PLACEMENT_3D ( 'NONE', #7588, #832, #4024 ) ;
#3875 = CARTESIAN_POINT ( 'NONE',  ( -1.150000000000000355, 0.5905124837953331651, -0.1249999999999998890 ) ) ;
#3876 = DIRECTION ( 'NONE',  ( 0.000000000000000000, -1.000000000000000000, 0.000000000000000000 ) ) ;
#3877 = LINE ( 'NONE', #1513, #3793 ) ;
#3878 = ADVANCED_FACE ( 'NONE', ( #7713 ), #5319, .T. ) ;
#3879 = LINE ( 'NONE', #6713, #5249 ) ;
#3880 = FILL_AREA_STYLE_COLOUR ( '', #6168 ) ;
#3881 = FACE_OUTER_BOUND ( 'NONE', #1888, .T. ) ;
#3882 = VECTOR ( 'NONE', #4260, 1000.000000000000000 ) ;
#3883 =( NAMED_UNIT ( * ) PLANE_ANGLE_UNIT ( ) SI_UNIT ( $, .RADIAN. ) );
#3884 = ORIENTED_EDGE ( 'NONE', *, *, #7137, .F. ) ;
#3885 = VECTOR ( 'NONE', #580, 1000.000000000000000 ) ;
#3886 = EDGE_CURVE ( 'NONE', #3662, #4218, #2614, .T. ) ;
#3887 = VERTEX_POINT ( 'NONE', #4635 ) ;
#3889 = CARTESIAN_POINT ( 'NONE',  ( -1.100000000000000089, 0.5905124837953331651, 0.3249999999999997891 ) ) ;
#3888 = AXIS2_PLACEMENT_3D ( 'NONE', #5044, #1466, #3146 ) ;
#3890 = DIRECTION ( 'NONE',  ( 0.000000000000000000, 1.000000000000000000, 0.000000000000000000 ) ) ;
#3891 = DIRECTION ( 'NONE',  ( -1.000000000000000000, 0.000000000000000000, 0.000000000000000000 ) ) ;
#3892 = FACE_OUTER_BOUND ( 'NONE', #4414, .T. ) ;
#3893 = DIRECTION ( 'NONE',  ( 0.000000000000000000, -1.000000000000000000, 0.000000000000000000 ) ) ;
#3894 = CARTESIAN_POINT ( 'NONE',  ( -1.100000000000000089, 0.5905124837953331651, 0.6750000000000004885 ) ) ;
#3895 = ADVANCED_FACE ( 'NONE', ( #5089 ), #379, .T. ) ;
#3896 = LINE ( 'NONE', #4064, #3882 ) ;
#3897 = ORIENTED_EDGE ( 'NONE', *, *, #1525, .T. ) ;
#3898 = VECTOR ( 'NONE', #525, 1000.000000000000000 ) ;
#3899 = DIRECTION ( 'NONE',  ( -0.000000000000000000, -1.000000000000000000, -0.000000000000000000 ) ) ;
#3900 = ORIENTED_EDGE ( 'NONE', *, *, #6372, .T. ) ;
#3901 = EDGE_CURVE ( 'NONE', #7336, #2827, #9, .T. ) ;
#3902 = DIRECTION ( 'NONE',  ( -0.000000000000000000, 0.000000000000000000, 1.000000000000000000 ) ) ;
#3903 = CARTESIAN_POINT ( 'NONE',  ( -1.149999999999999911, 0.5905124837953331651, 1.175000000000000044 ) ) ;
#3904 = AXIS2_PLACEMENT_3D ( 'NONE', #5009, #5641, #3113 ) ;
#3905 = CARTESIAN_POINT ( 'NONE',  ( -1.150000000000000355, 0.04999999999999999584, -0.1249999999999998890 ) ) ;
#3906 = FACE_OUTER_BOUND ( 'NONE', #7038, .T. ) ;
#3907 = LINE ( 'NONE', #899, #6510 ) ;
#3908 = DIRECTION ( 'NONE',  ( -0.000000000000000000, -1.000000000000000000, 0.000000000000000000 ) ) ;
#3909 = CARTESIAN_POINT ( 'NONE',  ( -1.150000000000000355, 0.1999999999999999833, 0.6250000000000001110 ) ) ;
#3910 = ORIENTED_EDGE ( 'NONE', *, *, #3812, .F. ) ;
#3911 = LINE ( 'NONE', #3512, #6514 ) ;
#3912 = VERTEX_POINT ( 'NONE', #4579 ) ;
#3913 = CARTESIAN_POINT ( 'NONE',  ( -1.149999999999999911, 0.1999999999999999833, 0.8250000000000001776 ) ) ;
#3914 = EDGE_CURVE ( 'NONE', #4884, #6970, #2726, .T. ) ;
#3915 = LINE ( 'NONE', #804, #1243 ) ;
#3916 = AXIS2_PLACEMENT_3D ( 'NONE', #7469, #3148, #3255 ) ;
#3917 = CARTESIAN_POINT ( 'NONE',  ( 1.350000000000000089, 0.5905124837953331651, 0.3750000000000003331 ) ) ;
#3918 = LINE ( 'NONE', #2964, #1276 ) ;
#3919 = VECTOR ( 'NONE', #3899, 1000.000000000000000 ) ;
#3920 = FACE_OUTER_BOUND ( 'NONE', #2388, .T. ) ;
#3921 = ORIENTED_EDGE ( 'NONE', *, *, #5419, .T. ) ;
#3922 = DIRECTION ( 'NONE',  ( -0.000000000000000000, 0.000000000000000000, -1.000000000000000000 ) ) ;
#3923 = VERTEX_POINT ( 'NONE', #2359 ) ;
#3924 = CARTESIAN_POINT ( 'NONE',  ( -1.150000000000000355, 0.5905124837953331651, -0.6249999999999998890 ) ) ;
#3925 = CARTESIAN_POINT ( 'NONE',  ( 1.150000000000000355, 0.1999999999999999833, -0.6249999999999998890 ) ) ;
#3926 = CARTESIAN_POINT ( 'NONE',  ( -1.400000000000000133, 0.2000000000000000111, 0.3249999999999997891 ) ) ;
#3927 = DIRECTION ( 'NONE',  ( 0.000000000000000000, 0.000000000000000000, 1.000000000000000000 ) ) ;
#3928 = CIRCLE ( 'NONE', #5524, 0.05000000000000002359 ) ;
#3929 = AXIS2_PLACEMENT_3D ( 'NONE', #4965, #325, #765 ) ;
#3930 = LINE ( 'NONE', #2737, #1141 ) ;
#3931 = CARTESIAN_POINT ( 'NONE',  ( -1.100000000000000089, 0.2000000000000000111, -0.3249999999999995670 ) ) ;
#3932 = CYLINDRICAL_SURFACE ( 'NONE', #7663, 0.04999999999999991257 ) ;
#3933 = EDGE_CURVE ( 'NONE', #7140, #2888, #2565, .T. ) ;
#3934 = ORIENTED_EDGE ( 'NONE', *, *, #1277, .F. ) ;
#3935 = LINE ( 'NONE', #4411, #1282 ) ;
#3936 = VERTEX_POINT ( 'NONE', #2921 ) ;
#3937 = DIRECTION ( 'NONE',  ( 1.000000000000000000, 0.000000000000000000, -0.000000000000000000 ) ) ;
#3938 = VECTOR ( 'NONE', #1725, 1000.000000000000000 ) ;
#3939 = PLANE ( 'NONE',  #3007 ) ;
#3940 = ADVANCED_FACE ( 'NONE', ( #5256 ), #118, .T. ) ;
#3941 = DIRECTION ( 'NONE',  ( 0.000000000000000000, 1.000000000000000000, 0.000000000000000000 ) ) ;
#3942 = LINE ( 'NONE', #7133, #3765 ) ;
#3943 = CARTESIAN_POINT ( 'NONE',  ( -1.150000000000000355, 0.2000000000000000111, -0.8749999999999998890 ) ) ;
#3944 = EDGE_CURVE ( 'NONE', #3692, #1007, #2602, .T. ) ;
#3945 = VERTEX_POINT ( 'NONE', #6448 ) ;
#3946 = DIRECTION ( 'NONE',  ( 0.000000000000000000, 0.000000000000000000, -1.000000000000000000 ) ) ;
#3947 = ORIENTED_EDGE ( 'NONE', *, *, #5331, .T. ) ;
#3948 = ADVANCED_FACE ( 'NONE', ( #7741 ), #3979, .F. ) ;
#3949 = CARTESIAN_POINT ( 'NONE',  ( 1.100000000000000089, 0.2000000000000000111, 0.8249999999999997335 ) ) ;
#3950 = VERTEX_POINT ( 'NONE', #933 ) ;
#3951 = EDGE_CURVE ( 'NONE', #1582, #156, #2527, .T. ) ;
#3952 = CARTESIAN_POINT ( 'NONE',  ( 1.499999999999999556, 0.05000000000000000278, -1.500000000000000222 ) ) ;
#3953 = CIRCLE ( 'NONE', #3068, 0.04999999999999991257 ) ;
#3954 = ADVANCED_FACE ( 'NONE', ( #7788 ), #334, .F. ) ;
#3955 = AXIS2_PLACEMENT_3D ( 'NONE', #2493, #3976, #5785 ) ;
#3956 = VECTOR ( 'NONE', #5946, 1000.000000000000000 ) ;
#3957 = MECHANICAL_DESIGN_GEOMETRIC_PRESENTATION_REPRESENTATION (  '', ( #6084 ), #6280 ) ;
#3958 = CARTESIAN_POINT ( 'NONE',  ( 0.000000000000000000, 0.05000000000000000278, -0.1249999999999998890 ) ) ;
#3959 = ADVANCED_FACE ( 'NONE', ( #5317 ), #520, .T. ) ;
#3960 = ORIENTED_EDGE ( 'NONE', *, *, #5935, .T. ) ;
#3961 = CARTESIAN_POINT ( 'NONE',  ( -1.149999999999999911, 0.000000000000000000, -1.174999999999999822 ) ) ;
#3962 = VERTEX_POINT ( 'NONE', #3564 ) ;
#3963 = CYLINDRICAL_SURFACE ( 'NONE', #119, 0.04999999999999991257 ) ;
#3964 = ORIENTED_EDGE ( 'NONE', *, *, #2744, .F. ) ;
#3965 = CARTESIAN_POINT ( 'NONE',  ( -1.400000000000000133, 0.1999999999999999833, -0.1750000000000002387 ) ) ;
#3966 = VECTOR ( 'NONE', #3593, 1000.000000000000000 ) ;
#3967 = EDGE_CURVE ( 'NONE', #5784, #4328, #56, .T. ) ;
#3968 = MECHANICAL_DESIGN_GEOMETRIC_PRESENTATION_REPRESENTATION (  '', ( #6307 ), #1698 ) ;
#3969 = ORIENTED_EDGE ( 'NONE', *, *, #5671, .T. ) ;
#3970 = ORIENTED_EDGE ( 'NONE', *, *, #4951, .F. ) ;
#3971 = DIRECTION ( 'NONE',  ( 0.000000000000000000, -1.000000000000000000, 0.000000000000000000 ) ) ;
#3972 = ORIENTED_EDGE ( 'NONE', *, *, #1446, .T. ) ;
#3973 = DIRECTION ( 'NONE',  ( -1.000000000000000000, 0.000000000000000000, 0.000000000000000000 ) ) ;
#3974 = DIRECTION ( 'NONE',  ( -0.000000000000000000, -1.000000000000000000, -0.000000000000000000 ) ) ;
#3975 = DIRECTION ( 'NONE',  ( -0.000000000000000000, 0.000000000000000000, 1.000000000000000000 ) ) ;
#3976 = DIRECTION ( 'NONE',  ( 0.000000000000000000, -1.000000000000000000, 0.000000000000000000 ) ) ;
#3977 = LINE ( 'NONE', #2098, #1181 ) ;
#3978 = EDGE_CURVE ( 'NONE', #186, #7035, #2683, .T. ) ;
#3979 = PLANE ( 'NONE',  #2362 ) ;
#3980 = AXIS2_PLACEMENT_3D ( 'NONE', #582, #634, #6645 ) ;
#3981 = VECTOR ( 'NONE', #4697, 1000.000000000000000 ) ;
#3982 = DIRECTION ( 'NONE',  ( 1.000000000000000000, -0.000000000000000000, 0.000000000000000000 ) ) ;
#3983 = VERTEX_POINT ( 'NONE', #3098 ) ;
#3984 = LINE ( 'NONE', #884, #3771 ) ;
#3985 = ORIENTED_EDGE ( 'NONE', *, *, #1680, .T. ) ;
#3986 = PLANE ( 'NONE',  #3039 ) ;
#3987 = DIRECTION ( 'NONE',  ( 0.000000000000000000, -1.000000000000000000, 0.000000000000000000 ) ) ;
#3988 = CARTESIAN_POINT ( 'NONE',  ( -1.149999999999999911, 0.04999999999999999584, 1.175000000000000044 ) ) ;
#3989 = CARTESIAN_POINT ( 'NONE',  ( 1.150000000000000355, 0.1999999999999999833, 1.125000000000000222 ) ) ;
#3990 = EDGE_CURVE ( 'NONE', #772, #5322, #5231, .T. ) ;
#3991 = VERTEX_POINT ( 'NONE', #5423 ) ;
#3992 = DIRECTION ( 'NONE',  ( 0.000000000000000000, 1.000000000000000000, 0.000000000000000000 ) ) ;
#3993 = ORIENTED_EDGE ( 'NONE', *, *, #7677, .T. ) ;
#3994 = VECTOR ( 'NONE', #4041, 1000.000000000000000 ) ;
#3995 = AXIS2_PLACEMENT_3D ( 'NONE', #7785, #7735, #3769 ) ;
#3996 = DIRECTION ( 'NONE',  ( 0.000000000000000000, 1.000000000000000000, 0.000000000000000000 ) ) ;
#3997 = ORIENTED_EDGE ( 'NONE', *, *, #1784, .T. ) ;
#3998 = DIRECTION ( 'NONE',  ( 0.000000000000000000, -1.000000000000000000, 0.000000000000000000 ) ) ;
#3999 = CARTESIAN_POINT ( 'NONE',  ( -1.350000000000000311, 0.2000000000000000111, -0.6749999999999998224 ) ) ;
#4000 = PRESENTATION_STYLE_ASSIGNMENT (( #5672 ) ) ;
#4001 = ADVANCED_FACE ( 'NONE', ( #2541 ), #2739, .T. ) ;
#4002 = EDGE_CURVE ( 'NONE', #658, #742, #5269, .T. ) ;
#4003 = FACE_OUTER_BOUND ( 'NONE', #3121, .T. ) ;
#4004 = DIRECTION ( 'NONE',  ( 1.000000000000000000, -0.000000000000000000, 0.000000000000000000 ) ) ;
#4005 = ORIENTED_EDGE ( 'NONE', *, *, #1767, .T. ) ;
#4006 = CYLINDRICAL_SURFACE ( 'NONE', #5274, 0.05000000000000002359 ) ;
#4007 = ADVANCED_FACE ( 'NONE', ( #5220 ), #5153, .T. ) ;
#4008 = ORIENTED_EDGE ( 'NONE', *, *, #7239, .F. ) ;
#4009 = AXIS2_PLACEMENT_3D ( 'NONE', #4904, #2617, #2035 ) ;
#4010 = CARTESIAN_POINT ( 'NONE',  ( -1.350000000000000089, 0.2000000000000000111, -0.3250000000000000111 ) ) ;
#4011 = DIRECTION ( 'NONE',  ( 1.000000000000000000, -0.000000000000000000, -0.000000000000000000 ) ) ;
#4012 = CARTESIAN_POINT ( 'NONE',  ( 1.100000000000000089, 0.5905124837953331651, 0.8249999999999997335 ) ) ;
#4013 = ADVANCED_FACE ( 'NONE', ( #80 ), #3718, .F. ) ;
#4014 = LINE ( 'NONE', #3943, #3813 ) ;
#4015 = ORIENTED_EDGE ( 'NONE', *, *, #6485, .F. ) ;
#4016 = DIRECTION ( 'NONE',  ( -0.000000000000000000, -1.000000000000000000, -0.000000000000000000 ) ) ;
#4017 = ORIENTED_EDGE ( 'NONE', *, *, #1222, .T. ) ;
#4018 = PLANE ( 'NONE',  #4716 ) ;
#4019 = CARTESIAN_POINT ( 'NONE',  ( -1.150000000000000355, 0.2000000000000000111, 0.8750000000000001110 ) ) ;
#4020 = EDGE_CURVE ( 'NONE', #2072, #1163, #2577, .T. ) ;
#4021 = DIRECTION ( 'NONE',  ( 0.000000000000000000, 0.000000000000000000, 1.000000000000000000 ) ) ;
#4022 = CARTESIAN_POINT ( 'NONE',  ( 1.149999999999999911, 0.2000000000000000111, 1.175000000000000044 ) ) ;
#4023 = EDGE_CURVE ( 'NONE', #204, #2922, #5176, .T. ) ;
#4024 = DIRECTION ( 'NONE',  ( 0.000000000000000000, 0.000000000000000000, 1.000000000000000000 ) ) ;
#4025 = CARTESIAN_POINT ( 'NONE',  ( -1.149999999999999911, 0.5905124837953331651, -0.6749999999999998224 ) ) ;
#4026 = ORIENTED_EDGE ( 'NONE', *, *, #5087, .T. ) ;
#4027 = CIRCLE ( 'NONE', #958, 0.04999999999999991257 ) ;
#4028 = EDGE_CURVE ( 'NONE', #4461, #6778, #7767, .T. ) ;
#4029 = EDGE_LOOP ( 'NONE', ( #1468, #3970, #4056, #4891, #6792, #7510, #2464, #3634 ) ) ;
#4030 = DIRECTION ( 'NONE',  ( 1.000000000000000000, -0.000000000000000000, 1.700709290173340656E-16 ) ) ;
#4031 = DIRECTION ( 'NONE',  ( 0.000000000000000000, 0.000000000000000000, 1.000000000000000000 ) ) ;
#4032 = EDGE_CURVE ( 'NONE', #1449, #3568, #2627, .T. ) ;
#4033 = DIRECTION ( 'NONE',  ( -0.000000000000000000, -1.000000000000000000, 0.000000000000000000 ) ) ;
#4034 = DIRECTION ( 'NONE',  ( 0.000000000000000000, 0.000000000000000000, -1.000000000000000000 ) ) ;
#4035 = EDGE_CURVE ( 'NONE', #6432, #4535, #31, .T. ) ;
#4036 = ORIENTED_EDGE ( 'NONE', *, *, #1028, .T. ) ;
#4037 = LINE ( 'NONE', #5705, #4057 ) ;
#4038 = DIRECTION ( 'NONE',  ( 0.000000000000000000, -1.000000000000000000, 0.000000000000000000 ) ) ;
#4039 = EDGE_LOOP ( 'NONE', ( #1848, #7079, #4463, #1023 ) ) ;
#4040 = AXIS2_PLACEMENT_3D ( 'NONE', #6328, #2015, #7538 ) ;
#4041 = DIRECTION ( 'NONE',  ( -0.000000000000000000, -1.000000000000000000, -0.000000000000000000 ) ) ;
#4042 = CARTESIAN_POINT ( 'NONE',  ( -1.150000000000000355, 0.5905124837953331651, 0.1250000000000001110 ) ) ;
#4043 = CARTESIAN_POINT ( 'NONE',  ( 1.350000000000000089, 0.1999999999999999833, 0.3750000000000003331 ) ) ;
#4044 =( NAMED_UNIT ( * ) PLANE_ANGLE_UNIT ( ) SI_UNIT ( $, .RADIAN. ) );
#4045 = CARTESIAN_POINT ( 'NONE',  ( 1.349999999999999645, 0.5905124837953331651, 1.125000000000000222 ) ) ;
#4046 = DIRECTION ( 'NONE',  ( 0.000000000000000000, 0.000000000000000000, 1.000000000000000000 ) ) ;
#4047 = ORIENTED_EDGE ( 'NONE', *, *, #7408, .F. ) ;
#4048 = VECTOR ( 'NONE', #5582, 1000.000000000000000 ) ;
#4049 = EDGE_CURVE ( 'NONE', #6312, #1382, #5189, .T. ) ;
#4050 = EDGE_LOOP ( 'NONE', ( #865, #4180, #5212, #2685 ) ) ;
#4051 = DIRECTION ( 'NONE',  ( 0.000000000000000000, 0.000000000000000000, 1.000000000000000000 ) ) ;
#4052 = AXIS2_PLACEMENT_3D ( 'NONE', #4022, #7586, #7637 ) ;
#4053 = CARTESIAN_POINT ( 'NONE',  ( -1.149999999999999911, 0.5905124837953331651, -1.174999999999999822 ) ) ;
#4054 = ADVANCED_FACE ( 'NONE', ( #2713 ), #1227, .T. ) ;
#4055 = DIRECTION ( 'NONE',  ( -0.000000000000000000, -1.000000000000000000, -0.000000000000000000 ) ) ;
#4056 = ORIENTED_EDGE ( 'NONE', *, *, #4136, .F. ) ;
#4057 = VECTOR ( 'NONE', #1073, 1000.000000000000000 ) ;
#4058 = CARTESIAN_POINT ( 'NONE',  ( 1.349999999999999645, 0.1999999999999999833, 1.125000000000000222 ) ) ;
#4059 = ADVANCED_FACE ( 'NONE', ( #2674 ), #1422, .F. ) ;
#4060 = VERTEX_POINT ( 'NONE', #3841 ) ;
#4061 = EDGE_CURVE ( 'NONE', #5215, #1210, #5244, .T. ) ;
#4062 = DIRECTION ( 'NONE',  ( 1.445602896647344044E-15, 0.000000000000000000, 1.000000000000000000 ) ) ;
#4063 = AXIS2_PLACEMENT_3D ( 'NONE', #553, #1674, #2291 ) ;
#4064 = CARTESIAN_POINT ( 'NONE',  ( 1.400000000000000133, 0.5905124837953331651, -0.8249999999999997335 ) ) ;
#4065 = DIRECTION ( 'NONE',  ( -1.000000000000000000, 0.000000000000000000, 1.445602896647344044E-15 ) ) ;
#4066 = ADVANCED_FACE ( 'NONE', ( #5303 ), #5532, .T. ) ;
#4067 = DIRECTION ( 'NONE',  ( 0.000000000000000000, 0.000000000000000000, 1.000000000000000000 ) ) ;
#4068 = ORIENTED_EDGE ( 'NONE', *, *, #2067, .T. ) ;
#4069 = FACE_OUTER_BOUND ( 'NONE', #7121, .T. ) ;
#4070 = VERTEX_POINT ( 'NONE', #2613 ) ;
#4071 = CARTESIAN_POINT ( 'NONE',  ( -0.6999999999999998446, 0.2000000000000000944, -1.175000000000000266 ) ) ;
#4072 = DIRECTION ( 'NONE',  ( 0.000000000000000000, 1.000000000000000000, 0.000000000000000000 ) ) ;
#4073 = DIRECTION ( 'NONE',  ( 0.000000000000000000, -0.000000000000000000, 1.000000000000000000 ) ) ;
#4074 = EDGE_CURVE ( 'NONE', #3114, #3962, #44, .T. ) ;
#4075 = CARTESIAN_POINT ( 'NONE',  ( 1.349999999999999645, 0.2000000000000000111, 1.125000000000000222 ) ) ;
#4076 = DIRECTION ( 'NONE',  ( 0.000000000000000000, -1.000000000000000000, 0.000000000000000000 ) ) ;
#4077 = AXIS2_PLACEMENT_3D ( 'NONE', #3292, #6281, #2219 ) ;
#4078 = DIRECTION ( 'NONE',  ( 1.445602896647346214E-15, 0.000000000000000000, -1.000000000000000000 ) ) ;
#4079 = DIRECTION ( 'NONE',  ( 0.000000000000000000, 0.000000000000000000, 1.000000000000000000 ) ) ;
#4080 = ORIENTED_EDGE ( 'NONE', *, *, #5412, .F. ) ;
#4081 = LINE ( 'NONE', #196, #6680 ) ;
#4082 = DIRECTION ( 'NONE',  ( -0.000000000000000000, -1.000000000000000000, -0.000000000000000000 ) ) ;
#4083 = VERTEX_POINT ( 'NONE', #4988 ) ;
#4084 = CARTESIAN_POINT ( 'NONE',  ( 1.350000000000000089, 0.2000000000000000111, -0.3250000000000000111 ) ) ;
#4085 = CARTESIAN_POINT ( 'NONE',  ( 1.100000000000000089, 0.2000000000000000111, 0.3249999999999997891 ) ) ;
#4086 = AXIS2_PLACEMENT_3D ( 'NONE', #7487, #5645, #6264 ) ;
#4087 = DIRECTION ( 'NONE',  ( 0.000000000000000000, 0.000000000000000000, -1.000000000000000000 ) ) ;
#4088 = CARTESIAN_POINT ( 'NONE',  ( 1.100000000000000089, 0.000000000000000000, -1.175000000000000266 ) ) ;
#4089 = CARTESIAN_POINT ( 'NONE',  ( -1.349999999999999645, 0.000000000000000000, 0.6250000000000001110 ) ) ;
#4090 = VERTEX_POINT ( 'NONE', #5041 ) ;
#4091 = CYLINDRICAL_SURFACE ( 'NONE', #3888, 0.04999999999999991257 ) ;
#4092 = CLOSED_SHELL ( 'NONE', ( #6933, #1935, #6329, #3425, #6121, #2052, #5323, #1535, #5310, #6479 ) ) ;
#4093 = DIRECTION ( 'NONE',  ( -1.000000000000000000, 0.000000000000000000, 1.445602896647343847E-15 ) ) ;
#4094 = CARTESIAN_POINT ( 'NONE',  ( -1.100000000000000089, 0.1999999999999999833, 1.175000000000000488 ) ) ;
#4095 =( NAMED_UNIT ( * ) PLANE_ANGLE_UNIT ( ) SI_UNIT ( $, .RADIAN. ) );
#4096 = VECTOR ( 'NONE', #7666, 1000.000000000000000 ) ;
#4097 = EDGE_CURVE ( 'NONE', #186, #7046, #105, .T. ) ;
#4098 = ORIENTED_EDGE ( 'NONE', *, *, #2206, .F. ) ;
#4099 = FACE_OUTER_BOUND ( 'NONE', #4247, .T. ) ;
#4100 = DIRECTION ( 'NONE',  ( -0.000000000000000000, -1.000000000000000000, -0.000000000000000000 ) ) ;
#4101 = ORIENTED_EDGE ( 'NONE', *, *, #4120, .T. ) ;
#4102 = MANIFOLD_SOLID_BREP ( 'Boss-Extrude2[1]', #3283 ) ;
#4103 =( LENGTH_UNIT ( ) NAMED_UNIT ( * ) SI_UNIT ( .MILLI., .METRE. ) );
#4104 = DIRECTION ( 'NONE',  ( 0.000000000000000000, 0.000000000000000000, 1.000000000000000000 ) ) ;
#4105 = EDGE_CURVE ( 'NONE', #7249, #1368, #3082, .T. ) ;
#4106 = DIRECTION ( 'NONE',  ( -1.000000000000000000, 0.000000000000000000, 0.000000000000000000 ) ) ;
#4107 = DIRECTION ( 'NONE',  ( 0.000000000000000000, 0.000000000000000000, -1.000000000000000000 ) ) ;
#4108 = AXIS2_PLACEMENT_3D ( 'NONE', #484, #1184, #948 ) ;
#4109 = LINE ( 'NONE', #4630, #1700 ) ;
#4110 = CARTESIAN_POINT ( 'NONE',  ( -1.100000000000000089, 0.2000000000000000111, -1.175000000000000266 ) ) ;
#4111 = AXIS2_PLACEMENT_3D ( 'NONE', #6116, #7410, #5471 ) ;
#4112 = DIRECTION ( 'NONE',  ( 0.000000000000000000, 0.000000000000000000, 1.000000000000000000 ) ) ;
#4113 = DIRECTION ( 'NONE',  ( 0.000000000000000000, 0.000000000000000000, -1.000000000000000000 ) ) ;
#4114 = ORIENTED_EDGE ( 'NONE', *, *, #803, .F. ) ;
#4115 = FACE_OUTER_BOUND ( 'NONE', #1747, .T. ) ;
#4116 = ADVANCED_FACE ( 'NONE', ( #2792 ), #951, .T. ) ;
#4117 = ORIENTED_EDGE ( 'NONE', *, *, #903, .F. ) ;
#4118 = SURFACE_STYLE_USAGE ( .BOTH. , #7265 ) ;
#4119 = FACE_OUTER_BOUND ( 'NONE', #6187, .T. ) ;
#4120 = EDGE_CURVE ( 'NONE', #673, #5110, #240, .T. ) ;
#4121 = DIRECTION ( 'NONE',  ( 1.000000000000000000, -0.000000000000000000, -0.000000000000000000 ) ) ;
#4122 = VECTOR ( 'NONE', #4775, 1000.000000000000000 ) ;
#4123 = AXIS2_PLACEMENT_3D ( 'NONE', #380, #2172, #1589 ) ;
#4124 = ADVANCED_FACE ( 'NONE', ( #5684 ), #2880, .T. ) ;
#4125 = ORIENTED_EDGE ( 'NONE', *, *, #6267, .T. ) ;
#4126 = DIRECTION ( 'NONE',  ( 0.000000000000000000, -1.000000000000000000, 0.000000000000000000 ) ) ;
#4127 = ORIENTED_EDGE ( 'NONE', *, *, #2151, .F. ) ;
#4128 = VECTOR ( 'NONE', #541, 1000.000000000000000 ) ;
#4129 = CARTESIAN_POINT ( 'NONE',  ( -1.350000000000000311, 0.5905124837953331651, -0.6749999999999998224 ) ) ;
#4130 = VERTEX_POINT ( 'NONE', #1504 ) ;
#4131 = CIRCLE ( 'NONE', #1639, 0.04999999999999991257 ) ;
#4132 = CARTESIAN_POINT ( 'NONE',  ( 1.350000000000000089, 0.5905124837953331651, 0.6750000000000000444 ) ) ;
#4133 =( LENGTH_UNIT ( ) NAMED_UNIT ( * ) SI_UNIT ( .MILLI., .METRE. ) );
#4134 =( LENGTH_UNIT ( ) NAMED_UNIT ( * ) SI_UNIT ( .MILLI., .METRE. ) );
#4135 = DIRECTION ( 'NONE',  ( -0.000000000000000000, -1.000000000000000000, -0.000000000000000000 ) ) ;
#4136 = EDGE_CURVE ( 'NONE', #5810, #6050, #5676, .T. ) ;
#4137 = FACE_OUTER_BOUND ( 'NONE', #199, .T. ) ;
#4138 = DIRECTION ( 'NONE',  ( 0.000000000000000000, 0.000000000000000000, 1.000000000000000000 ) ) ;
#4139 = AXIS2_PLACEMENT_3D ( 'NONE', #3144, #3786, #4375 ) ;
#4140 = CARTESIAN_POINT ( 'NONE',  ( 0.6999999999999996225, 3.109037641557771181, 1.274999999999999689 ) ) ;
#4141 = ORIENTED_EDGE ( 'NONE', *, *, #5066, .F. ) ;
#4142 = DIRECTION ( 'NONE',  ( -1.000000000000000000, 0.000000000000000000, -0.000000000000000000 ) ) ;
#4143 = ORIENTED_EDGE ( 'NONE', *, *, #7324, .F. ) ;
#4144 = CYLINDRICAL_SURFACE ( 'NONE', #7539, 0.05000000000000002359 ) ;
#4145 = EDGE_LOOP ( 'NONE', ( #2158, #953, #1292, #4682, #2029, #7394, #6576, #7352 ) ) ;
#4146 = LINE ( 'NONE', #1542, #4256 ) ;
#4147 = DIRECTION ( 'NONE',  ( 0.000000000000000000, -0.000000000000000000, 1.000000000000000000 ) ) ;
#4148 = DIRECTION ( 'NONE',  ( 0.000000000000000000, -1.000000000000000000, 0.000000000000000000 ) ) ;
#4149 = CIRCLE ( 'NONE', #263, 0.05000000000000002359 ) ;
#4150 = EDGE_CURVE ( 'NONE', #4571, #49, #483, .T. ) ;
#4151 = ORIENTED_EDGE ( 'NONE', *, *, #6062, .T. ) ;
#4152 = ORIENTED_EDGE ( 'NONE', *, *, #1047, .F. ) ;
#4153 = LINE ( 'NONE', #3724, #1458 ) ;
#4155 = CARTESIAN_POINT ( 'NONE',  ( -1.149999999999999911, 0.2000000000000000111, -1.174999999999999822 ) ) ;
#4154 = AXIS2_PLACEMENT_3D ( 'NONE', #2155, #7012, #3381 ) ;
#4156 = EDGE_LOOP ( 'NONE', ( #6049, #6587, #7291, #4573 ) ) ;
#4157 = DIRECTION ( 'NONE',  ( -1.000000000000000000, 0.000000000000000000, -0.000000000000000000 ) ) ;
#4158 = DIRECTION ( 'NONE',  ( 0.000000000000000000, 0.000000000000000000, 1.000000000000000000 ) ) ;
#4159 = DIRECTION ( 'NONE',  ( 0.000000000000000000, 1.000000000000000000, 0.000000000000000000 ) ) ;
#4160 = DIRECTION ( 'NONE',  ( 0.000000000000000000, 1.000000000000000000, 0.000000000000000000 ) ) ;
#4161 = CIRCLE ( 'NONE', #3860, 0.1250000000000003331 ) ;
#4162 = DIRECTION ( 'NONE',  ( 1.000000000000000000, -0.000000000000000000, 0.000000000000000000 ) ) ;
#4163 = DIRECTION ( 'NONE',  ( 0.000000000000000000, 0.000000000000000000, -1.000000000000000000 ) ) ;
#4164 = EDGE_CURVE ( 'NONE', #4613, #6871, #3091, .T. ) ;
#4165 = DIRECTION ( 'NONE',  ( 0.000000000000000000, 0.000000000000000000, -1.000000000000000000 ) ) ;
#4166 = ORIENTED_EDGE ( 'NONE', *, *, #2392, .F. ) ;
#4167 = ORIENTED_EDGE ( 'NONE', *, *, #5481, .T. ) ;
#4168 = CIRCLE ( 'NONE', #5715, 0.05000000000000002359 ) ;
#4169 = ORIENTED_EDGE ( 'NONE', *, *, #6599, .T. ) ;
#4170 = DIRECTION ( 'NONE',  ( 0.000000000000000000, 0.000000000000000000, 1.000000000000000000 ) ) ;
#4171 =( GEOMETRIC_REPRESENTATION_CONTEXT ( 3 ) GLOBAL_UNCERTAINTY_ASSIGNED_CONTEXT ( ( #5371 ) ) GLOBAL_UNIT_ASSIGNED_CONTEXT ( ( #4133, #4718, #490 ) ) REPRESENTATION_CONTEXT ( 'NONE', 'WORKASPACE' ) );
#4172 = VECTOR ( 'NONE', #7733, 1000.000000000000000 ) ;
#4173 = CARTESIAN_POINT ( 'NONE',  ( -1.500000000000000222, 5.442640687119285836, 1.500000000000000666 ) ) ;
#4174 = CARTESIAN_POINT ( 'NONE',  ( 1.499999999999999556, 0.5999999999999998668, -1.500000000000000222 ) ) ;
#4175 = DIRECTION ( 'NONE',  ( 0.000000000000000000, -0.000000000000000000, 1.000000000000000000 ) ) ;
#4176 = CARTESIAN_POINT ( 'NONE',  ( -1.150000000000000355, 0.2000000000000000111, 1.375000000000000222 ) ) ;
#4177 = CYLINDRICAL_SURFACE ( 'NONE', #3744, 0.04999999999999991257 ) ;
#4178 = ORIENTED_EDGE ( 'NONE', *, *, #5103, .F. ) ;
#4179 = DIRECTION ( 'NONE',  ( -0.000000000000000000, -1.000000000000000000, 0.000000000000000000 ) ) ;
#4180 = ORIENTED_EDGE ( 'NONE', *, *, #5074, .T. ) ;
#4181 = VECTOR ( 'NONE', #6414, 1000.000000000000000 ) ;
#4182 = EDGE_CURVE ( 'NONE', #2456, #5513, #2822, .T. ) ;
#4183 = DIRECTION ( 'NONE',  ( -1.000000000000000000, 0.000000000000000000, 0.000000000000000000 ) ) ;
#4184 = ORIENTED_EDGE ( 'NONE', *, *, #6166, .T. ) ;
#4185 = AXIS2_PLACEMENT_3D ( 'NONE', #4906, #47, #5851 ) ;
#4186 = DIRECTION ( 'NONE',  ( 0.000000000000000000, 1.000000000000000000, 0.000000000000000000 ) ) ;
#4187 = EDGE_CURVE ( 'NONE', #535, #3597, #254, .T. ) ;
#4188 = FACE_OUTER_BOUND ( 'NONE', #1128, .T. ) ;
#4189 = PLANE ( 'NONE',  #1425 ) ;
#4190 = CARTESIAN_POINT ( 'NONE',  ( -1.350000000000000089, 0.2000000000000000111, 1.375000000000000222 ) ) ;
#4191 = DIRECTION ( 'NONE',  ( 0.000000000000000000, 1.000000000000000000, 0.000000000000000000 ) ) ;
#4192 = ORIENTED_EDGE ( 'NONE', *, *, #7627, .F. ) ;
#4193 = DIRECTION ( 'NONE',  ( 0.000000000000000000, 0.000000000000000000, -1.000000000000000000 ) ) ;
#4194 = ORIENTED_EDGE ( 'NONE', *, *, #5725, .F. ) ;
#4195 = LINE ( 'NONE', #7170, #4128 ) ;
#4196 = VERTEX_POINT ( 'NONE', #4542 ) ;
#4197 = LINE ( 'NONE', #2760, #1600 ) ;
#4198 = CARTESIAN_POINT ( 'NONE',  ( 1.149999999999999911, 0.000000000000000000, 0.1750000000000000167 ) ) ;
#4199 = EDGE_CURVE ( 'NONE', #3285, #1174, #198, .T. ) ;
#4200 = DIRECTION ( 'NONE',  ( 1.000000000000000000, 0.000000000000000000, -0.000000000000000000 ) ) ;
#4201 = VECTOR ( 'NONE', #2590, 1000.000000000000000 ) ;
#4202 = EDGE_CURVE ( 'NONE', #6202, #879, #5542, .T. ) ;
#4203 = EDGE_CURVE ( 'NONE', #4739, #4218, #5490, .T. ) ;
#4204 = ORIENTED_EDGE ( 'NONE', *, *, #736, .T. ) ;
#4205 = EDGE_LOOP ( 'NONE', ( #6948, #1171, #3198, #3159 ) ) ;
#4206 = LINE ( 'NONE', #353, #1439 ) ;
#4207 = DIRECTION ( 'NONE',  ( -0.000000000000000000, -1.000000000000000000, -0.000000000000000000 ) ) ;
#4208 = ORIENTED_EDGE ( 'NONE', *, *, #185, .F. ) ;
#4209 = AXIS2_PLACEMENT_3D ( 'NONE', #7505, #7462, #244 ) ;
#4210 = VECTOR ( 'NONE', #5744, 1000.000000000000000 ) ;
#4211 = CARTESIAN_POINT ( 'NONE',  ( -1.149999999999999911, 0.2000000000000000111, 0.1750000000000000167 ) ) ;
#4212 = CARTESIAN_POINT ( 'NONE',  ( -1.350000000000000089, 0.000000000000000000, -0.1249999999999998890 ) ) ;
#4213 = AXIS2_PLACEMENT_3D ( 'NONE', #752, #1825, #5 ) ;
#4214 = PLANE ( 'NONE',  #5245 ) ;
#4215 = LINE ( 'NONE', #5877, #4122 ) ;
#4216 = DIRECTION ( 'NONE',  ( 0.000000000000000000, -0.000000000000000000, 1.000000000000000000 ) ) ;
#4217 = CARTESIAN_POINT ( 'NONE',  ( 1.149999999999999911, 0.04999999999999999584, -1.174999999999999822 ) ) ;
#4218 = VERTEX_POINT ( 'NONE', #441 ) ;
#4219 = VERTEX_POINT ( 'NONE', #4594 ) ;
#4220 = LINE ( 'NONE', #1132, #3994 ) ;
#4221 = EDGE_CURVE ( 'NONE', #2192, #6490, #5421, .T. ) ;
#4222 = EDGE_LOOP ( 'NONE', ( #6094, #5687, #800, #1237, #3429, #6257, #866, #5522 ) ) ;
#4223 = CARTESIAN_POINT ( 'NONE',  ( -1.100000000000000089, 0.2000000000000000111, -1.324999999999999512 ) ) ;
#4224 = VECTOR ( 'NONE', #5799, 1000.000000000000000 ) ;
#4225 = AXIS2_PLACEMENT_3D ( 'NONE', #638, #5385, #7210 ) ;
#4226 = CARTESIAN_POINT ( 'NONE',  ( -1.350000000000000089, 0.2000000000000000111, -0.6249999999999998890 ) ) ;
#4227 = PLANE ( 'NONE',  #1966 ) ;
#4228 = LINE ( 'NONE', #20, #4361 ) ;
#4229 = ORIENTED_EDGE ( 'NONE', *, *, #1893, .T. ) ;
#4230 = CARTESIAN_POINT ( 'NONE',  ( 1.150000000000000355, 0.5905124837953331651, 1.375000000000000222 ) ) ;
#4231 = ORIENTED_EDGE ( 'NONE', *, *, #2989, .F. ) ;
#4232 = LINE ( 'NONE', #1606, #6660 ) ;
#4233 = DIRECTION ( 'NONE',  ( 1.000000000000000000, -0.000000000000000000, 0.000000000000000000 ) ) ;
#4234 = VERTEX_POINT ( 'NONE', #2879 ) ;
#4235 = CYLINDRICAL_SURFACE ( 'NONE', #3051, 0.04999999999999991257 ) ;
#4236 = EDGE_CURVE ( 'NONE', #6222, #3209, #2864, .T. ) ;
#4237 = DIRECTION ( 'NONE',  ( 1.445602896647343847E-15, 0.000000000000000000, 1.000000000000000000 ) ) ;
#4238 =( LENGTH_UNIT ( ) NAMED_UNIT ( * ) SI_UNIT ( .MILLI., .METRE. ) );
#4239 = AXIS2_PLACEMENT_3D ( 'NONE', #2956, #281, #4967 ) ;
#4240 = FACE_OUTER_BOUND ( 'NONE', #6765, .T. ) ;
#4241 = CARTESIAN_POINT ( 'NONE',  ( -1.350000000000000311, 0.2000000000000000111, 1.325000000000000178 ) ) ;
#4242 = CARTESIAN_POINT ( 'NONE',  ( 1.350000000000000089, 0.04999999999999999584, 1.375000000000000444 ) ) ;
#4243 = DIRECTION ( 'NONE',  ( 0.000000000000000000, 0.000000000000000000, -1.000000000000000000 ) ) ;
#4244 = FILL_AREA_STYLE_COLOUR ( '', #5405 ) ;
#4245 = ORIENTED_EDGE ( 'NONE', *, *, #3730, .F. ) ;
#4246 = ORIENTED_EDGE ( 'NONE', *, *, #1742, .F. ) ;
#4247 = EDGE_LOOP ( 'NONE', ( #2311, #7454, #7703, #2479 ) ) ;
#4248 = FACE_OUTER_BOUND ( 'NONE', #1917, .T. ) ;
#4249 = EDGE_CURVE ( 'NONE', #2166, #5091, #5345, .T. ) ;
#4250 = MECHANICAL_DESIGN_GEOMETRIC_PRESENTATION_REPRESENTATION (  '', ( #3496 ), #5287 ) ;
#4251 = DIRECTION ( 'NONE',  ( 0.000000000000000000, 0.000000000000000000, -1.000000000000000000 ) ) ;
#4252 = ORIENTED_EDGE ( 'NONE', *, *, #7131, .F. ) ;
#4253 = ORIENTED_EDGE ( 'NONE', *, *, #3901, .T. ) ;
#4254 = DIRECTION ( 'NONE',  ( 0.000000000000000000, 0.000000000000000000, 1.000000000000000000 ) ) ;
#4255 = ORIENTED_EDGE ( 'NONE', *, *, #7318, .T. ) ;
#4256 = VECTOR ( 'NONE', #7458, 1000.000000000000000 ) ;
#4257 = CARTESIAN_POINT ( 'NONE',  ( 1.150000000000000355, 0.2000000000000000111, -0.1249999999999998890 ) ) ;
#4258 = DIRECTION ( 'NONE',  ( -0.000000000000000000, -1.000000000000000000, -0.000000000000000000 ) ) ;
#4259 = EDGE_CURVE ( 'NONE', #2571, #7802, #3070, .T. ) ;
#4260 = DIRECTION ( 'NONE',  ( -0.000000000000000000, -1.000000000000000000, -0.000000000000000000 ) ) ;
#4261 = VECTOR ( 'NONE', #1445, 1000.000000000000000 ) ;
#4262 = CARTESIAN_POINT ( 'NONE',  ( 1.350000000000000089, 0.5905124837953331651, -1.324999999999999956 ) ) ;
#4263 = AXIS2_PLACEMENT_3D ( 'NONE', #7192, #7787, #1797 ) ;
#4264 = DIRECTION ( 'NONE',  ( -1.000000000000000000, 0.000000000000000000, 0.000000000000000000 ) ) ;
#4265 = DIRECTION ( 'NONE',  ( 1.000000000000000000, -0.000000000000000000, 1.445602896647346016E-15 ) ) ;
#4266 = ORIENTED_EDGE ( 'NONE', *, *, #1659, .T. ) ;
#4267 = ORIENTED_EDGE ( 'NONE', *, *, #7646, .F. ) ;
#4268 = LINE ( 'NONE', #5064, #6986 ) ;
#4269 = EDGE_LOOP ( 'NONE', ( #1095, #4656, #4821, #3660 ) ) ;
#4270 =( NAMED_UNIT ( * ) SI_UNIT ( $, .STERADIAN. ) SOLID_ANGLE_UNIT ( ) );
#4271 = PLANE ( 'NONE',  #6715 ) ;
#4272 = DIRECTION ( 'NONE',  ( 0.000000000000000000, -0.000000000000000000, 1.000000000000000000 ) ) ;
#4273 = CARTESIAN_POINT ( 'NONE',  ( -1.350000000000000311, 0.5905124837953331651, -1.174999999999999822 ) ) ;
#4274 = FACE_OUTER_BOUND ( 'NONE', #1179, .T. ) ;
#4275 = EDGE_CURVE ( 'NONE', #49, #6902, #227, .T. ) ;
#4276 = ORIENTED_EDGE ( 'NONE', *, *, #5018, .T. ) ;
#4277 = CARTESIAN_POINT ( 'NONE',  ( -1.399999999999999911, 0.2000000000000000111, 0.1750000000000004607 ) ) ;
#4278 = ORIENTED_EDGE ( 'NONE', *, *, #6072, .T. ) ;
#4279 = VECTOR ( 'NONE', #6685, 1000.000000000000000 ) ;
#4280 = DIRECTION ( 'NONE',  ( -1.445602896647346214E-15, -0.000000000000000000, 1.000000000000000000 ) ) ;
#4281 = ORIENTED_EDGE ( 'NONE', *, *, #5196, .T. ) ;
#4282 = EDGE_CURVE ( 'NONE', #3017, #3685, #5515, .T. ) ;
#4284 = ORIENTED_EDGE ( 'NONE', *, *, #4683, .F. ) ;
#4283 = FACE_OUTER_BOUND ( 'NONE', #4669, .T. ) ;
#4285 = ADVANCED_FACE ( 'NONE', ( #474 ), #3412, .F. ) ;
#4286 = EDGE_CURVE ( 'NONE', #1368, #1358, #5395, .T. ) ;
#4287 = DIRECTION ( 'NONE',  ( -0.000000000000000000, 0.000000000000000000, 1.000000000000000000 ) ) ;
#4288 = CYLINDRICAL_SURFACE ( 'NONE', #518, 0.04999999999999991257 ) ;
#4289 = DIRECTION ( 'NONE',  ( 0.000000000000000000, -1.000000000000000000, 0.000000000000000000 ) ) ;
#4290 = DIRECTION ( 'NONE',  ( 0.000000000000000000, 1.000000000000000000, 0.000000000000000000 ) ) ;
#4291 = CARTESIAN_POINT ( 'NONE',  ( 1.499999999999999556, 0.05000000000000000278, -1.500000000000000222 ) ) ;
#4292 = SURFACE_SIDE_STYLE ('',( #5472 ) ) ;
#4293 = VERTEX_POINT ( 'NONE', #1769 ) ;
#4294 = DIRECTION ( 'NONE',  ( -1.000000000000000000, 0.000000000000000000, 0.000000000000000000 ) ) ;
#4295 = EDGE_LOOP ( 'NONE', ( #2343, #4641, #5927, #1945 ) ) ;
#4296 = CIRCLE ( 'NONE', #1437, 0.04999999999999991257 ) ;
#4297 = EDGE_CURVE ( 'NONE', #2135, #824, #343, .T. ) ;
#4298 = ORIENTED_EDGE ( 'NONE', *, *, #2307, .T. ) ;
#4300 = VERTEX_POINT ( 'NONE', #4763 ) ;
#4299 = FACE_OUTER_BOUND ( 'NONE', #6404, .T. ) ;
#4301 = EDGE_CURVE ( 'NONE', #4234, #2501, #2754, .T. ) ;
#4302 = EDGE_CURVE ( 'NONE', #646, #1402, #211, .T. ) ;
#4303 = ADVANCED_FACE ( 'NONE', ( #2925 ), #2940, .F. ) ;
#4304 = PLANE ( 'NONE',  #665 ) ;
#4305 = CIRCLE ( 'NONE', #6169, 0.04999999999999991257 ) ;
#4306 = AXIS2_PLACEMENT_3D ( 'NONE', #7412, #191, #894 ) ;
#4307 = AXIS2_PLACEMENT_3D ( 'NONE', #7024, #7682, #1097 ) ;
#4308 = ORIENTED_EDGE ( 'NONE', *, *, #3967, .F. ) ;
#4309 = VERTEX_POINT ( 'NONE', #2431 ) ;
#4310 = CARTESIAN_POINT ( 'NONE',  ( -1.149999999999999911, 0.5905124837953331651, 0.6750000000000000444 ) ) ;
#4311 = ORIENTED_EDGE ( 'NONE', *, *, #185, .T. ) ;
#4313 = ORIENTED_EDGE ( 'NONE', *, *, #4561, .F. ) ;
#4312 = VECTOR ( 'NONE', #5827, 1000.000000000000000 ) ;
#4314 = DIRECTION ( 'NONE',  ( 0.000000000000000000, -1.000000000000000000, 0.000000000000000000 ) ) ;
#4315 = DIRECTION ( 'NONE',  ( 0.000000000000000000, 1.000000000000000000, 0.000000000000000000 ) ) ;
#4316 = EDGE_CURVE ( 'NONE', #668, #1359, #2966, .T. ) ;
#4317 = FACE_OUTER_BOUND ( 'NONE', #1706, .T. ) ;
#4318 = CARTESIAN_POINT ( 'NONE',  ( 1.100000000000000089, 0.05000000000000000278, 1.500000000000000000 ) ) ;
#4319 = DIRECTION ( 'NONE',  ( -1.000000000000000000, 0.000000000000000000, 0.000000000000000000 ) ) ;
#4320 = AXIS2_PLACEMENT_3D ( 'NONE', #5406, #1025, #1618 ) ;
#4321 = CARTESIAN_POINT ( 'NONE',  ( -1.100000000000000089, 0.2000000000000000111, 0.3249999999999997891 ) ) ;
#4322 = ORIENTED_EDGE ( 'NONE', *, *, #3155, .F. ) ;
#4323 = ORIENTED_EDGE ( 'NONE', *, *, #4275, .T. ) ;
#4324 = LINE ( 'NONE', #3572, #7016 ) ;
#4325 = ORIENTED_EDGE ( 'NONE', *, *, #6492, .F. ) ;
#4326 = DIRECTION ( 'NONE',  ( 0.000000000000000000, 0.000000000000000000, 1.000000000000000000 ) ) ;
#4328 = VERTEX_POINT ( 'NONE', #2533 ) ;
#4327 = VECTOR ( 'NONE', #7335, 1000.000000000000000 ) ;
#4329 = CARTESIAN_POINT ( 'NONE',  ( 1.149999999999999911, 0.2000000000000000111, 0.6750000000000000444 ) ) ;
#4330 = CARTESIAN_POINT ( 'NONE',  ( -1.500000000000000444, 0.5999999999999998668, -1.499999999999999334 ) ) ;
#4331 = DIRECTION ( 'NONE',  ( -0.000000000000000000, -1.000000000000000000, -0.000000000000000000 ) ) ;
#4332 = LINE ( 'NONE', #3035, #1517 ) ;
#4333 = EDGE_CURVE ( 'NONE', #299, #4719, #2767, .T. ) ;
#4334 = ORIENTED_EDGE ( 'NONE', *, *, #3299, .F. ) ;
#4335 = DIRECTION ( 'NONE',  ( 0.000000000000000000, 0.000000000000000000, 1.000000000000000000 ) ) ;
#4336 = EDGE_LOOP ( 'NONE', ( #7340, #6089, #2095, #7149 ) ) ;
#4337 = AXIS2_PLACEMENT_3D ( 'NONE', #6881, #7422, #4898 ) ;
#4338 = CARTESIAN_POINT ( 'NONE',  ( -1.400000000000000133, 0.000000000000000000, 1.324999999999999734 ) ) ;
#4339 = ORIENTED_EDGE ( 'NONE', *, *, #5901, .T. ) ;
#4341 = ORIENTED_EDGE ( 'NONE', *, *, #2265, .T. ) ;
#4340 = LINE ( 'NONE', #387, #1613 ) ;
#4342 = CARTESIAN_POINT ( 'NONE',  ( 1.100000000000000089, 0.1999999999999999833, 0.3249999999999997891 ) ) ;
#4343 = DIRECTION ( 'NONE',  ( 1.000000000000000000, -0.000000000000000000, -0.000000000000000000 ) ) ;
#4344 = DIRECTION ( 'NONE',  ( 1.000000000000000000, 0.000000000000000000, 0.000000000000000000 ) ) ;
#4345 = CARTESIAN_POINT ( 'NONE',  ( -1.399999999999999911, 0.2000000000000000111, -1.324999999999999512 ) ) ;
#4346 = CARTESIAN_POINT ( 'NONE',  ( -1.150000000000000355, 0.2000000000000000111, -1.125000000000000000 ) ) ;
#4347 = DIRECTION ( 'NONE',  ( -0.000000000000000000, -1.000000000000000000, 0.000000000000000000 ) ) ;
#4348 = EDGE_CURVE ( 'NONE', #6622, #1174, #5370, .T. ) ;
#4349 = CARTESIAN_POINT ( 'NONE',  ( -1.350000000000000089, 0.000000000000000000, 1.375000000000000222 ) ) ;
#4350 = ORIENTED_EDGE ( 'NONE', *, *, #7800, .F. ) ;
#4351 = DIRECTION ( 'NONE',  ( 0.000000000000000000, 0.000000000000000000, 1.000000000000000000 ) ) ;
#4352 = EDGE_LOOP ( 'NONE', ( #2800, #1952, #581, #7032 ) ) ;
#4353 = CYLINDRICAL_SURFACE ( 'NONE', #7173, 0.05000000000000012768 ) ;
#4354 = ORIENTED_EDGE ( 'NONE', *, *, #3735, .F. ) ;
#4355 = AXIS2_PLACEMENT_3D ( 'NONE', #4677, #4055, #5305 ) ;
#4357 = VERTEX_POINT ( 'NONE', #3110 ) ;
#4356 = LINE ( 'NONE', #2, #6947 ) ;
#4358 = ADVANCED_FACE ( 'NONE', ( #175 ), #5338, .F. ) ;
#4359 = CARTESIAN_POINT ( 'NONE',  ( -1.399999999999999911, 0.5905124837953331651, 0.1750000000000004607 ) ) ;
#4360 = DIRECTION ( 'NONE',  ( 0.000000000000000000, 0.000000000000000000, -1.000000000000000000 ) ) ;
#4361 = VECTOR ( 'NONE', #3538, 1000.000000000000000 ) ;
#4362 = EDGE_LOOP ( 'NONE', ( #5368, #1873, #4619, #7293, #5570, #5761, #2100, #1916 ) ) ;
#4363 = VERTEX_POINT ( 'NONE', #1883 ) ;
#4364 = FACE_OUTER_BOUND ( 'NONE', #7734, .T. ) ;
#4365 = CARTESIAN_POINT ( 'NONE',  ( 1.400000000000000133, 0.1999999999999999833, -0.8249999999999997335 ) ) ;
#4366 = EDGE_CURVE ( 'NONE', #5723, #2850, #5461, .T. ) ;
#4367 = EDGE_LOOP ( 'NONE', ( #6342, #6012, #6529, #6360 ) ) ;
#4369 = VERTEX_POINT ( 'NONE', #1248 ) ;
#4368 = FACE_OUTER_BOUND ( 'NONE', #4447, .T. ) ;
#4370 = CARTESIAN_POINT ( 'NONE',  ( 1.349999999999999645, 0.2000000000000000111, -0.8749999999999998890 ) ) ;
#4371 = AXIS2_PLACEMENT_3D ( 'NONE', #6806, #3816, #6900 ) ;
#4372 = DIRECTION ( 'NONE',  ( 1.548860246407863336E-16, 0.000000000000000000, -1.000000000000000000 ) ) ;
#4373 = ADVANCED_FACE ( 'NONE', ( #318 ), #5920, .F. ) ;
#4374 = VECTOR ( 'NONE', #4966, 1000.000000000000000 ) ;
#4375 = DIRECTION ( 'NONE',  ( 0.000000000000000000, 0.000000000000000000, -1.000000000000000000 ) ) ;
#4376 = DIRECTION ( 'NONE',  ( 0.000000000000000000, 0.000000000000000000, 1.000000000000000000 ) ) ;
#4377 = CARTESIAN_POINT ( 'NONE',  ( 1.150000000000000355, 0.2000000000000000111, 0.3750000000000001110 ) ) ;
#4378 = VERTEX_POINT ( 'NONE', #7165 ) ;
#4379 = ORIENTED_EDGE ( 'NONE', *, *, #4939, .T. ) ;
#4380 = LINE ( 'NONE', #6147, #1819 ) ;
#4381 = ORIENTED_EDGE ( 'NONE', *, *, #2410, .F. ) ;
#4382 = DIRECTION ( 'NONE',  ( -0.000000000000000000, -1.000000000000000000, -0.000000000000000000 ) ) ;
#4384 = ORIENTED_EDGE ( 'NONE', *, *, #59, .F. ) ;
#4383 = LINE ( 'NONE', #5330, #6974 ) ;
#4385 = CARTESIAN_POINT ( 'NONE',  ( 1.400000000000000355, 0.1999999999999999833, -0.6750000000000002665 ) ) ;
#4386 = EDGE_CURVE ( 'NONE', #3285, #6848, #586, .T. ) ;
#4387 = CARTESIAN_POINT ( 'NONE',  ( -1.399999999999999911, 0.000000000000000000, 0.6750000000000004885 ) ) ;
#4388 = CIRCLE ( 'NONE', #3446, 0.04999999999999991257 ) ;
#4389 = EDGE_CURVE ( 'NONE', #7690, #1210, #5834, .T. ) ;
#4390 = ORIENTED_EDGE ( 'NONE', *, *, #7661, .F. ) ;
#4391 = ORIENTED_EDGE ( 'NONE', *, *, #7154, .T. ) ;
#4392 = DIRECTION ( 'NONE',  ( -1.445602896647346016E-15, 0.000000000000000000, 1.000000000000000000 ) ) ;
#4393 = ORIENTED_EDGE ( 'NONE', *, *, #3776, .F. ) ;
#4394 = ORIENTED_EDGE ( 'NONE', *, *, #4700, .T. ) ;
#4396 = ORIENTED_EDGE ( 'NONE', *, *, #5149, .T. ) ;
#4395 = CYLINDRICAL_SURFACE ( 'NONE', #6357, 0.04999999999999991257 ) ;
#4397 = CARTESIAN_POINT ( 'NONE',  ( 1.150000000000000355, 0.2000000000000000111, 0.8750000000000001110 ) ) ;
#4398 = LINE ( 'NONE', #676, #1828 ) ;
#4399 = CARTESIAN_POINT ( 'NONE',  ( 1.150000000000000355, 0.5905124837953331651, -0.1249999999999998890 ) ) ;
#4400 = CARTESIAN_POINT ( 'NONE',  ( -1.500000000000000444, 0.5999999999999998668, -1.499999999999999334 ) ) ;
#4401 = CARTESIAN_POINT ( 'NONE',  ( -1.149999999999999911, 0.2000000000000000111, -0.8249999999999999556 ) ) ;
#4402 = ORIENTED_EDGE ( 'NONE', *, *, #4601, .T. ) ;
#4403 = EDGE_LOOP ( 'NONE', ( #4617, #6368, #7106, #4588 ) ) ;
#4404 = ORIENTED_EDGE ( 'NONE', *, *, #2801, .F. ) ;
#4405 = EDGE_CURVE ( 'NONE', #1007, #5427, #3240, .T. ) ;
#4406 = EDGE_LOOP ( 'NONE', ( #6586, #3856, #7022, #6429 ) ) ;
#4408 = VERTEX_POINT ( 'NONE', #3635 ) ;
#4407 = LINE ( 'NONE', #6041, #1823 ) ;
#4409 = AXIS2_PLACEMENT_3D ( 'NONE', #6979, #7598, #6338 ) ;
#4410 = CARTESIAN_POINT ( 'NONE',  ( 1.100000000000000089, 0.5905124837953331651, 1.175000000000000488 ) ) ;
#4411 = CARTESIAN_POINT ( 'NONE',  ( 1.400000000000000133, 0.2000000000000000111, 0.6750000000000002665 ) ) ;
#4412 = VECTOR ( 'NONE', #2133, 1000.000000000000000 ) ;
#4413 = UNCERTAINTY_MEASURE_WITH_UNIT (LENGTH_MEASURE( 1.000000000000000082E-05 ), #7718, 'distance_accuracy_value', 'NONE');
#4414 = EDGE_LOOP ( 'NONE', ( #5758, #4930, #2303, #2483 ) ) ;
#4415 = ORIENTED_EDGE ( 'NONE', *, *, #5337, .T. ) ;
#4416 = ORIENTED_EDGE ( 'NONE', *, *, #4032, .F. ) ;
#4417 = DIRECTION ( 'NONE',  ( -0.000000000000000000, -1.000000000000000000, -0.000000000000000000 ) ) ;
#4418 = VERTEX_POINT ( 'NONE', #4863 ) ;
#4419 = DIRECTION ( 'NONE',  ( 0.000000000000000000, 0.000000000000000000, -1.000000000000000000 ) ) ;
#4421 = ORIENTED_EDGE ( 'NONE', *, *, #4456, .T. ) ;
#4420 = LINE ( 'NONE', #2318, #4537 ) ;
#4422 = EDGE_CURVE ( 'NONE', #2654, #854, #722, .T. ) ;
#4423 = ADVANCED_FACE ( 'NONE', ( #558 ), #612, .T. ) ;
#4424 =( LENGTH_UNIT ( ) NAMED_UNIT ( * ) SI_UNIT ( .MILLI., .METRE. ) );
#4425 = CARTESIAN_POINT ( 'NONE',  ( 1.350000000000000089, 0.2000000000000000111, -1.324999999999999956 ) ) ;
#4426 = AXIS2_PLACEMENT_3D ( 'NONE', #3267, #5719, #2103 ) ;
#4427 = VECTOR ( 'NONE', #4106, 1000.000000000000000 ) ;
#4428 = DIRECTION ( 'NONE',  ( -0.000000000000000000, -1.000000000000000000, -0.000000000000000000 ) ) ;
#4429 = DIRECTION ( 'NONE',  ( -1.000000000000000000, 0.000000000000000000, -0.000000000000000000 ) ) ;
#4430 = DIRECTION ( 'NONE',  ( -1.000000000000000000, 0.000000000000000000, -1.548860246407863336E-16 ) ) ;
#4431 = ORIENTED_EDGE ( 'NONE', *, *, #6005, .T. ) ;
#4432 = VERTEX_POINT ( 'NONE', #2480 ) ;
#4433 = ORIENTED_EDGE ( 'NONE', *, *, #4236, .F. ) ;
#4434 = ORIENTED_EDGE ( 'NONE', *, *, #2010, .T. ) ;
#4435 = DIRECTION ( 'NONE',  ( -1.000000000000000000, 0.000000000000000000, 2.891205793294678326E-16 ) ) ;
#4437 = EDGE_LOOP ( 'NONE', ( #5638, #5237, #3817, #1534 ) ) ;
#4436 = FACE_OUTER_BOUND ( 'NONE', #2746, .T. ) ;
#4438 = ADVANCED_FACE ( 'NONE', ( #3151 ), #102, .F. ) ;
#4439 = EDGE_CURVE ( 'NONE', #880, #209, #3166, .T. ) ;
#4440 = CARTESIAN_POINT ( 'NONE',  ( -1.400000000000001910, 0.05000000000000000278, 1.499999999999997780 ) ) ;
#4441 = DIRECTION ( 'NONE',  ( 0.000000000000000000, 1.000000000000000000, 0.000000000000000000 ) ) ;
#4442 = ADVANCED_FACE ( 'NONE', ( #5754 ), #267, .F. ) ;
#4443 = AXIS2_PLACEMENT_3D ( 'NONE', #877, #1484, #3329 ) ;
#4444 = PLANE ( 'NONE',  #5614 ) ;
#4445 = LINE ( 'NONE', #5661, #7211 ) ;
#4446 = ORIENTED_EDGE ( 'NONE', *, *, #5296, .T. ) ;
#4447 = EDGE_LOOP ( 'NONE', ( #1558, #3126, #6738, #3109 ) ) ;
#4448 = CARTESIAN_POINT ( 'NONE',  ( -1.100000000000000089, 0.2000000000000000111, 0.3249999999999997891 ) ) ;
#4449 = ORIENTED_EDGE ( 'NONE', *, *, #7603, .T. ) ;
#4450 = CIRCLE ( 'NONE', #2835, 0.04999999999999991257 ) ;
#4451 = ORIENTED_EDGE ( 'NONE', *, *, #1238, .F. ) ;
#4453 = ORIENTED_EDGE ( 'NONE', *, *, #1400, .F. ) ;
#4452 = LINE ( 'NONE', #6245, #7007 ) ;
#4454 = PLANE ( 'NONE',  #5120 ) ;
#4455 = CARTESIAN_POINT ( 'NONE',  ( -1.350000000000000089, 0.04999999999999999584, 0.3750000000000001110 ) ) ;
#4456 = EDGE_CURVE ( 'NONE', #5408, #3128, #5863, .T. ) ;
#4457 = LINE ( 'NONE', #2460, #4639 ) ;
#4459 = CARTESIAN_POINT ( 'NONE',  ( 1.100000000000000089, 0.2000000000000000111, -1.175000000000000266 ) ) ;
#4458 = AXIS2_PLACEMENT_3D ( 'NONE', #3903, #2092, #745 ) ;
#4460 = DIRECTION ( 'NONE',  ( 0.000000000000000000, 1.000000000000000000, 0.000000000000000000 ) ) ;
#4461 = VERTEX_POINT ( 'NONE', #5004 ) ;
#4462 = CARTESIAN_POINT ( 'NONE',  ( -1.350000000000000089, 0.1999999999999999833, 0.3750000000000001110 ) ) ;
#4463 = ORIENTED_EDGE ( 'NONE', *, *, #7154, .F. ) ;
#4464 = VERTEX_POINT ( 'NONE', #210 ) ;
#4465 = LINE ( 'NONE', #7208, #4279 ) ;
#4466 = EDGE_LOOP ( 'NONE', ( #822, #1958, #1835, #4434 ) ) ;
#4468 = EDGE_LOOP ( 'NONE', ( #5177, #956, #4253, #5999 ) ) ;
#4467 = LINE ( 'NONE', #637, #1974 ) ;
#4469 = DIRECTION ( 'NONE',  ( 0.000000000000000000, -1.000000000000000000, 0.000000000000000000 ) ) ;
#4470 = DIRECTION ( 'NONE',  ( 0.000000000000000000, -1.000000000000000000, 0.000000000000000000 ) ) ;
#4471 = LINE ( 'NONE', #4798, #1843 ) ;
#4472 = AXIS2_PLACEMENT_3D ( 'NONE', #6043, #2999, #3745 ) ;
#4473 = EDGE_LOOP ( 'NONE', ( #1555, #6407, #6886, #1779 ) ) ;
#4474 = ORIENTED_EDGE ( 'NONE', *, *, #1525, .F. ) ;
#4475 = ORIENTED_EDGE ( 'NONE', *, *, #4968, .T. ) ;
#4476 = CARTESIAN_POINT ( 'NONE',  ( 0.6999999999999996225, 3.109037641557771181, 1.274999999999999689 ) ) ;
#4477 = ORIENTED_EDGE ( 'NONE', *, *, #6450, .F. ) ;
#4479 = ORIENTED_EDGE ( 'NONE', *, *, #5117, .F. ) ;
#4478 = VECTOR ( 'NONE', #3575, 1000.000000000000000 ) ;
#4480 = DIRECTION ( 'NONE',  ( 0.000000000000000000, -1.000000000000000000, 0.000000000000000000 ) ) ;
#4481 = DIRECTION ( 'NONE',  ( 0.000000000000000000, 1.000000000000000000, 0.000000000000000000 ) ) ;
#4482 = DIRECTION ( 'NONE',  ( 0.000000000000000000, 0.000000000000000000, 1.000000000000000000 ) ) ;
#4483 = LINE ( 'NONE', #2258, #1965 ) ;
#4484 = CARTESIAN_POINT ( 'NONE',  ( -1.350000000000000089, 0.2000000000000000111, 0.1750000000000000167 ) ) ;
#4485 = DIRECTION ( 'NONE',  ( 0.000000000000000000, -1.000000000000000000, 0.000000000000000000 ) ) ;
#4486 = CARTESIAN_POINT ( 'NONE',  ( 1.150000000000000355, 0.2000000000000000111, -0.3749999999999998890 ) ) ;
#4487 = ORIENTED_EDGE ( 'NONE', *, *, #4827, .F. ) ;
#4488 = VERTEX_POINT ( 'NONE', #6198 ) ;
#4489 = ORIENTED_EDGE ( 'NONE', *, *, #252, .F. ) ;
#4490 = CIRCLE ( 'NONE', #207, 0.04999999999999991257 ) ;
#4491 = EDGE_CURVE ( 'NONE', #3983, #2351, #5703, .T. ) ;
#4492 = ORIENTED_EDGE ( 'NONE', *, *, #392, .T. ) ;
#4493 = DIRECTION ( 'NONE',  ( -0.000000000000000000, -1.000000000000000000, 0.000000000000000000 ) ) ;
#4494 = ORIENTED_EDGE ( 'NONE', *, *, #1455, .F. ) ;
#4495 = EDGE_CURVE ( 'NONE', #2228, #2286, #5924, .T. ) ;
#4496 = ADVANCED_FACE ( 'NONE', ( #574 ), #7569, .F. ) ;
#4497 = DIRECTION ( 'NONE',  ( -0.000000000000000000, -1.000000000000000000, -0.000000000000000000 ) ) ;
#4498 = EDGE_CURVE ( 'NONE', #7188, #3197, #519, .T. ) ;
#4499 = DIRECTION ( 'NONE',  ( 0.000000000000000000, 0.000000000000000000, 1.000000000000000000 ) ) ;
#4500 = DIRECTION ( 'NONE',  ( 0.000000000000000000, 0.000000000000000000, -1.000000000000000000 ) ) ;
#4501 = LINE ( 'NONE', #3502, #2063 ) ;
#4502 = AXIS2_PLACEMENT_3D ( 'NONE', #1501, #3941, #6119 ) ;
#4503 = ADVANCED_FACE ( 'NONE', ( #3319 ), #6843, .F. ) ;
#4504 = AXIS2_PLACEMENT_3D ( 'NONE', #3500, #6006, #1630 ) ;
#4505 = EDGE_LOOP ( 'NONE', ( #1997, #4732, #7109, #7419 ) ) ;
#4506 = EDGE_LOOP ( 'NONE', ( #7310, #4625, #6344, #3708 ) ) ;
#4507 = CARTESIAN_POINT ( 'NONE',  ( -1.350000000000000089, 0.000000000000000000, 0.8750000000000001110 ) ) ;
#4508 = ORIENTED_EDGE ( 'NONE', *, *, #5235, .F. ) ;
#4509 = CIRCLE ( 'NONE', #3980, 0.04999999999999991257 ) ;
#4510 = EDGE_LOOP ( 'NONE', ( #261, #3789, #5987, #4322 ) ) ;
#4512 = ORIENTED_EDGE ( 'NONE', *, *, #2601, .F. ) ;
#4511 = LINE ( 'NONE', #6733, #2058 ) ;
#4513 = DIRECTION ( 'NONE',  ( -1.700709290173340656E-16, 0.000000000000000000, 1.000000000000000000 ) ) ;
#4514 = ADVANCED_FACE ( 'NONE', ( #709 ), #678, .F. ) ;
#4515 = EDGE_CURVE ( 'NONE', #3887, #7215, #3257, .T. ) ;
#4516 = LINE ( 'NONE', #6869, #7253 ) ;
#4517 = AXIS2_PLACEMENT_3D ( 'NONE', #4129, #4595, #7054 ) ;
#4518 = CARTESIAN_POINT ( 'NONE',  ( -1.350000000000000311, 0.000000000000000000, -0.6749999999999998224 ) ) ;
#4519 = ORIENTED_EDGE ( 'NONE', *, *, #3944, .T. ) ;
#4520 = DIRECTION ( 'NONE',  ( 0.000000000000000000, 1.000000000000000000, 0.000000000000000000 ) ) ;
#4521 = EDGE_LOOP ( 'NONE', ( #4184, #5931, #3631, #766 ) ) ;
#4522 = VECTOR ( 'NONE', #1280, 1000.000000000000000 ) ;
#4523 = CARTESIAN_POINT ( 'NONE',  ( 1.149999999999999911, 0.2000000000000000111, 0.6750000000000000444 ) ) ;
#4524 = ORIENTED_EDGE ( 'NONE', *, *, #5331, .F. ) ;
#4526 = VERTEX_POINT ( 'NONE', #4448 ) ;
#4525 = VECTOR ( 'NONE', #3259, 1000.000000000000000 ) ;
#4527 = DIRECTION ( 'NONE',  ( 0.000000000000000000, -1.000000000000000000, 0.000000000000000000 ) ) ;
#4528 = DIRECTION ( 'NONE',  ( 0.000000000000000000, 1.000000000000000000, 0.000000000000000000 ) ) ;
#4529 = EDGE_CURVE ( 'NONE', #6080, #5028, #3308, .T. ) ;
#4530 = ORIENTED_EDGE ( 'NONE', *, *, #6125, .F. ) ;
#4531 = EDGE_LOOP ( 'NONE', ( #1677, #4334, #940, #246 ) ) ;
#4532 = LINE ( 'NONE', #3241, #7136 ) ;
#4534 = DIRECTION ( 'NONE',  ( 1.700709290173340656E-16, 0.000000000000000000, -1.000000000000000000 ) ) ;
#4533 = AXIS2_PLACEMENT_3D ( 'NONE', #4262, #679, #5477 ) ;
#4535 = VERTEX_POINT ( 'NONE', #6950 ) ;
#4536 = PLANE ( 'NONE',  #2310 ) ;
#4538 = VERTEX_POINT ( 'NONE', #6364 ) ;
#4537 = VECTOR ( 'NONE', #2371, 1000.000000000000000 ) ;
#4539 = PLANE ( 'NONE',  #7607 ) ;
#4540 = CARTESIAN_POINT ( 'NONE',  ( -1.349999999999999645, 0.2000000000000000111, 1.125000000000000222 ) ) ;
#4541 = CIRCLE ( 'NONE', #4306, 0.04999999999999991257 ) ;
#4542 = CARTESIAN_POINT ( 'NONE',  ( -1.349999999999999645, 0.04999999999999999584, -0.3749999999999998890 ) ) ;
#4543 = CARTESIAN_POINT ( 'NONE',  ( -1.399999999999999911, 0.000000000000000000, 0.1750000000000004607 ) ) ;
#4544 = EDGE_CURVE ( 'NONE', #7593, #6556, #546, .T. ) ;
#4545 = DIRECTION ( 'NONE',  ( 1.445602896647344044E-15, 0.000000000000000000, 1.000000000000000000 ) ) ;
#4546 = ORIENTED_EDGE ( 'NONE', *, *, #4871, .F. ) ;
#4547 = EDGE_LOOP ( 'NONE', ( #6356, #1306, #920, #150 ) ) ;
#4548 = VECTOR ( 'NONE', #3714, 1000.000000000000000 ) ;
#4549 = ORIENTED_EDGE ( 'NONE', *, *, #1814, .F. ) ;
#4550 = DIRECTION ( 'NONE',  ( 7.228014483236695816E-17, 0.000000000000000000, 1.000000000000000000 ) ) ;
#4551 = AXIS2_PLACEMENT_3D ( 'NONE', #1364, #4360, #2451 ) ;
#4553 = VERTEX_POINT ( 'NONE', #4507 ) ;
#4552 = FACE_OUTER_BOUND ( 'NONE', #6953, .T. ) ;
#4554 = FILL_AREA_STYLE ('',( #205 ) ) ;
#4555 = CARTESIAN_POINT ( 'NONE',  ( -1.350000000000000311, 0.2000000000000000111, 0.3250000000000001776 ) ) ;
#4556 = CIRCLE ( 'NONE', #7692, 0.05000000000000002359 ) ;
#4557 = VERTEX_POINT ( 'NONE', #918 ) ;
#4558 = VERTEX_POINT ( 'NONE', #5058 ) ;
#4559 = DIRECTION ( 'NONE',  ( 0.000000000000000000, 0.000000000000000000, 1.000000000000000000 ) ) ;
#4560 = VECTOR ( 'NONE', #7411, 1000.000000000000000 ) ;
#4561 = EDGE_CURVE ( 'NONE', #464, #2072, #3192, .T. ) ;
#4562 = ORIENTED_EDGE ( 'NONE', *, *, #3170, .F. ) ;
#4563 = ORIENTED_EDGE ( 'NONE', *, *, #7493, .F. ) ;
#4564 = ADVANCED_FACE ( 'NONE', ( #764 ), #694, .F. ) ;
#4565 = STYLED_ITEM ( 'NONE', ( #708 ), #1939 ) ;
#4566 = FACE_OUTER_BOUND ( 'NONE', #399, .T. ) ;
#4567 = CARTESIAN_POINT ( 'NONE',  ( 1.100000000000000089, 0.04999999999999999584, -0.6750000000000002665 ) ) ;
#4568 = ADVANCED_FACE ( 'NONE', ( #5939 ), #3229, .T. ) ;
#4569 = CARTESIAN_POINT ( 'NONE',  ( 1.500000000000000000, 0.05000000000000000278, 1.500000000000000000 ) ) ;
#4570 = PLANE ( 'NONE',  #3071 ) ;
#4571 = VERTEX_POINT ( 'NONE', #2152 ) ;
#4572 = CARTESIAN_POINT ( 'NONE',  ( 1.350000000000000089, 0.5905124837953331651, -0.1249999999999996808 ) ) ;
#4573 = ORIENTED_EDGE ( 'NONE', *, *, #512, .T. ) ;
#4574 = ORIENTED_EDGE ( 'NONE', *, *, #3762, .T. ) ;
#4575 = DIRECTION ( 'NONE',  ( 1.000000000000000000, 0.000000000000000000, -0.000000000000000000 ) ) ;
#4577 = EDGE_LOOP ( 'NONE', ( #4098, #2349, #7781, #6679 ) ) ;
#4576 = CIRCLE ( 'NONE', #2677, 0.05000000000000002359 ) ;
#4578 = EDGE_CURVE ( 'NONE', #3710, #1037, #5729, .T. ) ;
#4579 = CARTESIAN_POINT ( 'NONE',  ( 1.400000000000000355, 0.2000000000000000111, -1.175000000000000266 ) ) ;
#4580 = AXIS2_PLACEMENT_3D ( 'NONE', #3239, #3987, #1456 ) ;
#4581 = CARTESIAN_POINT ( 'NONE',  ( 1.100000000000000089, 0.2000000000000000111, 1.175000000000000488 ) ) ;
#4582 = ADVANCED_FACE ( 'NONE', ( #600 ), #3213, .T. ) ;
#4583 = LINE ( 'NONE', #1969, #7282 ) ;
#4584 = EDGE_CURVE ( 'NONE', #3692, #6850, #641, .T. ) ;
#4585 = CLOSED_SHELL ( 'NONE', ( #7283, #1793, #2126, #2672 ) ) ;
#4586 = ORIENTED_EDGE ( 'NONE', *, *, #4737, .T. ) ;
#4587 = DIRECTION ( 'NONE',  ( 0.000000000000000000, 0.000000000000000000, 1.000000000000000000 ) ) ;
#4588 = ORIENTED_EDGE ( 'NONE', *, *, #1256, .T. ) ;
#4589 = DIRECTION ( 'NONE',  ( 0.000000000000000000, -1.000000000000000000, 0.000000000000000000 ) ) ;
#4590 = ORIENTED_EDGE ( 'NONE', *, *, #7074, .T. ) ;
#4591 = CARTESIAN_POINT ( 'NONE',  ( -1.350000000000000089, 0.5905124837953331651, 0.3750000000000001110 ) ) ;
#4592 = EDGE_CURVE ( 'NONE', #4719, #4919, #3269, .T. ) ;
#4593 = VECTOR ( 'NONE', #3837, 1000.000000000000000 ) ;
#4594 = CARTESIAN_POINT ( 'NONE',  ( -1.150000000000000355, 0.04999999999999999584, -0.6249999999999998890 ) ) ;
#4595 = DIRECTION ( 'NONE',  ( -0.000000000000000000, -1.000000000000000000, -0.000000000000000000 ) ) ;
#4596 = DIRECTION ( 'NONE',  ( 0.000000000000000000, 0.000000000000000000, -1.000000000000000000 ) ) ;
#4597 = CARTESIAN_POINT ( 'NONE',  ( -1.149999999999999911, 0.1999999999999999833, 0.6750000000000000444 ) ) ;
#4598 = EDGE_LOOP ( 'NONE', ( #235, #798, #5800, #7069 ) ) ;
#4599 = VERTEX_POINT ( 'NONE', #414 ) ;
#4600 = FACE_OUTER_BOUND ( 'NONE', #5095, .T. ) ;
#4601 = EDGE_CURVE ( 'NONE', #4557, #4070, #666, .T. ) ;
#4602 = ORIENTED_EDGE ( 'NONE', *, *, #4620, .T. ) ;
#4603 = CARTESIAN_POINT ( 'NONE',  ( -1.350000000000000089, 0.04999999999999999584, -1.125000000000000000 ) ) ;
#4605 = ORIENTED_EDGE ( 'NONE', *, *, #2236, .T. ) ;
#4604 = VECTOR ( 'NONE', #6319, 1000.000000000000000 ) ;
#4606 = CARTESIAN_POINT ( 'NONE',  ( -1.149999999999999911, 0.000000000000000000, -0.8249999999999999556 ) ) ;
#4607 = AXIS2_PLACEMENT_3D ( 'NONE', #3408, #7548, #4034 ) ;
#4608 = AXIS2_PLACEMENT_3D ( 'NONE', #4401, #4460, #876 ) ;
#4609 = CARTESIAN_POINT ( 'NONE',  ( -1.200000000000000622, 0.5999999999999999778, -1.200000000000000400 ) ) ;
#4610 = CARTESIAN_POINT ( 'NONE',  ( -1.400000000000000133, 0.2000000000000000111, 0.3249999999999997891 ) ) ;
#4611 = FACE_OUTER_BOUND ( 'NONE', #2986, .T. ) ;
#4612 = DIRECTION ( 'NONE',  ( 0.000000000000000000, 1.000000000000000000, 0.000000000000000000 ) ) ;
#4613 = VERTEX_POINT ( 'NONE', #6482 ) ;
#4614 = ORIENTED_EDGE ( 'NONE', *, *, #7524, .F. ) ;
#4615 = CARTESIAN_POINT ( 'NONE',  ( -0.9374999999999968914, 0.05000000000000000278, -0.9375000000000052180 ) ) ;
#4616 = LINE ( 'NONE', #4572, #2027 ) ;
#4617 = ORIENTED_EDGE ( 'NONE', *, *, #73, .T. ) ;
#4619 = ORIENTED_EDGE ( 'NONE', *, *, #3587, .T. ) ;
#4618 = LINE ( 'NONE', #3818, #4647 ) ;
#4620 = EDGE_CURVE ( 'NONE', #7129, #756, #5962, .T. ) ;
#4621 = AXIS2_PLACEMENT_3D ( 'NONE', #4748, #4636, #2414 ) ;
#4622 = FACE_OUTER_BOUND ( 'NONE', #2148, .T. ) ;
#4623 = DIRECTION ( 'NONE',  ( 1.445602896647346214E-15, -0.000000000000000000, -1.000000000000000000 ) ) ;
#4624 = DIRECTION ( 'NONE',  ( 0.000000000000000000, 1.000000000000000000, 0.000000000000000000 ) ) ;
#4625 = ORIENTED_EDGE ( 'NONE', *, *, #677, .T. ) ;
#4626 = CARTESIAN_POINT ( 'NONE',  ( 0.000000000000000000, 0.05000000000000000278, -0.8749999999999998890 ) ) ;
#4627 = ORIENTED_EDGE ( 'NONE', *, *, #7427, .T. ) ;
#4628 = FACE_OUTER_BOUND ( 'NONE', #3233, .T. ) ;
#4629 = ORIENTED_EDGE ( 'NONE', *, *, #4900, .T. ) ;
#4630 = CARTESIAN_POINT ( 'NONE',  ( -1.399999999999999911, 0.5905124837953331651, -0.8249999999999995115 ) ) ;
#4632 = ORIENTED_EDGE ( 'NONE', *, *, #239, .F. ) ;
#4631 = VECTOR ( 'NONE', #857, 1000.000000000000000 ) ;
#4633 = ADVANCED_FACE ( 'NONE', ( #3295 ), #3599, .F. ) ;
#4634 = EDGE_CURVE ( 'NONE', #5602, #987, #5892, .T. ) ;
#4635 = CARTESIAN_POINT ( 'NONE',  ( 1.349999999999999645, 0.1999999999999999833, -0.8749999999999998890 ) ) ;
#4636 = DIRECTION ( 'NONE',  ( -1.000000000000000000, 0.000000000000000000, -1.275531967630005245E-16 ) ) ;
#4637 = AXIS2_PLACEMENT_3D ( 'NONE', #6153, #2007, #3177 ) ;
#4638 = CARTESIAN_POINT ( 'NONE',  ( 1.350000000000000311, 0.000000000000000000, 1.325000000000000178 ) ) ;
#4639 = VECTOR ( 'NONE', #7794, 1000.000000000000000 ) ;
#4640 = ADVANCED_FACE ( 'NONE', ( #5908 ), #5768, .F. ) ;
#4641 = ORIENTED_EDGE ( 'NONE', *, *, #5688, .F. ) ;
#4642 = ORIENTED_EDGE ( 'NONE', *, *, #6320, .T. ) ;
#4643 = FACE_OUTER_BOUND ( 'NONE', #784, .T. ) ;
#4644 = CARTESIAN_POINT ( 'NONE',  ( -1.149999999999999911, 0.04999999999999999584, -1.324999999999999956 ) ) ;
#4645 = ORIENTED_EDGE ( 'NONE', *, *, #7184, .F. ) ;
#4646 = CARTESIAN_POINT ( 'NONE',  ( -1.400000000000000133, 0.000000000000000000, 0.3249999999999997891 ) ) ;
#4648 = ORIENTED_EDGE ( 'NONE', *, *, #68, .F. ) ;
#4647 = VECTOR ( 'NONE', #6853, 1000.000000000000000 ) ;
#4649 = CARTESIAN_POINT ( 'NONE',  ( 1.400000000000000355, 0.04999999999999999584, 0.3249999999999997891 ) ) ;
#4650 = DIRECTION ( 'NONE',  ( 0.000000000000000000, -0.000000000000000000, 1.000000000000000000 ) ) ;
#4651 = EDGE_CURVE ( 'NONE', #4083, #4686, #751, .T. ) ;
#4652 = ADVANCED_FACE ( 'NONE', ( #5948 ), #7130, .F. ) ;
#4653 = AXIS2_PLACEMENT_3D ( 'NONE', #6034, #7280, #3072 ) ;
#4654 = CARTESIAN_POINT ( 'NONE',  ( 1.350000000000000089, 0.04999999999999999584, 0.8750000000000003331 ) ) ;
#4655 = ORIENTED_EDGE ( 'NONE', *, *, #1081, .T. ) ;
#4656 = ORIENTED_EDGE ( 'NONE', *, *, #422, .T. ) ;
#4657 = ORIENTED_EDGE ( 'NONE', *, *, #7774, .T. ) ;
#4658 = DIRECTION ( 'NONE',  ( -0.000000000000000000, -1.000000000000000000, -0.000000000000000000 ) ) ;
#4660 = ORIENTED_EDGE ( 'NONE', *, *, #7481, .F. ) ;
#4659 = LINE ( 'NONE', #4346, #7263 ) ;
#4661 = DIRECTION ( 'NONE',  ( 0.000000000000000000, 0.000000000000000000, -1.000000000000000000 ) ) ;
#4662 =( NAMED_UNIT ( * ) SI_UNIT ( $, .STERADIAN. ) SOLID_ANGLE_UNIT ( ) );
#4663 = DIRECTION ( 'NONE',  ( -0.000000000000000000, -1.000000000000000000, -0.000000000000000000 ) ) ;
#4664 = EDGE_CURVE ( 'NONE', #2777, #4357, #3369, .T. ) ;
#4665 = DIRECTION ( 'NONE',  ( -1.445602896647346214E-15, -0.000000000000000000, 1.000000000000000000 ) ) ;
#4666 = CIRCLE ( 'NONE', #2334, 0.04999999999999991257 ) ;
#4667 = AXIS2_PLACEMENT_3D ( 'NONE', #3238, #7353, #79 ) ;
#4668 = DIRECTION ( 'NONE',  ( -1.000000000000000000, 0.000000000000000000, 0.000000000000000000 ) ) ;
#4669 = EDGE_LOOP ( 'NONE', ( #6430, #1380, #4524, #4741, #7407, #7287, #1344, #2360 ) ) ;
#4670 = ORIENTED_EDGE ( 'NONE', *, *, #5919, .F. ) ;
#4671 = DIRECTION ( 'NONE',  ( 0.000000000000000000, -0.000000000000000000, 1.000000000000000000 ) ) ;
#4672 = VECTOR ( 'NONE', #2608, 1000.000000000000000 ) ;
#4673 = DIRECTION ( 'NONE',  ( -0.000000000000000000, -1.000000000000000000, -0.000000000000000000 ) ) ;
#4674 = ORIENTED_EDGE ( 'NONE', *, *, #3313, .F. ) ;
#4676 = ORIENTED_EDGE ( 'NONE', *, *, #1124, .T. ) ;
#4675 = FACE_OUTER_BOUND ( 'NONE', #122, .T. ) ;
#4677 = CARTESIAN_POINT ( 'NONE',  ( -1.350000000000000311, 0.5905124837953331651, 1.325000000000000178 ) ) ;
#4678 = LINE ( 'NONE', #3894, #7087 ) ;
#4679 = DIRECTION ( 'NONE',  ( 0.000000000000000000, 1.000000000000000000, 0.000000000000000000 ) ) ;
#4680 = CARTESIAN_POINT ( 'NONE',  ( -1.149999999999999911, 0.2000000000000000111, 0.1750000000000000167 ) ) ;
#4681 = ORIENTED_EDGE ( 'NONE', *, *, #2358, .T. ) ;
#4682 = ORIENTED_EDGE ( 'NONE', *, *, #3065, .T. ) ;
#4683 = EDGE_CURVE ( 'NONE', #6080, #5191, #5980, .T. ) ;
#4684 = ORIENTED_EDGE ( 'NONE', *, *, #2265, .F. ) ;
#4686 = VERTEX_POINT ( 'NONE', #7010 ) ;
#4685 = CIRCLE ( 'NONE', #790, 0.04999999999999991257 ) ;
#4687 = CARTESIAN_POINT ( 'NONE',  ( 0.000000000000000000, 0.05000000000000000278, 0.3750000000000001110 ) ) ;
#4688 = EDGE_CURVE ( 'NONE', #2011, #2456, #861, .T. ) ;
#4689 = DIRECTION ( 'NONE',  ( 1.445602896647346016E-15, 0.000000000000000000, -1.000000000000000000 ) ) ;
#4690 = VECTOR ( 'NONE', #2476, 1000.000000000000000 ) ;
#4691 = CARTESIAN_POINT ( 'NONE',  ( -1.150000000000000355, 0.2000000000000000111, 0.1250000000000001110 ) ) ;
#4692 = AXIS2_PLACEMENT_3D ( 'NONE', #7281, #2717, #1195 ) ;
#4693 = ORIENTED_EDGE ( 'NONE', *, *, #6977, .F. ) ;
#4694 = ORIENTED_EDGE ( 'NONE', *, *, #5677, .F. ) ;
#4695 = CYLINDRICAL_SURFACE ( 'NONE', #5369, 0.04999999999999991257 ) ;
#4696 = PLANE ( 'NONE',  #5036 ) ;
#4697 = DIRECTION ( 'NONE',  ( 0.000000000000000000, -1.000000000000000000, 0.000000000000000000 ) ) ;
#4698 = EDGE_LOOP ( 'NONE', ( #2981, #3312, #3006, #5307 ) ) ;
#4699 = CARTESIAN_POINT ( 'NONE',  ( -1.399999999999999911, 0.000000000000000000, -0.3249999999999995670 ) ) ;
#4700 = EDGE_CURVE ( 'NONE', #2732, #209, #1034, .T. ) ;
#4702 = VERTEX_POINT ( 'NONE', #5301 ) ;
#4701 = FACE_OUTER_BOUND ( 'NONE', #4468, .T. ) ;
#4703 = CARTESIAN_POINT ( 'NONE',  ( -1.100000000000000089, 0.05000000000000000278, 0.6750000000000004885 ) ) ;
#4704 = CARTESIAN_POINT ( 'NONE',  ( 1.400000000000000133, 0.5905124837953331651, -1.324999999999999734 ) ) ;
#4705 = EDGE_CURVE ( 'NONE', #4936, #4553, #6269, .T. ) ;
#4706 = EDGE_CURVE ( 'NONE', #2877, #346, #896, .T. ) ;
#4707 = FACE_OUTER_BOUND ( 'NONE', #347, .T. ) ;
#4708 = DIRECTION ( 'NONE',  ( 0.000000000000000000, 0.000000000000000000, -1.000000000000000000 ) ) ;
#4709 = ADVANCED_FACE ( 'NONE', ( #3475 ), #1148, .T. ) ;
#4710 = DIRECTION ( 'NONE',  ( 0.000000000000000000, 0.000000000000000000, -1.000000000000000000 ) ) ;
#4711 = AXIS2_PLACEMENT_3D ( 'NONE', #7449, #2217, #6910 ) ;
#4712 = DIRECTION ( 'NONE',  ( 0.000000000000000000, 1.000000000000000000, -0.000000000000000000 ) ) ;
#4713 = ORIENTED_EDGE ( 'NONE', *, *, #7627, .T. ) ;
#4714 = VERTEX_POINT ( 'NONE', #7730 ) ;
#4715 = VECTOR ( 'NONE', #5510, 1000.000000000000000 ) ;
#4716 = AXIS2_PLACEMENT_3D ( 'NONE', #6152, #4624, #6759 ) ;
#4717 = VERTEX_POINT ( 'NONE', #7782 ) ;
#4718 =( NAMED_UNIT ( * ) PLANE_ANGLE_UNIT ( ) SI_UNIT ( $, .RADIAN. ) );
#4719 = VERTEX_POINT ( 'NONE', #5355 ) ;
#4720 = DIRECTION ( 'NONE',  ( 0.000000000000000000, 1.000000000000000000, 0.000000000000000000 ) ) ;
#4721 = CARTESIAN_POINT ( 'NONE',  ( 1.400000000000000133, 0.2000000000000000111, 0.1750000000000002387 ) ) ;
#4722 = CARTESIAN_POINT ( 'NONE',  ( -1.100000000000000089, 0.1999999999999999833, -1.324999999999999512 ) ) ;
#4723 = ADVANCED_FACE ( 'NONE', ( #6048 ), #6584, .T. ) ;
#4724 = CARTESIAN_POINT ( 'NONE',  ( -0.5999999999999992006, 0.05000000000000000278, -1.275000000000000133 ) ) ;
#4725 = VECTOR ( 'NONE', #4331, 1000.000000000000000 ) ;
#4726 = PLANE ( 'NONE',  #1807 ) ;
#4727 = EDGE_CURVE ( 'NONE', #1457, #6488, #6004, .T. ) ;
#4728 = ORIENTED_EDGE ( 'NONE', *, *, #2457, .T. ) ;
#4729 = VERTEX_POINT ( 'NONE', #2752 ) ;
#4730 = AXIS2_PLACEMENT_3D ( 'NONE', #7183, #1208, #1786 ) ;
#4731 = CARTESIAN_POINT ( 'NONE',  ( -1.400000000000000133, 0.000000000000000000, 1.324999999999999734 ) ) ;
#4732 = ORIENTED_EDGE ( 'NONE', *, *, #6573, .T. ) ;
#4734 = ORIENTED_EDGE ( 'NONE', *, *, #924, .T. ) ;
#4733 = LINE ( 'NONE', #5068, #7491 ) ;
#4735 = VECTOR ( 'NONE', #7600, 1000.000000000000000 ) ;
#4736 = DIRECTION ( 'NONE',  ( 0.000000000000000000, 0.000000000000000000, -1.000000000000000000 ) ) ;
#4737 = EDGE_CURVE ( 'NONE', #3301, #4599, #1067, .T. ) ;
#4738 = PLANE ( 'NONE',  #4504 ) ;
#4739 = VERTEX_POINT ( 'NONE', #3180 ) ;
#4740 = DIRECTION ( 'NONE',  ( 0.000000000000000000, 0.000000000000000000, 1.000000000000000000 ) ) ;
#4741 = ORIENTED_EDGE ( 'NONE', *, *, #591, .F. ) ;
#4742 = CIRCLE ( 'NONE', #7066, 0.05000000000000002359 ) ;
#4743 = ORIENTED_EDGE ( 'NONE', *, *, #3170, .T. ) ;
#4744 = DIRECTION ( 'NONE',  ( 1.000000000000000000, 0.000000000000000000, 0.000000000000000000 ) ) ;
#4745 = AXIS2_PLACEMENT_3D ( 'NONE', #2539, #4962, #3218 ) ;
#4746 = LINE ( 'NONE', #960, #7314 ) ;
#4747 = CARTESIAN_POINT ( 'NONE',  ( -1.400000000000000133, 0.5905124837953331651, 1.324999999999999734 ) ) ;
#4748 = CARTESIAN_POINT ( 'NONE',  ( -0.7000000000000001776, 3.109037641557771181, 1.274999999999999689 ) ) ;
#4749 = CARTESIAN_POINT ( 'NONE',  ( 1.350000000000000311, 0.2000000000000000111, 0.8250000000000001776 ) ) ;
#4750 = CIRCLE ( 'NONE', #914, 0.05000000000000012768 ) ;
#4751 = MANIFOLD_SOLID_BREP ( 'Boss-Extrude5', #4585 ) ;
#4752 = CARTESIAN_POINT ( 'NONE',  ( 1.400000000000000133, 0.5905124837953331651, 0.1750000000000002387 ) ) ;
#4753 = VERTEX_POINT ( 'NONE', #231 ) ;
#4754 = ORIENTED_EDGE ( 'NONE', *, *, #4925, .T. ) ;
#4755 = CYLINDRICAL_SURFACE ( 'NONE', #4443, 0.04999999999999991257 ) ;
#4756 = DIRECTION ( 'NONE',  ( 0.000000000000000000, 0.000000000000000000, -1.000000000000000000 ) ) ;
#4757 = EDGE_CURVE ( 'NONE', #5788, #1076, #6128, .T. ) ;
#4758 = ORIENTED_EDGE ( 'NONE', *, *, #3545, .T. ) ;
#4759 = DIRECTION ( 'NONE',  ( 0.000000000000000000, -0.000000000000000000, 1.000000000000000000 ) ) ;
#4760 = DIRECTION ( 'NONE',  ( 0.000000000000000000, 0.000000000000000000, 1.000000000000000000 ) ) ;
#4761 = AXIS2_PLACEMENT_3D ( 'NONE', #816, #1441, #1254 ) ;
#4762 = VECTOR ( 'NONE', #7707, 1000.000000000000000 ) ;
#4763 = CARTESIAN_POINT ( 'NONE',  ( -1.150000000000000355, 0.04999999999999999584, -0.8749999999999998890 ) ) ;
#4764 = CARTESIAN_POINT ( 'NONE',  ( -1.149999999999999911, 0.04999999999999999584, -1.174999999999999822 ) ) ;
#4765 = DIRECTION ( 'NONE',  ( -1.000000000000000000, 0.000000000000000000, 1.445602896647343847E-15 ) ) ;
#4766 = ORIENTED_EDGE ( 'NONE', *, *, #6585, .F. ) ;
#4767 = ORIENTED_EDGE ( 'NONE', *, *, #1405, .T. ) ;
#4768 = FACE_OUTER_BOUND ( 'NONE', #4437, .T. ) ;
#4769 = ORIENTED_EDGE ( 'NONE', *, *, #4074, .F. ) ;
#4770 = SURFACE_SIDE_STYLE ('',( #3228 ) ) ;
#4771 = CARTESIAN_POINT ( 'NONE',  ( -1.350000000000000089, 0.04999999999999999584, -0.1249999999999998890 ) ) ;
#4772 = ADVANCED_FACE ( 'NONE', ( #6058 ), #1407, .F. ) ;
#4773 = AXIS2_PLACEMENT_3D ( 'NONE', #1138, #4135, #4661 ) ;
#4774 = DIRECTION ( 'NONE',  ( 0.000000000000000000, 1.000000000000000000, 0.000000000000000000 ) ) ;
#4775 = DIRECTION ( 'NONE',  ( 0.000000000000000000, -1.000000000000000000, 0.000000000000000000 ) ) ;
#4776 = CARTESIAN_POINT ( 'NONE',  ( -1.149999999999999911, 0.04999999999999999584, 1.325000000000000178 ) ) ;
#4777 = CYLINDRICAL_SURFACE ( 'NONE', #726, 0.04999999999999991257 ) ;
#4778 = CARTESIAN_POINT ( 'NONE',  ( 1.350000000000000089, 0.04999999999999999584, -0.8249999999999999556 ) ) ;
#4779 = ADVANCED_FACE ( 'NONE', ( #6115 ), #2599, .F. ) ;
#4780 = ORIENTED_EDGE ( 'NONE', *, *, #2242, .F. ) ;
#4781 = ORIENTED_EDGE ( 'NONE', *, *, #1978, .F. ) ;
#4782 = CARTESIAN_POINT ( 'NONE',  ( -1.400000000000000133, 0.5905124837953331651, -1.175000000000000266 ) ) ;
#4783 = LINE ( 'NONE', #3926, #2235 ) ;
#4784 = ORIENTED_EDGE ( 'NONE', *, *, #116, .T. ) ;
#4785 = LINE ( 'NONE', #5292, #7326 ) ;
#4786 = DIRECTION ( 'NONE',  ( 1.000000000000000000, 0.000000000000000000, -0.000000000000000000 ) ) ;
#4787 = EDGE_CURVE ( 'NONE', #3535, #3773, #3432, .T. ) ;
#4788 = LINE ( 'NONE', #4815, #7386 ) ;
#4789 = DIRECTION ( 'NONE',  ( 0.000000000000000000, 1.000000000000000000, 0.000000000000000000 ) ) ;
#4790 = EDGE_CURVE ( 'NONE', #3774, #6926, #1082, .T. ) ;
#4791 =( NAMED_UNIT ( * ) SI_UNIT ( $, .STERADIAN. ) SOLID_ANGLE_UNIT ( ) );
#4792 = ORIENTED_EDGE ( 'NONE', *, *, #87, .F. ) ;
#4793 = DIRECTION ( 'NONE',  ( 0.000000000000000000, 0.000000000000000000, 1.000000000000000000 ) ) ;
#4794 = ORIENTED_EDGE ( 'NONE', *, *, #5588, .F. ) ;
#4795 = VECTOR ( 'NONE', #5352, 1000.000000000000000 ) ;
#4796 = EDGE_CURVE ( 'NONE', #6778, #4369, #6088, .T. ) ;
#4797 = ORIENTED_EDGE ( 'NONE', *, *, #842, .T. ) ;
#4798 = CARTESIAN_POINT ( 'NONE',  ( -1.399999999999999911, 0.2000000000000000111, -1.324999999999999512 ) ) ;
#4799 = CARTESIAN_POINT ( 'NONE',  ( -1.150000000000000355, 0.000000000000000000, -0.8749999999999998890 ) ) ;
#4800 = AXIS2_PLACEMENT_3D ( 'NONE', #6550, #4744, #423 ) ;
#4801 = DIRECTION ( 'NONE',  ( 0.000000000000000000, 1.000000000000000000, 0.000000000000000000 ) ) ;
#4802 = AXIS2_PLACEMENT_3D ( 'NONE', #3076, #5556, #491 ) ;
#4803 = PLANE ( 'NONE',  #5259 ) ;
#4804 = CARTESIAN_POINT ( 'NONE',  ( -1.100000000000000089, 0.05000000000000000278, -0.8249999999999995115 ) ) ;
#4805 = DIRECTION ( 'NONE',  ( -0.000000000000000000, -1.000000000000000000, -0.000000000000000000 ) ) ;
#4806 = VERTEX_POINT ( 'NONE', #2121 ) ;
#4807 = EDGE_LOOP ( 'NONE', ( #2453, #4433, #3426, #294, #1089, #4489, #2699, #4267 ) ) ;
#4808 = VECTOR ( 'NONE', #6171, 1000.000000000000000 ) ;
#4809 = CARTESIAN_POINT ( 'NONE',  ( -1.400000000000000133, 0.1999999999999999833, 1.324999999999999734 ) ) ;
#4810 = ORIENTED_EDGE ( 'NONE', *, *, #6572, .T. ) ;
#4811 = CARTESIAN_POINT ( 'NONE',  ( 1.150000000000000355, 0.2000000000000000111, 0.6250000000000001110 ) ) ;
#4812 = FACE_OUTER_BOUND ( 'NONE', #2068, .T. ) ;
#4813 = EDGE_CURVE ( 'NONE', #3448, #2806, #5995, .T. ) ;
#4814 = CARTESIAN_POINT ( 'NONE',  ( 1.150000000000000355, 0.5905124837953331651, 0.8750000000000001110 ) ) ;
#4815 = CARTESIAN_POINT ( 'NONE',  ( 1.100000000000000089, 0.000000000000000000, 0.8249999999999997335 ) ) ;
#4816 = AXIS2_PLACEMENT_3D ( 'NONE', #6697, #4819, #5393 ) ;
#4817 = LINE ( 'NONE', #4704, #2319 ) ;
#4818 = DIRECTION ( 'NONE',  ( -0.000000000000000000, -1.000000000000000000, -0.000000000000000000 ) ) ;
#4819 = DIRECTION ( 'NONE',  ( 0.000000000000000000, 1.000000000000000000, 0.000000000000000000 ) ) ;
#4820 = VERTEX_POINT ( 'NONE', #3931 ) ;
#4821 = ORIENTED_EDGE ( 'NONE', *, *, #2796, .F. ) ;
#4822 = LINE ( 'NONE', #674, #4808 ) ;
#4823 = ORIENTED_EDGE ( 'NONE', *, *, #803, .T. ) ;
#4824 = CARTESIAN_POINT ( 'NONE',  ( -1.400000000000000133, 0.000000000000000000, -0.1750000000000002387 ) ) ;
#4825 = DIRECTION ( 'NONE',  ( 0.000000000000000000, 0.000000000000000000, 1.000000000000000000 ) ) ;
#4826 = VECTOR ( 'NONE', #2284, 1000.000000000000000 ) ;
#4827 = EDGE_CURVE ( 'NONE', #4686, #129, #6185, .T. ) ;
#4828 = DIRECTION ( 'NONE',  ( 0.000000000000000000, -1.000000000000000000, 0.000000000000000000 ) ) ;
#4829 = AXIS2_PLACEMENT_3D ( 'NONE', #2049, #2200, #5593 ) ;
#4830 = ORIENTED_EDGE ( 'NONE', *, *, #6905, .F. ) ;
#4831 = CARTESIAN_POINT ( 'NONE',  ( 1.150000000000000355, 0.2000000000000000111, -0.8749999999999998890 ) ) ;
#4832 = VECTOR ( 'NONE', #172, 1000.000000000000000 ) ;
#4833 = ORIENTED_EDGE ( 'NONE', *, *, #1277, .T. ) ;
#4834 = VECTOR ( 'NONE', #2684, 1000.000000000000000 ) ;
#4835 = ADVANCED_FACE ( 'NONE', ( #834 ), #5132, .T. ) ;
#4836 = CARTESIAN_POINT ( 'NONE',  ( -1.400000000000000133, 0.000000000000000000, -0.1750000000000002387 ) ) ;
#4837 = EDGE_CURVE ( 'NONE', #926, #2379, #966, .T. ) ;
#4839 = CARTESIAN_POINT ( 'NONE',  ( -1.399999999999999911, 0.000000000000000000, -0.8249999999999995115 ) ) ;
#4838 = AXIS2_PLACEMENT_3D ( 'NONE', #5313, #5836, #1221 ) ;
#4840 = DIRECTION ( 'NONE',  ( 1.000000000000000000, 0.000000000000000000, -0.000000000000000000 ) ) ;
#4841 = CARTESIAN_POINT ( 'NONE',  ( -1.100000000000000089, 0.000000000000000000, -0.8249999999999995115 ) ) ;
#4842 =( NAMED_UNIT ( * ) SI_UNIT ( $, .STERADIAN. ) SOLID_ANGLE_UNIT ( ) );
#4843 = ORIENTED_EDGE ( 'NONE', *, *, #3684, .F. ) ;
#4844 = ORIENTED_EDGE ( 'NONE', *, *, #856, .F. ) ;
#4845 = CARTESIAN_POINT ( 'NONE',  ( -1.150000000000000355, 0.000000000000000000, -1.375000000000000000 ) ) ;
#4846 = VECTOR ( 'NONE', #1481, 1000.000000000000000 ) ;
#4847 = DIRECTION ( 'NONE',  ( 0.000000000000000000, -1.000000000000000000, 0.000000000000000000 ) ) ;
#4848 = ORIENTED_EDGE ( 'NONE', *, *, #2759, .T. ) ;
#4849 = EDGE_CURVE ( 'NONE', #5104, #1646, #3404, .T. ) ;
#4850 = CARTESIAN_POINT ( 'NONE',  ( 1.400000000000000133, 0.1999999999999999833, 1.175000000000000266 ) ) ;
#4851 = SURFACE_STYLE_FILL_AREA ( #1938 ) ;
#4852 = ADVANCED_FACE ( 'NONE', ( #3547 ), #3505, .F. ) ;
#4853 = CARTESIAN_POINT ( 'NONE',  ( -1.350000000000000089, 0.1999999999999999833, 1.375000000000000222 ) ) ;
#4854 = AXIS2_PLACEMENT_3D ( 'NONE', #4310, #6225, #4931 ) ;
#4855 = ORIENTED_EDGE ( 'NONE', *, *, #6095, .F. ) ;
#4856 = ORIENTED_EDGE ( 'NONE', *, *, #3951, .F. ) ;
#4857 = DIRECTION ( 'NONE',  ( 0.000000000000000000, -1.000000000000000000, 0.000000000000000000 ) ) ;
#4858 = CIRCLE ( 'NONE', #6557, 0.04999999999999991257 ) ;
#4859 = DIRECTION ( 'NONE',  ( -0.000000000000000000, -1.000000000000000000, -0.000000000000000000 ) ) ;
#4860 = DIRECTION ( 'NONE',  ( 0.000000000000000000, -1.000000000000000000, 0.000000000000000000 ) ) ;
#4861 = ORIENTED_EDGE ( 'NONE', *, *, #6055, .T. ) ;
#4862 = LINE ( 'NONE', #2272, #2189 ) ;
#4863 = CARTESIAN_POINT ( 'NONE',  ( 1.400000000000000355, 0.000000000000000000, 0.3249999999999997891 ) ) ;
#4864 = EDGE_CURVE ( 'NONE', #7745, #5798, #1021, .T. ) ;
#4865 = DIRECTION ( 'NONE',  ( 0.000000000000000000, 1.000000000000000000, 0.000000000000000000 ) ) ;
#4866 = CIRCLE ( 'NONE', #6525, 0.04999999999999991257 ) ;
#4867 = AXIS2_PLACEMENT_3D ( 'NONE', #802, #3104, #5632 ) ;
#4868 = EDGE_LOOP ( 'NONE', ( #6512, #6918, #1795, #4479 ) ) ;
#4869 = CARTESIAN_POINT ( 'NONE',  ( -1.150000000000000355, 0.04999999999999999584, -1.125000000000000000 ) ) ;
#4870 = PRESENTATION_STYLE_ASSIGNMENT (( #3693 ) ) ;
#4871 = EDGE_CURVE ( 'NONE', #3581, #7105, #6140, .T. ) ;
#4872 = EDGE_LOOP ( 'NONE', ( #7019, #6972, #7189, #6984 ) ) ;
#4873 = CARTESIAN_POINT ( 'NONE',  ( 1.149999999999999911, 0.000000000000000000, -1.174999999999999822 ) ) ;
#4874 = CARTESIAN_POINT ( 'NONE',  ( -1.149999999999999911, 0.2000000000000000111, -0.3250000000000000111 ) ) ;
#4875 = DIRECTION ( 'NONE',  ( 0.000000000000000000, -0.000000000000000000, 1.000000000000000000 ) ) ;
#4876 = DIRECTION ( 'NONE',  ( -0.000000000000000000, -1.000000000000000000, -0.000000000000000000 ) ) ;
#4877 = CYLINDRICAL_SURFACE ( 'NONE', #4607, 0.04999999999999991257 ) ;
#4878 = DIRECTION ( 'NONE',  ( 0.000000000000000000, 0.000000000000000000, -1.000000000000000000 ) ) ;
#4879 = EDGE_LOOP ( 'NONE', ( #562, #644, #1660, #391 ) ) ;
#4880 = AXIS2_PLACEMENT_3D ( 'NONE', #4523, #6154, #878 ) ;
#4881 = FACE_OUTER_BOUND ( 'NONE', #5698, .T. ) ;
#4882 = CARTESIAN_POINT ( 'NONE',  ( 1.349999999999999645, 0.04999999999999999584, -0.3749999999999998890 ) ) ;
#4883 = EDGE_CURVE ( 'NONE', #6490, #6850, #992, .T. ) ;
#4884 = VERTEX_POINT ( 'NONE', #3508 ) ;
#4885 = EDGE_CURVE ( 'NONE', #6371, #6222, #6103, .T. ) ;
#4886 = LINE ( 'NONE', #2936, #4944 ) ;
#4887 = CARTESIAN_POINT ( 'NONE',  ( -1.350000000000000089, 0.5905124837953331651, -1.125000000000000000 ) ) ;
#4888 = AXIS2_PLACEMENT_3D ( 'NONE', #2971, #7086, #7196 ) ;
#4889 = LINE ( 'NONE', #2655, #2273 ) ;
#4890 = PRESENTATION_LAYER_ASSIGNMENT (  '', '', ( #6084 ) ) ;
#4891 = ORIENTED_EDGE ( 'NONE', *, *, #5055, .F. ) ;
#4892 = DIRECTION ( 'NONE',  ( -1.000000000000000000, 0.000000000000000000, 2.891205793294678326E-16 ) ) ;
#4893 = VECTOR ( 'NONE', #6317, 1000.000000000000000 ) ;
#4894 = ADVANCED_FACE ( 'NONE', ( #950 ), #7695, .T. ) ;
#4895 = CARTESIAN_POINT ( 'NONE',  ( -1.149999999999999911, 0.2000000000000000111, 1.175000000000000044 ) ) ;
#4896 = ORIENTED_EDGE ( 'NONE', *, *, #3933, .F. ) ;
#4897 = CARTESIAN_POINT ( 'NONE',  ( -1.399999999999999911, 0.5905124837953331651, 0.6750000000000004885 ) ) ;
#4898 = DIRECTION ( 'NONE',  ( 0.000000000000000000, 1.000000000000000000, 0.000000000000000000 ) ) ;
#4899 = LINE ( 'NONE', #6516, #2130 ) ;
#4900 = EDGE_CURVE ( 'NONE', #6131, #7271, #3563, .T. ) ;
#4901 = CARTESIAN_POINT ( 'NONE',  ( 1.100000000000000089, 0.04999999999999999584, -1.324999999999999512 ) ) ;
#4902 = LINE ( 'NONE', #4370, #2309 ) ;
#4903 = AXIS2_PLACEMENT_3D ( 'NONE', #6571, #3996, #6991 ) ;
#4904 = CARTESIAN_POINT ( 'NONE',  ( 0.000000000000000000, 0.000000000000000000, 0.000000000000000000 ) ) ;
#4905 = ORIENTED_EDGE ( 'NONE', *, *, #3645, .T. ) ;
#4906 = CARTESIAN_POINT ( 'NONE',  ( -0.6999999999999998446, 3.109037641557771181, -1.175000000000000266 ) ) ;
#4907 = CIRCLE ( 'NONE', #5136, 0.04999999999999991257 ) ;
#4908 = DIRECTION ( 'NONE',  ( -0.000000000000000000, -1.000000000000000000, -0.000000000000000000 ) ) ;
#4909 = ORIENTED_EDGE ( 'NONE', *, *, #1098, .T. ) ;
#4910 = VECTOR ( 'NONE', #1766, 1000.000000000000000 ) ;
#4911 = CARTESIAN_POINT ( 'NONE',  ( 1.400000000000000355, 0.1999999999999999833, -0.6750000000000002665 ) ) ;
#4912 = CARTESIAN_POINT ( 'NONE',  ( -1.100000000000000089, 0.2000000000000000111, -0.6750000000000002665 ) ) ;
#4913 = EDGE_CURVE ( 'NONE', #312, #3950, #6156, .T. ) ;
#4914 = CYLINDRICAL_SURFACE ( 'NONE', #4838, 0.04999999999999991257 ) ;
#4915 = EDGE_LOOP ( 'NONE', ( #3409, #6019, #4255, #3316 ) ) ;
#4916 = DIRECTION ( 'NONE',  ( -0.000000000000000000, -1.000000000000000000, -0.000000000000000000 ) ) ;
#4917 = AXIS2_PLACEMENT_3D ( 'NONE', #1048, #4065, #5178 ) ;
#4918 = VECTOR ( 'NONE', #62, 1000.000000000000000 ) ;
#4919 = VERTEX_POINT ( 'NONE', #5225 ) ;
#4920 = CARTESIAN_POINT ( 'NONE',  ( -1.100000000000000089, 0.000000000000000000, -1.175000000000000266 ) ) ;
#4921 = CARTESIAN_POINT ( 'NONE',  ( 1.350000000000000311, 0.04999999999999999584, 1.325000000000000178 ) ) ;
#4922 =( LENGTH_UNIT ( ) NAMED_UNIT ( * ) SI_UNIT ( .MILLI., .METRE. ) );
#4923 = CARTESIAN_POINT ( 'NONE',  ( 1.100000000000000089, 0.2000000000000000111, 1.324999999999999734 ) ) ;
#4924 = VECTOR ( 'NONE', #3975, 1000.000000000000000 ) ;
#4925 = EDGE_CURVE ( 'NONE', #4309, #106, #3615, .T. ) ;
#4926 = ORIENTED_EDGE ( 'NONE', *, *, #5677, .T. ) ;
#4927 = FACE_OUTER_BOUND ( 'NONE', #6108, .T. ) ;
#4928 = AXIS2_PLACEMENT_3D ( 'NONE', #7036, #3569, #1278 ) ;
#4929 = CARTESIAN_POINT ( 'NONE',  ( -0.6999999999999998446, 0.2000000000000000944, -1.175000000000000266 ) ) ;
#4930 = ORIENTED_EDGE ( 'NONE', *, *, #4757, .T. ) ;
#4931 = DIRECTION ( 'NONE',  ( 0.000000000000000000, 0.000000000000000000, -1.000000000000000000 ) ) ;
#4932 = PLANE ( 'NONE',  #2701 ) ;
#4933 = PLANE ( 'NONE',  #5813 ) ;
#4934 = LINE ( 'NONE', #826, #4924 ) ;
#4935 = ADVANCED_FACE ( 'NONE', ( #3628 ), #6644, .F. ) ;
#4936 = VERTEX_POINT ( 'NONE', #5426 ) ;
#4937 = DIRECTION ( 'NONE',  ( 0.000000000000000000, -1.000000000000000000, 0.000000000000000000 ) ) ;
#4938 = FACE_OUTER_BOUND ( 'NONE', #1931, .T. ) ;
#4939 = EDGE_CURVE ( 'NONE', #7164, #7732, #6226, .T. ) ;
#4940 = ORIENTED_EDGE ( 'NONE', *, *, #1591, .T. ) ;
#4941 = AXIS2_PLACEMENT_3D ( 'NONE', #3203, #3849, #305 ) ;
#4942 = CARTESIAN_POINT ( 'NONE',  ( -1.150000000000000355, 0.2000000000000000111, 0.8750000000000001110 ) ) ;
#4943 = CARTESIAN_POINT ( 'NONE',  ( 1.350000000000000089, 0.000000000000000000, -0.1249999999999996808 ) ) ;
#4944 = VECTOR ( 'NONE', #2819, 1000.000000000000000 ) ;
#4945 = CARTESIAN_POINT ( 'NONE',  ( 1.350000000000000089, 0.000000000000000000, 0.8750000000000003331 ) ) ;
#4946 = VECTOR ( 'NONE', #3893, 1000.000000000000000 ) ;
#4947 = ORIENTED_EDGE ( 'NONE', *, *, #6537, .T. ) ;
#4948 = LINE ( 'NONE', #5015, #4846 ) ;
#4949 = CARTESIAN_POINT ( 'NONE',  ( -1.100000000000000089, 0.1999999999999999833, -1.175000000000000266 ) ) ;
#4950 = ADVANCED_FACE ( 'NONE', ( #819 ), #5321, .F. ) ;
#4951 = EDGE_CURVE ( 'NONE', #6050, #5870, #3644, .T. ) ;
#4952 = DIRECTION ( 'NONE',  ( -0.000000000000000000, -1.000000000000000000, -0.000000000000000000 ) ) ;
#4953 = VERTEX_POINT ( 'NONE', #7145 ) ;
#4954 = DIRECTION ( 'NONE',  ( -2.168404344971009115E-16, 0.000000000000000000, -1.000000000000000000 ) ) ;
#4955 = AXIS2_PLACEMENT_3D ( 'NONE', #238, #944, #2705 ) ;
#4956 = VECTOR ( 'NONE', #2626, 1000.000000000000000 ) ;
#4957 = CARTESIAN_POINT ( 'NONE',  ( -1.200000000000000622, 0.5999999999999999778, -1.200000000000000400 ) ) ;
#4958 = CIRCLE ( 'NONE', #471, 0.04999999999999991257 ) ;
#4959 = ORIENTED_EDGE ( 'NONE', *, *, #6819, .T. ) ;
#4960 = CARTESIAN_POINT ( 'NONE',  ( -1.100000000000000089, 0.1999999999999999833, 0.8249999999999997335 ) ) ;
#4961 = FACE_OUTER_BOUND ( 'NONE', #1875, .T. ) ;
#4962 = DIRECTION ( 'NONE',  ( 0.000000000000000000, -1.000000000000000000, 0.000000000000000000 ) ) ;
#4963 = ORIENTED_EDGE ( 'NONE', *, *, #6537, .F. ) ;
#4964 = ORIENTED_EDGE ( 'NONE', *, *, #3511, .T. ) ;
#4965 = CARTESIAN_POINT ( 'NONE',  ( 1.350000000000000311, 0.1999999999999999833, -1.174999999999999822 ) ) ;
#4966 = DIRECTION ( 'NONE',  ( 0.000000000000000000, 0.000000000000000000, 1.000000000000000000 ) ) ;
#4967 = DIRECTION ( 'NONE',  ( 1.445602896647346016E-15, 0.000000000000000000, -1.000000000000000000 ) ) ;
#4968 = EDGE_CURVE ( 'NONE', #7742, #7610, #1125, .T. ) ;
#4969 = EDGE_LOOP ( 'NONE', ( #4391, #6256, #3507, #4341, #2419 ) ) ;
#4970 = LINE ( 'NONE', #1155, #5094 ) ;
#4971 = EDGE_CURVE ( 'NONE', #2286, #5460, #6499, .T. ) ;
#4972 = ORIENTED_EDGE ( 'NONE', *, *, #2905, .F. ) ;
#4973 = CARTESIAN_POINT ( 'NONE',  ( -1.149999999999999911, 0.2000000000000000111, -1.324999999999999956 ) ) ;
#4974 = DIRECTION ( 'NONE',  ( -1.000000000000000000, 0.000000000000000000, 0.000000000000000000 ) ) ;
#4975 = ORIENTED_EDGE ( 'NONE', *, *, #7800, .T. ) ;
#4976 = AXIS2_PLACEMENT_3D ( 'NONE', #3262, #3908, #4499 ) ;
#4977 =( GEOMETRIC_REPRESENTATION_CONTEXT ( 3 ) GLOBAL_UNCERTAINTY_ASSIGNED_CONTEXT ( ( #166 ) ) GLOBAL_UNIT_ASSIGNED_CONTEXT ( ( #2526, #695, #98 ) ) REPRESENTATION_CONTEXT ( 'NONE', 'WORKASPACE' ) );
#4978 = CYLINDRICAL_SURFACE ( 'NONE', #5690, 0.04999999999999991257 ) ;
#4979 = PLANE ( 'NONE',  #220 ) ;
#4980 = DIRECTION ( 'NONE',  ( 0.000000000000000000, 0.000000000000000000, -1.000000000000000000 ) ) ;
#4981 = DIRECTION ( 'NONE',  ( 0.000000000000000000, -1.000000000000000000, 0.000000000000000000 ) ) ;
#4982 = FILL_AREA_STYLE_COLOUR ( '', #403 ) ;
#4983 = ORIENTED_EDGE ( 'NONE', *, *, #3645, .F. ) ;
#4984 = DIRECTION ( 'NONE',  ( -1.000000000000000000, 0.000000000000000000, 0.000000000000000000 ) ) ;
#4985 = CYLINDRICAL_SURFACE ( 'NONE', #6800, 0.04999999999999991257 ) ;
#4986 = ORIENTED_EDGE ( 'NONE', *, *, #7344, .T. ) ;
#4987 = EDGE_CURVE ( 'NONE', #1318, #3185, #6454, .T. ) ;
#4988 = CARTESIAN_POINT ( 'NONE',  ( 1.400000000000000355, 0.2000000000000000111, -0.6750000000000002665 ) ) ;
#4989 = ORIENTED_EDGE ( 'NONE', *, *, #7223, .T. ) ;
#4990 = CARTESIAN_POINT ( 'NONE',  ( 1.149999999999999911, 0.5905124837953331651, 0.3250000000000001776 ) ) ;
#4991 = AXIS2_PLACEMENT_3D ( 'NONE', #7479, #5112, #5678 ) ;
#4992 = VECTOR ( 'NONE', #6081, 1000.000000000000000 ) ;
#4993 = CARTESIAN_POINT ( 'NONE',  ( 1.350000000000000089, 0.04999999999999999584, 1.175000000000000044 ) ) ;
#4994 = ADVANCED_FACE ( 'NONE', ( #3881 ), #1327, .F. ) ;
#4995 = ORIENTED_EDGE ( 'NONE', *, *, #2345, .T. ) ;
#4996 = DIRECTION ( 'NONE',  ( -1.445602896647339163E-16, 0.000000000000000000, -1.000000000000000000 ) ) ;
#4997 = FACE_OUTER_BOUND ( 'NONE', #5520, .T. ) ;
#4998 = ORIENTED_EDGE ( 'NONE', *, *, #3212, .T. ) ;
#4999 = DIRECTION ( 'NONE',  ( -0.000000000000000000, 0.000000000000000000, -1.000000000000000000 ) ) ;
#5000 = CARTESIAN_POINT ( 'NONE',  ( 1.100000000000000089, 0.1999999999999999833, -0.6750000000000002665 ) ) ;
#5001 = ORIENTED_EDGE ( 'NONE', *, *, #3794, .T. ) ;
#5002 = EDGE_CURVE ( 'NONE', #4418, #2892, #3854, .T. ) ;
#5003 = FACE_OUTER_BOUND ( 'NONE', #2278, .T. ) ;
#5004 = CARTESIAN_POINT ( 'NONE',  ( 1.150000000000000355, 0.1999999999999999833, 1.125000000000000222 ) ) ;
#5005 = AXIS2_PLACEMENT_3D ( 'NONE', #7313, #90, #1925 ) ;
#5006 = FACE_OUTER_BOUND ( 'NONE', #1690, .T. ) ;
#5007 = ADVANCED_FACE ( 'NONE', ( #3704 ), #4803, .F. ) ;
#5008 = ORIENTED_EDGE ( 'NONE', *, *, #6770, .T. ) ;
#5009 = CARTESIAN_POINT ( 'NONE',  ( 1.350000000000000089, 0.1999999999999999833, 1.175000000000000044 ) ) ;
#5010 = CARTESIAN_POINT ( 'NONE',  ( 1.149999999999999911, 0.1999999999999999833, 0.3250000000000001776 ) ) ;
#5011 = VERTEX_POINT ( 'NONE', #576 ) ;
#5012 = ADVANCED_FACE ( 'NONE', ( #6484 ), #7088, .T. ) ;
#5013 = MANIFOLD_SOLID_BREP ( 'LPattern2[9]', #1637 ) ;
#5014 = ORIENTED_EDGE ( 'NONE', *, *, #4968, .F. ) ;
#5015 = CARTESIAN_POINT ( 'NONE',  ( 1.400000000000000355, 0.000000000000000000, -0.1750000000000002387 ) ) ;
#5016 = DIRECTION ( 'NONE',  ( 0.000000000000000000, 0.000000000000000000, -1.000000000000000000 ) ) ;
#5017 = DIRECTION ( 'NONE',  ( 0.000000000000000000, 1.000000000000000000, 0.000000000000000000 ) ) ;
#5018 = EDGE_CURVE ( 'NONE', #5467, #7418, #1247, .T. ) ;
#5019 = VECTOR ( 'NONE', #1515, 1000.000000000000000 ) ;
#5020 = DIRECTION ( 'NONE',  ( 0.000000000000000000, 0.000000000000000000, 1.000000000000000000 ) ) ;
#5021 = AXIS2_PLACEMENT_3D ( 'NONE', #7383, #5501, #6091 ) ;
#5022 = COLOUR_RGB ( '',0.7921568627450980005, 0.8196078431372548767, 0.9333333333333333481 ) ;
#5023 = ORIENTED_EDGE ( 'NONE', *, *, #2524, .T. ) ;
#5024 = CYLINDRICAL_SURFACE ( 'NONE', #7483, 0.04999999999999991257 ) ;
#5025 = ORIENTED_EDGE ( 'NONE', *, *, #6379, .F. ) ;
#5026 =( LENGTH_UNIT ( ) NAMED_UNIT ( * ) SI_UNIT ( .MILLI., .METRE. ) );
#5027 = CARTESIAN_POINT ( 'NONE',  ( 1.400000000000000355, 0.1999999999999999833, 0.8249999999999997335 ) ) ;
#5028 = VERTEX_POINT ( 'NONE', #3788 ) ;
#5029 = VECTOR ( 'NONE', #4860, 1000.000000000000000 ) ;
#5030 = CARTESIAN_POINT ( 'NONE',  ( 1.400000000000002132, 0.05000000000000000278, 0.4999999999999979461 ) ) ;
#5031 = EDGE_CURVE ( 'NONE', #7593, #1101, #6297, .T. ) ;
#5032 = PLANE ( 'NONE',  #2048 ) ;
#5033 = DIRECTION ( 'NONE',  ( 1.445602896647344044E-15, 0.000000000000000000, 1.000000000000000000 ) ) ;
#5034 = DIRECTION ( 'NONE',  ( 0.000000000000000000, 0.000000000000000000, 1.000000000000000000 ) ) ;
#5035 = VECTOR ( 'NONE', #4480, 1000.000000000000000 ) ;
#5036 = AXIS2_PLACEMENT_3D ( 'NONE', #7501, #1593, #7645 ) ;
#5037 = CARTESIAN_POINT ( 'NONE',  ( -1.350000000000000089, 0.2000000000000000111, 0.8750000000000001110 ) ) ;
#5038 = ORIENTED_EDGE ( 'NONE', *, *, #7616, .F. ) ;
#5039 = CARTESIAN_POINT ( 'NONE',  ( 1.150000000000000355, 0.2000000000000000111, -0.1249999999999998890 ) ) ;
#5040 = ORIENTED_EDGE ( 'NONE', *, *, #2659, .F. ) ;
#5041 = CARTESIAN_POINT ( 'NONE',  ( -1.100000000000000089, 0.04999999999999999584, 1.324999999999999734 ) ) ;
#5042 = ORIENTED_EDGE ( 'NONE', *, *, #2632, .T. ) ;
#5043 = DIRECTION ( 'NONE',  ( -0.000000000000000000, -1.000000000000000000, -0.000000000000000000 ) ) ;
#5044 = CARTESIAN_POINT ( 'NONE',  ( -1.350000000000000089, 0.2000000000000000111, -1.324999999999999956 ) ) ;
#5045 = VECTOR ( 'NONE', #3595, 1000.000000000000000 ) ;
#5046 = DIRECTION ( 'NONE',  ( 0.000000000000000000, -1.000000000000000000, 0.000000000000000000 ) ) ;
#5047 = LINE ( 'NONE', #7396, #4832 ) ;
#5048 = ORIENTED_EDGE ( 'NONE', *, *, #3640, .F. ) ;
#5049 = CARTESIAN_POINT ( 'NONE',  ( -0.6999999999999998446, 0.000000000000000000, -1.175000000000000266 ) ) ;
#5050 = EDGE_CURVE ( 'NONE', #955, #5571, #1154, .T. ) ;
#5051 = LINE ( 'NONE', #3497, #2466 ) ;
#5052 = EDGE_LOOP ( 'NONE', ( #2059, #163, #2974, #2064 ) ) ;
#5053 = CARTESIAN_POINT ( 'NONE',  ( 1.100000000000000089, 0.1999999999999999833, 0.6750000000000004885 ) ) ;
#5054 = CARTESIAN_POINT ( 'NONE',  ( -1.400000000000000133, 0.5905124837953331651, -1.175000000000000266 ) ) ;
#5055 = EDGE_CURVE ( 'NONE', #2922, #5810, #3749, .T. ) ;
#5056 = ORIENTED_EDGE ( 'NONE', *, *, #1871, .T. ) ;
#5057 = EDGE_CURVE ( 'NONE', #1646, #6392, #6428, .T. ) ;
#5058 = CARTESIAN_POINT ( 'NONE',  ( 1.400000000000000355, 0.1999999999999999833, -1.175000000000000266 ) ) ;
#5059 = VECTOR ( 'NONE', #3391, 1000.000000000000000 ) ;
#5060 = ADVANCED_FACE ( 'NONE', ( #1301 ), #88, .T. ) ;
#5061 = ORIENTED_EDGE ( 'NONE', *, *, #3545, .F. ) ;
#5062 = CARTESIAN_POINT ( 'NONE',  ( -1.150000000000000355, 0.000000000000000000, -0.1249999999999998890 ) ) ;
#5063 = VECTOR ( 'NONE', #3971, 1000.000000000000000 ) ;
#5064 = CARTESIAN_POINT ( 'NONE',  ( -1.400000000000000133, 0.1999999999999999833, -0.6750000000000002665 ) ) ;
#5065 = ORIENTED_EDGE ( 'NONE', *, *, #3403, .T. ) ;
#5066 = EDGE_CURVE ( 'NONE', #6422, #4090, #3907, .T. ) ;
#5067 = ORIENTED_EDGE ( 'NONE', *, *, #4971, .F. ) ;
#5068 = CARTESIAN_POINT ( 'NONE',  ( -1.150000000000000355, 0.1999999999999999833, -0.1249999999999998890 ) ) ;
#5069 = PLANE ( 'NONE',  #4086 ) ;
#5070 = DIRECTION ( 'NONE',  ( -0.000000000000000000, -1.000000000000000000, -0.000000000000000000 ) ) ;
#5071 = LINE ( 'NONE', #5589, #4956 ) ;
#5072 = CARTESIAN_POINT ( 'NONE',  ( 1.400000000000002132, 0.05000000000000000278, 1.999999999999997780 ) ) ;
#5073 = CARTESIAN_POINT ( 'NONE',  ( -1.149999999999999911, 0.1999999999999999833, -0.8249999999999999556 ) ) ;
#5074 = EDGE_CURVE ( 'NONE', #6556, #4953, #6415, .T. ) ;
#5075 = VECTOR ( 'NONE', #6548, 1000.000000000000000 ) ;
#5076 = AXIS2_PLACEMENT_3D ( 'NONE', #442, #1070, #1655 ) ;
#5077 = ORIENTED_EDGE ( 'NONE', *, *, #2659, .T. ) ;
#5078 = LINE ( 'NONE', #6547, #7595 ) ;
#5079 = EDGE_LOOP ( 'NONE', ( #1413, #4278, #6246, #3697 ) ) ;
#5080 = DIRECTION ( 'NONE',  ( 1.000000000000000000, -0.000000000000000000, 0.000000000000000000 ) ) ;
#5081 = ADVANCED_FACE ( 'NONE', ( #1312 ), #3767, .T. ) ;
#5082 = DIRECTION ( 'NONE',  ( 0.000000000000000000, -0.000000000000000000, 1.000000000000000000 ) ) ;
#5083 = ORIENTED_EDGE ( 'NONE', *, *, #3600, .T. ) ;
#5084 = CYLINDRICAL_SURFACE ( 'NONE', #7030, 0.04999999999999991257 ) ;
#5085 = CARTESIAN_POINT ( 'NONE',  ( 0.6999999999999996225, 3.109037641557771181, 1.274999999999999689 ) ) ;
#5086 = CARTESIAN_POINT ( 'NONE',  ( -1.150000000000000355, 0.1999999999999999833, -0.8749999999999998890 ) ) ;
#5087 = EDGE_CURVE ( 'NONE', #987, #7001, #6366, .T. ) ;
#5088 = CARTESIAN_POINT ( 'NONE',  ( 1.150000000000000355, 0.000000000000000000, 0.8750000000000001110 ) ) ;
#5089 = FACE_OUTER_BOUND ( 'NONE', #1662, .T. ) ;
#5090 = FILL_AREA_STYLE ('',( #4982 ) ) ;
#5091 = VERTEX_POINT ( 'NONE', #138 ) ;
#5092 = DIRECTION ( 'NONE',  ( 0.000000000000000000, 0.000000000000000000, 1.000000000000000000 ) ) ;
#5093 = AXIS2_PLACEMENT_3D ( 'NONE', #3431, #1731, #2552 ) ;
#5094 = VECTOR ( 'NONE', #2967, 1000.000000000000000 ) ;
#5095 = EDGE_LOOP ( 'NONE', ( #5826, #7297, #7146, #3050 ) ) ;
#5096 = CARTESIAN_POINT ( 'NONE',  ( -1.200000000000000622, 0.5999999999999999778, -1.200000000000000400 ) ) ;
#5097 = ORIENTED_EDGE ( 'NONE', *, *, #3600, .F. ) ;
#5098 = CARTESIAN_POINT ( 'NONE',  ( -1.150000000000000355, 0.1999999999999999833, -1.375000000000000000 ) ) ;
#5099 = CARTESIAN_POINT ( 'NONE',  ( 1.400000000000000355, 0.000000000000000000, -1.175000000000000266 ) ) ;
#5100 = VECTOR ( 'NONE', #6250, 1000.000000000000000 ) ;
#5101 = DIRECTION ( 'NONE',  ( -0.000000000000000000, -1.000000000000000000, 0.000000000000000000 ) ) ;
#5102 = LINE ( 'NONE', #3667, #2488 ) ;
#5103 = EDGE_CURVE ( 'NONE', #4613, #4464, #6397, .T. ) ;
#5104 = VERTEX_POINT ( 'NONE', #1464 ) ;
#5105 = VECTOR ( 'NONE', #4623, 1000.000000000000000 ) ;
#5106 = EDGE_LOOP ( 'NONE', ( #6777, #1519, #6911, #3620, #5014, #6190, #945, #165 ) ) ;
#5107 = CARTESIAN_POINT ( 'NONE',  ( 1.350000000000000089, 0.2000000000000000111, 0.3750000000000003331 ) ) ;
#5108 = AXIS2_PLACEMENT_3D ( 'NONE', #455, #6627, #67 ) ;
#5109 = DIRECTION ( 'NONE',  ( 1.000000000000000000, 0.000000000000000000, -7.228014483236695816E-17 ) ) ;
#5110 = VERTEX_POINT ( 'NONE', #794 ) ;
#5111 = CIRCLE ( 'NONE', #3561, 0.04999999999999991257 ) ;
#5112 = DIRECTION ( 'NONE',  ( 0.000000000000000000, 1.000000000000000000, 0.000000000000000000 ) ) ;
#5113 = VECTOR ( 'NONE', #7693, 1000.000000000000000 ) ;
#5114 = ORIENTED_EDGE ( 'NONE', *, *, #4202, .T. ) ;
#5115 = CARTESIAN_POINT ( 'NONE',  ( 1.350000000000000311, 0.2000000000000000111, 1.325000000000000178 ) ) ;
#5116 = LINE ( 'NONE', #1035, #2442 ) ;
#5117 = EDGE_CURVE ( 'NONE', #7658, #890, #1201, .T. ) ;
#5118 = ORIENTED_EDGE ( 'NONE', *, *, #1799, .T. ) ;
#5119 = ORIENTED_EDGE ( 'NONE', *, *, #424, .F. ) ;
#5121 = CARTESIAN_POINT ( 'NONE',  ( -1.150000000000000355, 0.2000000000000000111, 1.375000000000000222 ) ) ;
#5120 = AXIS2_PLACEMENT_3D ( 'NONE', #3031, #3641, #4237 ) ;
#5122 = DIRECTION ( 'NONE',  ( -0.000000000000000000, -1.000000000000000000, -0.000000000000000000 ) ) ;
#5123 = DIRECTION ( 'NONE',  ( 1.000000000000000000, -0.000000000000000000, 0.000000000000000000 ) ) ;
#5124 = CIRCLE ( 'NONE', #916, 0.04999999999999991257 ) ;
#5125 = CARTESIAN_POINT ( 'NONE',  ( 1.149999999999999911, 0.2000000000000000111, 0.1750000000000000167 ) ) ;
#5126 = DIRECTION ( 'NONE',  ( -0.000000000000000000, -1.000000000000000000, 0.000000000000000000 ) ) ;
#5127 = LINE ( 'NONE', #2750, #7699 ) ;
#5128 = ADVANCED_FACE ( 'NONE', ( #1214 ), #2664, .T. ) ;
#5129 = ORIENTED_EDGE ( 'NONE', *, *, #7564, .T. ) ;
#5130 = FACE_OUTER_BOUND ( 'NONE', #5615, .T. ) ;
#5131 = ORIENTED_EDGE ( 'NONE', *, *, #2598, .T. ) ;
#5132 = PLANE ( 'NONE',  #7242 ) ;
#5133 = DIRECTION ( 'NONE',  ( 0.000000000000000000, 1.000000000000000000, 0.000000000000000000 ) ) ;
#5134 = ORIENTED_EDGE ( 'NONE', *, *, #2295, .F. ) ;
#5135 = ADVANCED_FACE ( 'NONE', ( #6468 ), #3362, .T. ) ;
#5136 = AXIS2_PLACEMENT_3D ( 'NONE', #5201, #6470, #5760 ) ;
#5137 = CARTESIAN_POINT ( 'NONE',  ( -1.399999999999999911, 0.1999999999999999833, -0.8249999999999995115 ) ) ;
#5138 = CARTESIAN_POINT ( 'NONE',  ( 1.400000000000000355, 0.2000000000000000111, 0.3249999999999997891 ) ) ;
#5139 = ORIENTED_EDGE ( 'NONE', *, *, #3403, .F. ) ;
#5140 = CARTESIAN_POINT ( 'NONE',  ( 1.400000000000000355, 0.04999999999999999584, -0.1750000000000002387 ) ) ;
#5141 = LINE ( 'NONE', #7575, #5155 ) ;
#5142 = ORIENTED_EDGE ( 'NONE', *, *, #259, .F. ) ;
#5143 = ADVANCED_FACE ( 'NONE', ( #3211 ), #3345, .F. ) ;
#5144 = DIRECTION ( 'NONE',  ( 1.000000000000000000, 0.000000000000000000, -2.168404344971009115E-16 ) ) ;
#5145 = VERTEX_POINT ( 'NONE', #248 ) ;
#5146 = DIRECTION ( 'NONE',  ( 0.000000000000000000, 1.000000000000000000, 0.000000000000000000 ) ) ;
#5147 = CARTESIAN_POINT ( 'NONE',  ( 1.400000000000000133, 0.04999999999999999584, 0.6750000000000002665 ) ) ;
#5148 = LINE ( 'NONE', #6361, #7749 ) ;
#5149 = EDGE_CURVE ( 'NONE', #5276, #7492, #570, .T. ) ;
#5150 = DIRECTION ( 'NONE',  ( -1.445602896647346016E-15, 0.000000000000000000, 1.000000000000000000 ) ) ;
#5151 =( NAMED_UNIT ( * ) PLANE_ANGLE_UNIT ( ) SI_UNIT ( $, .RADIAN. ) );
#5152 = EDGE_CURVE ( 'NONE', #5720, #3692, #675, .T. ) ;
#5153 = CYLINDRICAL_SURFACE ( 'NONE', #4533, 0.04999999999999991257 ) ;
#5154 = ORIENTED_EDGE ( 'NONE', *, *, #7385, .F. ) ;
#5155 = VECTOR ( 'NONE', #369, 1000.000000000000000 ) ;
#5156 = EDGE_CURVE ( 'NONE', #6061, #1881, #595, .T. ) ;
#5157 = ORIENTED_EDGE ( 'NONE', *, *, #3990, .T. ) ;
#5158 = CARTESIAN_POINT ( 'NONE',  ( -1.100000000000000089, 0.1999999999999999833, -0.6750000000000002665 ) ) ;
#5159 = DIRECTION ( 'NONE',  ( 1.275531967630005245E-16, 0.000000000000000000, -1.000000000000000000 ) ) ;
#5160 = ORIENTED_EDGE ( 'NONE', *, *, #6729, .F. ) ;
#5161 = AXIS2_PLACEMENT_3D ( 'NONE', #7761, #1934, #3681 ) ;
#5162 = AXIS2_PLACEMENT_3D ( 'NONE', #1369, #6673, #4980 ) ;
#5163 = CIRCLE ( 'NONE', #4052, 0.04999999999999991257 ) ;
#5164 = ORIENTED_EDGE ( 'NONE', *, *, #5765, .F. ) ;
#5165 = CARTESIAN_POINT ( 'NONE',  ( 0.000000000000000000, 0.05000000000000000278, -1.125000000000000000 ) ) ;
#5166 = CIRCLE ( 'NONE', #5211, 0.04999999999999991257 ) ;
#5167 = ORIENTED_EDGE ( 'NONE', *, *, #3853, .T. ) ;
#5168 = EDGE_CURVE ( 'NONE', #2134, #2337, #6027, .T. ) ;
#5169 = ORIENTED_EDGE ( 'NONE', *, *, #2102, .F. ) ;
#5170 = CARTESIAN_POINT ( 'NONE',  ( 1.350000000000000311, 0.5905124837953331651, 0.8250000000000001776 ) ) ;
#5171 = DIRECTION ( 'NONE',  ( 1.000000000000000000, -0.000000000000000000, -2.168404344971008868E-16 ) ) ;
#5172 = AXIS2_PLACEMENT_3D ( 'NONE', #3949, #1770, #5238 ) ;
#5173 = DIRECTION ( 'NONE',  ( 0.000000000000000000, 1.000000000000000000, 0.000000000000000000 ) ) ;
#5174 = DIRECTION ( 'NONE',  ( -1.000000000000000000, 0.000000000000000000, 0.000000000000000000 ) ) ;
#5175 = DIRECTION ( 'NONE',  ( 0.000000000000000000, 1.000000000000000000, 0.000000000000000000 ) ) ;
#5176 = LINE ( 'NONE', #7255, #23 ) ;
#5177 = ORIENTED_EDGE ( 'NONE', *, *, #2555, .F. ) ;
#5178 = DIRECTION ( 'NONE',  ( 1.445602896647344044E-15, 0.000000000000000000, 1.000000000000000000 ) ) ;
#5179 = FACE_OUTER_BOUND ( 'NONE', #6078, .T. ) ;
#5180 = FILL_AREA_STYLE ('',( #3880 ) ) ;
#5181 = CARTESIAN_POINT ( 'NONE',  ( -1.149999999999999911, 0.04999999999999999584, -0.1749999999999998224 ) ) ;
#5182 = ORIENTED_EDGE ( 'NONE', *, *, #7290, .F. ) ;
#5183 = EDGE_CURVE ( 'NONE', #1901, #824, #5764, .T. ) ;
#5184 = LINE ( 'NONE', #913, #5019 ) ;
#5186 = DIRECTION ( 'NONE',  ( -0.000000000000000000, -1.000000000000000000, 0.000000000000000000 ) ) ;
#5185 = AXIS2_PLACEMENT_3D ( 'NONE', #6569, #1186, #6696 ) ;
#5187 = CARTESIAN_POINT ( 'NONE',  ( 1.400000000000000355, 0.2000000000000000111, 1.324999999999999734 ) ) ;
#5188 = CARTESIAN_POINT ( 'NONE',  ( 1.400000000000000133, 0.000000000000000000, 0.6750000000000002665 ) ) ;
#5189 = LINE ( 'NONE', #7360, #2637 ) ;
#5190 = ADVANCED_FACE ( 'NONE', ( #5903 ), #6412, .T. ) ;
#5191 = VERTEX_POINT ( 'NONE', #4543 ) ;
#5192 = CARTESIAN_POINT ( 'NONE',  ( -1.149999999999999911, 0.2000000000000000111, -1.324999999999999956 ) ) ;
#5193 = VECTOR ( 'NONE', #7301, 1000.000000000000000 ) ;
#5194 = CARTESIAN_POINT ( 'NONE',  ( 1.100000000000000089, 0.05000000000000000278, 0.000000000000000000 ) ) ;
#5195 = ORIENTED_EDGE ( 'NONE', *, *, #3476, .F. ) ;
#5196 = EDGE_CURVE ( 'NONE', #3023, #2046, #663, .T. ) ;
#5197 = DIRECTION ( 'NONE',  ( 1.445602896647343847E-15, 0.000000000000000000, 1.000000000000000000 ) ) ;
#5198 = CIRCLE ( 'NONE', #6389, 0.05000000000000002359 ) ;
#5199 = CARTESIAN_POINT ( 'NONE',  ( -1.400000000000000133, 0.1999999999999999833, -1.175000000000000266 ) ) ;
#5200 = STYLED_ITEM ( 'NONE', ( #5752 ), #1994 ) ;
#5201 = CARTESIAN_POINT ( 'NONE',  ( 1.149999999999999911, 0.000000000000000000, 0.3250000000000001776 ) ) ;
#5202 = VECTOR ( 'NONE', #5737, 1000.000000000000000 ) ;
#5203 = ORIENTED_EDGE ( 'NONE', *, *, #5031, .F. ) ;
#5204 = PLANE ( 'NONE',  #6577 ) ;
#5205 = ADVANCED_FACE ( 'NONE', ( #5932 ), #5975, .F. ) ;
#5206 = CARTESIAN_POINT ( 'NONE',  ( 1.400000000000000355, 0.000000000000000000, -0.6750000000000002665 ) ) ;
#5207 = CLOSED_SHELL ( 'NONE', ( #4564, #5608, #3406, #639, #968, #1586, #1523, #3413, #6692, #5143, #4358, #5128, #3494, #340, #6752, #1308, #2357, #2302, #898, #7576, #2787, #6243, #3959, #4303, #3824, #4852, #5060, #1104, #456, #1538, #2954, #7649, #396, #7706, #2722, #348, #893, #1418, #3286, #4723, #7017, #5566, #1601, #1654, #1862, #3220, #846, #5659, #4066, #6311, #3895, #2727, #3158, #3334, #5190, #707, #3948, #1479, #6799, #465, #3483, #6318, #4994, #1982, #3555, #4442, #5673, #2138, #5550, #5458, #2196, #3343, #3728, #7093, #219, #4059, #4779, #7083, #3139, #7641, #4894, #2809, #6732, #3750, #978, #6856, #3878, #1528, #4514, #1050, #7652, #5620, #3214, #6997, #6545, #2609, #2596, #4935, #6641, #1471, #6188, #6874, #5252, #6386, #331, #71, #2794, #2941, #3096, #7724, #3808, #5205, #388, #449, #3276, #2002, #5791, #2117, #2612, #6105, #1030, #4709, #2804 ) ) ;
#5208 = DIRECTION ( 'NONE',  ( 0.000000000000000000, 1.000000000000000000, 0.000000000000000000 ) ) ;
#5209 = EDGE_CURVE ( 'NONE', #3719, #2166, #843, .T. ) ;
#5210 = VECTOR ( 'NONE', #7029, 1000.000000000000000 ) ;
#5211 = AXIS2_PLACEMENT_3D ( 'NONE', #2505, #5523, #4254 ) ;
#5212 = ORIENTED_EDGE ( 'NONE', *, *, #3776, .T. ) ;
#5213 = FILL_AREA_STYLE ('',( #2299 ) ) ;
#5214 = FACE_OUTER_BOUND ( 'NONE', #3360, .T. ) ;
#5215 = VERTEX_POINT ( 'NONE', #7168 ) ;
#5216 = CARTESIAN_POINT ( 'NONE',  ( 1.350000000000000311, 0.2000000000000000111, 0.3250000000000001776 ) ) ;
#5217 = PLANE ( 'NONE',  #4307 ) ;
#5218 = CARTESIAN_POINT ( 'NONE',  ( 1.100000000000000089, 0.2000000000000000111, -0.1750000000000002387 ) ) ;
#5219 = CARTESIAN_POINT ( 'NONE',  ( 1.350000000000000311, 0.04999999999999999584, 0.8250000000000001776 ) ) ;
#5220 = FACE_OUTER_BOUND ( 'NONE', #3196, .T. ) ;
#5221 = ORIENTED_EDGE ( 'NONE', *, *, #5976, .F. ) ;
#5222 = CARTESIAN_POINT ( 'NONE',  ( 1.150000000000000355, 0.2000000000000000111, -0.6249999999999998890 ) ) ;
#5223 = AXIS2_PLACEMENT_3D ( 'NONE', #4010, #4612, #413 ) ;
#5224 = CIRCLE ( 'NONE', #2298, 0.04999999999999991257 ) ;
#5225 = CARTESIAN_POINT ( 'NONE',  ( 1.100000000000000089, 0.000000000000000000, 0.1750000000000004607 ) ) ;
#5226 = CARTESIAN_POINT ( 'NONE',  ( -1.400000000000000133, 0.5905124837953331651, 1.324999999999999734 ) ) ;
#5227 = EDGE_CURVE ( 'NONE', #7061, #4526, #5818, .T. ) ;
#5228 = ORIENTED_EDGE ( 'NONE', *, *, #3435, .F. ) ;
#5229 = DIRECTION ( 'NONE',  ( -0.000000000000000000, -1.000000000000000000, 0.000000000000000000 ) ) ;
#5230 = CARTESIAN_POINT ( 'NONE',  ( -1.150000000000000355, 0.2000000000000000111, -0.8749999999999998890 ) ) ;
#5231 = LINE ( 'NONE', #7198, #2661 ) ;
#5232 = ORIENTED_EDGE ( 'NONE', *, *, #4275, .F. ) ;
#5233 = CARTESIAN_POINT ( 'NONE',  ( 1.400000000000000355, 0.2000000000000000111, -0.1750000000000002387 ) ) ;
#5234 = FACE_OUTER_BOUND ( 'NONE', #5966, .T. ) ;
#5235 = EDGE_CURVE ( 'NONE', #3774, #2166, #3187, .T. ) ;
#5236 = DIRECTION ( 'NONE',  ( -0.000000000000000000, -1.000000000000000000, 0.000000000000000000 ) ) ;
#5237 = ORIENTED_EDGE ( 'NONE', *, *, #818, .F. ) ;
#5238 = DIRECTION ( 'NONE',  ( 0.000000000000000000, 0.000000000000000000, -1.000000000000000000 ) ) ;
#5239 = EDGE_CURVE ( 'NONE', #6620, #2768, #3306, .T. ) ;
#5240 = CARTESIAN_POINT ( 'NONE',  ( 1.100000000000000089, 0.1999999999999999833, 0.1750000000000004607 ) ) ;
#5241 = EDGE_CURVE ( 'NONE', #2504, #315, #5804, .T. ) ;
#5242 = DIRECTION ( 'NONE',  ( 1.000000000000000000, 0.000000000000000000, -0.000000000000000000 ) ) ;
#5243 = DIRECTION ( 'NONE',  ( 0.000000000000000000, 1.000000000000000000, 0.000000000000000000 ) ) ;
#5244 = LINE ( 'NONE', #4318, #2697 ) ;
#5245 = AXIS2_PLACEMENT_3D ( 'NONE', #6064, #4160, #626 ) ;
#5246 = ORIENTED_EDGE ( 'NONE', *, *, #3571, .F. ) ;
#5247 = MECHANICAL_DESIGN_GEOMETRIC_PRESENTATION_REPRESENTATION (  '', ( #625 ), #161 ) ;
#5248 = CARTESIAN_POINT ( 'NONE',  ( 0.6999999999999996225, 3.109037641557771181, 1.274999999999999689 ) ) ;
#5249 = VECTOR ( 'NONE', #7348, 1000.000000000000000 ) ;
#5250 = DIRECTION ( 'NONE',  ( 0.000000000000000000, 0.000000000000000000, -1.000000000000000000 ) ) ;
#5251 = ORIENTED_EDGE ( 'NONE', *, *, #6249, .F. ) ;
#5252 = ADVANCED_FACE ( 'NONE', ( #5960 ), #5918, .F. ) ;
#5253 = DIRECTION ( 'NONE',  ( 1.000000000000000000, 0.000000000000000000, 0.000000000000000000 ) ) ;
#5254 = CARTESIAN_POINT ( 'NONE',  ( 1.150000000000000355, 0.05000000000000000278, -0.8749999999999998890 ) ) ;
#5255 = EDGE_CURVE ( 'NONE', #6954, #6863, #733, .T. ) ;
#5256 = FACE_OUTER_BOUND ( 'NONE', #2255, .T. ) ;
#5257 = ORIENTED_EDGE ( 'NONE', *, *, #5481, .F. ) ;
#5258 = DIRECTION ( 'NONE',  ( 0.000000000000000000, 1.000000000000000000, 0.000000000000000000 ) ) ;
#5259 = AXIS2_PLACEMENT_3D ( 'NONE', #5375, #3450, #5844 ) ;
#5260 = LINE ( 'NONE', #2932, #229 ) ;
#5261 = ADVANCED_FACE ( 'NONE', ( #689 ), #3236, .T. ) ;
#5262 = EDGE_LOOP ( 'NONE', ( #2961, #3964 ) ) ;
#5263 = DIRECTION ( 'NONE',  ( 0.000000000000000000, 0.000000000000000000, -1.000000000000000000 ) ) ;
#5264 = DIRECTION ( 'NONE',  ( 0.000000000000000000, 1.000000000000000000, 0.000000000000000000 ) ) ;
#5265 = CYLINDRICAL_SURFACE ( 'NONE', #5983, 0.05000000000000012768 ) ;
#5266 = CARTESIAN_POINT ( 'NONE',  ( 1.149999999999999911, 0.2000000000000000111, -0.8249999999999999556 ) ) ;
#5267 = DIRECTION ( 'NONE',  ( 0.000000000000000000, -0.000000000000000000, 1.000000000000000000 ) ) ;
#5268 = CARTESIAN_POINT ( 'NONE',  ( 1.150000000000000355, 0.2000000000000000111, -0.6249999999999998890 ) ) ;
#5269 = LINE ( 'NONE', #5578, #7780 ) ;
#5270 = EDGE_CURVE ( 'NONE', #3210, #2228, #815, .T. ) ;
#5271 = ORIENTED_EDGE ( 'NONE', *, *, #3135, .T. ) ;
#5272 = FACE_BOUND ( 'NONE', #6805, .T. ) ;
#5273 = CARTESIAN_POINT ( 'NONE',  ( -1.350000000000000311, 0.04999999999999999584, -0.1749999999999998224 ) ) ;
#5274 = AXIS2_PLACEMENT_3D ( 'NONE', #4132, #2945, #2330 ) ;
#5275 = DIRECTION ( 'NONE',  ( 1.445602896647346214E-15, -0.000000000000000000, -1.000000000000000000 ) ) ;
#5276 = VERTEX_POINT ( 'NONE', #6934 ) ;
#5277 = CARTESIAN_POINT ( 'NONE',  ( -1.349999999999999645, 0.1999999999999999833, -0.8749999999999998890 ) ) ;
#5278 = VECTOR ( 'NONE', #7180, 1000.000000000000000 ) ;
#5279 = CARTESIAN_POINT ( 'NONE',  ( -1.350000000000000311, 0.000000000000000000, 1.325000000000000178 ) ) ;
#5280 = CARTESIAN_POINT ( 'NONE',  ( -1.149999999999999911, 0.2000000000000000111, 1.175000000000000044 ) ) ;
#5281 = ORIENTED_EDGE ( 'NONE', *, *, #7685, .F. ) ;
#5282 = DIRECTION ( 'NONE',  ( -0.000000000000000000, -1.000000000000000000, -0.000000000000000000 ) ) ;
#5283 = LINE ( 'NONE', #3347, #5424 ) ;
#5284 = EDGE_CURVE ( 'NONE', #1919, #3132, #3377, .T. ) ;
#5285 = FILL_AREA_STYLE_COLOUR ( '', #128 ) ;
#5286 = ORIENTED_EDGE ( 'NONE', *, *, #5564, .T. ) ;
#5287 =( GEOMETRIC_REPRESENTATION_CONTEXT ( 3 ) GLOBAL_UNCERTAINTY_ASSIGNED_CONTEXT ( ( #2978 ) ) GLOBAL_UNIT_ASSIGNED_CONTEXT ( ( #3234, #3883, #993 ) ) REPRESENTATION_CONTEXT ( 'NONE', 'WORKASPACE' ) );
#5288 = CARTESIAN_POINT ( 'NONE',  ( 0.6999999999999996225, 0.000000000000000000, 1.274999999999999689 ) ) ;
#5289 = PLANE ( 'NONE',  #1165 ) ;
#5290 = CARTESIAN_POINT ( 'NONE',  ( -1.200000000000000622, 0.4999999999999998890, -1.074999999999999956 ) ) ;
#5291 = CARTESIAN_POINT ( 'NONE',  ( -1.350000000000000089, 0.5905124837953331651, -0.1249999999999998890 ) ) ;
#5292 = CARTESIAN_POINT ( 'NONE',  ( 1.150000000000000355, 0.000000000000000000, -0.3749999999999998890 ) ) ;
#5293 = CIRCLE ( 'NONE', #6508, 0.04999999999999991257 ) ;
#5294 = ORIENTED_EDGE ( 'NONE', *, *, #5117, .T. ) ;
#5295 = CARTESIAN_POINT ( 'NONE',  ( -1.100000000000000089, 0.5905124837953331651, -0.6750000000000002665 ) ) ;
#5296 = EDGE_CURVE ( 'NONE', #1985, #1765, #609, .T. ) ;
#5297 = DIRECTION ( 'NONE',  ( -0.000000000000000000, -1.000000000000000000, -0.000000000000000000 ) ) ;
#5298 = ORIENTED_EDGE ( 'NONE', *, *, #716, .T. ) ;
#5299 = AXIS2_PLACEMENT_3D ( 'NONE', #3726, #3792, #6882 ) ;
#5300 = FACE_OUTER_BOUND ( 'NONE', #4362, .T. ) ;
#5301 = CARTESIAN_POINT ( 'NONE',  ( 1.100000000000000089, 0.2000000000000000111, -0.3249999999999995670 ) ) ;
#5302 = CARTESIAN_POINT ( 'NONE',  ( -1.399999999999999911, 0.2000000000000000111, -0.3249999999999995670 ) ) ;
#5303 = FACE_OUTER_BOUND ( 'NONE', #7089, .T. ) ;
#5304 = ORIENTED_EDGE ( 'NONE', *, *, #5621, .F. ) ;
#5305 = DIRECTION ( 'NONE',  ( 0.000000000000000000, 0.000000000000000000, -1.000000000000000000 ) ) ;
#5306 = FACE_BOUND ( 'NONE', #1452, .T. ) ;
#5307 = ORIENTED_EDGE ( 'NONE', *, *, #4150, .F. ) ;
#5308 = ORIENTED_EDGE ( 'NONE', *, *, #2191, .F. ) ;
#5309 = PLANE ( 'NONE',  #583 ) ;
#5310 = ADVANCED_FACE ( 'NONE', ( #650 ), #5806, .F. ) ;
#5311 = DIRECTION ( 'NONE',  ( 0.000000000000000000, 1.000000000000000000, 0.000000000000000000 ) ) ;
#5312 = VECTOR ( 'NONE', #373, 1000.000000000000000 ) ;
#5313 = CARTESIAN_POINT ( 'NONE',  ( -1.350000000000000311, 0.2000000000000000111, -1.174999999999999822 ) ) ;
#5314 = AXIS2_PLACEMENT_3D ( 'NONE', #4921, #6417, #7720 ) ;
#5315 = CARTESIAN_POINT ( 'NONE',  ( -1.399999999999999911, 0.2000000000000000111, -0.8249999999999995115 ) ) ;
#5316 = EDGE_CURVE ( 'NONE', #1995, #6202, #3252, .T. ) ;
#5317 = FACE_OUTER_BOUND ( 'NONE', #4403, .T. ) ;
#5318 = ORIENTED_EDGE ( 'NONE', *, *, #1680, .F. ) ;
#5319 = PLANE ( 'NONE',  #2635 ) ;
#5320 = VECTOR ( 'NONE', #184, 1000.000000000000000 ) ;
#5321 = PLANE ( 'NONE',  #443 ) ;
#5322 = VERTEX_POINT ( 'NONE', #2277 ) ;
#5323 = ADVANCED_FACE ( 'NONE', ( #5842 ), #705, .T. ) ;
#5324 = DIRECTION ( 'NONE',  ( 0.000000000000000000, -1.000000000000000000, 0.000000000000000000 ) ) ;
#5325 = ORIENTED_EDGE ( 'NONE', *, *, #7426, .F. ) ;
#5326 = DIRECTION ( 'NONE',  ( -0.000000000000000000, -1.000000000000000000, -0.000000000000000000 ) ) ;
#5327 = PRODUCT_DEFINITION ( 'UNKNOWN', '', #1228, #3149 ) ;
#5328 = LINE ( 'NONE', #2798, #420 ) ;
#5329 = CARTESIAN_POINT ( 'NONE',  ( 1.350000000000000311, 0.2000000000000000111, 1.325000000000000178 ) ) ;
#5330 = CARTESIAN_POINT ( 'NONE',  ( -1.400000000000000133, 0.1999999999999999833, -1.175000000000000266 ) ) ;
#5331 = EDGE_CURVE ( 'NONE', #3840, #7366, #747, .T. ) ;
#5332 = VECTOR ( 'NONE', #4801, 1000.000000000000000 ) ;
#5333 = ORIENTED_EDGE ( 'NONE', *, *, #5635, .F. ) ;
#5334 = PLANE ( 'NONE',  #357 ) ;
#5335 = FACE_OUTER_BOUND ( 'NONE', #2181, .T. ) ;
#5336 = ORIENTED_EDGE ( 'NONE', *, *, #4688, .F. ) ;
#5337 = EDGE_CURVE ( 'NONE', #5376, #756, #3291, .T. ) ;
#5338 = PLANE ( 'NONE',  #5185 ) ;
#5339 = ORIENTED_EDGE ( 'NONE', *, *, #7237, .F. ) ;
#5340 = AXIS2_PLACEMENT_3D ( 'NONE', #297, #2510, #2610 ) ;
#5341 = DIRECTION ( 'NONE',  ( 0.000000000000000000, 0.000000000000000000, 1.000000000000000000 ) ) ;
#5342 = AXIS2_PLACEMENT_3D ( 'NONE', #1991, #3800, #2576 ) ;
#5343 = DIRECTION ( 'NONE',  ( 0.000000000000000000, 0.000000000000000000, 1.000000000000000000 ) ) ;
#5344 =( NAMED_UNIT ( * ) SI_UNIT ( $, .STERADIAN. ) SOLID_ANGLE_UNIT ( ) );
#5345 = CIRCLE ( 'NONE', #2268, 0.04999999999999991257 ) ;
#5346 = VERTEX_POINT ( 'NONE', #7327 ) ;
#5347 = VECTOR ( 'NONE', #1454, 1000.000000000000000 ) ;
#5348 = PLANE ( 'NONE',  #1 ) ;
#5349 = EDGE_LOOP ( 'NONE', ( #629, #643, #5837, #5742 ) ) ;
#5350 = CARTESIAN_POINT ( 'NONE',  ( -1.350000000000000311, 0.5905124837953331651, 0.3250000000000001776 ) ) ;
#5351 = CARTESIAN_POINT ( 'NONE',  ( 1.350000000000000089, 0.000000000000000000, 0.6750000000000000444 ) ) ;
#5352 = DIRECTION ( 'NONE',  ( -0.000000000000000000, -0.000000000000000000, 1.000000000000000000 ) ) ;
#5353 = ORIENTED_EDGE ( 'NONE', *, *, #6273, .F. ) ;
#5354 = EDGE_CURVE ( 'NONE', #501, #5191, #719, .T. ) ;
#5355 = CARTESIAN_POINT ( 'NONE',  ( 1.150000000000000355, 0.000000000000000000, 0.1250000000000001110 ) ) ;
#5356 = ORIENTED_EDGE ( 'NONE', *, *, #2817, .F. ) ;
#5357 = AXIS2_PLACEMENT_3D ( 'NONE', #6427, #4671, #3766 ) ;
#5358 = ORIENTED_EDGE ( 'NONE', *, *, #7290, .T. ) ;
#5359 = PLANE ( 'NONE',  #4551 ) ;
#5360 = LINE ( 'NONE', #1411, #2642 ) ;
#5361 = VERTEX_POINT ( 'NONE', #6655 ) ;
#5362 = ORIENTED_EDGE ( 'NONE', *, *, #1144, .F. ) ;
#5363 = CARTESIAN_POINT ( 'NONE',  ( 1.149999999999999911, 0.5905124837953331651, 0.6750000000000000444 ) ) ;
#5364 = CARTESIAN_POINT ( 'NONE',  ( -1.149999999999999911, 0.2000000000000000111, -0.3250000000000000111 ) ) ;
#5365 = EDGE_CURVE ( 'NONE', #2806, #501, #3388, .T. ) ;
#5366 = DIRECTION ( 'NONE',  ( 0.000000000000000000, 0.000000000000000000, 1.000000000000000000 ) ) ;
#5367 = LINE ( 'NONE', #2444, #168 ) ;
#5368 = ORIENTED_EDGE ( 'NONE', *, *, #4515, .T. ) ;
#5369 = AXIS2_PLACEMENT_3D ( 'NONE', #1203, #1783, #4878 ) ;
#5370 = CIRCLE ( 'NONE', #6100, 0.05000000000000002359 ) ;
#5371 = UNCERTAINTY_MEASURE_WITH_UNIT (LENGTH_MEASURE( 1.000000000000000082E-05 ), #4133, 'distance_accuracy_value', 'NONE');
#5372 = ORIENTED_EDGE ( 'NONE', *, *, #6928, .T. ) ;
#5373 = CARTESIAN_POINT ( 'NONE',  ( 1.150000000000000355, 0.000000000000000000, -0.1249999999999998890 ) ) ;
#5374 = FACE_OUTER_BOUND ( 'NONE', #404, .T. ) ;
#5375 = CARTESIAN_POINT ( 'NONE',  ( 1.149999999999999911, 0.000000000000000000, -0.3250000000000000111 ) ) ;
#5376 = VERTEX_POINT ( 'NONE', #7279 ) ;
#5377 = CARTESIAN_POINT ( 'NONE',  ( 0.7000000000000000666, 0.2000000000000000944, -1.274999999999999911 ) ) ;
#5378 = ORIENTED_EDGE ( 'NONE', *, *, #99, .T. ) ;
#5379 = CARTESIAN_POINT ( 'NONE',  ( 1.350000000000000311, 0.2000000000000000111, -1.174999999999999822 ) ) ;
#5380 = CIRCLE ( 'NONE', #266, 0.04999999999999991257 ) ;
#5381 = ORIENTED_EDGE ( 'NONE', *, *, #6270, .F. ) ;
#5382 = DIRECTION ( 'NONE',  ( -0.000000000000000000, -0.000000000000000000, 1.000000000000000000 ) ) ;
#5383 = EDGE_CURVE ( 'NONE', #7729, #5438, #3266, .T. ) ;
#5384 = DIRECTION ( 'NONE',  ( -0.000000000000000000, -1.000000000000000000, 0.000000000000000000 ) ) ;
#5385 = DIRECTION ( 'NONE',  ( -0.000000000000000000, -1.000000000000000000, 0.000000000000000000 ) ) ;
#5386 = VECTOR ( 'NONE', #4818, 1000.000000000000000 ) ;
#5387 = AXIS2_PLACEMENT_3D ( 'NONE', #6313, #1524, #868 ) ;
#5388 = ORIENTED_EDGE ( 'NONE', *, *, #4002, .T. ) ;
#5389 = DIRECTION ( 'NONE',  ( -0.000000000000000000, -0.000000000000000000, 1.000000000000000000 ) ) ;
#5390 = ORIENTED_EDGE ( 'NONE', *, *, #4302, .F. ) ;
#5391 = DIRECTION ( 'NONE',  ( -0.000000000000000000, -1.000000000000000000, -0.000000000000000000 ) ) ;
#5392 = ORIENTED_EDGE ( 'NONE', *, *, #7499, .F. ) ;
#5393 = DIRECTION ( 'NONE',  ( 0.000000000000000000, 0.000000000000000000, 1.000000000000000000 ) ) ;
#5394 = FILL_AREA_STYLE_COLOUR ( '', #3367 ) ;
#5395 = LINE ( 'NONE', #4277, #3102 ) ;
#5396 = ORIENTED_EDGE ( 'NONE', *, *, #7736, .T. ) ;
#5397 = AXIS2_PLACEMENT_3D ( 'NONE', #3754, #3922, #5504 ) ;
#5398 = FACE_OUTER_BOUND ( 'NONE', #1858, .T. ) ;
#5399 = DIRECTION ( 'NONE',  ( -1.000000000000000000, 0.000000000000000000, 1.445602896647344044E-15 ) ) ;
#5400 = ORIENTED_EDGE ( 'NONE', *, *, #4221, .T. ) ;
#5401 = PLANE ( 'NONE',  #355 ) ;
#5402 = DIRECTION ( 'NONE',  ( -1.000000000000000000, -0.000000000000000000, -0.000000000000000000 ) ) ;
#5403 = CARTESIAN_POINT ( 'NONE',  ( -1.350000000000000089, 0.5905124837953331651, 1.375000000000000222 ) ) ;
#5404 = VERTEX_POINT ( 'NONE', #592 ) ;
#5405 = COLOUR_RGB ( '',0.7921568627450980005, 0.8196078431372548767, 0.9333333333333333481 ) ;
#5406 = CARTESIAN_POINT ( 'NONE',  ( -1.150000000000000355, 0.5905124837953331651, 1.125000000000000222 ) ) ;
#5407 = EDGE_LOOP ( 'NONE', ( #7218, #7578, #7555, #6206 ) ) ;
#5408 = VERTEX_POINT ( 'NONE', #104 ) ;
#5409 = DIRECTION ( 'NONE',  ( -1.445602896647346214E-15, -0.000000000000000000, 1.000000000000000000 ) ) ;
#5410 = CIRCLE ( 'NONE', #7100, 0.05000000000000012768 ) ;
#5411 = ORIENTED_EDGE ( 'NONE', *, *, #7023, .F. ) ;
#5412 = EDGE_CURVE ( 'NONE', #1790, #2455, #789, .T. ) ;
#5413 = ORIENTED_EDGE ( 'NONE', *, *, #1711, .F. ) ;
#5414 = CARTESIAN_POINT ( 'NONE',  ( -1.399999999999999911, 0.2000000000000000111, 0.1750000000000004607 ) ) ;
#5415 = SURFACE_STYLE_USAGE ( .BOTH. , #5575 ) ;
#5416 = CARTESIAN_POINT ( 'NONE',  ( -0.7000000000000000666, 0.05000000000000000278, -8.928723773410038691E-17 ) ) ;
#5417 = LINE ( 'NONE', #5509, #2658 ) ;
#5418 = DIRECTION ( 'NONE',  ( 0.000000000000000000, 1.000000000000000000, 0.000000000000000000 ) ) ;
#5419 = EDGE_CURVE ( 'NONE', #1271, #4309, #801, .T. ) ;
#5420 = CARTESIAN_POINT ( 'NONE',  ( -1.350000000000000089, 0.04999999999999999584, 1.375000000000000222 ) ) ;
#5421 = CIRCLE ( 'NONE', #941, 0.04999999999999991257 ) ;
#5422 = EDGE_LOOP ( 'NONE', ( #3900, #6661, #6475, #1196 ) ) ;
#5423 = CARTESIAN_POINT ( 'NONE',  ( 1.100000000000000089, 0.000000000000000000, -0.6750000000000002665 ) ) ;
#5424 = VECTOR ( 'NONE', #5655, 1000.000000000000000 ) ;
#5425 = AXIS2_PLACEMENT_3D ( 'NONE', #6936, #2889, #2438 ) ;
#5426 = CARTESIAN_POINT ( 'NONE',  ( -1.350000000000000089, 0.1999999999999999833, 0.8750000000000001110 ) ) ;
#5427 = VERTEX_POINT ( 'NONE', #1250 ) ;
#5428 = ORIENTED_EDGE ( 'NONE', *, *, #5564, .F. ) ;
#5429 = EDGE_CURVE ( 'NONE', #3171, #7238, #6002, .T. ) ;
#5430 = LINE ( 'NONE', #2061, #2876 ) ;
#5431 = EDGE_CURVE ( 'NONE', #1805, #1585, #3430, .T. ) ;
#5432 = ORIENTED_EDGE ( 'NONE', *, *, #4727, .F. ) ;
#5433 = EDGE_CURVE ( 'NONE', #2888, #972, #6262, .T. ) ;
#5434 = VECTOR ( 'NONE', #486, 1000.000000000000000 ) ;
#5435 = ORIENTED_EDGE ( 'NONE', *, *, #1004, .T. ) ;
#5436 = MECHANICAL_DESIGN_GEOMETRIC_PRESENTATION_REPRESENTATION (  '', ( #6666 ), #830 ) ;
#5437 = CYLINDRICAL_SURFACE ( 'NONE', #4854, 0.04999999999999991257 ) ;
#5438 = VERTEX_POINT ( 'NONE', #2534 ) ;
#5439 = DIRECTION ( 'NONE',  ( 0.000000000000000000, 1.000000000000000000, 0.000000000000000000 ) ) ;
#5440 = EDGE_LOOP ( 'NONE', ( #6409, #5605, #3321, #1166 ) ) ;
#5441 = CARTESIAN_POINT ( 'NONE',  ( -1.350000000000000089, 0.000000000000000000, 0.1750000000000000167 ) ) ;
#5442 = LINE ( 'NONE', #3037, #64 ) ;
#5443 = ORIENTED_EDGE ( 'NONE', *, *, #6812, .T. ) ;
#5444 = CARTESIAN_POINT ( 'NONE',  ( -1.349999999999999645, 0.5905124837953331651, -0.3749999999999998890 ) ) ;
#5445 = CARTESIAN_POINT ( 'NONE',  ( 1.350000000000000311, 0.000000000000000000, 0.8250000000000001776 ) ) ;
#5446 = VECTOR ( 'NONE', #5144, 1000.000000000000000 ) ;
#5447 = EDGE_CURVE ( 'NONE', #5571, #265, #1078, .T. ) ;
#5448 = ORIENTED_EDGE ( 'NONE', *, *, #3254, .F. ) ;
#5449 = DIRECTION ( 'NONE',  ( 0.000000000000000000, 0.000000000000000000, 1.000000000000000000 ) ) ;
#5450 = LINE ( 'NONE', #5616, #5320 ) ;
#5451 = ORIENTED_EDGE ( 'NONE', *, *, #3886, .F. ) ;
#5452 = CARTESIAN_POINT ( 'NONE',  ( 1.100000000000000089, 0.000000000000000000, 0.6750000000000004885 ) ) ;
#5453 = CARTESIAN_POINT ( 'NONE',  ( 1.350000000000000311, 0.04999999999999999584, -0.6749999999999998224 ) ) ;
#5454 = AXIS2_PLACEMENT_3D ( 'NONE', #7796, #137, #2512 ) ;
#5455 = DIRECTION ( 'NONE',  ( 0.000000000000000000, 1.000000000000000000, -0.000000000000000000 ) ) ;
#5456 = DIRECTION ( 'NONE',  ( -0.000000000000000000, -1.000000000000000000, 0.000000000000000000 ) ) ;
#5457 = VERTEX_POINT ( 'NONE', #3029 ) ;
#5458 = ADVANCED_FACE ( 'NONE', ( #3515 ), #3586, .F. ) ;
#5459 = PRESENTATION_STYLE_ASSIGNMENT (( #66 ) ) ;
#5460 = VERTEX_POINT ( 'NONE', #3067 ) ;
#5461 = CIRCLE ( 'NONE', #3573, 0.04999999999999991257 ) ;
#5462 = ORIENTED_EDGE ( 'NONE', *, *, #1620, .T. ) ;
#5463 = CARTESIAN_POINT ( 'NONE',  ( -1.400000000000000133, 0.000000000000000000, -1.175000000000000266 ) ) ;
#5464 = LINE ( 'NONE', #5085, #189 ) ;
#5465 = EDGE_CURVE ( 'NONE', #5594, #156, #6236, .T. ) ;
#5466 = EDGE_LOOP ( 'NONE', ( #3814, #4926, #3897, #3752 ) ) ;
#5467 = VERTEX_POINT ( 'NONE', #4912 ) ;
#5469 = CARTESIAN_POINT ( 'NONE',  ( 1.100000000000000089, 0.2000000000000000111, 0.8249999999999997335 ) ) ;
#5468 = MECHANICAL_DESIGN_GEOMETRIC_PRESENTATION_REPRESENTATION (  '', ( #1610 ), #2283 ) ;
#5470 = UNCERTAINTY_MEASURE_WITH_UNIT (LENGTH_MEASURE( 1.000000000000000082E-05 ), #1068, 'distance_accuracy_value', 'NONE');
#5471 = DIRECTION ( 'NONE',  ( 1.445602896647346214E-15, 0.000000000000000000, -1.000000000000000000 ) ) ;
#5472 = SURFACE_STYLE_FILL_AREA ( #5991 ) ;
#5473 = CARTESIAN_POINT ( 'NONE',  ( 1.149999999999999911, 0.2000000000000000111, 1.175000000000000044 ) ) ;
#5474 = VERTEX_POINT ( 'NONE', #5497 ) ;
#5475 = VECTOR ( 'NONE', #6346, 1000.000000000000000 ) ;
#5476 = ORIENTED_EDGE ( 'NONE', *, *, #4913, .T. ) ;
#5477 = DIRECTION ( 'NONE',  ( 0.000000000000000000, 0.000000000000000000, -1.000000000000000000 ) ) ;
#5478 = VECTOR ( 'NONE', #2076, 1000.000000000000000 ) ;
#5479 = CARTESIAN_POINT ( 'NONE',  ( 1.150000000000000355, 0.2000000000000000111, 0.6250000000000001110 ) ) ;
#5480 = ORIENTED_EDGE ( 'NONE', *, *, #3730, .T. ) ;
#5481 = EDGE_CURVE ( 'NONE', #700, #772, #3470, .T. ) ;
#5482 = DIRECTION ( 'NONE',  ( 0.000000000000000000, -1.000000000000000000, 0.000000000000000000 ) ) ;
#5483 = ORIENTED_EDGE ( 'NONE', *, *, #6625, .F. ) ;
#5484 = DIRECTION ( 'NONE',  ( 1.000000000000000000, -0.000000000000000000, -0.000000000000000000 ) ) ;
#5485 = AXIS2_PLACEMENT_3D ( 'NONE', #7334, #710, #1352 ) ;
#5486 = CIRCLE ( 'NONE', #3346, 0.04999999999999991257 ) ;
#5487 = ADVANCED_FACE ( 'NONE', ( #6197 ), #5348, .T. ) ;
#5488 = CARTESIAN_POINT ( 'NONE',  ( -1.100000000000000089, 0.2000000000000000111, 0.3249999999999997891 ) ) ;
#5489 = CARTESIAN_POINT ( 'NONE',  ( -1.150000000000000355, 0.04999999999999999584, 0.8750000000000001110 ) ) ;
#5490 = CIRCLE ( 'NONE', #193, 0.1250000000000003331 ) ;
#5491 = ORIENTED_EDGE ( 'NONE', *, *, #5066, .T. ) ;
#5492 = DIRECTION ( 'NONE',  ( 0.000000000000000000, 0.000000000000000000, -1.000000000000000000 ) ) ;
#5493 = LINE ( 'NONE', #5506, #3040 ) ;
#5494 = ORIENTED_EDGE ( 'NONE', *, *, #1924, .T. ) ;
#5495 = CARTESIAN_POINT ( 'NONE',  ( 1.350000000000000311, 0.04999999999999999584, -0.1749999999999998224 ) ) ;
#5496 = ORIENTED_EDGE ( 'NONE', *, *, #7423, .F. ) ;
#5497 = CARTESIAN_POINT ( 'NONE',  ( -1.350000000000000089, 0.000000000000000000, 0.3750000000000001110 ) ) ;
#5498 = CYLINDRICAL_SURFACE ( 'NONE', #7434, 0.04999999999999991257 ) ;
#5499 = EDGE_LOOP ( 'NONE', ( #6945, #7090, #4451, #6310, #5945, #5823, #3382, #718 ) ) ;
#5500 = AXIS2_PLACEMENT_3D ( 'NONE', #5708, #6526, #7057 ) ;
#5501 = DIRECTION ( 'NONE',  ( 0.000000000000000000, -1.000000000000000000, 0.000000000000000000 ) ) ;
#5502 = PLANE ( 'NONE',  #652 ) ;
#5503 = CLOSED_SHELL ( 'NONE', ( #4835, #200, #3420, #5012, #2735, #3636, #572 ) ) ;
#5504 = DIRECTION ( 'NONE',  ( -1.000000000000000000, 0.000000000000000000, 0.000000000000000000 ) ) ;
#5505 = LINE ( 'NONE', #4569, #5717 ) ;
#5506 = CARTESIAN_POINT ( 'NONE',  ( 1.150000000000000355, 0.1999999999999999833, 0.1250000000000001110 ) ) ;
#5507 = VERTEX_POINT ( 'NONE', #6477 ) ;
#5508 = CARTESIAN_POINT ( 'NONE',  ( -1.350000000000000089, 0.5905124837953331651, 0.1750000000000000167 ) ) ;
#5509 = CARTESIAN_POINT ( 'NONE',  ( 1.150000000000000355, 0.2000000000000000111, 1.125000000000000222 ) ) ;
#5510 = DIRECTION ( 'NONE',  ( -0.000000000000000000, -1.000000000000000000, -0.000000000000000000 ) ) ;
#5511 = ORIENTED_EDGE ( 'NONE', *, *, #153, .T. ) ;
#5512 = CYLINDRICAL_SURFACE ( 'NONE', #7330, 0.04999999999999991257 ) ;
#5513 = VERTEX_POINT ( 'NONE', #7120 ) ;
#5514 = EDGE_CURVE ( 'NONE', #3353, #7177, #867, .T. ) ;
#5515 = LINE ( 'NONE', #3248, #306 ) ;
#5516 = ORIENTED_EDGE ( 'NONE', *, *, #4813, .T. ) ;
#5517 = DIRECTION ( 'NONE',  ( 0.000000000000000000, 0.000000000000000000, 1.000000000000000000 ) ) ;
#5518 = EDGE_CURVE ( 'NONE', #2504, #3185, #3639, .T. ) ;
#5519 = CIRCLE ( 'NONE', #6040, 0.04999999999999991257 ) ;
#5520 = EDGE_LOOP ( 'NONE', ( #4754, #4963, #6339, #4998 ) ) ;
#5521 = EDGE_CURVE ( 'NONE', #5895, #863, #1139, .T. ) ;
#5522 = ORIENTED_EDGE ( 'NONE', *, *, #364, .T. ) ;
#5523 = DIRECTION ( 'NONE',  ( 0.000000000000000000, 1.000000000000000000, 0.000000000000000000 ) ) ;
#5524 = AXIS2_PLACEMENT_3D ( 'NONE', #7473, #260, #2671 ) ;
#5525 = CARTESIAN_POINT ( 'NONE',  ( 1.100000000000000089, 0.2000000000000000111, 0.1750000000000004607 ) ) ;
#5526 = CYLINDRICAL_SURFACE ( 'NONE', #5875, 0.04999999999999991257 ) ;
#5527 = DIRECTION ( 'NONE',  ( 0.000000000000000000, -1.000000000000000000, 0.000000000000000000 ) ) ;
#5528 = VERTEX_POINT ( 'NONE', #6285 ) ;
#5529 = AXIS2_PLACEMENT_3D ( 'NONE', #2354, #514, #6595 ) ;
#5530 = CARTESIAN_POINT ( 'NONE',  ( 1.349999999999999645, 0.04999999999999999584, -1.375000000000000000 ) ) ;
#5531 = PRESENTATION_STYLE_ASSIGNMENT (( #2140 ) ) ;
#5532 = PLANE ( 'NONE',  #6205 ) ;
#5533 = CARTESIAN_POINT ( 'NONE',  ( 1.350000000000000089, 0.000000000000000000, -1.324999999999999956 ) ) ;
#5534 = ORIENTED_EDGE ( 'NONE', *, *, #4282, .F. ) ;
#5535 = ORIENTED_EDGE ( 'NONE', *, *, #3670, .T. ) ;
#5536 = EDGE_CURVE ( 'NONE', #1752, #186, #3557, .T. ) ;
#5537 = CARTESIAN_POINT ( 'NONE',  ( 1.350000000000000311, 0.5905124837953331651, 0.3250000000000001776 ) ) ;
#5538 = LINE ( 'NONE', #3010, #539 ) ;
#5539 = AXIS2_PLACEMENT_3D ( 'NONE', #397, #2769, #5753 ) ;
#5540 = DIRECTION ( 'NONE',  ( 0.000000000000000000, -1.000000000000000000, 0.000000000000000000 ) ) ;
#5541 = CARTESIAN_POINT ( 'NONE',  ( -1.350000000000000089, 0.5905124837953331651, 0.6750000000000000444 ) ) ;
#5542 = LINE ( 'NONE', #2766, #462 ) ;
#5543 = CARTESIAN_POINT ( 'NONE',  ( 1.349999999999999645, 0.5905124837953331651, -0.8749999999999998890 ) ) ;
#5544 = ORIENTED_EDGE ( 'NONE', *, *, #239, .T. ) ;
#5545 = DIRECTION ( 'NONE',  ( -1.445602896647343847E-15, 0.000000000000000000, -1.000000000000000000 ) ) ;
#5546 = VERTEX_POINT ( 'NONE', #5188 ) ;
#5547 = EDGE_CURVE ( 'NONE', #740, #5549, #1091, .T. ) ;
#5548 = LINE ( 'NONE', #5781, #371 ) ;
#5549 = VERTEX_POINT ( 'NONE', #4649 ) ;
#5550 = ADVANCED_FACE ( 'NONE', ( #6180 ), #3939, .T. ) ;
#5551 = CARTESIAN_POINT ( 'NONE',  ( -1.150000000000000355, 0.1999999999999999833, 0.1250000000000001110 ) ) ;
#5552 = AXIS2_PLACEMENT_3D ( 'NONE', #1638, #3506, #1696 ) ;
#5553 = DIRECTION ( 'NONE',  ( 0.000000000000000000, 0.000000000000000000, 1.000000000000000000 ) ) ;
#5554 = DIRECTION ( 'NONE',  ( -0.000000000000000000, 1.000000000000000000, -0.000000000000000000 ) ) ;
#5555 = LINE ( 'NONE', #2968, #2912 ) ;
#5556 = DIRECTION ( 'NONE',  ( -0.000000000000000000, 0.000000000000000000, 1.000000000000000000 ) ) ;
#5557 = ORIENTED_EDGE ( 'NONE', *, *, #6977, .T. ) ;
#5558 = DIRECTION ( 'NONE',  ( 0.000000000000000000, 0.000000000000000000, 1.000000000000000000 ) ) ;
#5559 = DIRECTION ( 'NONE',  ( 0.000000000000000000, 0.000000000000000000, 1.000000000000000000 ) ) ;
#5560 = DIRECTION ( 'NONE',  ( 0.000000000000000000, 0.000000000000000000, -1.000000000000000000 ) ) ;
#5561 = VERTEX_POINT ( 'NONE', #5854 ) ;
#5562 = LINE ( 'NONE', #3925, #500 ) ;
#5563 = VERTEX_POINT ( 'NONE', #4703 ) ;
#5564 = EDGE_CURVE ( 'NONE', #5457, #7105, #6096, .T. ) ;
#5565 = DIRECTION ( 'NONE',  ( 0.000000000000000000, 1.000000000000000000, 0.000000000000000000 ) ) ;
#5566 = ADVANCED_FACE ( 'NONE', ( #1063 ), #4189, .T. ) ;
#5567 = AXIS2_PLACEMENT_3D ( 'NONE', #6830, #797, #2518 ) ;
#5568 = DIRECTION ( 'NONE',  ( 2.602085213965215059E-14, 0.000000000000000000, 1.000000000000000000 ) ) ;
#5569 = SURFACE_STYLE_FILL_AREA ( #5090 ) ;
#5570 = ORIENTED_EDGE ( 'NONE', *, *, #7499, .T. ) ;
#5571 = VERTEX_POINT ( 'NONE', #2440 ) ;
#5572 = DIRECTION ( 'NONE',  ( 0.000000000000000000, 1.000000000000000000, -0.000000000000000000 ) ) ;
#5573 = CARTESIAN_POINT ( 'NONE',  ( -1.399999999999999911, 0.04999999999999999584, -0.3249999999999995670 ) ) ;
#5574 = FACE_OUTER_BOUND ( 'NONE', #3654, .T. ) ;
#5575 = SURFACE_SIDE_STYLE ('',( #5569 ) ) ;
#5576 = CARTESIAN_POINT ( 'NONE',  ( 1.100000000000000089, 0.5905124837953331651, 0.6750000000000004885 ) ) ;
#5577 = EDGE_CURVE ( 'NONE', #273, #4729, #3701, .T. ) ;
#5578 = CARTESIAN_POINT ( 'NONE',  ( -1.100000000000000089, 0.2000000000000000111, 1.324999999999999734 ) ) ;
#5579 = AXIS2_PLACEMENT_3D ( 'NONE', #3366, #6416, #5343 ) ;
#5580 = CYLINDRICAL_SURFACE ( 'NONE', #7650, 0.04999999999999991257 ) ;
#5581 = ORIENTED_EDGE ( 'NONE', *, *, #317, .T. ) ;
#5582 = DIRECTION ( 'NONE',  ( -0.000000000000000000, -1.000000000000000000, -0.000000000000000000 ) ) ;
#5583 = ORIENTED_EDGE ( 'NONE', *, *, #2620, .F. ) ;
#5584 = DIRECTION ( 'NONE',  ( 0.000000000000000000, -1.000000000000000000, 0.000000000000000000 ) ) ;
#5585 = ORIENTED_EDGE ( 'NONE', *, *, #4688, .T. ) ;
#5586 = CARTESIAN_POINT ( 'NONE',  ( -1.100000000000000089, 0.000000000000000000, 1.324999999999999734 ) ) ;
#5587 = SURFACE_SIDE_STYLE ('',( #6570 ) ) ;
#5588 = EDGE_CURVE ( 'NONE', #1995, #6896, #3677, .T. ) ;
#5589 = CARTESIAN_POINT ( 'NONE',  ( -1.150000000000000355, 0.5905124837953331651, -0.3749999999999998890 ) ) ;
#5590 = LINE ( 'NONE', #5730, #309 ) ;
#5591 = VERTEX_POINT ( 'NONE', #63 ) ;
#5592 = AXIS2_PLACEMENT_3D ( 'NONE', #5685, #821, #2640 ) ;
#5593 = DIRECTION ( 'NONE',  ( 0.000000000000000000, -0.000000000000000000, 1.000000000000000000 ) ) ;
#5594 = VERTEX_POINT ( 'NONE', #1299 ) ;
#5595 = EDGE_CURVE ( 'NONE', #658, #4090, #1002, .T. ) ;
#5596 = LINE ( 'NONE', #3666, #3118 ) ;
#5597 = CARTESIAN_POINT ( 'NONE',  ( 1.100000000000000089, 0.1999999999999999833, -0.1750000000000002387 ) ) ;
#5598 = DIRECTION ( 'NONE',  ( 0.000000000000000000, 0.000000000000000000, 1.000000000000000000 ) ) ;
#5599 = CARTESIAN_POINT ( 'NONE',  ( 1.350000000000000089, 0.04999999999999999584, 0.1750000000000000167 ) ) ;
#5600 = MECHANICAL_DESIGN_GEOMETRIC_PRESENTATION_REPRESENTATION (  '', ( #7227 ), #1650 ) ;
#5601 = CARTESIAN_POINT ( 'NONE',  ( 1.150000000000000355, 0.1999999999999999833, 0.1250000000000001110 ) ) ;
#5602 = VERTEX_POINT ( 'NONE', #7503 ) ;
#5603 = CARTESIAN_POINT ( 'NONE',  ( 1.150000000000000355, 0.5905124837953331651, 0.1250000000000001110 ) ) ;
#5604 = DIRECTION ( 'NONE',  ( -1.000000000000000000, 0.000000000000000000, -0.000000000000000000 ) ) ;
#5605 = ORIENTED_EDGE ( 'NONE', *, *, #2831, .F. ) ;
#5606 = EDGE_CURVE ( 'NONE', #5513, #3647, #921, .T. ) ;
#5607 = VECTOR ( 'NONE', #2969, 1000.000000000000000 ) ;
#5608 = ADVANCED_FACE ( 'NONE', ( #881 ), #4539, .F. ) ;
#5609 = EDGE_CURVE ( 'NONE', #4300, #2703, #3690, .T. ) ;
#5610 = SURFACE_SIDE_STYLE ('',( #980 ) ) ;
#5611 = DIRECTION ( 'NONE',  ( 0.000000000000000000, 0.000000000000000000, 1.000000000000000000 ) ) ;
#5612 = AXIS2_PLACEMENT_3D ( 'NONE', #1337, #2373, #7158 ) ;
#5613 = ORIENTED_EDGE ( 'NONE', *, *, #7616, .T. ) ;
#5614 = AXIS2_PLACEMENT_3D ( 'NONE', #5054, #5634, #587 ) ;
#5615 = EDGE_LOOP ( 'NONE', ( #4855, #4602, #6458, #6383 ) ) ;
#5616 = CARTESIAN_POINT ( 'NONE',  ( 0.000000000000000000, 0.05000000000000000278, 0.3750000000000001110 ) ) ;
#5617 = DIRECTION ( 'NONE',  ( -0.7071067811865506814, -0.000000000000000000, 0.7071067811865443531 ) ) ;
#5618 = LINE ( 'NONE', #7395, #3055 ) ;
#5619 = PLANE ( 'NONE',  #3687 ) ;
#5620 = ADVANCED_FACE ( 'NONE', ( #6110 ), #2131, .T. ) ;
#5621 = EDGE_CURVE ( 'NONE', #742, #5895, #1015, .T. ) ;
#5622 = CARTESIAN_POINT ( 'NONE',  ( 1.100000000000000089, 0.1999999999999999833, -1.175000000000000266 ) ) ;
#5623 = CIRCLE ( 'NONE', #3916, 0.04999999999999991257 ) ;
#5624 = CARTESIAN_POINT ( 'NONE',  ( -1.149999999999999911, 0.2000000000000000111, 1.175000000000000044 ) ) ;
#5625 = ORIENTED_EDGE ( 'NONE', *, *, #480, .T. ) ;
#5626 = DIRECTION ( 'NONE',  ( 0.000000000000000000, 1.000000000000000000, 0.000000000000000000 ) ) ;
#5627 = AXIS2_PLACEMENT_3D ( 'NONE', #3351, #2874, #4760 ) ;
#5628 = CARTESIAN_POINT ( 'NONE',  ( -1.100000000000000089, 0.5905124837953331651, -0.3249999999999995670 ) ) ;
#5629 = ORIENTED_EDGE ( 'NONE', *, *, #457, .T. ) ;
#5630 = CARTESIAN_POINT ( 'NONE',  ( -1.500000000000000444, 0.05000000000000000278, -1.499999999999999334 ) ) ;
#5631 = CIRCLE ( 'NONE', #2916, 0.04999999999999991257 ) ;
#5632 = DIRECTION ( 'NONE',  ( 0.000000000000000000, -0.000000000000000000, 1.000000000000000000 ) ) ;
#5633 = DIRECTION ( 'NONE',  ( 0.000000000000000000, 0.000000000000000000, 1.000000000000000000 ) ) ;
#5634 = DIRECTION ( 'NONE',  ( 1.000000000000000000, -0.000000000000000000, 1.445602896647346016E-15 ) ) ;
#5635 = EDGE_CURVE ( 'NONE', #5848, #1752, #6332, .T. ) ;
#5636 = EDGE_LOOP ( 'NONE', ( #851, #1633, #2734, #5119, #5308, #6504, #3567, #3570 ) ) ;
#5637 = CARTESIAN_POINT ( 'NONE',  ( 1.349999999999999645, 0.2000000000000000111, 0.1250000000000001110 ) ) ;
#5638 = ORIENTED_EDGE ( 'NONE', *, *, #4136, .T. ) ;
#5639 = AXIS2_PLACEMENT_3D ( 'NONE', #2593, #2549, #5020 ) ;
#5640 = FACE_OUTER_BOUND ( 'NONE', #3073, .T. ) ;
#5641 = DIRECTION ( 'NONE',  ( 0.000000000000000000, 1.000000000000000000, 0.000000000000000000 ) ) ;
#5642 = CARTESIAN_POINT ( 'NONE',  ( -1.150000000000000355, 0.04999999999999999584, 0.6250000000000001110 ) ) ;
#5643 = LINE ( 'NONE', #3952, #5653 ) ;
#5644 = VECTOR ( 'NONE', #1653, 1000.000000000000000 ) ;
#5645 = DIRECTION ( 'NONE',  ( -1.000000000000000000, 0.000000000000000000, 1.445602896647343847E-15 ) ) ;
#5646 = EDGE_CURVE ( 'NONE', #863, #6422, #855, .T. ) ;
#5647 = DIRECTION ( 'NONE',  ( 0.000000000000000000, 0.000000000000000000, 1.000000000000000000 ) ) ;
#5648 = DIRECTION ( 'NONE',  ( 0.000000000000000000, -1.000000000000000000, 0.000000000000000000 ) ) ;
#5649 = EDGE_LOOP ( 'NONE', ( #3565, #915, #781, #3477, #6875, #635, #7047, #1612 ) ) ;
#5650 = AXIS2_PLACEMENT_3D ( 'NONE', #1031, #2107, #977 ) ;
#5651 = CARTESIAN_POINT ( 'NONE',  ( -1.100000000000000089, 0.5905124837953331651, -1.175000000000000266 ) ) ;
#5652 = CARTESIAN_POINT ( 'NONE',  ( -1.150000000000000355, 0.2000000000000000111, -0.3749999999999998890 ) ) ;
#5653 = VECTOR ( 'NONE', #2143, 1000.000000000000000 ) ;
#5654 = ORIENTED_EDGE ( 'NONE', *, *, #2279, .T. ) ;
#5655 = DIRECTION ( 'NONE',  ( 0.000000000000000000, -1.000000000000000000, 0.000000000000000000 ) ) ;
#5656 = EDGE_CURVE ( 'NONE', #5798, #3581, #6149, .T. ) ;
#5657 = CARTESIAN_POINT ( 'NONE',  ( -1.100000000000000089, 0.1999999999999999833, 1.324999999999999734 ) ) ;
#5658 = CARTESIAN_POINT ( 'NONE',  ( 1.150000000000000355, 0.2000000000000000111, -0.1249999999999998890 ) ) ;
#5659 = ADVANCED_FACE ( 'NONE', ( #1103 ), #295, .F. ) ;
#5660 = AXIS2_PLACEMENT_3D ( 'NONE', #127, #783, #6772 ) ;
#5661 = CARTESIAN_POINT ( 'NONE',  ( -1.100000000000000089, 0.2000000000000000111, -0.1750000000000002387 ) ) ;
#5662 =( NAMED_UNIT ( * ) PLANE_ANGLE_UNIT ( ) SI_UNIT ( $, .RADIAN. ) );
#5663 = CIRCLE ( 'NONE', #3618, 0.04999999999999991257 ) ;
#5664 = CARTESIAN_POINT ( 'NONE',  ( -1.100000000000000089, 0.5905124837953331651, 0.8249999999999997335 ) ) ;
#5665 = VECTOR ( 'NONE', #3946, 1000.000000000000000 ) ;
#5666 = CARTESIAN_POINT ( 'NONE',  ( 1.100000000000000089, 0.1999999999999999833, 0.8249999999999997335 ) ) ;
#5667 = DIRECTION ( 'NONE',  ( -1.445602896647343847E-15, 0.000000000000000000, -1.000000000000000000 ) ) ;
#5668 = ORIENTED_EDGE ( 'NONE', *, *, #354, .F. ) ;
#5669 = CARTESIAN_POINT ( 'NONE',  ( 1.400000000000000355, 0.1999999999999999833, 1.324999999999999734 ) ) ;
#5670 = FACE_OUTER_BOUND ( 'NONE', #5407, .T. ) ;
#5671 = EDGE_CURVE ( 'NONE', #7112, #972, #1046, .T. ) ;
#5672 = SURFACE_STYLE_USAGE ( .BOTH. , #5587 ) ;
#5673 = ADVANCED_FACE ( 'NONE', ( #1029 ), #6648, .T. ) ;
#5674 = CARTESIAN_POINT ( 'NONE',  ( 1.149999999999999911, 0.2000000000000000111, -0.3250000000000000111 ) ) ;
#5675 = CIRCLE ( 'NONE', #6877, 0.05000000000000012768 ) ;
#5676 = CIRCLE ( 'NONE', #2183, 0.04999999999999991257 ) ;
#5677 = EDGE_CURVE ( 'NONE', #7596, #3827, #6316, .T. ) ;
#5678 = DIRECTION ( 'NONE',  ( 0.000000000000000000, 0.000000000000000000, 1.000000000000000000 ) ) ;
#5679 = ORIENTED_EDGE ( 'NONE', *, *, #2519, .F. ) ;
#5680 = CARTESIAN_POINT ( 'NONE',  ( -1.150000000000000355, 0.5905124837953331651, -1.375000000000000000 ) ) ;
#5681 = EDGE_CURVE ( 'NONE', #366, #2965, #3727, .T. ) ;
#5682 = DIRECTION ( 'NONE',  ( -0.000000000000000000, -1.000000000000000000, 0.000000000000000000 ) ) ;
#5683 = VECTOR ( 'NONE', #4382, 1000.000000000000000 ) ;
#5684 = FACE_OUTER_BOUND ( 'NONE', #2854, .T. ) ;
#5685 = CARTESIAN_POINT ( 'NONE',  ( -1.350000000000000089, 0.2000000000000000111, -0.8249999999999999556 ) ) ;
#5686 = CARTESIAN_POINT ( 'NONE',  ( 1.400000000000000355, 0.000000000000000000, 0.8249999999999997335 ) ) ;
#5687 = ORIENTED_EDGE ( 'NONE', *, *, #4561, .T. ) ;
#5688 = EDGE_CURVE ( 'NONE', #4083, #4432, #3655, .T. ) ;
#5689 = AXIS2_PLACEMENT_3D ( 'NONE', #4609, #3372, #5633 ) ;
#5690 = AXIS2_PLACEMENT_3D ( 'NONE', #5674, #7476, #313 ) ;
#5691 = DIRECTION ( 'NONE',  ( 0.000000000000000000, 1.000000000000000000, 0.000000000000000000 ) ) ;
#5692 = DIRECTION ( 'NONE',  ( 0.000000000000000000, 0.000000000000000000, -1.000000000000000000 ) ) ;
#5693 = FACE_OUTER_BOUND ( 'NONE', #671, .T. ) ;
#5694 = EDGE_LOOP ( 'NONE', ( #1470, #3335, #3637, #682 ) ) ;
#5695 = PLANE ( 'NONE',  #6341 ) ;
#5696 = CARTESIAN_POINT ( 'NONE',  ( -1.150000000000000355, 0.2000000000000000111, -0.3749999999999998890 ) ) ;
#5697 = EDGE_CURVE ( 'NONE', #464, #3448, #6082, .T. ) ;
#5698 = EDGE_LOOP ( 'NONE', ( #5142, #4995, #4959, #2403 ) ) ;
#5699 = CARTESIAN_POINT ( 'NONE',  ( 0.6999999999999996225, 0.2000000000000000944, 1.274999999999999689 ) ) ;
#5700 = AXIS2_PLACEMENT_3D ( 'NONE', #6966, #6505, #5789 ) ;
#5701 = DIRECTION ( 'NONE',  ( 0.000000000000000000, 0.000000000000000000, 1.000000000000000000 ) ) ;
#5702 = CARTESIAN_POINT ( 'NONE',  ( 1.149999999999999911, 0.2000000000000000111, -0.8249999999999999556 ) ) ;
#5703 = LINE ( 'NONE', #5637, #505 ) ;
#5704 = CARTESIAN_POINT ( 'NONE',  ( -1.400000000000000133, 0.2000000000000000111, 0.8249999999999997335 ) ) ;
#5705 = CARTESIAN_POINT ( 'NONE',  ( 1.150000000000000355, 0.2000000000000000111, -1.375000000000000000 ) ) ;
#5706 = VERTEX_POINT ( 'NONE', #692 ) ;
#5707 = CARTESIAN_POINT ( 'NONE',  ( -1.149999999999999911, 0.000000000000000000, 0.8250000000000001776 ) ) ;
#5708 = CARTESIAN_POINT ( 'NONE',  ( 1.149999999999999911, 0.2000000000000000111, 1.175000000000000044 ) ) ;
#5709 = ORIENTED_EDGE ( 'NONE', *, *, #2159, .T. ) ;
#5710 = FACE_OUTER_BOUND ( 'NONE', #3325, .T. ) ;
#5711 = ADVANCED_FACE ( 'NONE', ( #6251 ), #3479, .F. ) ;
#5712 = EDGE_LOOP ( 'NONE', ( #5114, #3770, #4068, #6639, #3539, #4167, #2145, #7095 ) ) ;
#5713 = EDGE_CURVE ( 'NONE', #3172, #1607, #6039, .T. ) ;
#5714 = DIRECTION ( 'NONE',  ( -0.000000000000000000, -1.000000000000000000, 0.000000000000000000 ) ) ;
#5715 = AXIS2_PLACEMENT_3D ( 'NONE', #489, #2772, #2826 ) ;
#5716 = CARTESIAN_POINT ( 'NONE',  ( -1.150000000000000355, 0.000000000000000000, 0.6250000000000001110 ) ) ;
#5717 = VECTOR ( 'NONE', #5171, 1000.000000000000000 ) ;
#5718 = ADVANCED_FACE ( 'NONE', ( #3598 ), #1724, .T. ) ;
#5719 = DIRECTION ( 'NONE',  ( 0.000000000000000000, -1.000000000000000000, 0.000000000000000000 ) ) ;
#5720 = VERTEX_POINT ( 'NONE', #7776 ) ;
#5721 = UNCERTAINTY_MEASURE_WITH_UNIT (LENGTH_MEASURE( 1.000000000000000082E-05 ), #4134, 'distance_accuracy_value', 'NONE');
#5722 = ORIENTED_EDGE ( 'NONE', *, *, #1620, .F. ) ;
#5723 = VERTEX_POINT ( 'NONE', #17 ) ;
#5724 = PLANE ( 'NONE',  #482 ) ;
#5725 = EDGE_CURVE ( 'NONE', #1765, #120, #6137, .T. ) ;
#5726 = ADVANCED_FACE ( 'NONE', ( #6124 ), #3542, .T. ) ;
#5728 = DIRECTION ( 'NONE',  ( -0.000000000000000000, -1.000000000000000000, 0.000000000000000000 ) ) ;
#5727 = AXIS2_PLACEMENT_3D ( 'NONE', #5680, #5831, #7484 ) ;
#5729 = LINE ( 'NONE', #2731, #3332 ) ;
#5730 = CARTESIAN_POINT ( 'NONE',  ( -1.150000000000000355, 0.1999999999999999833, 0.6250000000000001110 ) ) ;
#5731 = ORIENTED_EDGE ( 'NONE', *, *, #3442, .F. ) ;
#5732 = ORIENTED_EDGE ( 'NONE', *, *, #1371, .T. ) ;
#5733 = CARTESIAN_POINT ( 'NONE',  ( -1.100000000000000089, 0.04999999999999999584, -0.1750000000000002387 ) ) ;
#5734 = ORIENTED_EDGE ( 'NONE', *, *, #5447, .T. ) ;
#5735 = VECTOR ( 'NONE', #3836, 1000.000000000000000 ) ;
#5736 = VERTEX_POINT ( 'NONE', #3024 ) ;
#5737 = DIRECTION ( 'NONE',  ( -0.000000000000000000, -1.000000000000000000, -0.000000000000000000 ) ) ;
#5738 = CARTESIAN_POINT ( 'NONE',  ( 1.350000000000000089, 0.000000000000000000, -0.8249999999999999556 ) ) ;
#5739 = CARTESIAN_POINT ( 'NONE',  ( -1.149999999999999911, 0.000000000000000000, 1.175000000000000044 ) ) ;
#5740 = VECTOR ( 'NONE', #5391, 1000.000000000000000 ) ;
#5741 = AXIS2_PLACEMENT_3D ( 'NONE', #2008, #3054, #2919 ) ;
#5742 = ORIENTED_EDGE ( 'NONE', *, *, #5547, .T. ) ;
#5743 = ORIENTED_EDGE ( 'NONE', *, *, #4221, .F. ) ;
#5744 = DIRECTION ( 'NONE',  ( -1.445602896647343847E-15, 0.000000000000000000, -1.000000000000000000 ) ) ;
#5745 = EDGE_LOOP ( 'NONE', ( #5882, #6303, #3997, #5668 ) ) ;
#5746 = FACE_OUTER_BOUND ( 'NONE', #6840, .T. ) ;
#5747 = DIRECTION ( 'NONE',  ( -1.000000000000000000, 0.000000000000000000, 1.445602896647344044E-15 ) ) ;
#5748 = VERTEX_POINT ( 'NONE', #3629 ) ;
#5749 = DIRECTION ( 'NONE',  ( 0.000000000000000000, 0.000000000000000000, 1.000000000000000000 ) ) ;
#5750 = VECTOR ( 'NONE', #6070, 1000.000000000000000 ) ;
#5751 = DIRECTION ( 'NONE',  ( 0.000000000000000000, 0.000000000000000000, 1.000000000000000000 ) ) ;
#5752 = PRESENTATION_STYLE_ASSIGNMENT (( #6938 ) ) ;
#5753 = DIRECTION ( 'NONE',  ( 0.000000000000000000, 0.000000000000000000, 1.000000000000000000 ) ) ;
#5754 = FACE_OUTER_BOUND ( 'NONE', #3606, .T. ) ;
#5755 = CARTESIAN_POINT ( 'NONE',  ( -1.150000000000000355, 0.2000000000000000111, 0.3750000000000001110 ) ) ;
#5756 = VERTEX_POINT ( 'NONE', #4330 ) ;
#5757 = EDGE_CURVE ( 'NONE', #2948, #5736, #947, .T. ) ;
#5758 = ORIENTED_EDGE ( 'NONE', *, *, #1659, .F. ) ;
#5759 = DIRECTION ( 'NONE',  ( 0.000000000000000000, 0.000000000000000000, -1.000000000000000000 ) ) ;
#5760 = DIRECTION ( 'NONE',  ( 0.000000000000000000, 0.000000000000000000, 1.000000000000000000 ) ) ;
#5761 = ORIENTED_EDGE ( 'NONE', *, *, #6270, .T. ) ;
#5762 = EDGE_CURVE ( 'NONE', #3249, #4219, #962, .T. ) ;
#5763 = VERTEX_POINT ( 'NONE', #6735 ) ;
#5764 = CIRCLE ( 'NONE', #5539, 0.04999999999999991257 ) ;
#5765 = EDGE_CURVE ( 'NONE', #4717, #3396, #3743, .T. ) ;
#5766 = CARTESIAN_POINT ( 'NONE',  ( -1.149999999999999911, 0.04999999999999999584, 0.8250000000000001776 ) ) ;
#5767 = DIRECTION ( 'NONE',  ( 0.000000000000000000, 1.000000000000000000, 0.000000000000000000 ) ) ;
#5768 = PLANE ( 'NONE',  #1896 ) ;
#5769 = ORIENTED_EDGE ( 'NONE', *, *, #1307, .T. ) ;
#5770 = ORIENTED_EDGE ( 'NONE', *, *, #6476, .F. ) ;
#5771 = CLOSED_SHELL ( 'NONE', ( #3355, #7636, #7517, #1045, #7711, #4013, #4124, #5986, #5007, #4116 ) ) ;
#5772 = ADVANCED_FACE ( 'NONE', ( #3892 ), #6079, .F. ) ;
#5773 = ORIENTED_EDGE ( 'NONE', *, *, #2010, .F. ) ;
#5774 = EDGE_CURVE ( 'NONE', #7002, #5786, #6347, .T. ) ;
#5775 = VECTOR ( 'NONE', #3361, 1000.000000000000000 ) ;
#5776 = EDGE_CURVE ( 'NONE', #3209, #7421, #1255, .T. ) ;
#5777 = CARTESIAN_POINT ( 'NONE',  ( -1.149999999999999911, 0.2000000000000000111, 0.1750000000000000167 ) ) ;
#5778 = VECTOR ( 'NONE', #4658, 1000.000000000000000 ) ;
#5779 = ADVANCED_FACE ( 'NONE', ( #3763 ), #4227, .T. ) ;
#5780 = AXIS2_PLACEMENT_3D ( 'NONE', #3988, #4033, #5801 ) ;
#5781 = CARTESIAN_POINT ( 'NONE',  ( 0.000000000000000000, 0.05000000000000000278, -0.8749999999999998890 ) ) ;
#5782 = DIRECTION ( 'NONE',  ( -0.000000000000000000, -1.000000000000000000, 0.000000000000000000 ) ) ;
#5783 = ORIENTED_EDGE ( 'NONE', *, *, #4061, .T. ) ;
#5784 = VERTEX_POINT ( 'NONE', #5489 ) ;
#5785 = DIRECTION ( 'NONE',  ( 0.000000000000000000, 0.000000000000000000, -1.000000000000000000 ) ) ;
#5786 = VERTEX_POINT ( 'NONE', #149 ) ;
#5787 = CIRCLE ( 'NONE', #1968, 0.04999999999999991257 ) ;
#5788 = VERTEX_POINT ( 'NONE', #4949 ) ;
#5789 = DIRECTION ( 'NONE',  ( 0.000000000000000000, 0.000000000000000000, -1.000000000000000000 ) ) ;
#5790 = CARTESIAN_POINT ( 'NONE',  ( 1.100000000000000089, 0.05000000000000000278, 2.000000000000000000 ) ) ;
#5791 = ADVANCED_FACE ( 'NONE', ( #6493 ), #1988, .T. ) ;
#5792 = CARTESIAN_POINT ( 'NONE',  ( 1.149999999999999911, 0.000000000000000000, -0.1749999999999998224 ) ) ;
#5793 = CYLINDRICAL_SURFACE ( 'NONE', #1283, 0.04999999999999991257 ) ;
#5794 = EDGE_CURVE ( 'NONE', #1543, #3846, #1372, .T. ) ;
#5795 = VERTEX_POINT ( 'NONE', #2724 ) ;
#5797 = CARTESIAN_POINT ( 'NONE',  ( -1.350000000000000311, 0.1999999999999999833, 0.3250000000000001776 ) ) ;
#5796 = AXIS2_PLACEMENT_3D ( 'NONE', #7219, #5977, #6615 ) ;
#5798 = VERTEX_POINT ( 'NONE', #6302 ) ;
#5799 = DIRECTION ( 'NONE',  ( -1.445602896647346214E-15, -0.000000000000000000, 1.000000000000000000 ) ) ;
#5800 = ORIENTED_EDGE ( 'NONE', *, *, #440, .T. ) ;
#5801 = DIRECTION ( 'NONE',  ( 0.000000000000000000, 0.000000000000000000, 1.000000000000000000 ) ) ;
#5802 = ORIENTED_EDGE ( 'NONE', *, *, #7026, .T. ) ;
#5803 = CARTESIAN_POINT ( 'NONE',  ( -1.349999999999999645, 0.000000000000000000, -1.375000000000000000 ) ) ;
#5804 = CIRCLE ( 'NONE', #6295, 0.04999999999999991257 ) ;
#5805 = DIRECTION ( 'NONE',  ( 0.000000000000000000, 0.000000000000000000, 1.000000000000000000 ) ) ;
#5806 = PLANE ( 'NONE',  #2716 ) ;
#5807 = VECTOR ( 'NONE', #502, 1000.000000000000000 ) ;
#5808 = EDGE_CURVE ( 'NONE', #6232, #312, #6583, .T. ) ;
#5809 = CARTESIAN_POINT ( 'NONE',  ( -1.350000000000000089, 0.000000000000000000, -0.6249999999999998890 ) ) ;
#5810 = VERTEX_POINT ( 'NONE', #6884 ) ;
#5811 = EDGE_LOOP ( 'NONE', ( #5392, #1113, #4125, #7286 ) ) ;
#5812 = DIRECTION ( 'NONE',  ( -0.000000000000000000, -1.000000000000000000, -0.000000000000000000 ) ) ;
#5813 = AXIS2_PLACEMENT_3D ( 'NONE', #5473, #6060, #3092 ) ;
#5814 = CARTESIAN_POINT ( 'NONE',  ( -1.350000000000000089, 0.5905124837953331651, -0.6249999999999998890 ) ) ;
#5815 = ORIENTED_EDGE ( 'NONE', *, *, #4883, .T. ) ;
#5816 = LINE ( 'NONE', #3033, #3385 ) ;
#5817 = EDGE_LOOP ( 'NONE', ( #418, #5679, #497, #6052 ) ) ;
#5818 = CIRCLE ( 'NONE', #4903, 0.04999999999999991257 ) ;
#5819 = CARTESIAN_POINT ( 'NONE',  ( -1.100000000000000089, 0.2000000000000000111, 1.324999999999999734 ) ) ;
#5820 = CARTESIAN_POINT ( 'NONE',  ( -1.150000000000000355, 0.5905124837953331651, -0.6249999999999998890 ) ) ;
#5821 = DIRECTION ( 'NONE',  ( -0.000000000000000000, -1.000000000000000000, -0.000000000000000000 ) ) ;
#5822 = CARTESIAN_POINT ( 'NONE',  ( -1.100000000000000089, 0.05000000000000000278, 0.1750000000000004607 ) ) ;
#5823 = ORIENTED_EDGE ( 'NONE', *, *, #7026, .F. ) ;
#5824 = DIRECTION ( 'NONE',  ( 0.000000000000000000, 0.000000000000000000, -1.000000000000000000 ) ) ;
#5825 = EDGE_CURVE ( 'NONE', #7732, #7542, #3877, .T. ) ;
#5826 = ORIENTED_EDGE ( 'NONE', *, *, #1834, .T. ) ;
#5827 = DIRECTION ( 'NONE',  ( 1.000000000000000000, -0.000000000000000000, 0.000000000000000000 ) ) ;
#5828 = ORIENTED_EDGE ( 'NONE', *, *, #7094, .F. ) ;
#5829 = AXIS2_PLACEMENT_3D ( 'NONE', #4476, #4030, #4534 ) ;
#5830 = ORIENTED_EDGE ( 'NONE', *, *, #5429, .T. ) ;
#5831 = DIRECTION ( 'NONE',  ( 0.000000000000000000, -0.000000000000000000, 1.000000000000000000 ) ) ;
#5832 = DIRECTION ( 'NONE',  ( 0.000000000000000000, 1.000000000000000000, 0.000000000000000000 ) ) ;
#5833 = LINE ( 'NONE', #401, #5938 ) ;
#5834 = LINE ( 'NONE', #536, #5880 ) ;
#5835 = PLANE ( 'NONE',  #521 ) ;
#5836 = DIRECTION ( 'NONE',  ( 0.000000000000000000, -1.000000000000000000, 0.000000000000000000 ) ) ;
#5837 = ORIENTED_EDGE ( 'NONE', *, *, #1102, .T. ) ;
#5838 = VERTEX_POINT ( 'NONE', #2833 ) ;
#5839 = ORIENTED_EDGE ( 'NONE', *, *, #480, .F. ) ;
#5840 = ORIENTED_EDGE ( 'NONE', *, *, #1446, .F. ) ;
#5841 = CARTESIAN_POINT ( 'NONE',  ( -1.100000000000000089, 0.5905124837953331651, 0.8249999999999997335 ) ) ;
#5842 = FACE_OUTER_BOUND ( 'NONE', #4868, .T. ) ;
#5843 = AXIS2_PLACEMENT_3D ( 'NONE', #6978, #2220, #4031 ) ;
#5844 = DIRECTION ( 'NONE',  ( 0.000000000000000000, -0.000000000000000000, 1.000000000000000000 ) ) ;
#5845 = VECTOR ( 'NONE', #2386, 1000.000000000000000 ) ;
#5846 = ADVANCED_FACE ( 'NONE', ( #6426 ), #5204, .T. ) ;
#5847 = VECTOR ( 'NONE', #721, 1000.000000000000000 ) ;
#5848 = VERTEX_POINT ( 'NONE', #1840 ) ;
#5849 = CARTESIAN_POINT ( 'NONE',  ( 1.350000000000000311, 0.04999999999999999584, -1.174999999999999822 ) ) ;
#5850 = ORIENTED_EDGE ( 'NONE', *, *, #3711, .F. ) ;
#5851 = DIRECTION ( 'NONE',  ( 0.000000000000000000, -1.000000000000000000, 0.000000000000000000 ) ) ;
#5852 = VERTEX_POINT ( 'NONE', #4721 ) ;
#5853 = LINE ( 'NONE', #3191, #5735 ) ;
#5854 = CARTESIAN_POINT ( 'NONE',  ( 1.400000000000000355, 0.2000000000000000111, 1.324999999999999734 ) ) ;
#5855 = ORIENTED_EDGE ( 'NONE', *, *, #4439, .F. ) ;
#5856 = DIRECTION ( 'NONE',  ( -0.000000000000000000, -1.000000000000000000, -0.000000000000000000 ) ) ;
#5857 = VECTOR ( 'NONE', #7222, 1000.000000000000000 ) ;
#5858 = ADVANCED_FACE ( 'NONE', ( #1167 ), #2338, .T. ) ;
#5859 = EDGE_CURVE ( 'NONE', #4806, #245, #1493, .T. ) ;
#5860 = DIRECTION ( 'NONE',  ( 0.000000000000000000, 0.000000000000000000, -1.000000000000000000 ) ) ;
#5861 = LINE ( 'NONE', #7659, #750 ) ;
#5862 = CARTESIAN_POINT ( 'NONE',  ( -1.149999999999999911, 0.2000000000000000111, -0.1749999999999998224 ) ) ;
#5863 = LINE ( 'NONE', #3965, #792 ) ;
#5864 = CARTESIAN_POINT ( 'NONE',  ( -1.349999999999999645, 0.2000000000000000111, -0.3749999999999998890 ) ) ;
#5865 = ORIENTED_EDGE ( 'NONE', *, *, #6551, .T. ) ;
#5866 = EDGE_CURVE ( 'NONE', #2081, #6092, #6363, .T. ) ;
#5867 = ORIENTED_EDGE ( 'NONE', *, *, #2324, .F. ) ;
#5868 = DIRECTION ( 'NONE',  ( 1.000000000000000000, 0.000000000000000000, 0.000000000000000000 ) ) ;
#5869 = DIRECTION ( 'NONE',  ( -1.000000000000000000, -0.000000000000000000, -0.000000000000000000 ) ) ;
#5870 = VERTEX_POINT ( 'NONE', #311 ) ;
#5871 = FACE_OUTER_BOUND ( 'NONE', #3826, .T. ) ;
#5872 = AXIS2_PLACEMENT_3D ( 'NONE', #84, #3242, #4482 ) ;
#5873 = ORIENTED_EDGE ( 'NONE', *, *, #768, .F. ) ;
#5874 = VECTOR ( 'NONE', #2988, 1000.000000000000000 ) ;
#5875 = AXIS2_PLACEMENT_3D ( 'NONE', #2304, #2913, #1319 ) ;
#5876 = DIRECTION ( 'NONE',  ( 0.000000000000000000, 1.000000000000000000, 0.000000000000000000 ) ) ;
#5877 = CARTESIAN_POINT ( 'NONE',  ( -0.6999999999999998446, 3.109037641557771181, -1.175000000000000266 ) ) ;
#5878 = CARTESIAN_POINT ( 'NONE',  ( -1.150000000000000355, 0.2000000000000000111, -1.375000000000000000 ) ) ;
#5879 = CARTESIAN_POINT ( 'NONE',  ( -1.400000000000000133, 0.2000000000000000111, -0.6750000000000002665 ) ) ;
#5880 = VECTOR ( 'NONE', #1826, 1000.000000000000000 ) ;
#5881 = CARTESIAN_POINT ( 'NONE',  ( -1.200000000000000622, 0.4999999999999998890, -1.200000000000000400 ) ) ;
#5882 = ORIENTED_EDGE ( 'NONE', *, *, #649, .F. ) ;
#5883 = ORIENTED_EDGE ( 'NONE', *, *, #5168, .F. ) ;
#5884 = EDGE_CURVE ( 'NONE', #704, #7742, #3775, .T. ) ;
#5885 = EDGE_LOOP ( 'NONE', ( #6803, #2498, #7572, #16, #2433 ) ) ;
#5886 = LINE ( 'NONE', #5704, #686 ) ;
#5887 = ORIENTED_EDGE ( 'NONE', *, *, #4578, .T. ) ;
#5888 = DIRECTION ( 'NONE',  ( 0.000000000000000000, 0.000000000000000000, -1.000000000000000000 ) ) ;
#5889 = AXIS2_PLACEMENT_3D ( 'NONE', #4217, #40, #628 ) ;
#5890 = DIRECTION ( 'NONE',  ( 0.000000000000000000, 0.000000000000000000, -1.000000000000000000 ) ) ;
#5891 = LINE ( 'NONE', #5630, #573 ) ;
#5892 = CIRCLE ( 'NONE', #5093, 0.04999999999999991257 ) ;
#5893 = DIRECTION ( 'NONE',  ( -0.000000000000000000, -1.000000000000000000, 0.000000000000000000 ) ) ;
#5894 =( LENGTH_UNIT ( ) NAMED_UNIT ( * ) SI_UNIT ( .MILLI., .METRE. ) );
#5895 = VERTEX_POINT ( 'NONE', #1614 ) ;
#5896 = ORIENTED_EDGE ( 'NONE', *, *, #3698, .T. ) ;
#5897 = DIRECTION ( 'NONE',  ( -1.445602896647343847E-15, 0.000000000000000000, -1.000000000000000000 ) ) ;
#5898 = ORIENTED_EDGE ( 'NONE', *, *, #2509, .F. ) ;
#5899 = VECTOR ( 'NONE', #2333, 1000.000000000000000 ) ;
#5900 = ORIENTED_EDGE ( 'NONE', *, *, #7423, .T. ) ;
#5901 = EDGE_CURVE ( 'NONE', #5346, #3023, #3807, .T. ) ;
#5902 = DIRECTION ( 'NONE',  ( 0.000000000000000000, 0.000000000000000000, 1.000000000000000000 ) ) ;
#5903 = FACE_OUTER_BOUND ( 'NONE', #393, .T. ) ;
#5904 = CARTESIAN_POINT ( 'NONE',  ( -1.400000000000000133, 0.5905124837953331651, -0.6750000000000002665 ) ) ;
#5905 = PRESENTATION_LAYER_ASSIGNMENT (  '', '', ( #1999 ) ) ;
#5906 = DIRECTION ( 'NONE',  ( 0.000000000000000000, 0.000000000000000000, -1.000000000000000000 ) ) ;
#5907 = COLOUR_RGB ( '',0.7921568627450980005, 0.8196078431372548767, 0.9333333333333333481 ) ;
#5908 = FACE_OUTER_BOUND ( 'NONE', #6817, .T. ) ;
#5909 = DIRECTION ( 'NONE',  ( -0.000000000000000000, -1.000000000000000000, -0.000000000000000000 ) ) ;
#5910 = ORIENTED_EDGE ( 'NONE', *, *, #1480, .T. ) ;
#5911 = CARTESIAN_POINT ( 'NONE',  ( 1.150000000000000355, 0.2000000000000000111, -0.3749999999999998890 ) ) ;
#5912 = ORIENTED_EDGE ( 'NONE', *, *, #4757, .F. ) ;
#5913 = CARTESIAN_POINT ( 'NONE',  ( -1.349999999999999645, 0.000000000000000000, 0.1250000000000001110 ) ) ;
#5914 = ORIENTED_EDGE ( 'NONE', *, *, #3237, .T. ) ;
#5915 = CARTESIAN_POINT ( 'NONE',  ( -1.400000000000000133, 0.5905124837953331651, 0.8249999999999997335 ) ) ;
#5916 = ORIENTED_EDGE ( 'NONE', *, *, #4297, .T. ) ;
#5917 = CARTESIAN_POINT ( 'NONE',  ( -1.400000000000000133, 0.2000000000000000111, -1.175000000000000266 ) ) ;
#5918 = CYLINDRICAL_SURFACE ( 'NONE', #2256, 0.04999999999999991257 ) ;
#5919 = EDGE_CURVE ( 'NONE', #2965, #6837, #1286, .T. ) ;
#5920 = PLANE ( 'NONE',  #89 ) ;
#5921 = AXIS2_PLACEMENT_3D ( 'NONE', #430, #2264, #4165 ) ;
#5922 = LINE ( 'NONE', #7369, #5845 ) ;
#5923 = CARTESIAN_POINT ( 'NONE',  ( -1.149999999999999911, 0.2000000000000000111, -0.8249999999999999556 ) ) ;
#5924 = LINE ( 'NONE', #810, #3125 ) ;
#5925 = CARTESIAN_POINT ( 'NONE',  ( 1.400000000000000355, 0.04999999999999999584, 0.8249999999999997335 ) ) ;
#5926 = EDGE_LOOP ( 'NONE', ( #1571, #3806, #3243, #3298 ) ) ;
#5927 = ORIENTED_EDGE ( 'NONE', *, *, #4651, .T. ) ;
#5928 = CARTESIAN_POINT ( 'NONE',  ( -1.350000000000000089, 0.2000000000000000111, 0.3750000000000001110 ) ) ;
#5929 =( NAMED_UNIT ( * ) PLANE_ANGLE_UNIT ( ) SI_UNIT ( $, .RADIAN. ) );
#5930 = ORIENTED_EDGE ( 'NONE', *, *, #4849, .T. ) ;
#5931 = ORIENTED_EDGE ( 'NONE', *, *, #2506, .F. ) ;
#5932 = FACE_OUTER_BOUND ( 'NONE', #3042, .T. ) ;
#5933 = CARTESIAN_POINT ( 'NONE',  ( 1.400000000000000355, 0.2000000000000000111, 1.324999999999999734 ) ) ;
#5934 = DIRECTION ( 'NONE',  ( -0.000000000000000000, -1.000000000000000000, -0.000000000000000000 ) ) ;
#5935 = EDGE_CURVE ( 'NONE', #6926, #6195, #3977, .T. ) ;
#5936 = DIRECTION ( 'NONE',  ( 0.000000000000000000, 0.000000000000000000, 1.000000000000000000 ) ) ;
#5937 = DIRECTION ( 'NONE',  ( -0.000000000000000000, 0.000000000000000000, 1.000000000000000000 ) ) ;
#5938 = VECTOR ( 'NONE', #3418, 1000.000000000000000 ) ;
#5939 = FACE_OUTER_BOUND ( 'NONE', #1191, .T. ) ;
#5940 = MANIFOLD_SOLID_BREP ( 'LPattern2[7]', #548 ) ;
#5941 = AXIS2_PLACEMENT_3D ( 'NONE', #3889, #1702, #6976 ) ;
#5942 = ORIENTED_EDGE ( 'NONE', *, *, #1768, .T. ) ;
#5943 = EDGE_LOOP ( 'NONE', ( #526, #632, #1921, #308 ) ) ;
#5944 = ORIENTED_EDGE ( 'NONE', *, *, #4790, .T. ) ;
#5945 = ORIENTED_EDGE ( 'NONE', *, *, #7318, .F. ) ;
#5946 = DIRECTION ( 'NONE',  ( 1.000000000000000000, -0.000000000000000000, 0.000000000000000000 ) ) ;
#5947 = DIRECTION ( 'NONE',  ( 0.000000000000000000, 0.000000000000000000, 1.000000000000000000 ) ) ;
#5948 = FACE_OUTER_BOUND ( 'NONE', #683, .T. ) ;
#5949 = DIRECTION ( 'NONE',  ( 0.000000000000000000, 1.000000000000000000, 0.000000000000000000 ) ) ;
#5950 = DIRECTION ( 'NONE',  ( 1.000000000000000000, -0.000000000000000000, 0.000000000000000000 ) ) ;
#5951 = ORIENTED_EDGE ( 'NONE', *, *, #5713, .T. ) ;
#5952 = AXIS2_PLACEMENT_3D ( 'NONE', #3924, #5016, #6210 ) ;
#5953 = ORIENTED_EDGE ( 'NONE', *, *, #2759, .F. ) ;
#5954 = DIRECTION ( 'NONE',  ( 0.000000000000000000, 0.000000000000000000, 1.000000000000000000 ) ) ;
#5955 = ORIENTED_EDGE ( 'NONE', *, *, #2581, .F. ) ;
#5956 = LINE ( 'NONE', #1912, #5970 ) ;
#5957 = EDGE_CURVE ( 'NONE', #3263, #4378, #6686, .T. ) ;
#5958 = ORIENTED_EDGE ( 'NONE', *, *, #7018, .T. ) ;
#5959 = DIRECTION ( 'NONE',  ( -1.000000000000000000, 0.000000000000000000, -0.000000000000000000 ) ) ;
#5960 = FACE_OUTER_BOUND ( 'NONE', #224, .T. ) ;
#5961 = DIRECTION ( 'NONE',  ( 0.000000000000000000, -1.000000000000000000, 0.000000000000000000 ) ) ;
#5962 = LINE ( 'NONE', #2840, #3281 ) ;
#5963 = DIRECTION ( 'NONE',  ( 0.000000000000000000, 0.000000000000000000, -1.000000000000000000 ) ) ;
#5964 = ORIENTED_EDGE ( 'NONE', *, *, #4389, .T. ) ;
#5965 = DIRECTION ( 'NONE',  ( 0.000000000000000000, -1.000000000000000000, 0.000000000000000000 ) ) ;
#5966 = EDGE_LOOP ( 'NONE', ( #939, #4684, #4492, #1831 ) ) ;
#5967 = DIRECTION ( 'NONE',  ( 0.000000000000000000, 0.000000000000000000, -1.000000000000000000 ) ) ;
#5968 = EDGE_CURVE ( 'NONE', #4464, #5784, #6411, .T. ) ;
#5969 = EDGE_LOOP ( 'NONE', ( #6065, #5065, #2467, #2377 ) ) ;
#5970 = VECTOR ( 'NONE', #6059, 1000.000000000000000 ) ;
#5971 = DIRECTION ( 'NONE',  ( -0.000000000000000000, -1.000000000000000000, -0.000000000000000000 ) ) ;
#5972 = ORIENTED_EDGE ( 'NONE', *, *, #1552, .T. ) ;
#5973 = DIRECTION ( 'NONE',  ( -0.000000000000000000, -1.000000000000000000, -0.000000000000000000 ) ) ;
#5974 = EDGE_CURVE ( 'NONE', #2606, #3145, #3835, .T. ) ;
#5975 = CYLINDRICAL_SURFACE ( 'NONE', #7708, 0.04999999999999991257 ) ;
#5976 = EDGE_CURVE ( 'NONE', #7471, #7336, #3915, .T. ) ;
#5977 = DIRECTION ( 'NONE',  ( 0.000000000000000000, -1.000000000000000000, 0.000000000000000000 ) ) ;
#5978 = VECTOR ( 'NONE', #5150, 1000.000000000000000 ) ;
#5979 = DIRECTION ( 'NONE',  ( 1.000000000000000000, 0.000000000000000000, 0.000000000000000000 ) ) ;
#5980 = LINE ( 'NONE', #4359, #912 ) ;
#5981 = AXIS2_PLACEMENT_3D ( 'NONE', #5192, #390, #4650 ) ;
#5982 = EDGE_LOOP ( 'NONE', ( #3801, #7246, #6402, #4645 ) ) ;
#5983 = AXIS2_PLACEMENT_3D ( 'NONE', #552, #1782, #2548 ) ;
#5984 = VERTEX_POINT ( 'NONE', #5053 ) ;
#5985 = ORIENTED_EDGE ( 'NONE', *, *, #7074, .F. ) ;
#5986 = ADVANCED_FACE ( 'NONE', ( #6592 ), #6941, .F. ) ;
#5987 = ORIENTED_EDGE ( 'NONE', *, *, #1311, .T. ) ;
#5988 = VECTOR ( 'NONE', #6030, 1000.000000000000000 ) ;
#5989 = DIRECTION ( 'NONE',  ( 1.445602896647344044E-15, 0.000000000000000000, 1.000000000000000000 ) ) ;
#5990 = DIRECTION ( 'NONE',  ( 1.000000000000000000, -0.000000000000000000, 0.000000000000000000 ) ) ;
#5991 = FILL_AREA_STYLE ('',( #4244 ) ) ;
#5992 = PLANE ( 'NONE',  #4063 ) ;
#5993 = LINE ( 'NONE', #2887, #5778 ) ;
#5994 = EDGE_CURVE ( 'NONE', #4218, #4739, #1323, .T. ) ;
#5995 = CIRCLE ( 'NONE', #3363, 0.04999999999999991257 ) ;
#5996 = EDGE_LOOP ( 'NONE', ( #7234, #1315, #7337, #885 ) ) ;
#5997 = AXIS2_PLACEMENT_3D ( 'NONE', #7372, #6609, #3 ) ;
#5998 = ORIENTED_EDGE ( 'NONE', *, *, #5762, .T. ) ;
#5999 = ORIENTED_EDGE ( 'NONE', *, *, #3492, .F. ) ;
#6000 = VERTEX_POINT ( 'NONE', #6999 ) ;
#6001 = CARTESIAN_POINT ( 'NONE',  ( 1.350000000000000089, 0.04999999999999999584, -0.3250000000000000111 ) ) ;
#6002 = CIRCLE ( 'NONE', #6591, 0.04999999999999991257 ) ;
#6003 = CARTESIAN_POINT ( 'NONE',  ( 1.150000000000000355, 0.000000000000000000, 0.1250000000000001110 ) ) ;
#6004 = LINE ( 'NONE', #3284, #3394 ) ;
#6005 = EDGE_CURVE ( 'NONE', #6970, #4083, #3928, .T. ) ;
#6006 = DIRECTION ( 'NONE',  ( -1.000000000000000000, 0.000000000000000000, 0.000000000000000000 ) ) ;
#6007 = CARTESIAN_POINT ( 'NONE',  ( -1.400000000000000133, 0.2000000000000000111, 0.3249999999999997891 ) ) ;
#6008 = EDGE_LOOP ( 'NONE', ( #328, #889, #4323, #1902 ) ) ;
#6009 = ORIENTED_EDGE ( 'NONE', *, *, #6273, .T. ) ;
#6010 = AXIS2_PLACEMENT_3D ( 'NONE', #3194, #6228, #5560 ) ;
#6011 = ORIENTED_EDGE ( 'NONE', *, *, #409, .F. ) ;
#6012 = ORIENTED_EDGE ( 'NONE', *, *, #5794, .F. ) ;
#6013 = CARTESIAN_POINT ( 'NONE',  ( 1.400000000000000355, 0.5905124837953331651, -0.1750000000000002387 ) ) ;
#6014 = DIRECTION ( 'NONE',  ( -1.000000000000000000, 0.000000000000000000, 0.000000000000000000 ) ) ;
#6015 = PLANE ( 'NONE',  #2116 ) ;
#6016 = FACE_OUTER_BOUND ( 'NONE', #241, .T. ) ;
#6017 = VECTOR ( 'NONE', #7797, 1000.000000000000000 ) ;
#6018 = PLANE ( 'NONE',  #6221 ) ;
#6019 = ORIENTED_EDGE ( 'NONE', *, *, #4297, .F. ) ;
#6020 = EDGE_CURVE ( 'NONE', #2097, #5786, #6435, .T. ) ;
#6021 = EDGE_LOOP ( 'NONE', ( #4530, #2719, #2841, #4693 ) ) ;
#6022 = EDGE_LOOP ( 'NONE', ( #3012, #1531, #2786, #2561 ) ) ;
#6023 = CARTESIAN_POINT ( 'NONE',  ( 1.400000000000000355, 0.2000000000000000111, -0.6750000000000002665 ) ) ;
#6024 = AXIS2_PLACEMENT_3D ( 'NONE', #5181, #6163, #5568 ) ;
#6025 = ORIENTED_EDGE ( 'NONE', *, *, #7465, .F. ) ;
#6026 = SURFACE_STYLE_USAGE ( .BOTH. , #1287 ) ;
#6027 = LINE ( 'NONE', #5288, #5874 ) ;
#6028 = DIRECTION ( 'NONE',  ( -0.000000000000000000, -1.000000000000000000, -0.000000000000000000 ) ) ;
#6029 = VECTOR ( 'NONE', #4287, 1000.000000000000000 ) ;
#6030 = DIRECTION ( 'NONE',  ( 1.000000000000000000, 0.000000000000000000, 0.000000000000000000 ) ) ;
#6031 = UNCERTAINTY_MEASURE_WITH_UNIT (LENGTH_MEASURE( 1.000000000000000082E-05 ), #4424, 'distance_accuracy_value', 'NONE');
#6032 = ORIENTED_EDGE ( 'NONE', *, *, #3116, .T. ) ;
#6033 = ORIENTED_EDGE ( 'NONE', *, *, #2328, .F. ) ;
#6034 = CARTESIAN_POINT ( 'NONE',  ( -1.149999999999999911, 0.5905124837953331651, -0.3250000000000000111 ) ) ;
#6035 = DIRECTION ( 'NONE',  ( -0.000000000000000000, -1.000000000000000000, -0.000000000000000000 ) ) ;
#6036 = ORIENTED_EDGE ( 'NONE', *, *, #3794, .F. ) ;
#6037 = EDGE_CURVE ( 'NONE', #4357, #2543, #3864, .T. ) ;
#6038 = EDGE_LOOP ( 'NONE', ( #523, #4008, #4017, #5629 ) ) ;
#6039 = LINE ( 'NONE', #3695, #6054 ) ;
#6041 = CARTESIAN_POINT ( 'NONE',  ( 1.100000000000000089, 0.2000000000000000111, 0.8249999999999997335 ) ) ;
#6040 = AXIS2_PLACEMENT_3D ( 'NONE', #2038, #2621, #4326 ) ;
#6042 = CARTESIAN_POINT ( 'NONE',  ( -1.149999999999999911, 0.000000000000000000, 0.6750000000000000444 ) ) ;
#6043 = CARTESIAN_POINT ( 'NONE',  ( -1.350000000000000089, 0.2000000000000000111, -1.324999999999999956 ) ) ;
#6044 = CARTESIAN_POINT ( 'NONE',  ( -1.150000000000000355, 0.000000000000000000, 1.125000000000000222 ) ) ;
#6045 = CARTESIAN_POINT ( 'NONE',  ( 1.150000000000000355, 0.2000000000000000111, 1.375000000000000222 ) ) ;
#6046 = CARTESIAN_POINT ( 'NONE',  ( 1.149999999999999911, 0.5905124837953331651, -0.3250000000000000111 ) ) ;
#6047 = LINE ( 'NONE', #322, #1153 ) ;
#6048 = FACE_OUTER_BOUND ( 'NONE', #6022, .T. ) ;
#6049 = ORIENTED_EDGE ( 'NONE', *, *, #7254, .T. ) ;
#6050 = VERTEX_POINT ( 'NONE', #7228 ) ;
#6051 = ORIENTED_EDGE ( 'NONE', *, *, #1264, .F. ) ;
#6052 = ORIENTED_EDGE ( 'NONE', *, *, #5255, .T. ) ;
#6053 = CARTESIAN_POINT ( 'NONE',  ( -1.100000000000000089, 0.1999999999999999833, 1.324999999999999734 ) ) ;
#6054 = VECTOR ( 'NONE', #7229, 1000.000000000000000 ) ;
#6055 = EDGE_CURVE ( 'NONE', #1817, #2927, #1506, .T. ) ;
#6056 = CARTESIAN_POINT ( 'NONE',  ( 1.149999999999999911, 0.1999999999999999833, -0.3250000000000000111 ) ) ;
#6057 = LINE ( 'NONE', #2634, #3657 ) ;
#6058 = FACE_OUTER_BOUND ( 'NONE', #5943, .T. ) ;
#6059 = DIRECTION ( 'NONE',  ( 1.000000000000000000, -0.000000000000000000, 0.000000000000000000 ) ) ;
#6060 = DIRECTION ( 'NONE',  ( 0.000000000000000000, 1.000000000000000000, 0.000000000000000000 ) ) ;
#6061 = VERTEX_POINT ( 'NONE', #7233 ) ;
#6062 = EDGE_CURVE ( 'NONE', #4432, #232, #1338, .T. ) ;
#6063 = ORIENTED_EDGE ( 'NONE', *, *, #677, .F. ) ;
#6064 = CARTESIAN_POINT ( 'NONE',  ( 1.149999999999999911, 0.000000000000000000, -0.8249999999999999556 ) ) ;
#6065 = ORIENTED_EDGE ( 'NONE', *, *, #5270, .F. ) ;
#6066 = PLANE ( 'NONE',  #2408 ) ;
#6067 = ORIENTED_EDGE ( 'NONE', *, *, #954, .T. ) ;
#6068 = DIRECTION ( 'NONE',  ( 0.000000000000000000, -1.000000000000000000, 0.000000000000000000 ) ) ;
#6069 = VECTOR ( 'NONE', #496, 1000.000000000000000 ) ;
#6070 = DIRECTION ( 'NONE',  ( 0.000000000000000000, -1.000000000000000000, 0.000000000000000000 ) ) ;
#6071 = CARTESIAN_POINT ( 'NONE',  ( -1.400000000000000133, 0.5905124837953331651, 0.8249999999999997335 ) ) ;
#6072 = EDGE_CURVE ( 'NONE', #3263, #7732, #6698, .T. ) ;
#6073 = DIRECTION ( 'NONE',  ( 0.000000000000000000, 1.000000000000000000, 0.000000000000000000 ) ) ;
#6074 = ORIENTED_EDGE ( 'NONE', *, *, #6077, .T. ) ;
#6075 = ORIENTED_EDGE ( 'NONE', *, *, #7722, .T. ) ;
#6076 = CARTESIAN_POINT ( 'NONE',  ( 1.150000000000000355, 0.1999999999999999833, 1.375000000000000222 ) ) ;
#6077 = EDGE_CURVE ( 'NONE', #1099, #3301, #6546, .T. ) ;
#6078 = EDGE_LOOP ( 'NONE', ( #5251, #928, #6813, #5428 ) ) ;
#6079 = PLANE ( 'NONE',  #1564 ) ;
#6080 = VERTEX_POINT ( 'NONE', #1257 ) ;
#6081 = DIRECTION ( 'NONE',  ( -0.000000000000000000, -0.000000000000000000, 1.000000000000000000 ) ) ;
#6082 = LINE ( 'NONE', #7319, #3527 ) ;
#6083 = AXIS2_PLACEMENT_3D ( 'NONE', #1041, #4258, #2917 ) ;
#6084 = STYLED_ITEM ( 'NONE', ( #488 ), #7534 ) ;
#6085 = CARTESIAN_POINT ( 'NONE',  ( -0.9374999999999968914, 0.000000000000000000, -0.9375000000000052180 ) ) ;
#6086 = LINE ( 'NONE', #4960, #6282 ) ;
#6087 = DIRECTION ( 'NONE',  ( -1.000000000000000000, 0.000000000000000000, 0.000000000000000000 ) ) ;
#6088 = LINE ( 'NONE', #4410, #3680 ) ;
#6089 = ORIENTED_EDGE ( 'NONE', *, *, #716, .F. ) ;
#6090 = ORIENTED_EDGE ( 'NONE', *, *, #5606, .T. ) ;
#6091 = DIRECTION ( 'NONE',  ( 0.000000000000000000, 0.000000000000000000, -1.000000000000000000 ) ) ;
#6092 = VERTEX_POINT ( 'NONE', #4190 ) ;
#6093 = CARTESIAN_POINT ( 'NONE',  ( -1.399999999999999911, 0.2000000000000000111, 0.6750000000000004885 ) ) ;
#6094 = ORIENTED_EDGE ( 'NONE', *, *, #6647, .T. ) ;
#6095 = EDGE_CURVE ( 'NONE', #7129, #5984, #3953, .T. ) ;
#6096 = LINE ( 'NONE', #1001, #892 ) ;
#6097 = DIRECTION ( 'NONE',  ( -1.445602896647343847E-15, 0.000000000000000000, -1.000000000000000000 ) ) ;
#6098 = DIRECTION ( 'NONE',  ( 0.000000000000000000, -1.000000000000000000, 0.000000000000000000 ) ) ;
#6099 = DIRECTION ( 'NONE',  ( 0.000000000000000000, 0.000000000000000000, 1.000000000000000000 ) ) ;
#6100 = AXIS2_PLACEMENT_3D ( 'NONE', #5495, #4179, #7 ) ;
#6101 = DIRECTION ( 'NONE',  ( 0.000000000000000000, -1.000000000000000000, 0.000000000000000000 ) ) ;
#6102 = VECTOR ( 'NONE', #4916, 1000.000000000000000 ) ;
#6103 = CIRCLE ( 'NONE', #5889, 0.04999999999999991257 ) ;
#6104 = ORIENTED_EDGE ( 'NONE', *, *, #6217, .T. ) ;
#6105 = ADVANCED_FACE ( 'NONE', ( #6559 ), #2390, .F. ) ;
#6106 = ORIENTED_EDGE ( 'NONE', *, *, #3026, .F. ) ;
#6107 = ORIENTED_EDGE ( 'NONE', *, *, #4987, .F. ) ;
#6108 = EDGE_LOOP ( 'NONE', ( #1137, #1000, #2644, #814 ) ) ;
#6109 = DIRECTION ( 'NONE',  ( -0.000000000000000000, -1.000000000000000000, -0.000000000000000000 ) ) ;
#6110 = FACE_OUTER_BOUND ( 'NONE', #3722, .T. ) ;
#6111 = EDGE_CURVE ( 'NONE', #1042, #3858, #1152, .T. ) ;
#6113 = PLANE ( 'NONE',  #5660 ) ;
#6112 = PRESENTATION_LAYER_ASSIGNMENT (  '', '', ( #2647 ) ) ;
#6114 = FACE_OUTER_BOUND ( 'NONE', #7478, .T. ) ;
#6115 = FACE_OUTER_BOUND ( 'NONE', #5694, .T. ) ;
#6116 = CARTESIAN_POINT ( 'NONE',  ( -1.400000000000000133, 0.2000000000000000111, -0.1750000000000002387 ) ) ;
#6117 = ORIENTED_EDGE ( 'NONE', *, *, #2605, .F. ) ;
#6118 = EDGE_LOOP ( 'NONE', ( #1207, #904, #998, #7669 ) ) ;
#6119 = DIRECTION ( 'NONE',  ( 0.000000000000000000, 0.000000000000000000, 1.000000000000000000 ) ) ;
#6120 = ORIENTED_EDGE ( 'NONE', *, *, #4544, .F. ) ;
#6121 = ADVANCED_FACE ( 'NONE', ( #1565 ), #4177, .T. ) ;
#6122 = ORIENTED_EDGE ( 'NONE', *, *, #508, .T. ) ;
#6123 = CARTESIAN_POINT ( 'NONE',  ( 1.150000000000000355, 0.2000000000000000111, 0.6250000000000001110 ) ) ;
#6124 = FACE_OUTER_BOUND ( 'NONE', #6118, .T. ) ;
#6125 = EDGE_CURVE ( 'NONE', #1402, #3887, #1617, .T. ) ;
#6126 = DIRECTION ( 'NONE',  ( 0.000000000000000000, 1.000000000000000000, 0.000000000000000000 ) ) ;
#6127 = CIRCLE ( 'NONE', #5650, 0.05000000000000002359 ) ;
#6128 = LINE ( 'NONE', #5651, #3577 ) ;
#6129 = CARTESIAN_POINT ( 'NONE',  ( 1.150000000000000355, 0.05000000000000000278, 0.6250000000000001110 ) ) ;
#6130 = AXIS2_PLACEMENT_3D ( 'NONE', #780, #2648, #5611 ) ;
#6131 = VERTEX_POINT ( 'NONE', #6044 ) ;
#6132 = EDGE_LOOP ( 'NONE', ( #3910, #4844, #4983, #3650, #1933, #7391, #5040, #5232 ) ) ;
#6133 = DIRECTION ( 'NONE',  ( 0.000000000000000000, 0.000000000000000000, -1.000000000000000000 ) ) ;
#6134 = ORIENTED_EDGE ( 'NONE', *, *, #1767, .F. ) ;
#6135 = CARTESIAN_POINT ( 'NONE',  ( -1.150000000000000355, 0.2000000000000000111, -0.6249999999999998890 ) ) ;
#6136 = ORIENTED_EDGE ( 'NONE', *, *, #5354, .F. ) ;
#6137 = CIRCLE ( 'NONE', #4225, 0.04999999999999991257 ) ;
#6138 = CARTESIAN_POINT ( 'NONE',  ( 1.350000000000000089, 0.04999999999999999584, -0.6249999999999996669 ) ) ;
#6139 = CARTESIAN_POINT ( 'NONE',  ( -1.150000000000000355, 0.5905124837953331651, 1.375000000000000222 ) ) ;
#6140 = CIRCLE ( 'NONE', #177, 0.04999999999999991257 ) ;
#6141 = CARTESIAN_POINT ( 'NONE',  ( 1.149999999999999911, 0.5905124837953331651, 1.175000000000000044 ) ) ;
#6142 = VERTEX_POINT ( 'NONE', #4722 ) ;
#6143 = AXIS2_PLACEMENT_3D ( 'NONE', #1240, #2933, #7317 ) ;
#6144 = VERTEX_POINT ( 'NONE', #2288 ) ;
#6145 = CARTESIAN_POINT ( 'NONE',  ( -1.400000000000000133, 0.000000000000000000, -1.175000000000000266 ) ) ;
#6146 = ORIENTED_EDGE ( 'NONE', *, *, #7493, .T. ) ;
#6147 = CARTESIAN_POINT ( 'NONE',  ( -0.5999999999999992006, 0.2000000000000000944, -1.275000000000000133 ) ) ;
#6148 = VERTEX_POINT ( 'NONE', #1781 ) ;
#6149 = LINE ( 'NONE', #1649, #3456 ) ;
#6150 = DIRECTION ( 'NONE',  ( 0.000000000000000000, 0.000000000000000000, -1.000000000000000000 ) ) ;
#6151 = DIRECTION ( 'NONE',  ( 0.000000000000000000, 0.000000000000000000, 1.000000000000000000 ) ) ;
#6152 = CARTESIAN_POINT ( 'NONE',  ( -1.149999999999999911, 0.2000000000000000111, 1.175000000000000044 ) ) ;
#6153 = CARTESIAN_POINT ( 'NONE',  ( 1.350000000000000089, 0.000000000000000000, -0.3250000000000000111 ) ) ;
#6154 = DIRECTION ( 'NONE',  ( 0.000000000000000000, 1.000000000000000000, 0.000000000000000000 ) ) ;
#6155 = LINE ( 'NONE', #3216, #3627 ) ;
#6156 = LINE ( 'NONE', #1640, #1005 ) ;
#6157 = ORIENTED_EDGE ( 'NONE', *, *, #7059, .F. ) ;
#6158 = ORIENTED_EDGE ( 'NONE', *, *, #1561, .F. ) ;
#6159 = EDGE_CURVE ( 'NONE', #4753, #366, #4228, .T. ) ;
#6160 = ORIENTED_EDGE ( 'NONE', *, *, #7679, .F. ) ;
#6161 = CARTESIAN_POINT ( 'NONE',  ( -1.350000000000000311, 0.2000000000000000111, 0.8250000000000001776 ) ) ;
#6162 = EDGE_LOOP ( 'NONE', ( #6229, #2041, #3520, #6826 ) ) ;
#6163 = DIRECTION ( 'NONE',  ( -0.000000000000000000, -1.000000000000000000, 0.000000000000000000 ) ) ;
#6164 = EDGE_CURVE ( 'NONE', #2777, #7067, #1540, .T. ) ;
#6165 = VECTOR ( 'NONE', #1062, 1000.000000000000000 ) ;
#6166 = EDGE_CURVE ( 'NONE', #5786, #3246, #4332, .T. ) ;
#6167 = CARTESIAN_POINT ( 'NONE',  ( -1.399999999999999911, 0.04999999999999999584, 0.1750000000000004607 ) ) ;
#6168 = COLOUR_RGB ( '',1.000000000000000000, 1.000000000000000000, 1.000000000000000000 ) ;
#6169 = AXIS2_PLACEMENT_3D ( 'NONE', #7339, #4347, #5558 ) ;
#6170 = DIRECTION ( 'NONE',  ( -0.000000000000000000, -1.000000000000000000, 0.000000000000000000 ) ) ;
#6171 = DIRECTION ( 'NONE',  ( -1.000000000000000000, -0.000000000000000000, -0.000000000000000000 ) ) ;
#6172 = ORIENTED_EDGE ( 'NONE', *, *, #7452, .T. ) ;
#6173 = ADVANCED_FACE ( 'NONE', ( #4137 ), #1604, .T. ) ;
#6174 =( NAMED_UNIT ( * ) PLANE_ANGLE_UNIT ( ) SI_UNIT ( $, .RADIAN. ) );
#6175 = ORIENTED_EDGE ( 'NONE', *, *, #468, .F. ) ;
#6176 = DIRECTION ( 'NONE',  ( 0.000000000000000000, 0.000000000000000000, -1.000000000000000000 ) ) ;
#6177 = EDGE_LOOP ( 'NONE', ( #7138, #7125, #7571, #6271, #2001, #4474, #3433, #6702 ) ) ;
#6178 = ORIENTED_EDGE ( 'NONE', *, *, #3268, .F. ) ;
#6179 = DIRECTION ( 'NONE',  ( 1.445602896647343847E-15, 0.000000000000000000, 1.000000000000000000 ) ) ;
#6180 = FACE_OUTER_BOUND ( 'NONE', #6038, .T. ) ;
#6181 = DIRECTION ( 'NONE',  ( 0.000000000000000000, -1.000000000000000000, 0.000000000000000000 ) ) ;
#6182 = CARTESIAN_POINT ( 'NONE',  ( 1.400000000000000133, 0.04999999999999999584, -1.324999999999999734 ) ) ;
#6183 = LINE ( 'NONE', #1830, #923 ) ;
#6184 = EDGE_CURVE ( 'NONE', #3145, #668, #4215, .T. ) ;
#6185 = LINE ( 'NONE', #3397, #3533 ) ;
#6186 = DIRECTION ( 'NONE',  ( 0.000000000000000000, 0.000000000000000000, 1.000000000000000000 ) ) ;
#6187 = EDGE_LOOP ( 'NONE', ( #5167, #2588, #5131, #6667 ) ) ;
#6188 = ADVANCED_FACE ( 'NONE', ( #1675 ), #5401, .F. ) ;
#6189 = AXIS2_PLACEMENT_3D ( 'NONE', #6042, #7664, #6580 ) ;
#6190 = ORIENTED_EDGE ( 'NONE', *, *, #5884, .F. ) ;
#6191 = DIRECTION ( 'NONE',  ( 1.445602896647346214E-15, -0.000000000000000000, -1.000000000000000000 ) ) ;
#6192 = ORIENTED_EDGE ( 'NONE', *, *, #1574, .T. ) ;
#6193 = CARTESIAN_POINT ( 'NONE',  ( -1.100000000000000089, 0.05000000000000000278, 0.000000000000000000 ) ) ;
#6194 = ADVANCED_FACE ( 'NONE', ( #4240 ), #6478, .F. ) ;
#6195 = VERTEX_POINT ( 'NONE', #6530 ) ;
#6196 = DIRECTION ( 'NONE',  ( 0.000000000000000000, 0.000000000000000000, -1.000000000000000000 ) ) ;
#6197 = FACE_OUTER_BOUND ( 'NONE', #3223, .T. ) ;
#6198 = CARTESIAN_POINT ( 'NONE',  ( 1.400000000000000133, 0.2000000000000000111, -0.3249999999999997891 ) ) ;
#6199 = CIRCLE ( 'NONE', #1928, 0.04999999999999991257 ) ;
#6200 = VECTOR ( 'NONE', #6014, 1000.000000000000000 ) ;
#6201 = EDGE_CURVE ( 'NONE', #5145, #7164, #6719, .T. ) ;
#6202 = VERTEX_POINT ( 'NONE', #7723 ) ;
#6203 = ORIENTED_EDGE ( 'NONE', *, *, #5646, .F. ) ;
#6204 = CARTESIAN_POINT ( 'NONE',  ( -1.400000000000000133, 0.2000000000000000111, 1.324999999999999734 ) ) ;
#6205 = AXIS2_PLACEMENT_3D ( 'NONE', #6123, #2032, #6725 ) ;
#6206 = ORIENTED_EDGE ( 'NONE', *, *, #3684, .T. ) ;
#6207 = CARTESIAN_POINT ( 'NONE',  ( 1.150000000000000355, 0.000000000000000000, 1.375000000000000222 ) ) ;
#6208 = ORIENTED_EDGE ( 'NONE', *, *, #3851, .T. ) ;
#6209 = VECTOR ( 'NONE', #1884, 1000.000000000000000 ) ;
#6210 = DIRECTION ( 'NONE',  ( -1.000000000000000000, 0.000000000000000000, -0.000000000000000000 ) ) ;
#6211 = CARTESIAN_POINT ( 'NONE',  ( 1.100000000000000089, 0.05000000000000000278, 2.500000000000000000 ) ) ;
#6212 = CARTESIAN_POINT ( 'NONE',  ( 1.100000000000000089, 0.000000000000000000, -0.6750000000000002665 ) ) ;
#6213 = CARTESIAN_POINT ( 'NONE',  ( -1.350000000000000311, 0.1999999999999999833, 0.8250000000000001776 ) ) ;
#6214 = CARTESIAN_POINT ( 'NONE',  ( 1.149999999999999911, 0.04999999999999999584, 0.1750000000000000167 ) ) ;
#6215 = LINE ( 'NONE', #5165, #1123 ) ;
#6216 = ORIENTED_EDGE ( 'NONE', *, *, #6201, .F. ) ;
#6217 = EDGE_CURVE ( 'NONE', #6837, #3912, #1550, .T. ) ;
#6218 = ORIENTED_EDGE ( 'NONE', *, *, #6111, .F. ) ;
#6219 = ORIENTED_EDGE ( 'NONE', *, *, #3571, .T. ) ;
#6220 =( NAMED_UNIT ( * ) SI_UNIT ( $, .STERADIAN. ) SOLID_ANGLE_UNIT ( ) );
#6221 = AXIS2_PLACEMENT_3D ( 'NONE', #6605, #1234, #43 ) ;
#6222 = VERTEX_POINT ( 'NONE', #6624 ) ;
#6223 = DIRECTION ( 'NONE',  ( 0.000000000000000000, 1.000000000000000000, 0.000000000000000000 ) ) ;
#6224 = VECTOR ( 'NONE', #4121, 1000.000000000000000 ) ;
#6225 = DIRECTION ( 'NONE',  ( -0.000000000000000000, -1.000000000000000000, -0.000000000000000000 ) ) ;
#6226 = CIRCLE ( 'NONE', #6834, 0.04999999999999991257 ) ;
#6227 = PLANE ( 'NONE',  #1944 ) ;
#6228 = DIRECTION ( 'NONE',  ( 0.000000000000000000, -1.000000000000000000, 0.000000000000000000 ) ) ;
#6229 = ORIENTED_EDGE ( 'NONE', *, *, #252, .T. ) ;
#6230 = DIRECTION ( 'NONE',  ( 0.000000000000000000, -0.000000000000000000, 1.000000000000000000 ) ) ;
#6231 = ORIENTED_EDGE ( 'NONE', *, *, #5168, .T. ) ;
#6232 = VERTEX_POINT ( 'NONE', #603 ) ;
#6233 = EDGE_CURVE ( 'NONE', #7215, #3581, #6833, .T. ) ;
#6234 = ORIENTED_EDGE ( 'NONE', *, *, #2728, .F. ) ;
#6235 = CARTESIAN_POINT ( 'NONE',  ( 1.350000000000000089, 0.5905124837953331651, -0.3250000000000000111 ) ) ;
#6236 = LINE ( 'NONE', #4338, #907 ) ;
#6237 = AXIS2_PLACEMENT_3D ( 'NONE', #6056, #1910, #3087 ) ;
#6238 = DIRECTION ( 'NONE',  ( 0.000000000000000000, 0.000000000000000000, 1.000000000000000000 ) ) ;
#6239 = CARTESIAN_POINT ( 'NONE',  ( -1.149999999999999911, 0.2000000000000000111, 0.6750000000000000444 ) ) ;
#6240 = PRESENTATION_STYLE_ASSIGNMENT (( #6858 ) ) ;
#6241 = CARTESIAN_POINT ( 'NONE',  ( -1.350000000000000089, 0.04999999999999999584, 1.175000000000000044 ) ) ;
#6242 = CLOSED_SHELL ( 'NONE', ( #1373, #1590, #1914, #2313, #4568, #2186, #408, #4496, #6408, #7461 ) ) ;
#6243 = ADVANCED_FACE ( 'NONE', ( #6883 ), #1656, .F. ) ;
#6244 = EDGE_LOOP ( 'NONE', ( #7201, #2383, #3244, #7243 ) ) ;
#6245 = CARTESIAN_POINT ( 'NONE',  ( -1.150000000000000355, 0.5905124837953331651, -1.375000000000000000 ) ) ;
#6246 = ORIENTED_EDGE ( 'NONE', *, *, #5825, .T. ) ;
#6247 = DIRECTION ( 'NONE',  ( 0.000000000000000000, -0.000000000000000000, 1.000000000000000000 ) ) ;
#6248 = VERTEX_POINT ( 'NONE', #3696 ) ;
#6249 = EDGE_CURVE ( 'NONE', #7215, #5457, #1577, .T. ) ;
#6250 = DIRECTION ( 'NONE',  ( -1.445602896647346214E-15, -0.000000000000000000, 1.000000000000000000 ) ) ;
#6251 = FACE_OUTER_BOUND ( 'NONE', #2838, .T. ) ;
#6252 = AXIS2_PLACEMENT_3D ( 'NONE', #7546, #433, #2129 ) ;
#6253 = CARTESIAN_POINT ( 'NONE',  ( 1.150000000000000355, 0.5905124837953331651, -0.8749999999999998890 ) ) ;
#6254 = CIRCLE ( 'NONE', #3904, 0.04999999999999991257 ) ;
#6255 = VECTOR ( 'NONE', #3486, 1000.000000000000000 ) ;
#6256 = ORIENTED_EDGE ( 'NONE', *, *, #3026, .T. ) ;
#6257 = ORIENTED_EDGE ( 'NONE', *, *, #1473, .T. ) ;
#6258 = CARTESIAN_POINT ( 'NONE',  ( -1.100000000000000089, 0.000000000000000000, -1.324999999999999512 ) ) ;
#6259 = ORIENTED_EDGE ( 'NONE', *, *, #5514, .F. ) ;
#6260 = ADVANCED_FACE ( 'NONE', ( #4188 ), #65, .F. ) ;
#6261 = ORIENTED_EDGE ( 'NONE', *, *, #6399, .F. ) ;
#6262 = LINE ( 'NONE', #2432, #6278 ) ;
#6263 = DIRECTION ( 'NONE',  ( 1.000000000000000000, 0.000000000000000000, 0.000000000000000000 ) ) ;
#6264 = DIRECTION ( 'NONE',  ( 1.445602896647343847E-15, 0.000000000000000000, 1.000000000000000000 ) ) ;
#6265 = DIRECTION ( 'NONE',  ( -0.000000000000000000, -0.000000000000000000, 1.000000000000000000 ) ) ;
#6266 = DIRECTION ( 'NONE',  ( 1.000000000000000000, -0.000000000000000000, -0.000000000000000000 ) ) ;
#6267 = EDGE_CURVE ( 'NONE', #6248, #2927, #6788, .T. ) ;
#6268 = FACE_OUTER_BOUND ( 'NONE', #7721, .T. ) ;
#6269 = LINE ( 'NONE', #7619, #936 ) ;
#6270 = EDGE_CURVE ( 'NONE', #1817, #646, #4149, .T. ) ;
#6271 = ORIENTED_EDGE ( 'NONE', *, *, #7513, .F. ) ;
#6272 = ORIENTED_EDGE ( 'NONE', *, *, #6599, .F. ) ;
#6273 = EDGE_CURVE ( 'NONE', #3249, #5467, #1729, .T. ) ;
#6274 = ORIENTED_EDGE ( 'NONE', *, *, #1652, .F. ) ;
#6275 = DIRECTION ( 'NONE',  ( -0.000000000000000000, -1.000000000000000000, -0.000000000000000000 ) ) ;
#6276 = ORIENTED_EDGE ( 'NONE', *, *, #4120, .F. ) ;
#6277 = DIRECTION ( 'NONE',  ( -1.000000000000000000, 0.000000000000000000, 0.000000000000000000 ) ) ;
#6278 = VECTOR ( 'NONE', #5979, 1000.000000000000000 ) ;
#6279 = MECHANICAL_DESIGN_GEOMETRIC_PRESENTATION_REPRESENTATION (  '', ( #6656 ), #1409 ) ;
#6280 =( GEOMETRIC_REPRESENTATION_CONTEXT ( 3 ) GLOBAL_UNCERTAINTY_ASSIGNED_CONTEXT ( ( #2125 ) ) GLOBAL_UNIT_ASSIGNED_CONTEXT ( ( #4103, #7743, #4791 ) ) REPRESENTATION_CONTEXT ( 'NONE', 'WORKASPACE' ) );
#6281 = DIRECTION ( 'NONE',  ( -0.000000000000000000, -1.000000000000000000, 0.000000000000000000 ) ) ;
#6282 = VECTOR ( 'NONE', #6747, 1000.000000000000000 ) ;
#6283 = SURFACE_STYLE_FILL_AREA ( #1325 ) ;
#6284 = DIRECTION ( 'NONE',  ( -0.000000000000000000, -1.000000000000000000, -0.000000000000000000 ) ) ;
#6285 = CARTESIAN_POINT ( 'NONE',  ( -1.399999999999999911, 0.2000000000000000111, -0.3249999999999995670 ) ) ;
#6286 = EDGE_LOOP ( 'NONE', ( #7717, #2262, #7673, #2430 ) ) ;
#6287 = VERTEX_POINT ( 'NONE', #3122 ) ;
#6288 = DIRECTION ( 'NONE',  ( -1.000000000000000000, 0.000000000000000000, -1.548860246407863336E-16 ) ) ;
#6289 = ORIENTED_EDGE ( 'NONE', *, *, #6928, .F. ) ;
#6290 = ORIENTED_EDGE ( 'NONE', *, *, #4348, .T. ) ;
#6291 = EDGE_CURVE ( 'NONE', #3646, #3662, #4161, .T. ) ;
#6292 = DIRECTION ( 'NONE',  ( 0.000000000000000000, 1.000000000000000000, 0.000000000000000000 ) ) ;
#6293 = VECTOR ( 'NONE', #96, 1000.000000000000000 ) ;
#6294 = DIRECTION ( 'NONE',  ( 0.000000000000000000, -1.000000000000000000, 0.000000000000000000 ) ) ;
#6295 = AXIS2_PLACEMENT_3D ( 'NONE', #1603, #5146, #2382 ) ;
#6296 = CARTESIAN_POINT ( 'NONE',  ( 1.150000000000000355, 0.1999999999999999833, 1.375000000000000222 ) ) ;
#6297 = LINE ( 'NONE', #2567, #1265 ) ;
#6298 = DIRECTION ( 'NONE',  ( -0.000000000000000000, -1.000000000000000000, 0.000000000000000000 ) ) ;
#6299 = VERTEX_POINT ( 'NONE', #5733 ) ;
#6300 = ORIENTED_EDGE ( 'NONE', *, *, #4049, .F. ) ;
#6301 = ORIENTED_EDGE ( 'NONE', *, *, #6166, .F. ) ;
#6302 = CARTESIAN_POINT ( 'NONE',  ( 1.349999999999999645, 0.000000000000000000, -0.8749999999999998890 ) ) ;
#6303 = ORIENTED_EDGE ( 'NONE', *, *, #7370, .T. ) ;
#6304 = DIRECTION ( 'NONE',  ( -1.445602896647343847E-15, 0.000000000000000000, -1.000000000000000000 ) ) ;
#6305 = EDGE_CURVE ( 'NONE', #5563, #4464, #6746, .T. ) ;
#6306 = CARTESIAN_POINT ( 'NONE',  ( -1.200000000000000622, 0.4999999999999998890, -1.200000000000000400 ) ) ;
#6307 = STYLED_ITEM ( 'NONE', ( #6240 ), #4751 ) ;
#6308 = VECTOR ( 'NONE', #2203, 1000.000000000000000 ) ;
#6309 = VECTOR ( 'NONE', #2263, 1000.000000000000000 ) ;
#6310 = ORIENTED_EDGE ( 'NONE', *, *, #4578, .F. ) ;
#6311 = ADVANCED_FACE ( 'NONE', ( #6762 ), #6855, .F. ) ;
#6312 = VERTEX_POINT ( 'NONE', #6381 ) ;
#6313 = CARTESIAN_POINT ( 'NONE',  ( 1.150000000000000355, 0.2000000000000000111, -0.1249999999999998890 ) ) ;
#6314 = ORIENTED_EDGE ( 'NONE', *, *, #5196, .F. ) ;
#6315 = VERTEX_POINT ( 'NONE', #4291 ) ;
#6316 = LINE ( 'NONE', #4814, #3485 ) ;
#6317 = DIRECTION ( 'NONE',  ( 1.000000000000000000, 0.000000000000000000, 0.000000000000000000 ) ) ;
#6318 = ADVANCED_FACE ( 'NONE', ( #6731 ), #3392, .T. ) ;
#6319 = DIRECTION ( 'NONE',  ( 0.000000000000000000, -1.000000000000000000, 0.000000000000000000 ) ) ;
#6320 = EDGE_CURVE ( 'NONE', #1477, #1318, #4109, .T. ) ;
#6321 = DIRECTION ( 'NONE',  ( -1.445602896647343847E-15, 0.000000000000000000, -1.000000000000000000 ) ) ;
#6322 = DIRECTION ( 'NONE',  ( 0.000000000000000000, 0.000000000000000000, -1.000000000000000000 ) ) ;
#6323 = MECHANICAL_DESIGN_GEOMETRIC_PRESENTATION_REPRESENTATION (  '', ( #2572 ), #7186 ) ;
#6324 = ORIENTED_EDGE ( 'NONE', *, *, #6421, .F. ) ;
#6325 = CIRCLE ( 'NONE', #6542, 0.05000000000000012768 ) ;
#6326 = EDGE_LOOP ( 'NONE', ( #3200, #1347, #2934, #608 ) ) ;
#6327 = ORIENTED_EDGE ( 'NONE', *, *, #3333, .T. ) ;
#6328 = CARTESIAN_POINT ( 'NONE',  ( -1.350000000000000089, 0.2000000000000000111, 0.1750000000000000167 ) ) ;
#6329 = ADVANCED_FACE ( 'NONE', ( #4274 ), #4288, .T. ) ;
#6330 = VERTEX_POINT ( 'NONE', #2210 ) ;
#6331 = CARTESIAN_POINT ( 'NONE',  ( -1.400000000000000133, 0.2000000000000000111, 1.324999999999999734 ) ) ;
#6332 = LINE ( 'NONE', #3405, #6165 ) ;
#6333 = LINE ( 'NONE', #4929, #6365 ) ;
#6334 = EDGE_CURVE ( 'NONE', #5756, #673, #1529, .T. ) ;
#6335 = VECTOR ( 'NONE', #6181, 1000.000000000000000 ) ;
#6336 = CARTESIAN_POINT ( 'NONE',  ( 1.350000000000000089, 0.5905124837953331651, -0.8249999999999999556 ) ) ;
#6337 = ORIENTED_EDGE ( 'NONE', *, *, #2429, .F. ) ;
#6338 = DIRECTION ( 'NONE',  ( 0.000000000000000000, 0.000000000000000000, 1.000000000000000000 ) ) ;
#6339 = ORIENTED_EDGE ( 'NONE', *, *, #7581, .T. ) ;
#6340 = LINE ( 'NONE', #1408, #1129 ) ;
#6341 = AXIS2_PLACEMENT_3D ( 'NONE', #7039, #2704, #2871 ) ;
#6342 = ORIENTED_EDGE ( 'NONE', *, *, #1264, .T. ) ;
#6343 = DIRECTION ( 'NONE',  ( -0.000000000000000000, -1.000000000000000000, -0.000000000000000000 ) ) ;
#6344 = ORIENTED_EDGE ( 'NONE', *, *, #2744, .T. ) ;
#6345 = ORIENTED_EDGE ( 'NONE', *, *, #4259, .F. ) ;
#6346 = DIRECTION ( 'NONE',  ( 0.000000000000000000, -0.000000000000000000, -1.000000000000000000 ) ) ;
#6347 = LINE ( 'NONE', #3062, #1297 ) ;
#6348 = DIRECTION ( 'NONE',  ( 2.602085213965215059E-14, 0.000000000000000000, 1.000000000000000000 ) ) ;
#6349 = SURFACE_STYLE_USAGE ( .BOTH. , #1664 ) ;
#6350 = DIRECTION ( 'NONE',  ( 1.000000000000000000, 0.000000000000000000, 0.000000000000000000 ) ) ;
#6351 = DIRECTION ( 'NONE',  ( 0.000000000000000000, 1.000000000000000000, 0.000000000000000000 ) ) ;
#6352 =( LENGTH_UNIT ( ) NAMED_UNIT ( * ) SI_UNIT ( .MILLI., .METRE. ) );
#6353 = VECTOR ( 'NONE', #7364, 1000.000000000000000 ) ;
#6354 = ORIENTED_EDGE ( 'NONE', *, *, #3089, .F. ) ;
#6355 = VECTOR ( 'NONE', #2019, 1000.000000000000000 ) ;
#6356 = ORIENTED_EDGE ( 'NONE', *, *, #5055, .T. ) ;
#6357 = AXIS2_PLACEMENT_3D ( 'NONE', #2039, #7472, #3795 ) ;
#6358 = ORIENTED_EDGE ( 'NONE', *, *, #1636, .F. ) ;
#6359 = DIRECTION ( 'NONE',  ( 1.275531967630005245E-16, 0.000000000000000000, -1.000000000000000000 ) ) ;
#6360 = ORIENTED_EDGE ( 'NONE', *, *, #3435, .T. ) ;
#6361 = CARTESIAN_POINT ( 'NONE',  ( 1.350000000000000089, 0.5905124837953331651, 1.375000000000000444 ) ) ;
#6362 = EDGE_CURVE ( 'NONE', #2379, #3829, #4305, .T. ) ;
#6363 = CIRCLE ( 'NONE', #7028, 0.04999999999999991257 ) ;
#6364 = CARTESIAN_POINT ( 'NONE',  ( 1.150000000000000355, 0.1999999999999999833, -0.6249999999999998890 ) ) ;
#6365 = VECTOR ( 'NONE', #3131, 1000.000000000000000 ) ;
#6366 = LINE ( 'NONE', #4897, #6380 ) ;
#6367 = ORIENTED_EDGE ( 'NONE', *, *, #3333, .F. ) ;
#6368 = ORIENTED_EDGE ( 'NONE', *, *, #5284, .F. ) ;
#6369 = ORIENTED_EDGE ( 'NONE', *, *, #4164, .T. ) ;
#6370 = DIRECTION ( 'NONE',  ( 1.000000000000000000, -0.000000000000000000, 0.000000000000000000 ) ) ;
#6371 = VERTEX_POINT ( 'NONE', #2802 ) ;
#6372 = EDGE_CURVE ( 'NONE', #2946, #2922, #6940, .T. ) ;
#6373 = EDGE_LOOP ( 'NONE', ( #381, #829, #3084, #3094, #1131, #2622, #6136, #359 ) ) ;
#6374 = DIRECTION ( 'NONE',  ( 0.000000000000000000, 0.000000000000000000, 1.000000000000000000 ) ) ;
#6375 = EDGE_CURVE ( 'NONE', #3846, #2379, #6895, .T. ) ;
#6376 = DIRECTION ( 'NONE',  ( 0.000000000000000000, 0.000000000000000000, -1.000000000000000000 ) ) ;
#6377 = CARTESIAN_POINT ( 'NONE',  ( -0.7000000000000001776, 0.05000000000000012768, 1.274999999999999689 ) ) ;
#6378 = VECTOR ( 'NONE', #5409, 1000.000000000000000 ) ;
#6379 = EDGE_CURVE ( 'NONE', #2892, #1962, #1715, .T. ) ;
#6380 = VECTOR ( 'NONE', #2034, 1000.000000000000000 ) ;
#6381 = CARTESIAN_POINT ( 'NONE',  ( 1.400000000000000133, 0.2000000000000000111, 1.175000000000000266 ) ) ;
#6382 = VECTOR ( 'NONE', #1399, 1000.000000000000000 ) ;
#6383 = ORIENTED_EDGE ( 'NONE', *, *, #6573, .F. ) ;
#6384 = FACE_OUTER_BOUND ( 'NONE', #4872, .T. ) ;
#6386 = ADVANCED_FACE ( 'NONE', ( #6798 ), #1895, .T. ) ;
#6385 = PRESENTATION_LAYER_ASSIGNMENT (  '', '', ( #6656 ) ) ;
#6387 = ORIENTED_EDGE ( 'NONE', *, *, #1485, .F. ) ;
#6388 = CARTESIAN_POINT ( 'NONE',  ( 1.150000000000000355, 0.5905124837953331651, -1.125000000000000000 ) ) ;
#6389 = AXIS2_PLACEMENT_3D ( 'NONE', #5351, #5455, #1302 ) ;
#6390 = ORIENTED_EDGE ( 'NONE', *, *, #2247, .F. ) ;
#6391 = CARTESIAN_POINT ( 'NONE',  ( 1.149999999999999911, 0.000000000000000000, -0.8249999999999999556 ) ) ;
#6392 = VERTEX_POINT ( 'NONE', #2306 ) ;
#6393 = DIRECTION ( 'NONE',  ( 0.000000000000000000, 0.000000000000000000, -1.000000000000000000 ) ) ;
#6394 = COLOUR_RGB ( '',0.7921568627450980005, 0.8196078431372548767, 0.9333333333333333481 ) ;
#6395 = ADVANCED_FACE ( 'NONE', ( #4317 ), #1754, .T. ) ;
#6396 = CARTESIAN_POINT ( 'NONE',  ( 1.150000000000000355, 0.000000000000000000, 0.8750000000000001110 ) ) ;
#6397 = LINE ( 'NONE', #1505, #3867 ) ;
#6398 = DIRECTION ( 'NONE',  ( 0.000000000000000000, 0.000000000000000000, 1.000000000000000000 ) ) ;
#6399 = EDGE_CURVE ( 'NONE', #740, #5852, #1771, .T. ) ;
#6400 = LINE ( 'NONE', #4687, #1290 ) ;
#6401 = CARTESIAN_POINT ( 'NONE',  ( -1.350000000000000089, 0.2000000000000000111, -0.1249999999999998890 ) ) ;
#6402 = ORIENTED_EDGE ( 'NONE', *, *, #3103, .T. ) ;
#6403 = COLOUR_RGB ( '',0.7921568627450980005, 0.8196078431372548767, 0.9333333333333333481 ) ;
#6404 = EDGE_LOOP ( 'NONE', ( #4475, #6985, #6722, #5118 ) ) ;
#6405 = CARTESIAN_POINT ( 'NONE',  ( 1.400000000000000133, 0.5905124837953331651, 0.6750000000000002665 ) ) ;
#6406 = AXIS2_PLACEMENT_3D ( 'NONE', #7523, #316, #3378 ) ;
#6407 = ORIENTED_EDGE ( 'NONE', *, *, #1159, .T. ) ;
#6408 = ADVANCED_FACE ( 'NONE', ( #1785 ), #4214, .F. ) ;
#6409 = ORIENTED_EDGE ( 'NONE', *, *, #7401, .T. ) ;
#6410 = CARTESIAN_POINT ( 'NONE',  ( 1.150000000000000355, 0.2000000000000000111, 0.1250000000000001110 ) ) ;
#6411 = CIRCLE ( 'NONE', #3342, 0.04999999999999991257 ) ;
#6412 = PLANE ( 'NONE',  #5172 ) ;
#6413 = CARTESIAN_POINT ( 'NONE',  ( 1.100000000000000089, 0.1999999999999999833, 0.8249999999999997335 ) ) ;
#6414 = DIRECTION ( 'NONE',  ( 1.000000000000000000, -0.000000000000000000, -0.000000000000000000 ) ) ;
#6415 = LINE ( 'NONE', #5664, #3919 ) ;
#6416 = DIRECTION ( 'NONE',  ( 0.000000000000000000, 1.000000000000000000, 0.000000000000000000 ) ) ;
#6417 = DIRECTION ( 'NONE',  ( -0.000000000000000000, -1.000000000000000000, 0.000000000000000000 ) ) ;
#6418 = VECTOR ( 'NONE', #4668, 1000.000000000000000 ) ;
#6419 = ORIENTED_EDGE ( 'NONE', *, *, #6819, .F. ) ;
#6420 = VECTOR ( 'NONE', #5275, 1000.000000000000000 ) ;
#6421 = EDGE_CURVE ( 'NONE', #250, #3945, #4388, .T. ) ;
#6422 = VERTEX_POINT ( 'NONE', #6637 ) ;
#6423 = EDGE_LOOP ( 'NONE', ( #7257, #2998, #341, #7152, #411, #1723, #4655, #1937 ) ) ;
#6424 = AXIS2_PLACEMENT_3D ( 'NONE', #7668, #6101, #1898 ) ;
#6425 = CARTESIAN_POINT ( 'NONE',  ( -1.149999999999999911, 0.000000000000000000, 0.3250000000000001776 ) ) ;
#6426 = FACE_OUTER_BOUND ( 'NONE', #7278, .T. ) ;
#6427 = CARTESIAN_POINT ( 'NONE',  ( -1.150000000000000355, 0.5905124837953331651, -0.8749999999999998890 ) ) ;
#6428 = LINE ( 'NONE', #4942, #3839 ) ;
#6429 = ORIENTED_EDGE ( 'NONE', *, *, #2331, .F. ) ;
#6430 = ORIENTED_EDGE ( 'NONE', *, *, #1657, .F. ) ;
#6431 = FACE_OUTER_BOUND ( 'NONE', #109, .T. ) ;
#6432 = VERTEX_POINT ( 'NONE', #1224 ) ;
#6433 = DIRECTION ( 'NONE',  ( 0.000000000000000000, 1.000000000000000000, 0.000000000000000000 ) ) ;
#6434 = EDGE_CURVE ( 'NONE', #5011, #5549, #4501, .T. ) ;
#6435 = CIRCLE ( 'NONE', #4976, 0.04999999999999991257 ) ;
#6437 = CARTESIAN_POINT ( 'NONE',  ( -1.100000000000000089, 0.5905124837953331651, -0.1750000000000002387 ) ) ;
#6436 = AXIS2_PLACEMENT_3D ( 'NONE', #7187, #75, #4786 ) ;
#6438 = CARTESIAN_POINT ( 'NONE',  ( 1.150000000000000355, 0.2000000000000000111, 1.375000000000000222 ) ) ;
#6439 = DIRECTION ( 'NONE',  ( 0.000000000000000000, -1.000000000000000000, 0.000000000000000000 ) ) ;
#6440 = CARTESIAN_POINT ( 'NONE',  ( -1.150000000000000355, 0.2000000000000000111, -0.1249999999999998890 ) ) ;
#6441 = LINE ( 'NONE', #3659, #6536 ) ;
#6442 = COLOUR_RGB ( '',0.7921568627450980005, 0.8196078431372548767, 0.9333333333333333481 ) ;
#6443 = DIRECTION ( 'NONE',  ( -0.000000000000000000, -1.000000000000000000, 0.000000000000000000 ) ) ;
#6444 = LINE ( 'NONE', #735, #6418 ) ;
#6445 = EDGE_LOOP ( 'NONE', ( #5451, #729, #5494, #135 ) ) ;
#6446 = SURFACE_STYLE_FILL_AREA ( #6818 ) ;
#6447 = VERTEX_POINT ( 'NONE', #5315 ) ;
#6448 = CARTESIAN_POINT ( 'NONE',  ( -1.150000000000000355, 0.1999999999999999833, 1.125000000000000222 ) ) ;
#6449 = DIRECTION ( 'NONE',  ( -0.000000000000000000, -1.000000000000000000, 0.000000000000000000 ) ) ;
#6450 = EDGE_CURVE ( 'NONE', #2850, #3936, #4457, .T. ) ;
#6451 = DIRECTION ( 'NONE',  ( 1.000000000000000000, -0.000000000000000000, 1.445602896647346016E-15 ) ) ;
#6452 = AXIS2_PLACEMENT_3D ( 'NONE', #4644, #5229, #7101 ) ;
#6453 = CARTESIAN_POINT ( 'NONE',  ( -1.350000000000000311, 0.04999999999999999584, 0.3250000000000001776 ) ) ;
#6454 = LINE ( 'NONE', #1866, #6309 ) ;
#6455 = CARTESIAN_POINT ( 'NONE',  ( -1.350000000000000089, 0.2000000000000000111, -0.8249999999999999556 ) ) ;
#6456 = CIRCLE ( 'NONE', #5223, 0.04999999999999991257 ) ;
#6457 = CARTESIAN_POINT ( 'NONE',  ( 1.149999999999999911, 0.000000000000000000, 1.325000000000000178 ) ) ;
#6458 = ORIENTED_EDGE ( 'NONE', *, *, #3739, .T. ) ;
#6459 = ORIENTED_EDGE ( 'NONE', *, *, #5794, .T. ) ;
#6460 = CARTESIAN_POINT ( 'NONE',  ( -1.149999999999999911, 0.2000000000000000111, -1.174999999999999822 ) ) ;
#6461 = CARTESIAN_POINT ( 'NONE',  ( 1.349999999999999645, 0.2000000000000000111, 1.125000000000000222 ) ) ;
#6462 = VECTOR ( 'NONE', #2238, 1000.000000000000000 ) ;
#6463 = ADVANCED_FACE ( 'NONE', ( #7058 ), #1632, .F. ) ;
#6464 = CARTESIAN_POINT ( 'NONE',  ( -1.149999999999999911, 0.000000000000000000, 0.1750000000000000167 ) ) ;
#6465 = DIRECTION ( 'NONE',  ( -1.000000000000000000, 0.000000000000000000, 1.445602896647344044E-15 ) ) ;
#6466 = EDGE_CURVE ( 'NONE', #2606, #93, #4483, .T. ) ;
#6467 = LINE ( 'NONE', #1309, #1340 ) ;
#6468 = FACE_OUTER_BOUND ( 'NONE', #4577, .T. ) ;
#6469 = CARTESIAN_POINT ( 'NONE',  ( -1.149999999999999911, 0.2000000000000000111, 0.8250000000000001776 ) ) ;
#6470 = DIRECTION ( 'NONE',  ( 0.000000000000000000, 1.000000000000000000, 0.000000000000000000 ) ) ;
#6471 = FACE_OUTER_BOUND ( 'NONE', #3235, .T. ) ;
#6472 = EDGE_CURVE ( 'NONE', #7656, #6501, #1943, .T. ) ;
#6473 = ORIENTED_EDGE ( 'NONE', *, *, #4634, .T. ) ;
#6474 = LINE ( 'NONE', #6558, #3885 ) ;
#6475 = ORIENTED_EDGE ( 'NONE', *, *, #6625, .T. ) ;
#6476 = EDGE_CURVE ( 'NONE', #7271, #5594, #1869, .T. ) ;
#6477 = CARTESIAN_POINT ( 'NONE',  ( 1.150000000000000355, 0.000000000000000000, 0.3750000000000001110 ) ) ;
#6478 = PLANE ( 'NONE',  #2698 ) ;
#6479 = ADVANCED_FACE ( 'NONE', ( #2009 ), #1746, .T. ) ;
#6480 = CARTESIAN_POINT ( 'NONE',  ( 1.400000000000000355, 0.000000000000000000, 0.8249999999999997335 ) ) ;
#6481 = VECTOR ( 'NONE', #1018, 1000.000000000000000 ) ;
#6482 = CARTESIAN_POINT ( 'NONE',  ( -1.100000000000000089, 0.2000000000000000111, 0.8249999999999997335 ) ) ;
#6483 = CARTESIAN_POINT ( 'NONE',  ( -1.100000000000000089, 0.2000000000000000111, -0.8249999999999995115 ) ) ;
#6484 = FACE_OUTER_BOUND ( 'NONE', #7437, .T. ) ;
#6485 = EDGE_CURVE ( 'NONE', #5706, #7471, #4666, .T. ) ;
#6486 = CARTESIAN_POINT ( 'NONE',  ( 1.150000000000000355, 0.000000000000000000, -1.375000000000000000 ) ) ;
#6487 = ORIENTED_EDGE ( 'NONE', *, *, #4282, .T. ) ;
#6488 = VERTEX_POINT ( 'NONE', #470 ) ;
#6489 = VECTOR ( 'NONE', #6277, 1000.000000000000000 ) ;
#6490 = VERTEX_POINT ( 'NONE', #4845 ) ;
#6491 = DIRECTION ( 'NONE',  ( 0.000000000000000000, 1.000000000000000000, 0.000000000000000000 ) ) ;
#6492 = EDGE_CURVE ( 'NONE', #1008, #2097, #4471, .T. ) ;
#6493 = FACE_OUTER_BOUND ( 'NONE', #74, .T. ) ;
#6494 = CARTESIAN_POINT ( 'NONE',  ( -1.150000000000000355, 0.2000000000000000111, -0.6249999999999998890 ) ) ;
#6495 = AXIS2_PLACEMENT_3D ( 'NONE', #475, #1697, #2976 ) ;
#6496 = CARTESIAN_POINT ( 'NONE',  ( -1.400000000000000133, 0.2000000000000000111, -0.1750000000000002387 ) ) ;
#6497 = DIRECTION ( 'NONE',  ( 0.000000000000000000, -0.000000000000000000, 1.000000000000000000 ) ) ;
#6498 = FACE_OUTER_BOUND ( 'NONE', #5079, .T. ) ;
#6499 = CIRCLE ( 'NONE', #6935, 0.04999999999999991257 ) ;
#6500 = CARTESIAN_POINT ( 'NONE',  ( 1.149999999999999911, 0.1999999999999999833, -0.1749999999999998224 ) ) ;
#6501 = VERTEX_POINT ( 'NONE', #5420 ) ;
#6502 = ORIENTED_EDGE ( 'NONE', *, *, #409, .T. ) ;
#6503 = FACE_OUTER_BOUND ( 'NONE', #7622, .T. ) ;
#6504 = ORIENTED_EDGE ( 'NONE', *, *, #703, .F. ) ;
#6505 = DIRECTION ( 'NONE',  ( -0.000000000000000000, -1.000000000000000000, -0.000000000000000000 ) ) ;
#6506 = VECTOR ( 'NONE', #3578, 1000.000000000000000 ) ;
#6507 = EDGE_CURVE ( 'NONE', #3357, #6299, #7043, .T. ) ;
#6508 = AXIS2_PLACEMENT_3D ( 'NONE', #623, #1273, #1854 ) ;
#6509 = VECTOR ( 'NONE', #6109, 1000.000000000000000 ) ;
#6510 = VECTOR ( 'NONE', #6683, 1000.000000000000000 ) ;
#6511 = DIRECTION ( 'NONE',  ( 1.445602896647344044E-15, 0.000000000000000000, 1.000000000000000000 ) ) ;
#6512 = ORIENTED_EDGE ( 'NONE', *, *, #364, .F. ) ;
#6513 = ORIENTED_EDGE ( 'NONE', *, *, #2960, .F. ) ;
#6514 = VECTOR ( 'NONE', #5961, 1000.000000000000000 ) ;
#6515 = ORIENTED_EDGE ( 'NONE', *, *, #1695, .F. ) ;
#6516 = CARTESIAN_POINT ( 'NONE',  ( 1.349999999999999645, 0.5905124837953331651, -1.375000000000000000 ) ) ;
#6517 = DIRECTION ( 'NONE',  ( 0.000000000000000000, 0.000000000000000000, 1.000000000000000000 ) ) ;
#6518 = DIRECTION ( 'NONE',  ( 0.000000000000000000, 1.000000000000000000, 0.000000000000000000 ) ) ;
#6519 = EDGE_CURVE ( 'NONE', #6315, #4363, #1956, .T. ) ;
#6520 = DIRECTION ( 'NONE',  ( 0.000000000000000000, 1.000000000000000000, 0.000000000000000000 ) ) ;
#6521 = CIRCLE ( 'NONE', #28, 0.05000000000000002359 ) ;
#6522 = VECTOR ( 'NONE', #2141, 1000.000000000000000 ) ;
#6523 = DIRECTION ( 'NONE',  ( -0.000000000000000000, 1.000000000000000000, -0.000000000000000000 ) ) ;
#6524 = CARTESIAN_POINT ( 'NONE',  ( 0.7000000000000000666, 0.2000000000000000944, -1.274999999999999911 ) ) ;
#6525 = AXIS2_PLACEMENT_3D ( 'NONE', #6457, #7042, #1707 ) ;
#6526 = DIRECTION ( 'NONE',  ( 0.000000000000000000, -1.000000000000000000, 0.000000000000000000 ) ) ;
#6527 = FACE_OUTER_BOUND ( 'NONE', #7635, .T. ) ;
#6528 = ORIENTED_EDGE ( 'NONE', *, *, #5588, .T. ) ;
#6529 = ORIENTED_EDGE ( 'NONE', *, *, #1212, .T. ) ;
#6530 = CARTESIAN_POINT ( 'NONE',  ( -1.100000000000000089, 0.1999999999999999833, -0.3249999999999995670 ) ) ;
#6531 = CARTESIAN_POINT ( 'NONE',  ( -1.400000000000000133, 0.1999999999999999833, 0.8249999999999997335 ) ) ;
#6532 = CARTESIAN_POINT ( 'NONE',  ( -1.100000000000000089, 0.2000000000000000111, 1.324999999999999734 ) ) ;
#6533 = VECTOR ( 'NONE', #6098, 1000.000000000000000 ) ;
#6534 = ADVANCED_FACE ( 'NONE', ( #1926 ), #7252, .F. ) ;
#6535 = DIRECTION ( 'NONE',  ( 0.000000000000000000, 1.000000000000000000, 0.000000000000000000 ) ) ;
#6536 = VECTOR ( 'NONE', #125, 1000.000000000000000 ) ;
#6537 = EDGE_CURVE ( 'NONE', #7204, #106, #7240, .T. ) ;
#6538 = CARTESIAN_POINT ( 'NONE',  ( 1.400000000000002132, 0.05000000000000000278, -2.023844055306284541E-15 ) ) ;
#6539 = LINE ( 'NONE', #7071, #1156 ) ;
#6540 = ORIENTED_EDGE ( 'NONE', *, *, #2113, .F. ) ;
#6541 = FACE_OUTER_BOUND ( 'NONE', #6793, .T. ) ;
#6542 = AXIS2_PLACEMENT_3D ( 'NONE', #4638, #5133, #7150 ) ;
#6543 = ORIENTED_EDGE ( 'NONE', *, *, #5412, .T. ) ;
#6544 = CARTESIAN_POINT ( 'NONE',  ( -1.349999999999999645, 0.5905124837953331651, 0.1250000000000001110 ) ) ;
#6545 = ADVANCED_FACE ( 'NONE', ( #2050 ), #7072, .F. ) ;
#6546 = LINE ( 'NONE', #4045, #1351 ) ;
#6547 = CARTESIAN_POINT ( 'NONE',  ( -1.100000000000000089, 0.5905124837953331651, -0.1750000000000002387 ) ) ;
#6548 = DIRECTION ( 'NONE',  ( -1.000000000000000000, 0.000000000000000000, 0.000000000000000000 ) ) ;
#6549 = SURFACE_STYLE_FILL_AREA ( #5213 ) ;
#6550 = CARTESIAN_POINT ( 'NONE',  ( 1.100000000000000089, 0.2000000000000000111, -0.6750000000000002665 ) ) ;
#6551 = EDGE_CURVE ( 'NONE', #1294, #1318, #4541, .T. ) ;
#6552 = VERTEX_POINT ( 'NONE', #2080 ) ;
#6553 = ORIENTED_EDGE ( 'NONE', *, *, #6770, .F. ) ;
#6554 = UNCERTAINTY_MEASURE_WITH_UNIT (LENGTH_MEASURE( 1.000000000000000082E-05 ), #6790, 'distance_accuracy_value', 'NONE');
#6555 = LINE ( 'NONE', #5652, #6489 ) ;
#6556 = VERTEX_POINT ( 'NONE', #3780 ) ;
#6557 = AXIS2_PLACEMENT_3D ( 'NONE', #7611, #2951, #3474 ) ;
#6558 = CARTESIAN_POINT ( 'NONE',  ( 1.400000000000000133, 0.2000000000000000111, 0.1750000000000002387 ) ) ;
#6559 = FACE_OUTER_BOUND ( 'NONE', #1027, .T. ) ;
#6560 = CARTESIAN_POINT ( 'NONE',  ( -1.100000000000000089, 0.5905124837953331651, -0.8249999999999995115 ) ) ;
#6561 = DIRECTION ( 'NONE',  ( 0.000000000000000000, 0.000000000000000000, -1.000000000000000000 ) ) ;
#6562 = FACE_OUTER_BOUND ( 'NONE', #4505, .T. ) ;
#6563 = DIRECTION ( 'NONE',  ( -1.000000000000000000, 0.000000000000000000, 1.445602896647344044E-15 ) ) ;
#6564 = VECTOR ( 'NONE', #3487, 1000.000000000000000 ) ;
#6565 = ORIENTED_EDGE ( 'NONE', *, *, #3036, .T. ) ;
#6566 = FACE_OUTER_BOUND ( 'NONE', #3014, .T. ) ;
#6567 = EDGE_LOOP ( 'NONE', ( #5390, #372, #3182, #4648 ) ) ;
#6568 = EDGE_CURVE ( 'NONE', #2827, #5322, #4556, .T. ) ;
#6569 = CARTESIAN_POINT ( 'NONE',  ( -1.149999999999999911, 0.2000000000000000111, 0.6750000000000000444 ) ) ;
#6570 = SURFACE_STYLE_FILL_AREA ( #4554 ) ;
#6571 = CARTESIAN_POINT ( 'NONE',  ( -1.149999999999999911, 0.2000000000000000111, 0.3250000000000001776 ) ) ;
#6572 = EDGE_CURVE ( 'NONE', #7366, #6299, #4445, .T. ) ;
#6573 = EDGE_CURVE ( 'NONE', #5984, #274, #1992, .T. ) ;
#6574 = CARTESIAN_POINT ( 'NONE',  ( 1.400000000000000133, 0.1999999999999999833, -0.3249999999999997891 ) ) ;
#6575 = CIRCLE ( 'NONE', #1197, 0.04999999999999991257 ) ;
#6576 = ORIENTED_EDGE ( 'NONE', *, *, #4706, .T. ) ;
#6577 = AXIS2_PLACEMENT_3D ( 'NONE', #3855, #4441, #6247 ) ;
#6578 = ORIENTED_EDGE ( 'NONE', *, *, #5241, .F. ) ;
#6579 = PRESENTATION_LAYER_ASSIGNMENT (  '', '', ( #625 ) ) ;
#6580 = DIRECTION ( 'NONE',  ( 0.000000000000000000, 0.000000000000000000, 1.000000000000000000 ) ) ;
#6581 = CARTESIAN_POINT ( 'NONE',  ( 1.100000000000000089, 0.5905124837953331651, 0.3249999999999997891 ) ) ;
#6582 = CARTESIAN_POINT ( 'NONE',  ( -0.5999999999999992006, 3.109037641557771181, -1.275000000000000133 ) ) ;
#6583 = CIRCLE ( 'NONE', #2074, 0.04999999999999991257 ) ;
#6584 = PLANE ( 'NONE',  #4730 ) ;
#6585 = EDGE_CURVE ( 'NONE', #746, #5361, #4516, .T. ) ;
#6586 = ORIENTED_EDGE ( 'NONE', *, *, #4020, .F. ) ;
#6587 = ORIENTED_EDGE ( 'NONE', *, *, #1256, .F. ) ;
#6588 = CIRCLE ( 'NONE', #1514, 0.04999999999999991257 ) ;
#6589 = ADVANCED_FACE ( 'NONE', ( #4566 ), #7267, .T. ) ;
#6590 = ORIENTED_EDGE ( 'NONE', *, *, #1605, .F. ) ;
#6591 = AXIS2_PLACEMENT_3D ( 'NONE', #3689, #1343, #3585 ) ;
#6592 = FACE_OUTER_BOUND ( 'NONE', #7077, .T. ) ;
#6593 = CARTESIAN_POINT ( 'NONE',  ( -1.350000000000000089, 0.1999999999999999833, -0.1249999999999998890 ) ) ;
#6594 = DIRECTION ( 'NONE',  ( 0.000000000000000000, 0.000000000000000000, 1.000000000000000000 ) ) ;
#6595 = DIRECTION ( 'NONE',  ( 0.000000000000000000, 0.000000000000000000, 1.000000000000000000 ) ) ;
#6596 = CARTESIAN_POINT ( 'NONE',  ( 1.499999999999999556, 0.05000000000000000278, -1.500000000000000222 ) ) ;
#6597 = EDGE_LOOP ( 'NONE', ( #2829, #5286, #1553, #6178 ) ) ;
#6598 = ORIENTED_EDGE ( 'NONE', *, *, #1908, .F. ) ;
#6599 = EDGE_CURVE ( 'NONE', #1987, #2777, #7174, .T. ) ;
#6600 = VERTEX_POINT ( 'NONE', #4540 ) ;
#6601 = DIRECTION ( 'NONE',  ( 0.000000000000000000, -0.000000000000000000, -1.000000000000000000 ) ) ;
#6602 = DIRECTION ( 'NONE',  ( 0.000000000000000000, 1.000000000000000000, 0.000000000000000000 ) ) ;
#6603 = AXIS2_PLACEMENT_3D ( 'NONE', #7765, #6654, #4335 ) ;
#6604 = CARTESIAN_POINT ( 'NONE',  ( 1.149999999999999911, 0.2000000000000000111, 0.8250000000000001776 ) ) ;
#6605 = CARTESIAN_POINT ( 'NONE',  ( 1.100000000000000089, 0.2000000000000000111, 1.324999999999999734 ) ) ;
#6606 = DIRECTION ( 'NONE',  ( 0.000000000000000000, 0.000000000000000000, -1.000000000000000000 ) ) ;
#6607 = DIRECTION ( 'NONE',  ( 0.000000000000000000, 1.000000000000000000, 0.000000000000000000 ) ) ;
#6608 = LINE ( 'NONE', #5666, #6353 ) ;
#6609 = DIRECTION ( 'NONE',  ( -0.000000000000000000, 0.000000000000000000, 1.000000000000000000 ) ) ;
#6610 = ORIENTED_EDGE ( 'NONE', *, *, #289, .F. ) ;
#6611 = LINE ( 'NONE', #2036, #6815 ) ;
#6612 = EDGE_LOOP ( 'NONE', ( #5491, #255, #5388, #1709 ) ) ;
#6613 = DIRECTION ( 'NONE',  ( -0.000000000000000000, -1.000000000000000000, -0.000000000000000000 ) ) ;
#6614 = EDGE_CURVE ( 'NONE', #3004, #7164, #1979, .T. ) ;
#6615 = DIRECTION ( 'NONE',  ( 0.000000000000000000, 0.000000000000000000, -1.000000000000000000 ) ) ;
#6616 = AXIS2_PLACEMENT_3D ( 'NONE', #5218, #1801, #1039 ) ;
#6617 = CARTESIAN_POINT ( 'NONE',  ( -1.399999999999999911, 0.04999999999999999584, -1.324999999999999512 ) ) ;
#6618 =( NAMED_UNIT ( * ) SI_UNIT ( $, .STERADIAN. ) SOLID_ANGLE_UNIT ( ) );
#6619 = CIRCLE ( 'NONE', #5592, 0.04999999999999991257 ) ;
#6620 = VERTEX_POINT ( 'NONE', #5530 ) ;
#6621 = FACE_OUTER_BOUND ( 'NONE', #1971, .T. ) ;
#6622 = VERTEX_POINT ( 'NONE', #5140 ) ;
#6623 = DIRECTION ( 'NONE',  ( 0.000000000000000000, 1.000000000000000000, 0.000000000000000000 ) ) ;
#6624 = CARTESIAN_POINT ( 'NONE',  ( 1.100000000000000089, 0.04999999999999999584, -1.175000000000000266 ) ) ;
#6625 = EDGE_CURVE ( 'NONE', #204, #485, #2037, .T. ) ;
#6626 = CARTESIAN_POINT ( 'NONE',  ( -1.200000000000000622, 0.1464466094067254365, -1.200000000000000400 ) ) ;
#6627 = DIRECTION ( 'NONE',  ( 0.000000000000000000, -1.000000000000000000, 0.000000000000000000 ) ) ;
#6628 = AXIS2_PLACEMENT_3D ( 'NONE', #4155, #4789, #5947 ) ;
#6629 = ORIENTED_EDGE ( 'NONE', *, *, #6568, .T. ) ;
#6630 = LINE ( 'NONE', #4486, #1521 ) ;
#6631 = ORIENTED_EDGE ( 'NONE', *, *, #954, .F. ) ;
#6632 = DIRECTION ( 'NONE',  ( -0.000000000000000000, -1.000000000000000000, 0.000000000000000000 ) ) ;
#6633 = CARTESIAN_POINT ( 'NONE',  ( -1.150000000000000355, 0.5905124837953331651, 0.1250000000000001110 ) ) ;
#6634 = DIRECTION ( 'NONE',  ( 0.000000000000000000, 0.000000000000000000, 1.000000000000000000 ) ) ;
#6635 = DIRECTION ( 'NONE',  ( 0.000000000000000000, -0.000000000000000000, -1.000000000000000000 ) ) ;
#6636 = AXIS2_PLACEMENT_3D ( 'NONE', #6688, #6563, #6511 ) ;
#6637 = CARTESIAN_POINT ( 'NONE',  ( -1.100000000000000089, 0.05000000000000000278, 1.175000000000000488 ) ) ;
#6638 = EDGE_CURVE ( 'NONE', #661, #3353, #4678, .T. ) ;
#6639 = ORIENTED_EDGE ( 'NONE', *, *, #6485, .T. ) ;
#6640 = FACE_OUTER_BOUND ( 'NONE', #3524, .T. ) ;
#6641 = ADVANCED_FACE ( 'NONE', ( #2078 ), #734, .F. ) ;
#6642 = ORIENTED_EDGE ( 'NONE', *, *, #7370, .F. ) ;
#6643 = DIRECTION ( 'NONE',  ( -1.000000000000000000, 0.000000000000000000, 0.000000000000000000 ) ) ;
#6644 = PLANE ( 'NONE',  #4621 ) ;
#6645 = DIRECTION ( 'NONE',  ( 0.000000000000000000, 0.000000000000000000, 1.000000000000000000 ) ) ;
#6646 = PLANE ( 'NONE',  #4185 ) ;
#6647 = EDGE_CURVE ( 'NONE', #7658, #464, #4583, .T. ) ;
#6648 = PLANE ( 'NONE',  #5997 ) ;
#6649 = ORIENTED_EDGE ( 'NONE', *, *, #6797, .F. ) ;
#6650 = LINE ( 'NONE', #5099, #1450 ) ;
#6651 = ORIENTED_EDGE ( 'NONE', *, *, #2831, .T. ) ;
#6652 = DIRECTION ( 'NONE',  ( 0.000000000000000000, 1.000000000000000000, -0.000000000000000000 ) ) ;
#6653 = EDGE_CURVE ( 'NONE', #4461, #4599, #7185, .T. ) ;
#6654 = DIRECTION ( 'NONE',  ( 0.000000000000000000, 1.000000000000000000, 0.000000000000000000 ) ) ;
#6655 = CARTESIAN_POINT ( 'NONE',  ( -1.399999999999999911, 0.04999999999999999584, 1.175000000000000488 ) ) ;
#6656 = STYLED_ITEM ( 'NONE', ( #4000 ), #5940 ) ;
#6657 = PRESENTATION_LAYER_ASSIGNMENT (  '', '', ( #3449 ) ) ;
#6658 = CARTESIAN_POINT ( 'NONE',  ( -1.400000000000000133, 0.2000000000000000111, 1.324999999999999734 ) ) ;
#6659 = ORIENTED_EDGE ( 'NONE', *, *, #217, .T. ) ;
#6660 = VECTOR ( 'NONE', #3471, 1000.000000000000000 ) ;
#6661 = ORIENTED_EDGE ( 'NONE', *, *, #4023, .F. ) ;
#6662 = CARTESIAN_POINT ( 'NONE',  ( 1.400000000000000133, 0.1999999999999999833, -1.324999999999999734 ) ) ;
#6663 = DIRECTION ( 'NONE',  ( 1.000000000000000000, -0.000000000000000000, 0.000000000000000000 ) ) ;
#6664 = CARTESIAN_POINT ( 'NONE',  ( 1.149999999999999911, 0.04999999999999999584, -0.6749999999999998224 ) ) ;
#6665 = EDGE_CURVE ( 'NONE', #890, #3448, #6980, .T. ) ;
#6666 = STYLED_ITEM ( 'NONE', ( #1231 ), #5013 ) ;
#6667 = ORIENTED_EDGE ( 'NONE', *, *, #2862, .T. ) ;
#6668 = LINE ( 'NONE', #3417, #1597 ) ;
#6669 = ORIENTED_EDGE ( 'NONE', *, *, #6334, .F. ) ;
#6670 = DIRECTION ( 'NONE',  ( 0.000000000000000000, 0.000000000000000000, 1.000000000000000000 ) ) ;
#6671 = DIRECTION ( 'NONE',  ( 0.000000000000000000, 0.000000000000000000, 1.000000000000000000 ) ) ;
#6672 = EDGE_CURVE ( 'NONE', #698, #45, #1798, .T. ) ;
#6673 = DIRECTION ( 'NONE',  ( -0.000000000000000000, -1.000000000000000000, -0.000000000000000000 ) ) ;
#6674 = DIRECTION ( 'NONE',  ( 0.000000000000000000, -1.000000000000000000, 0.000000000000000000 ) ) ;
#6675 = ADVANCED_FACE ( 'NONE', ( #4611 ), #2021, .T. ) ;
#6676 = CARTESIAN_POINT ( 'NONE',  ( -1.149999999999999911, 0.1999999999999999833, 1.175000000000000044 ) ) ;
#6677 = AXIS2_PLACEMENT_3D ( 'NONE', #5125, #6811, #6322 ) ;
#6678 = DIRECTION ( 'NONE',  ( 0.000000000000000000, 0.000000000000000000, -1.000000000000000000 ) ) ;
#6679 = ORIENTED_EDGE ( 'NONE', *, *, #434, .F. ) ;
#6680 = VECTOR ( 'NONE', #2666, 1000.000000000000000 ) ;
#6681 = ORIENTED_EDGE ( 'NONE', *, *, #6334, .T. ) ;
#6682 = CARTESIAN_POINT ( 'NONE',  ( 0.7000000000000000666, 0.2000000000000000944, -1.274999999999999911 ) ) ;
#6683 = DIRECTION ( 'NONE',  ( 0.000000000000000000, 0.000000000000000000, 1.000000000000000000 ) ) ;
#6684 = PLANE ( 'NONE',  #5005 ) ;
#6685 = DIRECTION ( 'NONE',  ( -0.000000000000000000, -1.000000000000000000, -0.000000000000000000 ) ) ;
#6686 = LINE ( 'NONE', #5158, #1211 ) ;
#6687 = EDGE_CURVE ( 'NONE', #3609, #3285, #7103, .T. ) ;
#6688 = CARTESIAN_POINT ( 'NONE',  ( 1.400000000000000355, 0.2000000000000000111, 0.3249999999999997891 ) ) ;
#6689 = DIRECTION ( 'NONE',  ( 0.000000000000000000, 0.000000000000000000, 1.000000000000000000 ) ) ;
#6690 = ORIENTED_EDGE ( 'NONE', *, *, #6476, .T. ) ;
#6691 = CIRCLE ( 'NONE', #6964, 0.1250000000000003331 ) ;
#6692 = ADVANCED_FACE ( 'NONE', ( #4622 ), #6821, .T. ) ;
#6693 = AXIS2_PLACEMENT_3D ( 'NONE', #1170, #3453, #2365 ) ;
#6694 = ORIENTED_EDGE ( 'NONE', *, *, #2447, .T. ) ;
#6695 = CARTESIAN_POINT ( 'NONE',  ( 1.400000000000000133, 0.000000000000000000, -0.3249999999999997891 ) ) ;
#6696 = DIRECTION ( 'NONE',  ( 0.000000000000000000, -0.000000000000000000, 1.000000000000000000 ) ) ;
#6697 = CARTESIAN_POINT ( 'NONE',  ( 1.350000000000000311, 0.1999999999999999833, -0.1749999999999998224 ) ) ;
#6698 = LINE ( 'NONE', #5295, #3938 ) ;
#6699 = DIRECTION ( 'NONE',  ( 0.000000000000000000, 0.000000000000000000, 1.000000000000000000 ) ) ;
#6700 = DIRECTION ( 'NONE',  ( -1.445602896647346016E-15, 0.000000000000000000, 1.000000000000000000 ) ) ;
#6701 = EDGE_CURVE ( 'NONE', #147, #1805, #7118, .T. ) ;
#6702 = ORIENTED_EDGE ( 'NONE', *, *, #6887, .F. ) ;
#6703 = LINE ( 'NONE', #684, #1497 ) ;
#6704 = ORIENTED_EDGE ( 'NONE', *, *, #4491, .T. ) ;
#6706 = CARTESIAN_POINT ( 'NONE',  ( -1.150000000000000355, 0.2000000000000000111, 0.6250000000000001110 ) ) ;
#6705 = AXIS2_PLACEMENT_3D ( 'NONE', #6241, #6298, #6186 ) ;
#6707 = CARTESIAN_POINT ( 'NONE',  ( -1.100000000000000089, 0.05000000000000000278, 2.000000000000000000 ) ) ;
#6708 = DIRECTION ( 'NONE',  ( 0.000000000000000000, 1.000000000000000000, 0.000000000000000000 ) ) ;
#6709 = DIRECTION ( 'NONE',  ( -0.000000000000000000, -1.000000000000000000, -0.000000000000000000 ) ) ;
#6710 = VECTOR ( 'NONE', #407, 1000.000000000000000 ) ;
#6711 = ORIENTED_EDGE ( 'NONE', *, *, #7591, .F. ) ;
#6712 = ORIENTED_EDGE ( 'NONE', *, *, #6164, .T. ) ;
#6713 = CARTESIAN_POINT ( 'NONE',  ( 0.6999999999999996225, 0.2000000000000000944, 1.274999999999999689 ) ) ;
#6714 = FACE_OUTER_BOUND ( 'NONE', #6177, .T. ) ;
#6715 = AXIS2_PLACEMENT_3D ( 'NONE', #1116, #2420, #7266 ) ;
#6716 = DIRECTION ( 'NONE',  ( 1.445602896647344044E-15, 0.000000000000000000, 1.000000000000000000 ) ) ;
#6717 = EDGE_CURVE ( 'NONE', #1585, #3568, #4398, .T. ) ;
#6718 = CARTESIAN_POINT ( 'NONE',  ( 1.150000000000000355, 0.2000000000000000111, 0.8750000000000001110 ) ) ;
#6719 = LINE ( 'NONE', #5820, #1629 ) ;
#6720 = DIRECTION ( 'NONE',  ( 0.000000000000000000, -1.000000000000000000, 0.000000000000000000 ) ) ;
#6721 = EDGE_LOOP ( 'NONE', ( #2846, #1204, #1810, #7082, #5722, #1906, #2820, #3323 ) ) ;
#6722 = ORIENTED_EDGE ( 'NONE', *, *, #4787, .T. ) ;
#6723 = FACE_OUTER_BOUND ( 'NONE', #4295, .T. ) ;
#6724 = ORIENTED_EDGE ( 'NONE', *, *, #1605, .T. ) ;
#6725 = DIRECTION ( 'NONE',  ( 1.000000000000000000, 0.000000000000000000, 0.000000000000000000 ) ) ;
#6726 = LINE ( 'NONE', #1735, #4312 ) ;
#6727 = DIRECTION ( 'NONE',  ( 1.000000000000000000, 0.000000000000000000, -0.000000000000000000 ) ) ;
#6728 = CARTESIAN_POINT ( 'NONE',  ( -1.400000000000001910, 0.05000000000000000278, 0.4999999999999979461 ) ) ;
#6729 = EDGE_CURVE ( 'NONE', #2703, #7418, #6996, .T. ) ;
#6730 = DIRECTION ( 'NONE',  ( -0.000000000000000000, -1.000000000000000000, -0.000000000000000000 ) ) ;
#6731 = FACE_OUTER_BOUND ( 'NONE', #5926, .T. ) ;
#6732 = ADVANCED_FACE ( 'NONE', ( #7373 ), #1548, .T. ) ;
#6733 = CARTESIAN_POINT ( 'NONE',  ( -1.100000000000000089, 0.2000000000000000111, 0.6750000000000004885 ) ) ;
#6734 = EDGE_CURVE ( 'NONE', #5848, #5571, #4899, .T. ) ;
#6735 = CARTESIAN_POINT ( 'NONE',  ( 1.349999999999999645, 0.1999999999999999833, 0.1250000000000001110 ) ) ;
#6736 = ORIENTED_EDGE ( 'NONE', *, *, #3653, .T. ) ;
#6737 = ORIENTED_EDGE ( 'NONE', *, *, #427, .T. ) ;
#6738 = ORIENTED_EDGE ( 'NONE', *, *, #6399, .T. ) ;
#6739 = CARTESIAN_POINT ( 'NONE',  ( 1.350000000000000311, 0.000000000000000000, 0.3250000000000001776 ) ) ;
#6740 = AXIS2_PLACEMENT_3D ( 'NONE', #3424, #1615, #4875 ) ;
#6741 = VECTOR ( 'NONE', #6284, 1000.000000000000000 ) ;
#6742 = CARTESIAN_POINT ( 'NONE',  ( -1.400000000000000133, 0.2000000000000000111, 0.8249999999999997335 ) ) ;
#6743 = AXIS2_PLACEMENT_3D ( 'NONE', #1744, #33, #4158 ) ;
#6744 = DIRECTION ( 'NONE',  ( 0.000000000000000000, 0.000000000000000000, 1.000000000000000000 ) ) ;
#6745 = DIRECTION ( 'NONE',  ( -0.000000000000000000, -1.000000000000000000, -0.000000000000000000 ) ) ;
#6746 = LINE ( 'NONE', #6707, #4374 ) ;
#6747 = DIRECTION ( 'NONE',  ( 0.000000000000000000, 0.000000000000000000, -1.000000000000000000 ) ) ;
#6748 = DIRECTION ( 'NONE',  ( 0.7071067811865506814, -0.000000000000000000, -0.7071067811865443531 ) ) ;
#6749 = ORIENTED_EDGE ( 'NONE', *, *, #6472, .F. ) ;
#6750 = ORIENTED_EDGE ( 'NONE', *, *, #2960, .T. ) ;
#6751 = CYLINDRICAL_SURFACE ( 'NONE', #2104, 0.04999999999999991257 ) ;
#6752 = ADVANCED_FACE ( 'NONE', ( #2153 ), #4877, .F. ) ;
#6753 = EDGE_CURVE ( 'NONE', #7366, #4820, #2296, .T. ) ;
#6754 = EDGE_LOOP ( 'NONE', ( #6669, #6208, #476, #6590 ) ) ;
#6755 = LINE ( 'NONE', #1594, #1560 ) ;
#6756 = CARTESIAN_POINT ( 'NONE',  ( -1.100000000000000089, 0.2000000000000000111, -1.175000000000000266 ) ) ;
#6757 = CARTESIAN_POINT ( 'NONE',  ( 1.350000000000000089, 0.000000000000000000, 0.1750000000000000167 ) ) ;
#6758 = AXIS2_PLACEMENT_3D ( 'NONE', #3016, #1374, #2411 ) ;
#6759 = DIRECTION ( 'NONE',  ( 0.000000000000000000, -0.000000000000000000, 1.000000000000000000 ) ) ;
#6760 = CARTESIAN_POINT ( 'NONE',  ( -1.349999999999999645, 0.04999999999999999584, -0.8749999999999998890 ) ) ;
#6761 = DIRECTION ( 'NONE',  ( 0.000000000000000000, 0.000000000000000000, 1.000000000000000000 ) ) ;
#6762 = FACE_OUTER_BOUND ( 'NONE', #5817, .T. ) ;
#6763 = DIRECTION ( 'NONE',  ( 0.000000000000000000, 0.000000000000000000, 1.000000000000000000 ) ) ;
#6764 = ORIENTED_EDGE ( 'NONE', *, *, #5577, .T. ) ;
#6765 = EDGE_LOOP ( 'NONE', ( #6610, #7531, #2213, #1269 ) ) ;
#6766 = LINE ( 'NONE', #5755, #4181 ) ;
#6767 = EDGE_LOOP ( 'NONE', ( #3169, #4487, #3509, #5083 ) ) ;
#6768 = DIRECTION ( 'NONE',  ( 1.000000000000000000, -0.000000000000000000, 0.000000000000000000 ) ) ;
#6769 = LINE ( 'NONE', #5086, #6782 ) ;
#6770 = EDGE_CURVE ( 'NONE', #730, #5546, #7359, .T. ) ;
#6772 = DIRECTION ( 'NONE',  ( 0.000000000000000000, -0.000000000000000000, 1.000000000000000000 ) ) ;
#6771 = AXIS2_PLACEMENT_3D ( 'NONE', #4084, #4712, #1716 ) ;
#6773 = CARTESIAN_POINT ( 'NONE',  ( -1.100000000000000089, 0.1999999999999999833, 0.3249999999999997891 ) ) ;
#6774 = DIRECTION ( 'NONE',  ( 0.000000000000000000, 0.000000000000000000, 1.000000000000000000 ) ) ;
#6775 =( NAMED_UNIT ( * ) SI_UNIT ( $, .STERADIAN. ) SOLID_ANGLE_UNIT ( ) );
#6776 = DIRECTION ( 'NONE',  ( 1.000000000000000000, 0.000000000000000000, 0.000000000000000000 ) ) ;
#6777 = ORIENTED_EDGE ( 'NONE', *, *, #1852, .F. ) ;
#6778 = VERTEX_POINT ( 'NONE', #345 ) ;
#6779 = FACE_OUTER_BOUND ( 'NONE', #3663, .T. ) ;
#6780 = ORIENTED_EDGE ( 'NONE', *, *, #5713, .F. ) ;
#6781 = DIRECTION ( 'NONE',  ( -0.000000000000000000, -1.000000000000000000, -0.000000000000000000 ) ) ;
#6782 = VECTOR ( 'NONE', #3891, 1000.000000000000000 ) ;
#6783 =( LENGTH_UNIT ( ) NAMED_UNIT ( * ) SI_UNIT ( .MILLI., .METRE. ) );
#6784 = EDGE_CURVE ( 'NONE', #6879, #7656, #4862, .T. ) ;
#6785 = PLANE ( 'NONE',  #2381 ) ;
#6786 = DIRECTION ( 'NONE',  ( 0.000000000000000000, 0.000000000000000000, 1.000000000000000000 ) ) ;
#6787 = AXIS2_PLACEMENT_3D ( 'NONE', #5739, #2073, #233 ) ;
#6788 = LINE ( 'NONE', #223, #4261 ) ;
#6789 = DIRECTION ( 'NONE',  ( 0.000000000000000000, 0.000000000000000000, -1.000000000000000000 ) ) ;
#6790 =( LENGTH_UNIT ( ) NAMED_UNIT ( * ) SI_UNIT ( .MILLI., .METRE. ) );
#6791 = ORIENTED_EDGE ( 'NONE', *, *, #422, .F. ) ;
#6792 = ORIENTED_EDGE ( 'NONE', *, *, #6372, .F. ) ;
#6793 = EDGE_LOOP ( 'NONE', ( #6737, #2547, #4784, #2234 ) ) ;
#6794 = CARTESIAN_POINT ( 'NONE',  ( -1.349999999999999645, 0.2000000000000000111, -1.375000000000000000 ) ) ;
#6795 = CYLINDRICAL_SURFACE ( 'NONE', #3133, 0.04999999999999991257 ) ;
#6796 = CARTESIAN_POINT ( 'NONE',  ( 1.400000000000000355, 0.000000000000000000, 1.324999999999999734 ) ) ;
#6797 = EDGE_CURVE ( 'NONE', #2877, #4418, #2142, .T. ) ;
#6798 = FACE_OUTER_BOUND ( 'NONE', #2018, .T. ) ;
#6799 = ADVANCED_FACE ( 'NONE', ( #7439 ), #2201, .F. ) ;
#6800 = AXIS2_PLACEMENT_3D ( 'NONE', #7678, #509, #5263 ) ;
#6801 = CARTESIAN_POINT ( 'NONE',  ( 1.150000000000000355, 0.1999999999999999833, 0.8750000000000001110 ) ) ;
#6802 = CARTESIAN_POINT ( 'NONE',  ( -1.150000000000000355, 0.5905124837953331651, 1.125000000000000222 ) ) ;
#6803 = ORIENTED_EDGE ( 'NONE', *, *, #2645, .F. ) ;
#6804 = ORIENTED_EDGE ( 'NONE', *, *, #2086, .T. ) ;
#6805 = EDGE_LOOP ( 'NONE', ( #1608, #7628, #6051, #2663, #985, #1496, #4246, #4972 ) ) ;
#6806 = CARTESIAN_POINT ( 'NONE',  ( 1.149999999999999911, 0.2000000000000000111, 0.1750000000000000167 ) ) ;
#6807 = CIRCLE ( 'NONE', #5843, 0.04999999999999991257 ) ;
#6808 = DIRECTION ( 'NONE',  ( 0.000000000000000000, 0.000000000000000000, -1.000000000000000000 ) ) ;
#6809 = DIRECTION ( 'NONE',  ( 0.000000000000000000, -0.000000000000000000, -1.000000000000000000 ) ) ;
#6810 = CARTESIAN_POINT ( 'NONE',  ( -1.100000000000000089, 0.04999999999999999584, -0.6750000000000002665 ) ) ;
#6811 = DIRECTION ( 'NONE',  ( 0.000000000000000000, -1.000000000000000000, 0.000000000000000000 ) ) ;
#6812 = EDGE_CURVE ( 'NONE', #3664, #5474, #2259, .T. ) ;
#6813 = ORIENTED_EDGE ( 'NONE', *, *, #4871, .T. ) ;
#6814 = ORIENTED_EDGE ( 'NONE', *, *, #434, .T. ) ;
#6815 = VECTOR ( 'NONE', #1377, 1000.000000000000000 ) ;
#6816 = ADVANCED_FACE ( 'NONE', ( #7474 ), #2875, .T. ) ;
#6817 = EDGE_LOOP ( 'NONE', ( #685, #4384, #319, #537, #6367, #6337, #5955, #1837 ) ) ;
#6818 = FILL_AREA_STYLE ('',( #6864 ) ) ;
#6819 = EDGE_CURVE ( 'NONE', #5507, #2938, #7333, .T. ) ;
#6820 = CARTESIAN_POINT ( 'NONE',  ( -1.149999999999999911, 0.2000000000000000111, -0.3250000000000000111 ) ) ;
#6821 = PLANE ( 'NONE',  #4209 ) ;
#6822 = EDGE_LOOP ( 'NONE', ( #2558, #2108, #6659, #7379, #6804, #2237, #1509, #6750 ) ) ;
#6823 = ORIENTED_EDGE ( 'NONE', *, *, #664, .T. ) ;
#6824 = LINE ( 'NONE', #6728, #1623 ) ;
#6825 = EDGE_CURVE ( 'NONE', #4130, #1857, #4750, .T. ) ;
#6826 = ORIENTED_EDGE ( 'NONE', *, *, #6995, .T. ) ;
#6827 = CARTESIAN_POINT ( 'NONE',  ( -1.149999999999999911, 0.000000000000000000, -0.1749999999999998224 ) ) ;
#6828 = LINE ( 'NONE', #6538, #4172 ) ;
#6829 = EDGE_CURVE ( 'NONE', #1099, #4461, #7429, .T. ) ;
#6830 = CARTESIAN_POINT ( 'NONE',  ( 0.6999999999999996225, 3.109037641557771181, 1.274999999999999689 ) ) ;
#6831 = EDGE_CURVE ( 'NONE', #7001, #3396, #7485, .T. ) ;
#6832 = DIRECTION ( 'NONE',  ( 0.000000000000000000, 0.000000000000000000, -1.000000000000000000 ) ) ;
#6833 = LINE ( 'NONE', #2544, #1642 ) ;
#6834 = AXIS2_PLACEMENT_3D ( 'NONE', #2312, #3619, #4112 ) ;
#6835 = CARTESIAN_POINT ( 'NONE',  ( -1.400000000000000133, 0.04999999999999999584, 0.8249999999999997335 ) ) ;
#6836 = DIRECTION ( 'NONE',  ( -0.000000000000000000, -1.000000000000000000, -0.000000000000000000 ) ) ;
#6837 = VERTEX_POINT ( 'NONE', #3462 ) ;
#6838 = ORIENTED_EDGE ( 'NONE', *, *, #5465, .T. ) ;
#6839 = CIRCLE ( 'NONE', #292, 0.04999999999999991257 ) ;
#6840 = EDGE_LOOP ( 'NONE', ( #5257, #943, #6629, #11 ) ) ;
#6841 = CARTESIAN_POINT ( 'NONE',  ( 1.100000000000000089, 0.1999999999999999833, -1.175000000000000266 ) ) ;
#6842 = CYLINDRICAL_SURFACE ( 'NONE', #495, 0.04999999999999991257 ) ;
#6843 = PLANE ( 'NONE',  #4829 ) ;
#6844 = EDGE_CURVE ( 'NONE', #2053, #3829, #4886, .T. ) ;
#6845 = DIRECTION ( 'NONE',  ( 0.000000000000000000, 0.000000000000000000, 1.000000000000000000 ) ) ;
#6846 = AXIS2_PLACEMENT_3D ( 'NONE', #6253, #4559, #363 ) ;
#6847 = EDGE_LOOP ( 'NONE', ( #4015, #6192, #5077, #5221 ) ) ;
#6848 = VERTEX_POINT ( 'NONE', #5233 ) ;
#6849 = VECTOR ( 'NONE', #3866, 1000.000000000000000 ) ;
#6850 = VERTEX_POINT ( 'NONE', #5803 ) ;
#6851 = PLANE ( 'NONE',  #7567 ) ;
#6852 = FACE_OUTER_BOUND ( 'NONE', #7482, .T. ) ;
#6853 = DIRECTION ( 'NONE',  ( -0.000000000000000000, -0.000000000000000000, 1.000000000000000000 ) ) ;
#6854 = DIRECTION ( 'NONE',  ( 0.000000000000000000, 0.000000000000000000, -1.000000000000000000 ) ) ;
#6855 = CYLINDRICAL_SURFACE ( 'NONE', #7141, 0.05000000000000002359 ) ;
#6856 = ADVANCED_FACE ( 'NONE', ( #2164 ), #4777, .F. ) ;
#6857 = EDGE_CURVE ( 'NONE', #931, #955, #4817, .T. ) ;
#6858 = SURFACE_STYLE_USAGE ( .BOTH. , #5610 ) ;
#6859 = ORIENTED_EDGE ( 'NONE', *, *, #813, .T. ) ;
#6860 = ORIENTED_EDGE ( 'NONE', *, *, #2568, .F. ) ;
#6861 = COLOUR_RGB ( '',0.7921568627450980005, 0.8196078431372548767, 0.9333333333333333481 ) ;
#6862 = AXIS2_PLACEMENT_3D ( 'NONE', #6213, #4520, #1448 ) ;
#6863 = VERTEX_POINT ( 'NONE', #2984 ) ;
#6864 = FILL_AREA_STYLE_COLOUR ( '', #6403 ) ;
#6865 = CIRCLE ( 'NONE', #3422, 0.04999999999999991257 ) ;
#6866 = DIRECTION ( 'NONE',  ( 0.000000000000000000, 1.000000000000000000, 0.000000000000000000 ) ) ;
#6867 = CARTESIAN_POINT ( 'NONE',  ( 1.350000000000000089, 0.5905124837953331651, 0.8750000000000003331 ) ) ;
#6868 = CARTESIAN_POINT ( 'NONE',  ( -1.150000000000000355, 0.1999999999999999833, -0.1249999999999998890 ) ) ;
#6869 = CARTESIAN_POINT ( 'NONE',  ( -1.399999999999999911, 0.2000000000000000111, 1.175000000000000488 ) ) ;
#6870 = EDGE_CURVE ( 'NONE', #879, #7214, #2231, .T. ) ;
#6871 = VERTEX_POINT ( 'NONE', #1121 ) ;
#6872 = ORIENTED_EDGE ( 'NONE', *, *, #1761, .F. ) ;
#6873 = LINE ( 'NONE', #4397, #6971 ) ;
#6874 = ADVANCED_FACE ( 'NONE', ( #2175 ), #5334, .F. ) ;
#6875 = ORIENTED_EDGE ( 'NONE', *, *, #578, .T. ) ;
#6876 = DIRECTION ( 'NONE',  ( -0.000000000000000000, -1.000000000000000000, -0.000000000000000000 ) ) ;
#6877 = AXIS2_PLACEMENT_3D ( 'NONE', #619, #4481, #3779 ) ;
#6879 = VERTEX_POINT ( 'NONE', #4176 ) ;
#6878 = LINE ( 'NONE', #4342, #6901 ) ;
#6880 = CARTESIAN_POINT ( 'NONE',  ( -1.100000000000000089, 0.2000000000000000111, 0.8249999999999997335 ) ) ;
#6881 = CARTESIAN_POINT ( 'NONE',  ( -0.5999999999999992006, 3.109037641557771181, -1.275000000000000133 ) ) ;
#6882 = DIRECTION ( 'NONE',  ( 0.000000000000000000, 0.000000000000000000, 1.000000000000000000 ) ) ;
#6883 = FACE_OUTER_BOUND ( 'NONE', #4156, .T. ) ;
#6884 = CARTESIAN_POINT ( 'NONE',  ( 1.150000000000000355, 0.04999999999999999584, 0.8750000000000001110 ) ) ;
#6885 = ORIENTED_EDGE ( 'NONE', *, *, #303, .T. ) ;
#6886 = ORIENTED_EDGE ( 'NONE', *, *, #59, .T. ) ;
#6887 = EDGE_CURVE ( 'NONE', #274, #755, #4788, .T. ) ;
#6888 = ORIENTED_EDGE ( 'NONE', *, *, #5774, .F. ) ;
#6889 = CARTESIAN_POINT ( 'NONE',  ( 1.149999999999999911, 0.5905124837953331651, 0.8250000000000001776 ) ) ;
#6891 = VERTEX_POINT ( 'NONE', #5000 ) ;
#6890 = CYLINDRICAL_SURFACE ( 'NONE', #1385, 0.05000000000000002359 ) ;
#6892 = AXIS2_PLACEMENT_3D ( 'NONE', #7157, #1815, #1178 ) ;
#6893 = DIRECTION ( 'NONE',  ( -0.000000000000000000, 1.000000000000000000, -0.000000000000000000 ) ) ;
#6894 = MANIFOLD_SOLID_BREP ( 'Chamfer3', #5503 ) ;
#6895 = LINE ( 'NONE', #6211, #6906 ) ;
#6896 = VERTEX_POINT ( 'NONE', #6695 ) ;
#6897 = ORIENTED_EDGE ( 'NONE', *, *, #994, .T. ) ;
#6898 = LINE ( 'NONE', #6560, #1833 ) ;
#6899 = ORIENTED_EDGE ( 'NONE', *, *, #7506, .F. ) ;
#6900 = DIRECTION ( 'NONE',  ( 0.000000000000000000, 0.000000000000000000, 1.000000000000000000 ) ) ;
#6902 = VERTEX_POINT ( 'NONE', #1434 ) ;
#6901 = VECTOR ( 'NONE', #3756, 1000.000000000000000 ) ;
#6903 = CARTESIAN_POINT ( 'NONE',  ( 1.150000000000000355, 0.05000000000000000278, -1.375000000000000000 ) ) ;
#6904 = CARTESIAN_POINT ( 'NONE',  ( 1.150000000000000355, 0.000000000000000000, -0.8749999999999998890 ) ) ;
#6905 = EDGE_CURVE ( 'NONE', #2501, #730, #2091, .T. ) ;
#6906 = VECTOR ( 'NONE', #6809, 1000.000000000000000 ) ;
#6907 = EDGE_CURVE ( 'NONE', #45, #3498, #7295, .T. ) ;
#6908 = CARTESIAN_POINT ( 'NONE',  ( -1.200000000000000622, 0.1464466094067254365, -1.325000000000000622 ) ) ;
#6909 = EDGE_CURVE ( 'NONE', #2938, #4418, #2105, .T. ) ;
#6910 = DIRECTION ( 'NONE',  ( 1.000000000000000000, 0.000000000000000000, -2.891205793294678326E-16 ) ) ;
#6911 = ORIENTED_EDGE ( 'NONE', *, *, #427, .F. ) ;
#6912 = ORIENTED_EDGE ( 'NONE', *, *, #1877, .F. ) ;
#6913 = VECTOR ( 'NONE', #7698, 1000.000000000000000 ) ;
#6914 = ORIENTED_EDGE ( 'NONE', *, *, #1559, .F. ) ;
#6915 = DIRECTION ( 'NONE',  ( -1.000000000000000000, 0.000000000000000000, -0.000000000000000000 ) ) ;
#6916 = AXIS2_PLACEMENT_3D ( 'NONE', #3614, #3668, #5267 ) ;
#6918 = ORIENTED_EDGE ( 'NONE', *, *, #7094, .T. ) ;
#6917 = LINE ( 'NONE', #6867, #6741 ) ;
#6919 = AXIS2_PLACEMENT_3D ( 'NONE', #4680, #5949, #2853 ) ;
#6920 = PLANE ( 'NONE',  #5941 ) ;
#6921 = CARTESIAN_POINT ( 'NONE',  ( 1.149999999999999911, 0.2000000000000000111, -0.6749999999999998224 ) ) ;
#6922 = ADVANCED_FACE ( 'NONE', ( #4707 ), #7589, .T. ) ;
#6923 = DIRECTION ( 'NONE',  ( 0.000000000000000000, 0.000000000000000000, -1.000000000000000000 ) ) ;
#6924 = DIRECTION ( 'NONE',  ( 0.000000000000000000, -1.000000000000000000, 0.000000000000000000 ) ) ;
#6925 = EDGE_LOOP ( 'NONE', ( #3217, #3414, #1225, #1415 ) ) ;
#6926 = VERTEX_POINT ( 'NONE', #3734 ) ;
#6927 = VECTOR ( 'NONE', #7384, 1000.000000000000000 ) ;
#6928 = EDGE_CURVE ( 'NONE', #5276, #312, #5071, .T. ) ;
#6929 = ORIENTED_EDGE ( 'NONE', *, *, #5919, .T. ) ;
#6930 = CARTESIAN_POINT ( 'NONE',  ( -1.100000000000000089, 0.2000000000000000111, 0.8249999999999997335 ) ) ;
#6932 = EDGE_LOOP ( 'NONE', ( #3304, #5773, #7244, #900 ) ) ;
#6931 = FACE_OUTER_BOUND ( 'NONE', #759, .T. ) ;
#6933 = ADVANCED_FACE ( 'NONE', ( #2574 ), #7550, .T. ) ;
#6934 = CARTESIAN_POINT ( 'NONE',  ( -1.150000000000000355, 0.1999999999999999833, -0.3749999999999998890 ) ) ;
#6935 = AXIS2_PLACEMENT_3D ( 'NONE', #7031, #6602, #7748 ) ;
#6936 = CARTESIAN_POINT ( 'NONE',  ( 0.000000000000000000, 0.000000000000000000, 0.000000000000000000 ) ) ;
#6937 = CARTESIAN_POINT ( 'NONE',  ( 1.350000000000000089, 0.000000000000000000, -0.6249999999999996669 ) ) ;
#6938 = SURFACE_STYLE_USAGE ( .BOTH. , #4770 ) ;
#6939 =( NAMED_UNIT ( * ) SI_UNIT ( $, .STERADIAN. ) SOLID_ANGLE_UNIT ( ) );
#6940 = CIRCLE ( 'NONE', #7789, 0.05000000000000002359 ) ;
#6941 = PLANE ( 'NONE',  #2528 ) ;
#6942 = CLOSED_SHELL ( 'NONE', ( #287, #86, #6173, #4285, #7329, #777, #1187, #2424, #7590, #4054 ) ) ;
#6943 = ORIENTED_EDGE ( 'NONE', *, *, #6072, .F. ) ;
#6944 = ADVANCED_FACE ( 'NONE', ( #5003 ), #642, .F. ) ;
#6945 = ORIENTED_EDGE ( 'NONE', *, *, #5429, .F. ) ;
#6946 = CARTESIAN_POINT ( 'NONE',  ( -1.150000000000000355, 0.2000000000000000111, 0.3750000000000001110 ) ) ;
#6948 = ORIENTED_EDGE ( 'NONE', *, *, #1473, .F. ) ;
#6947 = VECTOR ( 'NONE', #1336, 1000.000000000000000 ) ;
#6949 = EDGE_CURVE ( 'NONE', #5852, #3983, #2450, .T. ) ;
#6950 = CARTESIAN_POINT ( 'NONE',  ( 0.7000000000000000666, 0.2000000000000000944, -1.274999999999999911 ) ) ;
#6951 = AXIS2_PLACEMENT_3D ( 'NONE', #1168, #1753, #2973 ) ;
#6952 = DIRECTION ( 'NONE',  ( 0.000000000000000000, 0.000000000000000000, -1.000000000000000000 ) ) ;
#6953 = EDGE_LOOP ( 'NONE', ( #5358, #1824, #3310, #589 ) ) ;
#6954 = VERTEX_POINT ( 'NONE', #3063 ) ;
#6955 = LINE ( 'NONE', #6207, #6849 ) ;
#6956 = ORIENTED_EDGE ( 'NONE', *, *, #2902, .F. ) ;
#6957 = CARTESIAN_POINT ( 'NONE',  ( -1.349999999999999645, 0.04999999999999999584, 0.1250000000000001110 ) ) ;
#6959 = ORIENTED_EDGE ( 'NONE', *, *, #2791, .T. ) ;
#6958 = CIRCLE ( 'NONE', #6892, 0.04999999999999991257 ) ;
#6960 = DIRECTION ( 'NONE',  ( -1.000000000000000000, 0.000000000000000000, 0.000000000000000000 ) ) ;
#6961 = EDGE_CURVE ( 'NONE', #1985, #2706, #2356, .T. ) ;
#6962 = CARTESIAN_POINT ( 'NONE',  ( 0.000000000000000000, 0.05000000000000000278, -0.6249999999999998890 ) ) ;
#6963 = DIRECTION ( 'NONE',  ( -0.000000000000000000, -1.000000000000000000, -0.000000000000000000 ) ) ;
#6964 = AXIS2_PLACEMENT_3D ( 'NONE', #3100, #6126, #141 ) ;
#6965 = VECTOR ( 'NONE', #5897, 1000.000000000000000 ) ;
#6966 = CARTESIAN_POINT ( 'NONE',  ( -1.149999999999999911, 0.5905124837953331651, -0.8249999999999999556 ) ) ;
#6967 = DIRECTION ( 'NONE',  ( 0.000000000000000000, 1.000000000000000000, 0.000000000000000000 ) ) ;
#6968 = ORIENTED_EDGE ( 'NONE', *, *, #7223, .F. ) ;
#6969 = ORIENTED_EDGE ( 'NONE', *, *, #808, .T. ) ;
#6970 = VERTEX_POINT ( 'NONE', #7320 ) ;
#6971 = VECTOR ( 'NONE', #4344, 1000.000000000000000 ) ;
#6972 = ORIENTED_EDGE ( 'NONE', *, *, #2711, .F. ) ;
#6973 = CARTESIAN_POINT ( 'NONE',  ( 1.150000000000000355, 0.1999999999999999833, -0.1249999999999998890 ) ) ;
#6975 = ORIENTED_EDGE ( 'NONE', *, *, #4002, .F. ) ;
#6974 = VECTOR ( 'NONE', #3059, 1000.000000000000000 ) ;
#6976 = DIRECTION ( 'NONE',  ( 0.000000000000000000, 0.000000000000000000, 1.000000000000000000 ) ) ;
#6977 = EDGE_CURVE ( 'NONE', #3887, #5798, #7709, .T. ) ;
#6978 = CARTESIAN_POINT ( 'NONE',  ( -1.350000000000000089, 0.04999999999999999584, -0.3250000000000000111 ) ) ;
#6979 = CARTESIAN_POINT ( 'NONE',  ( -1.149999999999999911, 0.04999999999999999584, -0.8249999999999999556 ) ) ;
#6980 = LINE ( 'NONE', #3140, #4593 ) ;
#6981 = AXIS2_PLACEMENT_3D ( 'NONE', #1718, #5868, #2281 ) ;
#6982 = CARTESIAN_POINT ( 'NONE',  ( 1.150000000000000355, 0.000000000000000000, 0.3750000000000001110 ) ) ;
#6983 = ORIENTED_EDGE ( 'NONE', *, *, #5609, .T. ) ;
#6984 = ORIENTED_EDGE ( 'NONE', *, *, #2902, .T. ) ;
#6985 = ORIENTED_EDGE ( 'NONE', *, *, #530, .F. ) ;
#6986 = VECTOR ( 'NONE', #6700, 1000.000000000000000 ) ;
#6987 = ORIENTED_EDGE ( 'NONE', *, *, #7601, .F. ) ;
#6988 = CARTESIAN_POINT ( 'NONE',  ( 1.500000000000000000, 0.5999999999999998668, 1.500000000000000000 ) ) ;
#6990 = ORIENTED_EDGE ( 'NONE', *, *, #3061, .F. ) ;
#6989 = VECTOR ( 'NONE', #3973, 1000.000000000000000 ) ;
#6991 = DIRECTION ( 'NONE',  ( 0.000000000000000000, 0.000000000000000000, 1.000000000000000000 ) ) ;
#6992 = CARTESIAN_POINT ( 'NONE',  ( 1.400000000000000355, 0.5905124837953331651, 0.3249999999999997891 ) ) ;
#6993 = PLANE ( 'NONE',  #7754 ) ;
#6994 = DIRECTION ( 'NONE',  ( 0.000000000000000000, -0.000000000000000000, 1.000000000000000000 ) ) ;
#6995 = EDGE_CURVE ( 'NONE', #3114, #2768, #2461, .T. ) ;
#6996 = LINE ( 'NONE', #1915, #7027 ) ;
#6997 = ADVANCED_FACE ( 'NONE', ( #2511 ), #152, .T. ) ;
#6998 = AXIS2_PLACEMENT_3D ( 'NONE', #3364, #4596, #19 ) ;
#6999 = CARTESIAN_POINT ( 'NONE',  ( 1.100000000000000089, 0.000000000000000000, 0.3249999999999997891 ) ) ;
#7000 = ORIENTED_EDGE ( 'NONE', *, *, #3978, .T. ) ;
#7001 = VERTEX_POINT ( 'NONE', #4387 ) ;
#7002 = VERTEX_POINT ( 'NONE', #6794 ) ;
#7003 = SURFACE_STYLE_FILL_AREA ( #1701 ) ;
#7004 = ORIENTED_EDGE ( 'NONE', *, *, #6217, .F. ) ;
#7005 = DIRECTION ( 'NONE',  ( 0.000000000000000000, 0.000000000000000000, 1.000000000000000000 ) ) ;
#7006 = EDGE_CURVE ( 'NONE', #4408, #630, #6, .T. ) ;
#7008 = ORIENTED_EDGE ( 'NONE', *, *, #7452, .F. ) ;
#7007 = VECTOR ( 'NONE', #4497, 1000.000000000000000 ) ;
#7009 = ADVANCED_FACE ( 'NONE', ( #7665 ), #4444, .F. ) ;
#7010 = CARTESIAN_POINT ( 'NONE',  ( 1.400000000000000133, 0.2000000000000000111, -0.8249999999999997335 ) ) ;
#7011 = VECTOR ( 'NONE', #4892, 1000.000000000000000 ) ;
#7012 = DIRECTION ( 'NONE',  ( 0.000000000000000000, 1.000000000000000000, 0.000000000000000000 ) ) ;
#7013 = ORIENTED_EDGE ( 'NONE', *, *, #5521, .F. ) ;
#7014 = ORIENTED_EDGE ( 'NONE', *, *, #6077, .F. ) ;
#7015 = EDGE_LOOP ( 'NONE', ( #4194, #5048, #5154, #6036, #3675, #2556, #919, #5038 ) ) ;
#7016 = VECTOR ( 'NONE', #478, 1000.000000000000000 ) ;
#7017 = ADVANCED_FACE ( 'NONE', ( #7676 ), #5084, .F. ) ;
#7018 = EDGE_CURVE ( 'NONE', #209, #3301, #5124, .T. ) ;
#7019 = ORIENTED_EDGE ( 'NONE', *, *, #7646, .T. ) ;
#7020 = CARTESIAN_POINT ( 'NONE',  ( 1.350000000000000089, 0.04999999999999999584, -0.1249999999999996808 ) ) ;
#7022 = ORIENTED_EDGE ( 'NONE', *, *, #5365, .T. ) ;
#7021 = CIRCLE ( 'NONE', #2975, 0.04999999999999991257 ) ;
#7023 = EDGE_CURVE ( 'NONE', #7140, #7112, #7602, .T. ) ;
#7024 = CARTESIAN_POINT ( 'NONE',  ( 1.100000000000000089, 0.5905124837953331651, -0.1750000000000002387 ) ) ;
#7025 = CARTESIAN_POINT ( 'NONE',  ( -1.149999999999999911, 0.1999999999999999833, -0.6749999999999998224 ) ) ;
#7026 = EDGE_CURVE ( 'NONE', #1008, #2135, #2409, .T. ) ;
#7027 = VECTOR ( 'NONE', #2764, 1000.000000000000000 ) ;
#7028 = AXIS2_PLACEMENT_3D ( 'NONE', #4241, #4290, #4138 ) ;
#7029 = DIRECTION ( 'NONE',  ( -0.000000000000000000, -1.000000000000000000, -0.000000000000000000 ) ) ;
#7030 = AXIS2_PLACEMENT_3D ( 'NONE', #1244, #3025, #3630 ) ;
#7031 = CARTESIAN_POINT ( 'NONE',  ( -1.149999999999999911, 0.000000000000000000, 1.325000000000000178 ) ) ;
#7032 = ORIENTED_EDGE ( 'NONE', *, *, #4405, .F. ) ;
#7033 = ORIENTED_EDGE ( 'NONE', *, *, #2176, .F. ) ;
#7034 = VERTEX_POINT ( 'NONE', #6480 ) ;
#7035 = VERTEX_POINT ( 'NONE', #2725 ) ;
#7036 = CARTESIAN_POINT ( 'NONE',  ( 1.149999999999999911, 0.000000000000000000, -1.324999999999999956 ) ) ;
#7038 = EDGE_LOOP ( 'NONE', ( #3142, #5356, #2782, #6487 ) ) ;
#7037 = LINE ( 'NONE', #3852, #7166 ) ;
#7039 = CARTESIAN_POINT ( 'NONE',  ( -1.400000000000000133, 0.2000000000000000111, 1.324999999999999734 ) ) ;
#7040 = CARTESIAN_POINT ( 'NONE',  ( 1.100000000000000089, 0.2000000000000000111, -1.175000000000000266 ) ) ;
#7041 = EDGE_CURVE ( 'NONE', #4369, #7182, #2372, .T. ) ;
#7042 = DIRECTION ( 'NONE',  ( 0.000000000000000000, 1.000000000000000000, 0.000000000000000000 ) ) ;
#7043 = LINE ( 'NONE', #1688, #7226 ) ;
#7044 = DIRECTION ( 'NONE',  ( 1.000000000000000000, 0.000000000000000000, 1.445602896647346214E-15 ) ) ;
#7045 = AXIS2_PLACEMENT_3D ( 'NONE', #5273, #6449, #2361 ) ;
#7046 = VERTEX_POINT ( 'NONE', #6841 ) ;
#7047 = ORIENTED_EDGE ( 'NONE', *, *, #1475, .T. ) ;
#7048 = VERTEX_POINT ( 'NONE', #1474 ) ;
#7049 = FACE_OUTER_BOUND ( 'NONE', #4547, .T. ) ;
#7050 = ORIENTED_EDGE ( 'NONE', *, *, #7497, .T. ) ;
#7051 = DIRECTION ( 'NONE',  ( 0.000000000000000000, 1.000000000000000000, 0.000000000000000000 ) ) ;
#7053 = VERTEX_POINT ( 'NONE', #3909 ) ;
#7052 = LINE ( 'NONE', #146, #4631 ) ;
#7054 = DIRECTION ( 'NONE',  ( 0.000000000000000000, 0.000000000000000000, -1.000000000000000000 ) ) ;
#7055 = CARTESIAN_POINT ( 'NONE',  ( 1.150000000000000355, 0.04999999999999999584, -0.1249999999999998890 ) ) ;
#7056 = CARTESIAN_POINT ( 'NONE',  ( 1.349999999999999645, 0.000000000000000000, 0.1250000000000001110 ) ) ;
#7057 = DIRECTION ( 'NONE',  ( 0.000000000000000000, 0.000000000000000000, -1.000000000000000000 ) ) ;
#7058 = FACE_OUTER_BOUND ( 'NONE', #2747, .T. ) ;
#7059 = EDGE_CURVE ( 'NONE', #1368, #602, #2584, .T. ) ;
#7060 = CARTESIAN_POINT ( 'NONE',  ( 0.000000000000000000, 0.05000000000000000278, 1.375000000000000222 ) ) ;
#7061 = VERTEX_POINT ( 'NONE', #6946 ) ;
#7062 = ORIENTED_EDGE ( 'NONE', *, *, #5518, .T. ) ;
#7063 = ORIENTED_EDGE ( 'NONE', *, *, #5957, .T. ) ;
#7064 = LINE ( 'NONE', #3020, #1720 ) ;
#7065 = CARTESIAN_POINT ( 'NONE',  ( 1.150000000000000355, 0.2000000000000000111, 0.3750000000000001110 ) ) ;
#7066 = AXIS2_PLACEMENT_3D ( 'NONE', #4778, #5456, #2895 ) ;
#7067 = VERTEX_POINT ( 'NONE', #3482 ) ;
#7069 = ORIENTED_EDGE ( 'NONE', *, *, #1963, .F. ) ;
#7068 = LINE ( 'NONE', #113, #2017 ) ;
#7070 = CARTESIAN_POINT ( 'NONE',  ( 1.150000000000000355, 0.2000000000000000111, 0.3750000000000001110 ) ) ;
#7071 = CARTESIAN_POINT ( 'NONE',  ( -1.400000000000001910, 0.05000000000000000278, -2.023844055306287302E-15 ) ) ;
#7072 = CYLINDRICAL_SURFACE ( 'NONE', #7516, 0.04999999999999991257 ) ;
#7073 = CARTESIAN_POINT ( 'NONE',  ( -1.350000000000000311, 0.5905124837953331651, 0.8250000000000001776 ) ) ;
#7074 = EDGE_CURVE ( 'NONE', #1752, #265, #7737, .T. ) ;
#7075 = EDGE_LOOP ( 'NONE', ( #6694, #3053, #3791, #3387 ) ) ;
#7076 = ORIENTED_EDGE ( 'NONE', *, *, #3186, .T. ) ;
#7077 = EDGE_LOOP ( 'NONE', ( #2639, #7489, #1596, #7768 ) ) ;
#7078 = LINE ( 'NONE', #4752, #1889 ) ;
#7079 = ORIENTED_EDGE ( 'NONE', *, *, #2392, .T. ) ;
#7081 = DIRECTION ( 'NONE',  ( 0.000000000000000000, 0.000000000000000000, -1.000000000000000000 ) ) ;
#7080 = AXIS2_PLACEMENT_3D ( 'NONE', #2437, #1996, #2585 ) ;
#7082 = ORIENTED_EDGE ( 'NONE', *, *, #2847, .F. ) ;
#7083 = ADVANCED_FACE ( 'NONE', ( #2537 ), #7615, .F. ) ;
#7084 = CARTESIAN_POINT ( 'NONE',  ( 1.149999999999999911, 0.04999999999999999584, 0.3250000000000001776 ) ) ;
#7085 = CARTESIAN_POINT ( 'NONE',  ( -1.100000000000000089, 0.2000000000000000111, 1.175000000000000488 ) ) ;
#7086 = DIRECTION ( 'NONE',  ( 0.000000000000000000, 1.000000000000000000, 0.000000000000000000 ) ) ;
#7087 = VECTOR ( 'NONE', #2708, 1000.000000000000000 ) ;
#7088 = PLANE ( 'NONE',  #3764 ) ;
#7089 = EDGE_LOOP ( 'NONE', ( #5654, #1391, #6122, #3623 ) ) ;
#7090 = ORIENTED_EDGE ( 'NONE', *, *, #2307, .F. ) ;
#7091 = ORIENTED_EDGE ( 'NONE', *, *, #5901, .F. ) ;
#7092 = LINE ( 'NONE', #4691, #6913 ) ;
#7093 = ADVANCED_FACE ( 'NONE', ( #7764 ), #4978, .F. ) ;
#7094 = EDGE_CURVE ( 'NONE', #57, #4714, #2564, .T. ) ;
#7095 = ORIENTED_EDGE ( 'NONE', *, *, #5316, .T. ) ;
#7096 = PLANE ( 'NONE',  #307 ) ;
#7098 = VERTEX_POINT ( 'NONE', #4088 ) ;
#7097 = LINE ( 'NONE', #2670, #4525 ) ;
#7099 = FILL_AREA_STYLE_COLOUR ( '', #6861 ) ;
#7100 = AXIS2_PLACEMENT_3D ( 'NONE', #5849, #2127, #479 ) ;
#7101 = DIRECTION ( 'NONE',  ( 0.000000000000000000, 0.000000000000000000, 1.000000000000000000 ) ) ;
#7102 = CARTESIAN_POINT ( 'NONE',  ( 1.149999999999999911, 0.1999999999999999833, -1.324999999999999956 ) ) ;
#7103 = LINE ( 'NONE', #5039, #1911 ) ;
#7104 = CARTESIAN_POINT ( 'NONE',  ( 1.150000000000000355, 0.5905124837953331651, -0.3749999999999998890 ) ) ;
#7105 = VERTEX_POINT ( 'NONE', #2673 ) ;
#7106 = ORIENTED_EDGE ( 'NONE', *, *, #2987, .T. ) ;
#7107 = ORIENTED_EDGE ( 'NONE', *, *, #6614, .F. ) ;
#7108 = LINE ( 'NONE', #1055, #4522 ) ;
#7109 = ORIENTED_EDGE ( 'NONE', *, *, #6887, .T. ) ;
#7110 = DIRECTION ( 'NONE',  ( 0.7071067811865506814, -0.000000000000000000, -0.7071067811865443531 ) ) ;
#7112 = VERTEX_POINT ( 'NONE', #262 ) ;
#7111 = VECTOR ( 'NONE', #95, 1000.000000000000000 ) ;
#7113 = DIRECTION ( 'NONE',  ( 0.000000000000000000, 0.000000000000000000, 1.000000000000000000 ) ) ;
#7114 = CARTESIAN_POINT ( 'NONE',  ( 1.150000000000000355, 0.2000000000000000111, -1.125000000000000000 ) ) ;
#7115 = EDGE_CURVE ( 'NONE', #3673, #7745, #7563, .T. ) ;
#7116 = FILL_AREA_STYLE ('',( #1775 ) ) ;
#7117 = DIRECTION ( 'NONE',  ( 0.000000000000000000, -1.000000000000000000, 0.000000000000000000 ) ) ;
#7118 = CIRCLE ( 'NONE', #5872, 0.04999999999999991257 ) ;
#7119 = EDGE_CURVE ( 'NONE', #3647, #1076, #7651, .T. ) ;
#7120 = CARTESIAN_POINT ( 'NONE',  ( -1.350000000000000089, 0.000000000000000000, -1.125000000000000000 ) ) ;
#7121 = EDGE_LOOP ( 'NONE', ( #6106, #4166, #974, #6791 ) ) ;
#7122 = ORIENTED_EDGE ( 'NONE', *, *, #7041, .T. ) ;
#7123 = LINE ( 'NONE', #2315, #7232 ) ;
#7124 = DIRECTION ( 'NONE',  ( 0.000000000000000000, 1.000000000000000000, 0.000000000000000000 ) ) ;
#7125 = ORIENTED_EDGE ( 'NONE', *, *, #5337, .F. ) ;
#7126 = DIRECTION ( 'NONE',  ( 0.000000000000000000, -0.000000000000000000, 1.000000000000000000 ) ) ;
#7127 = DIRECTION ( 'NONE',  ( 1.000000000000000000, 0.000000000000000000, 1.445602896647346214E-15 ) ) ;
#7129 = VERTEX_POINT ( 'NONE', #454 ) ;
#7128 = LINE ( 'NONE', #4811, #7111 ) ;
#7130 = PLANE ( 'NONE',  #5357 ) ;
#7131 = EDGE_CURVE ( 'NONE', #1803, #3869, #5184, .T. ) ;
#7132 = VECTOR ( 'NONE', #3443, 1000.000000000000000 ) ;
#7133 = CARTESIAN_POINT ( 'NONE',  ( -1.100000000000000089, 0.2000000000000000111, -1.175000000000000266 ) ) ;
#7134 = ORIENTED_EDGE ( 'NONE', *, *, #6961, .T. ) ;
#7135 = ORIENTED_EDGE ( 'NONE', *, *, #7497, .F. ) ;
#7136 = VECTOR ( 'NONE', #5527, 1000.000000000000000 ) ;
#7137 = EDGE_CURVE ( 'NONE', #602, #1919, #5111, .T. ) ;
#7138 = ORIENTED_EDGE ( 'NONE', *, *, #3739, .F. ) ;
#7139 = DIRECTION ( 'NONE',  ( -0.000000000000000000, -1.000000000000000000, -0.000000000000000000 ) ) ;
#7140 = VERTEX_POINT ( 'NONE', #360 ) ;
#7141 = AXIS2_PLACEMENT_3D ( 'NONE', #3819, #2060, #2641 ) ;
#7142 = AXIS2_PLACEMENT_3D ( 'NONE', #4776, #3123, #7778 ) ;
#7143 = DIRECTION ( 'NONE',  ( -1.000000000000000000, 0.000000000000000000, 0.000000000000000000 ) ) ;
#7144 = DIRECTION ( 'NONE',  ( 0.000000000000000000, 1.000000000000000000, 0.000000000000000000 ) ) ;
#7145 = CARTESIAN_POINT ( 'NONE',  ( -1.100000000000000089, 0.000000000000000000, 0.8249999999999997335 ) ) ;
#7146 = ORIENTED_EDGE ( 'NONE', *, *, #2568, .T. ) ;
#7147 = VERTEX_POINT ( 'NONE', #410 ) ;
#7148 = LINE ( 'NONE', #1320, #4548 ) ;
#7149 = ORIENTED_EDGE ( 'NONE', *, *, #1814, .T. ) ;
#7150 = DIRECTION ( 'NONE',  ( 0.000000000000000000, 0.000000000000000000, 1.000000000000000000 ) ) ;
#7152 = ORIENTED_EDGE ( 'NONE', *, *, #3152, .T. ) ;
#7151 = VECTOR ( 'NONE', #4857, 1000.000000000000000 ) ;
#7153 = ADVANCED_FACE ( 'NONE', ( #2611 ), #2523, .T. ) ;
#7154 = EDGE_CURVE ( 'NONE', #45, #337, #2385, .T. ) ;
#7156 = DIRECTION ( 'NONE',  ( 0.000000000000000000, 0.000000000000000000, -1.000000000000000000 ) ) ;
#7155 = AXIS2_PLACEMENT_3D ( 'NONE', #2276, #7051, #1463 ) ;
#7157 = CARTESIAN_POINT ( 'NONE',  ( -1.149999999999999911, 0.04999999999999999584, 0.6750000000000000444 ) ) ;
#7158 = DIRECTION ( 'NONE',  ( 0.000000000000000000, 0.000000000000000000, 1.000000000000000000 ) ) ;
#7159 = VECTOR ( 'NONE', #1462, 1000.000000000000000 ) ;
#7160 = DIRECTION ( 'NONE',  ( 0.000000000000000000, -1.000000000000000000, 0.000000000000000000 ) ) ;
#7161 = ORIENTED_EDGE ( 'NONE', *, *, #7786, .T. ) ;
#7162 = ORIENTED_EDGE ( 'NONE', *, *, #3762, .F. ) ;
#7163 = CIRCLE ( 'NONE', #758, 0.05000000000000002359 ) ;
#7164 = VERTEX_POINT ( 'NONE', #2150 ) ;
#7165 = CARTESIAN_POINT ( 'NONE',  ( -1.100000000000000089, 0.1999999999999999833, -0.8249999999999995115 ) ) ;
#7167 = EDGE_LOOP ( 'NONE', ( #1520, #4823, #6838, #4856 ) ) ;
#7166 = VECTOR ( 'NONE', #4996, 1000.000000000000000 ) ;
#7168 = CARTESIAN_POINT ( 'NONE',  ( 1.100000000000000089, 0.04999999999999999584, 0.3249999999999997891 ) ) ;
#7169 = EDGE_CURVE ( 'NONE', #4714, #890, #7625, .T. ) ;
#7170 = CARTESIAN_POINT ( 'NONE',  ( -1.150000000000000355, 0.2000000000000000111, 1.125000000000000222 ) ) ;
#7171 = DIRECTION ( 'NONE',  ( -0.000000000000000000, -1.000000000000000000, -0.000000000000000000 ) ) ;
#7172 = DIRECTION ( 'NONE',  ( 0.000000000000000000, -1.000000000000000000, 0.000000000000000000 ) ) ;
#7173 = AXIS2_PLACEMENT_3D ( 'NONE', #5379, #7801, #5963 ) ;
#7174 = CIRCLE ( 'NONE', #4502, 0.04999999999999991257 ) ;
#7175 = DIRECTION ( 'NONE',  ( 0.000000000000000000, -0.000000000000000000, 1.000000000000000000 ) ) ;
#7176 = ORIENTED_EDGE ( 'NONE', *, *, #7270, .T. ) ;
#7177 = VERTEX_POINT ( 'NONE', #5716 ) ;
#7178 = DIRECTION ( 'NONE',  ( -0.000000000000000000, -1.000000000000000000, -0.000000000000000000 ) ) ;
#7179 = ORIENTED_EDGE ( 'NONE', *, *, #753, .F. ) ;
#7180 = DIRECTION ( 'NONE',  ( 1.275531967630005245E-16, 0.000000000000000000, -1.000000000000000000 ) ) ;
#7182 = VERTEX_POINT ( 'NONE', #2290 ) ;
#7181 = VECTOR ( 'NONE', #6789, 1000.000000000000000 ) ;
#7183 = CARTESIAN_POINT ( 'NONE',  ( 1.150000000000000355, 0.2000000000000000111, 1.125000000000000222 ) ) ;
#7184 = EDGE_CURVE ( 'NONE', #4130, #6148, #5148, .T. ) ;
#7185 = LINE ( 'NONE', #3195, #1899 ) ;
#7186 =( GEOMETRIC_REPRESENTATION_CONTEXT ( 3 ) GLOBAL_UNCERTAINTY_ASSIGNED_CONTEXT ( ( #268 ) ) GLOBAL_UNIT_ASSIGNED_CONTEXT ( ( #7526, #4095, #922 ) ) REPRESENTATION_CONTEXT ( 'NONE', 'WORKASPACE' ) );
#7187 = CARTESIAN_POINT ( 'NONE',  ( -1.150000000000000355, 0.2000000000000000111, 0.6250000000000001110 ) ) ;
#7188 = VERTEX_POINT ( 'NONE', #4724 ) ;
#7189 = ORIENTED_EDGE ( 'NONE', *, *, #3313, .T. ) ;
#7190 = LINE ( 'NONE', #7779, #2182 ) ;
#7191 = EDGE_LOOP ( 'NONE', ( #4231, #1647, #7568, #5139 ) ) ;
#7192 = CARTESIAN_POINT ( 'NONE',  ( -1.350000000000000089, 0.1999999999999999833, -0.3250000000000000111 ) ) ;
#7194 = ORIENTED_EDGE ( 'NONE', *, *, #7549, .T. ) ;
#7193 = LINE ( 'NONE', #326, #4604 ) ;
#7195 = DIRECTION ( 'NONE',  ( 0.000000000000000000, 0.000000000000000000, -1.000000000000000000 ) ) ;
#7196 = DIRECTION ( 'NONE',  ( 0.000000000000000000, 0.000000000000000000, 1.000000000000000000 ) ) ;
#7197 = VECTOR ( 'NONE', #4984, 1000.000000000000000 ) ;
#7198 = CARTESIAN_POINT ( 'NONE',  ( 1.400000000000000355, 0.5905124837953331651, -0.1750000000000002387 ) ) ;
#7199 = AXIS2_PLACEMENT_3D ( 'NONE', #1703, #3022, #5967 ) ;
#7200 = DIRECTION ( 'NONE',  ( 1.000000000000000000, 0.000000000000000000, -0.000000000000000000 ) ) ;
#7201 = ORIENTED_EDGE ( 'NONE', *, *, #3476, .T. ) ;
#7202 = ORIENTED_EDGE ( 'NONE', *, *, #6201, .T. ) ;
#7203 = LINE ( 'NONE', #5403, #4715 ) ;
#7204 = VERTEX_POINT ( 'NONE', #7565 ) ;
#7205 = DIRECTION ( 'NONE',  ( 1.445602896647346016E-15, 0.000000000000000000, -1.000000000000000000 ) ) ;
#7207 = ORIENTED_EDGE ( 'NONE', *, *, #5433, .T. ) ;
#7206 = CYLINDRICAL_SURFACE ( 'NONE', #7199, 0.05000000000000012768 ) ;
#7208 = CARTESIAN_POINT ( 'NONE',  ( 1.400000000000000355, 0.5905124837953331651, 1.324999999999999734 ) ) ;
#7209 = DIRECTION ( 'NONE',  ( -0.000000000000000000, -1.000000000000000000, -0.000000000000000000 ) ) ;
#7210 = DIRECTION ( 'NONE',  ( 0.000000000000000000, 0.000000000000000000, 1.000000000000000000 ) ) ;
#7211 = VECTOR ( 'NONE', #4937, 1000.000000000000000 ) ;
#7212 = ADVANCED_FACE ( 'NONE', ( #7798 ), #2398, .T. ) ;
#7213 = CARTESIAN_POINT ( 'NONE',  ( 0.6999999999999998446, 0.05000000000000000278, 1.190496503121338410E-16 ) ) ;
#7214 = VERTEX_POINT ( 'NONE', #3000 ) ;
#7215 = VERTEX_POINT ( 'NONE', #3540 ) ;
#7216 = FACE_OUTER_BOUND ( 'NONE', #4598, .T. ) ;
#7217 = EDGE_CURVE ( 'NONE', #5546, #5376, #5198, .T. ) ;
#7218 = ORIENTED_EDGE ( 'NONE', *, *, #5884, .T. ) ;
#7219 = CARTESIAN_POINT ( 'NONE',  ( -1.350000000000000311, 0.2000000000000000111, 0.3250000000000001776 ) ) ;
#7221 = ORIENTED_EDGE ( 'NONE', *, *, #5536, .F. ) ;
#7220 = CIRCLE ( 'NONE', #3715, 0.05000000000000002359 ) ;
#7222 = DIRECTION ( 'NONE',  ( -1.700709290173340656E-16, 0.000000000000000000, 1.000000000000000000 ) ) ;
#7223 = EDGE_CURVE ( 'NONE', #5438, #2337, #7614, .T. ) ;
#7224 = DIRECTION ( 'NONE',  ( -1.445602896647346214E-15, -0.000000000000000000, 1.000000000000000000 ) ) ;
#7225 = DIRECTION ( 'NONE',  ( -1.445602896647346214E-15, -0.000000000000000000, 1.000000000000000000 ) ) ;
#7226 = VECTOR ( 'NONE', #5954, 1000.000000000000000 ) ;
#7227 = STYLED_ITEM ( 'NONE', ( #812 ), #7409 ) ;
#7228 = CARTESIAN_POINT ( 'NONE',  ( 1.100000000000000089, 0.04999999999999999584, 0.8249999999999997335 ) ) ;
#7229 = DIRECTION ( 'NONE',  ( -1.000000000000000000, -0.000000000000000000, -0.000000000000000000 ) ) ;
#7230 = ORIENTED_EDGE ( 'NONE', *, *, #4883, .F. ) ;
#7231 = ORIENTED_EDGE ( 'NONE', *, *, #1475, .F. ) ;
#7232 = VECTOR ( 'NONE', #5484, 1000.000000000000000 ) ;
#7233 = CARTESIAN_POINT ( 'NONE',  ( 1.150000000000000355, 0.2000000000000000111, 0.6250000000000001110 ) ) ;
#7234 = ORIENTED_EDGE ( 'NONE', *, *, #6907, .F. ) ;
#7235 = CARTESIAN_POINT ( 'NONE',  ( -0.7000000000000001776, 0.000000000000000000, 1.274999999999999689 ) ) ;
#7236 = DIRECTION ( 'NONE',  ( 1.445602896647346214E-15, 0.000000000000000000, -1.000000000000000000 ) ) ;
#7237 = EDGE_CURVE ( 'NONE', #1359, #3162, #7639, .T. ) ;
#7238 = VERTEX_POINT ( 'NONE', #5878 ) ;
#7239 = EDGE_CURVE ( 'NONE', #6848, #6622, #5442, .T. ) ;
#7240 = LINE ( 'NONE', #2855, #7132 ) ;
#7241 = CARTESIAN_POINT ( 'NONE',  ( 1.149999999999999911, 0.04999999999999999584, 0.6750000000000000444 ) ) ;
#7242 = AXIS2_PLACEMENT_3D ( 'NONE', #4973, #5565, #2646 ) ;
#7243 = ORIENTED_EDGE ( 'NONE', *, *, #1855, .T. ) ;
#7244 = ORIENTED_EDGE ( 'NONE', *, *, #5681, .T. ) ;
#7245 = LINE ( 'NONE', #7356, #7392 ) ;
#7246 = ORIENTED_EDGE ( 'NONE', *, *, #6450, .T. ) ;
#7247 = CARTESIAN_POINT ( 'NONE',  ( 1.100000000000000089, 0.05000000000000000278, 1.000000000000000000 ) ) ;
#7249 = VERTEX_POINT ( 'NONE', #1955 ) ;
#7248 = FACE_OUTER_BOUND ( 'NONE', #3831, .T. ) ;
#7250 = DIRECTION ( 'NONE',  ( -1.275531967630005245E-16, 0.000000000000000000, 1.000000000000000000 ) ) ;
#7251 = CARTESIAN_POINT ( 'NONE',  ( 1.149999999999999911, 0.1999999999999999833, -0.6749999999999998224 ) ) ;
#7252 = PLANE ( 'NONE',  #1667 ) ;
#7253 = VECTOR ( 'NONE', #1420, 1000.000000000000000 ) ;
#7254 = EDGE_CURVE ( 'NONE', #2680, #3399, #18, .T. ) ;
#7255 = CARTESIAN_POINT ( 'NONE',  ( 1.350000000000000089, 0.2000000000000000111, 0.8750000000000003331 ) ) ;
#7256 = DIRECTION ( 'NONE',  ( 1.000000000000000000, -0.000000000000000000, 1.445602896647346016E-15 ) ) ;
#7257 = ORIENTED_EDGE ( 'NONE', *, *, #5635, .T. ) ;
#7258 = ORIENTED_EDGE ( 'NONE', *, *, #1117, .F. ) ;
#7259 = LINE ( 'NONE', #7727, #2136 ) ;
#7260 =( GEOMETRIC_REPRESENTATION_CONTEXT ( 3 ) GLOBAL_UNCERTAINTY_ASSIGNED_CONTEXT ( ( #5470 ) ) GLOBAL_UNIT_ASSIGNED_CONTEXT ( ( #1068, #5662, #300 ) ) REPRESENTATION_CONTEXT ( 'NONE', 'WORKASPACE' ) );
#7261 = ORIENTED_EDGE ( 'NONE', *, *, #5227, .F. ) ;
#7262 = CARTESIAN_POINT ( 'NONE',  ( -0.7000000000000001776, 0.2000000000000000944, 1.274999999999999689 ) ) ;
#7264 = VERTEX_POINT ( 'NONE', #6045 ) ;
#7263 = VECTOR ( 'NONE', #1444, 1000.000000000000000 ) ;
#7265 = SURFACE_SIDE_STYLE ('',( #7003 ) ) ;
#7266 = DIRECTION ( 'NONE',  ( -1.000000000000000000, 0.000000000000000000, -0.000000000000000000 ) ) ;
#7267 = CYLINDRICAL_SURFACE ( 'NONE', #5340, 0.04999999999999991257 ) ;
#7268 = CARTESIAN_POINT ( 'NONE',  ( 1.400000000000000355, 0.1999999999999999833, 0.8249999999999997335 ) ) ;
#7269 = MANIFOLD_SOLID_BREP ( 'LPattern2[8]', #4092 ) ;
#7270 = EDGE_CURVE ( 'NONE', #93, #668, #139, .T. ) ;
#7271 = VERTEX_POINT ( 'NONE', #2496 ) ;
#7272 = ORIENTED_EDGE ( 'NONE', *, *, #6159, .F. ) ;
#7273 = FACE_OUTER_BOUND ( 'NONE', #183, .T. ) ;
#7274 = ORIENTED_EDGE ( 'NONE', *, *, #4592, .F. ) ;
#7275 = CARTESIAN_POINT ( 'NONE',  ( 1.149999999999999911, 0.5905124837953331651, 0.1750000000000000167 ) ) ;
#7276 = AXIS2_PLACEMENT_3D ( 'NONE', #216, #817, #1442 ) ;
#7278 = EDGE_LOOP ( 'NONE', ( #4266, #4, #3274, #4519, #5625, #7612, #1984, #7194 ) ) ;
#7277 = LINE ( 'NONE', #3278, #2084 ) ;
#7279 = CARTESIAN_POINT ( 'NONE',  ( 1.349999999999999645, 0.000000000000000000, 0.6250000000000001110 ) ) ;
#7280 = DIRECTION ( 'NONE',  ( -0.000000000000000000, -1.000000000000000000, -0.000000000000000000 ) ) ;
#7281 = CARTESIAN_POINT ( 'NONE',  ( -1.350000000000000311, 0.2000000000000000111, -0.6749999999999998224 ) ) ;
#7282 = VECTOR ( 'NONE', #844, 1000.000000000000000 ) ;
#7283 = ADVANCED_FACE ( 'NONE', ( #249 ), #2736, .T. ) ;
#7284 = CARTESIAN_POINT ( 'NONE',  ( 1.150000000000000355, 0.2000000000000000111, 0.1250000000000001110 ) ) ;
#7285 = CARTESIAN_POINT ( 'NONE',  ( 1.400000000000000133, 0.5905124837953331651, -0.3249999999999997891 ) ) ;
#7286 = ORIENTED_EDGE ( 'NONE', *, *, #6055, .F. ) ;
#7287 = ORIENTED_EDGE ( 'NONE', *, *, #7564, .F. ) ;
#7288 = LINE ( 'NONE', #130, #4672 ) ;
#7289 = DIRECTION ( 'NONE',  ( 1.000000000000000000, 0.000000000000000000, -0.000000000000000000 ) ) ;
#7290 = EDGE_CURVE ( 'NONE', #4090, #7656, #2891, .T. ) ;
#7291 = ORIENTED_EDGE ( 'NONE', *, *, #5227, .T. ) ;
#7292 = DIRECTION ( 'NONE',  ( -0.000000000000000000, -1.000000000000000000, 0.000000000000000000 ) ) ;
#7293 = ORIENTED_EDGE ( 'NONE', *, *, #3460, .T. ) ;
#7294 = AXIS2_PLACEMENT_3D ( 'NONE', #5363, #4100, #5890 ) ;
#7295 = LINE ( 'NONE', #2425, #4725 ) ;
#7296 = DIRECTION ( 'NONE',  ( 0.000000000000000000, 0.000000000000000000, -1.000000000000000000 ) ) ;
#7297 = ORIENTED_EDGE ( 'NONE', *, *, #7783, .F. ) ;
#7298 = VERTEX_POINT ( 'NONE', #3079 ) ;
#7299 = LINE ( 'NONE', #4923, #4795 ) ;
#7300 = EDGE_LOOP ( 'NONE', ( #3421, #6956, #6032, #5769 ) ) ;
#7301 = DIRECTION ( 'NONE',  ( -0.000000000000000000, -1.000000000000000000, -0.000000000000000000 ) ) ;
#7302 = ORIENTED_EDGE ( 'NONE', *, *, #1498, .T. ) ;
#7303 = DIRECTION ( 'NONE',  ( 0.000000000000000000, 0.000000000000000000, -1.000000000000000000 ) ) ;
#7304 = CARTESIAN_POINT ( 'NONE',  ( -1.150000000000000355, 0.2000000000000000111, -1.375000000000000000 ) ) ;
#7305 = AXIS2_PLACEMENT_3D ( 'NONE', #4329, #5540, #6133 ) ;
#7306 = CARTESIAN_POINT ( 'NONE',  ( 1.149999999999999911, 0.5905124837953331651, -1.174999999999999822 ) ) ;
#7307 = DIRECTION ( 'NONE',  ( -1.000000000000000000, 0.000000000000000000, -0.000000000000000000 ) ) ;
#7308 = DIRECTION ( 'NONE',  ( 0.000000000000000000, 1.000000000000000000, 0.000000000000000000 ) ) ;
#7309 = CARTESIAN_POINT ( 'NONE',  ( -1.150000000000000355, 0.2000000000000000111, 0.1250000000000001110 ) ) ;
#7310 = ORIENTED_EDGE ( 'NONE', *, *, #3653, .F. ) ;
#7311 = ORIENTED_EDGE ( 'NONE', *, *, #2447, .F. ) ;
#7312 = ORIENTED_EDGE ( 'NONE', *, *, #1695, .T. ) ;
#7313 = CARTESIAN_POINT ( 'NONE',  ( 1.100000000000000089, 0.5905124837953331651, -1.175000000000000266 ) ) ;
#7315 = ORIENTED_EDGE ( 'NONE', *, *, #4584, .F. ) ;
#7314 = VECTOR ( 'NONE', #2890, 1000.000000000000000 ) ;
#7316 = CARTESIAN_POINT ( 'NONE',  ( 1.499999999999999556, 0.5999999999999998668, -1.500000000000000222 ) ) ;
#7317 = DIRECTION ( 'NONE',  ( 0.000000000000000000, -0.000000000000000000, 1.000000000000000000 ) ) ;
#7318 = EDGE_CURVE ( 'NONE', #2135, #3710, #222, .T. ) ;
#7319 = CARTESIAN_POINT ( 'NONE',  ( -1.100000000000000089, 0.5905124837953331651, 0.1750000000000004607 ) ) ;
#7320 = CARTESIAN_POINT ( 'NONE',  ( 1.350000000000000089, 0.2000000000000000111, -0.6249999999999996669 ) ) ;
#7321 = PLANE ( 'NONE',  #596 ) ;
#7322 = ORIENTED_EDGE ( 'NONE', *, *, #2028, .T. ) ;
#7323 = ORIENTED_EDGE ( 'NONE', *, *, #4366, .F. ) ;
#7324 = EDGE_CURVE ( 'NONE', #772, #1995, #126, .T. ) ;
#7325 = ORIENTED_EDGE ( 'NONE', *, *, #2176, .T. ) ;
#7326 = VECTOR ( 'NONE', #5869, 1000.000000000000000 ) ;
#7327 = CARTESIAN_POINT ( 'NONE',  ( -1.100000000000000089, 0.05000000000000000278, -1.324999999999999512 ) ) ;
#7328 = AXIS2_PLACEMENT_3D ( 'NONE', #5917, #7044, #4078 ) ;
#7329 = ADVANCED_FACE ( 'NONE', ( #155 ), #5265, .T. ) ;
#7330 = AXIS2_PLACEMENT_3D ( 'NONE', #2022, #2607, #7303 ) ;
#7331 = CARTESIAN_POINT ( 'NONE',  ( 0.7000000000000000666, 0.000000000000000000, -1.274999999999999911 ) ) ;
#7332 = CARTESIAN_POINT ( 'NONE',  ( 0.000000000000000000, 0.5999999999999999778, 0.000000000000000000 ) ) ;
#7333 = LINE ( 'NONE', #6982, #4910 ) ;
#7334 = CARTESIAN_POINT ( 'NONE',  ( -1.200000000000000622, 0.4999999999999998890, -1.200000000000000400 ) ) ;
#7335 = DIRECTION ( 'NONE',  ( 1.000000000000000000, -0.000000000000000000, 1.548860246407863583E-16 ) ) ;
#7336 = VERTEX_POINT ( 'NONE', #2955 ) ;
#7337 = ORIENTED_EDGE ( 'NONE', *, *, #1512, .T. ) ;
#7338 = LINE ( 'NONE', #2928, #2042 ) ;
#7339 = CARTESIAN_POINT ( 'NONE',  ( 1.149999999999999911, 0.04999999999999999584, 1.175000000000000044 ) ) ;
#7340 = ORIENTED_EDGE ( 'NONE', *, *, #468, .T. ) ;
#7341 = DIRECTION ( 'NONE',  ( 0.000000000000000000, 0.000000000000000000, 1.000000000000000000 ) ) ;
#7342 = CARTESIAN_POINT ( 'NONE',  ( -1.200000000000000622, 0.4999999999999998890, -1.200000000000000400 ) ) ;
#7343 = CYLINDRICAL_SURFACE ( 'NONE', #4773, 0.04999999999999991257 ) ;
#7344 = EDGE_CURVE ( 'NONE', #987, #4717, #2858, .T. ) ;
#7345 = AXIS2_PLACEMENT_3D ( 'NONE', #5441, #4865, #701 ) ;
#7346 = DIRECTION ( 'NONE',  ( -1.445602896647343847E-15, 0.000000000000000000, -1.000000000000000000 ) ) ;
#7347 = VECTOR ( 'NONE', #1710, 1000.000000000000000 ) ;
#7348 = DIRECTION ( 'NONE',  ( -1.000000000000000000, 0.000000000000000000, 0.000000000000000000 ) ) ;
#7349 = ORIENTED_EDGE ( 'NONE', *, *, #6961, .F. ) ;
#7350 = VERTEX_POINT ( 'NONE', #4349 ) ;
#7351 = CYLINDRICAL_SURFACE ( 'NONE', #382, 0.04999999999999991257 ) ;
#7352 = ORIENTED_EDGE ( 'NONE', *, *, #2206, .T. ) ;
#7353 = DIRECTION ( 'NONE',  ( 1.000000000000000000, 0.000000000000000000, 1.445602896647346214E-15 ) ) ;
#7354 = EDGE_CURVE ( 'NONE', #535, #2053, #5417, .T. ) ;
#7355 = DIRECTION ( 'NONE',  ( -1.000000000000000000, 0.000000000000000000, 0.000000000000000000 ) ) ;
#7356 = CARTESIAN_POINT ( 'NONE',  ( 1.400000000000000355, 0.2000000000000000111, 1.324999999999999734 ) ) ;
#7357 = AXIS2_PLACEMENT_3D ( 'NONE', #4957, #5439, #3583 ) ;
#7358 = CARTESIAN_POINT ( 'NONE',  ( -0.7000000000000001776, 0.000000000000000000, 1.274999999999999689 ) ) ;
#7359 = LINE ( 'NONE', #6405, #7450 ) ;
#7360 = CARTESIAN_POINT ( 'NONE',  ( 1.400000000000000133, 0.2000000000000000111, 1.175000000000000266 ) ) ;
#7361 = DIRECTION ( 'NONE',  ( 1.000000000000000000, -0.000000000000000000, -0.000000000000000000 ) ) ;
#7362 = EDGE_LOOP ( 'NONE', ( #2901, #5583, #1499, #6704 ) ) ;
#7363 = ORIENTED_EDGE ( 'NONE', *, *, #7217, .T. ) ;
#7364 = DIRECTION ( 'NONE',  ( -0.000000000000000000, 0.000000000000000000, 1.000000000000000000 ) ) ;
#7365 = VECTOR ( 'NONE', #5174, 1000.000000000000000 ) ;
#7366 = VERTEX_POINT ( 'NONE', #1842 ) ;
#7367 = CARTESIAN_POINT ( 'NONE',  ( 1.400000000000000355, 0.04999999999999999584, -1.175000000000000266 ) ) ;
#7368 = LINE ( 'NONE', #1665, #2251 ) ;
#7369 = CARTESIAN_POINT ( 'NONE',  ( -1.399999999999999911, 0.2000000000000000111, -0.8249999999999995115 ) ) ;
#7370 = EDGE_CURVE ( 'NONE', #5110, #3761, #5367, .T. ) ;
#7371 = DIRECTION ( 'NONE',  ( 0.000000000000000000, -1.000000000000000000, 0.000000000000000000 ) ) ;
#7372 = CARTESIAN_POINT ( 'NONE',  ( 1.150000000000000355, 0.2000000000000000111, -0.3749999999999998890 ) ) ;
#7373 = FACE_OUTER_BOUND ( 'NONE', #2899, .T. ) ;
#7374 = AXIS2_PLACEMENT_3D ( 'NONE', #4749, #5324, #5906 ) ;
#7375 = CARTESIAN_POINT ( 'NONE',  ( -1.149999999999999911, 0.5905124837953331651, 0.1750000000000000167 ) ) ;
#7376 = ORIENTED_EDGE ( 'NONE', *, *, #5859, .T. ) ;
#7377 = ORIENTED_EDGE ( 'NONE', *, *, #5284, .T. ) ;
#7378 = FACE_OUTER_BOUND ( 'NONE', #5349, .T. ) ;
#7379 = ORIENTED_EDGE ( 'NONE', *, *, #1978, .T. ) ;
#7380 = CARTESIAN_POINT ( 'NONE',  ( 1.149999999999999911, 0.5905124837953331651, -1.324999999999999956 ) ) ;
#7381 = CYLINDRICAL_SURFACE ( 'NONE', #2147, 0.04999999999999991257 ) ;
#7382 = DIRECTION ( 'NONE',  ( 0.000000000000000000, 0.000000000000000000, -1.000000000000000000 ) ) ;
#7383 = CARTESIAN_POINT ( 'NONE',  ( -1.149999999999999911, 0.2000000000000000111, -0.6749999999999998224 ) ) ;
#7384 = DIRECTION ( 'NONE',  ( -0.000000000000000000, -1.000000000000000000, -0.000000000000000000 ) ) ;
#7385 = EDGE_CURVE ( 'NONE', #5748, #1205, #5486, .T. ) ;
#7386 = VECTOR ( 'NONE', #5389, 1000.000000000000000 ) ;
#7388 = CARTESIAN_POINT ( 'NONE',  ( 1.150000000000000355, 0.5905124837953331651, 0.3750000000000001110 ) ) ;
#7387 = MECHANICAL_DESIGN_GEOMETRIC_PRESENTATION_REPRESENTATION (  '', ( #4565 ), #4171 ) ;
#7389 = CARTESIAN_POINT ( 'NONE',  ( -1.100000000000000089, 0.2000000000000000111, 1.175000000000000488 ) ) ;
#7390 = ORIENTED_EDGE ( 'NONE', *, *, #1959, .F. ) ;
#7391 = ORIENTED_EDGE ( 'NONE', *, *, #3901, .F. ) ;
#7392 = VECTOR ( 'NONE', #6674, 1000.000000000000000 ) ;
#7393 = DIRECTION ( 'NONE',  ( 0.000000000000000000, 1.000000000000000000, -0.000000000000000000 ) ) ;
#7394 = ORIENTED_EDGE ( 'NONE', *, *, #613, .T. ) ;
#7395 = CARTESIAN_POINT ( 'NONE',  ( -1.150000000000000355, 0.5905124837953331651, -0.8749999999999998890 ) ) ;
#7396 = CARTESIAN_POINT ( 'NONE',  ( -1.100000000000000089, 0.2000000000000000111, -0.8249999999999995115 ) ) ;
#7397 = CARTESIAN_POINT ( 'NONE',  ( -1.400000000000000133, 0.04999999999999999584, 0.3249999999999997891 ) ) ;
#7398 = CIRCLE ( 'NONE', #4371, 0.04999999999999991257 ) ;
#7399 = ADVANCED_FACE ( 'NONE', ( #77 ), #1897, .T. ) ;
#7400 = CARTESIAN_POINT ( 'NONE',  ( 1.400000000000000355, 0.5905124837953331651, -1.175000000000000266 ) ) ;
#7401 = EDGE_CURVE ( 'NONE', #7298, #1790, #5380, .T. ) ;
#7402 = CARTESIAN_POINT ( 'NONE',  ( -1.150000000000000355, 0.5905124837953331651, -1.125000000000000000 ) ) ;
#7403 = ORIENTED_EDGE ( 'NONE', *, *, #6421, .T. ) ;
#7404 = ORIENTED_EDGE ( 'NONE', *, *, #2252, .T. ) ;
#7405 = CYLINDRICAL_SURFACE ( 'NONE', #5108, 0.04999999999999991257 ) ;
#7406 = MECHANICAL_DESIGN_GEOMETRIC_PRESENTATION_REPRESENTATION (  '', ( #7770 ), #990 ) ;
#7407 = ORIENTED_EDGE ( 'NONE', *, *, #4787, .F. ) ;
#7408 = EDGE_CURVE ( 'NONE', #7802, #2351, #2681, .T. ) ;
#7409 = ADVANCED_BREP_SHAPE_REPRESENTATION ( 'ST25DV04K-JFR6D3', ( #4102, #1628, #6894, #7534, #2595, #3193, #1994, #961, #3785, #5940, #7269, #5013, #2266, #1939, #4751, #5425 ), #3844 ) ;
#7410 = DIRECTION ( 'NONE',  ( 1.000000000000000000, 0.000000000000000000, 1.445602896647346214E-15 ) ) ;
#7411 = DIRECTION ( 'NONE',  ( -1.000000000000000000, 0.000000000000000000, 0.000000000000000000 ) ) ;
#7412 = CARTESIAN_POINT ( 'NONE',  ( -1.350000000000000089, 0.000000000000000000, -0.8249999999999999556 ) ) ;
#7413 = PRESENTATION_STYLE_ASSIGNMENT (( #6026 ) ) ;
#7414 = UNCERTAINTY_MEASURE_WITH_UNIT (LENGTH_MEASURE( 1.000000000000000082E-05 ), #4922, 'distance_accuracy_value', 'NONE');
#7415 = ADVANCED_FACE ( 'NONE', ( #264 ), #4570, .F. ) ;
#7416 = CARTESIAN_POINT ( 'NONE',  ( -1.150000000000000355, 0.1999999999999999833, 0.1250000000000001110 ) ) ;
#7417 = SURFACE_SIDE_STYLE ('',( #6283 ) ) ;
#7418 = VERTEX_POINT ( 'NONE', #6810 ) ;
#7419 = ORIENTED_EDGE ( 'NONE', *, *, #2775, .F. ) ;
#7420 = CYLINDRICAL_SURFACE ( 'NONE', #6677, 0.04999999999999991257 ) ;
#7421 = VERTEX_POINT ( 'NONE', #6903 ) ;
#7422 = DIRECTION ( 'NONE',  ( 0.7071067811865444641, -0.000000000000000000, 0.7071067811865506814 ) ) ;
#7423 = EDGE_CURVE ( 'NONE', #7690, #1987, #2776, .T. ) ;
#7424 = LINE ( 'NONE', #7284, #4918 ) ;
#7425 = CARTESIAN_POINT ( 'NONE',  ( -1.350000000000000089, 0.2000000000000000111, 1.375000000000000222 ) ) ;
#7426 = EDGE_CURVE ( 'NONE', #7048, #273, #182, .T. ) ;
#7427 = EDGE_CURVE ( 'NONE', #3912, #2774, #5430, .T. ) ;
#7428 = DIRECTION ( 'NONE',  ( 2.602085213965215059E-14, 0.000000000000000000, 1.000000000000000000 ) ) ;
#7429 = LINE ( 'NONE', #3989, #2271 ) ;
#7430 = DIRECTION ( 'NONE',  ( 1.700709290173340656E-16, 0.000000000000000000, -1.000000000000000000 ) ) ;
#7431 = AXIS2_PLACEMENT_3D ( 'NONE', #498, #7777, #549 ) ;
#7432 = ORIENTED_EDGE ( 'NONE', *, *, #2987, .F. ) ;
#7433 = LINE ( 'NONE', #7085, #2347 ) ;
#7434 = AXIS2_PLACEMENT_3D ( 'NONE', #1530, #1447, #6376 ) ;
#7435 = ORIENTED_EDGE ( 'NONE', *, *, #1117, .T. ) ;
#7436 = DIRECTION ( 'NONE',  ( -1.445602896647346016E-15, 0.000000000000000000, 1.000000000000000000 ) ) ;
#7437 = EDGE_LOOP ( 'NONE', ( #1689, #7460, #782, #3219 ) ) ;
#7438 = CARTESIAN_POINT ( 'NONE',  ( 1.149999999999999911, 0.2000000000000000111, -1.324999999999999956 ) ) ;
#7439 = FACE_OUTER_BOUND ( 'NONE', #7362, .T. ) ;
#7440 = EDGE_CURVE ( 'NONE', #3185, #3004, #2633, .T. ) ;
#7441 = CARTESIAN_POINT ( 'NONE',  ( -1.399999999999999911, 0.1999999999999999833, 0.6750000000000004885 ) ) ;
#7442 = ORIENTED_EDGE ( 'NONE', *, *, #1657, .T. ) ;
#7443 = DIRECTION ( 'NONE',  ( -0.000000000000000000, -1.000000000000000000, -0.000000000000000000 ) ) ;
#7444 = AXIS2_PLACEMENT_3D ( 'NONE', #2492, #6623, #451 ) ;
#7445 = ORIENTED_EDGE ( 'NONE', *, *, #5859, .F. ) ;
#7446 = CARTESIAN_POINT ( 'NONE',  ( 1.150000000000000355, 0.1999999999999999833, -0.1249999999999998890 ) ) ;
#7447 = CARTESIAN_POINT ( 'NONE',  ( -1.100000000000000089, 0.2000000000000000111, -1.324999999999999512 ) ) ;
#7448 = VERTEX_POINT ( 'NONE', #2688 ) ;
#7449 = CARTESIAN_POINT ( 'NONE',  ( 1.499999999999999556, 5.442640687119285836, -1.500000000000000222 ) ) ;
#7450 = VECTOR ( 'NONE', #5856, 1000.000000000000000 ) ;
#7451 = PLANE ( 'NONE',  #1451 ) ;
#7452 = EDGE_CURVE ( 'NONE', #7542, #70, #277, .T. ) ;
#7453 = LINE ( 'NONE', #5658, #4946 ) ;
#7454 = ORIENTED_EDGE ( 'NONE', *, *, #6797, .T. ) ;
#7456 = DIRECTION ( 'NONE',  ( 0.000000000000000000, -1.000000000000000000, 0.000000000000000000 ) ) ;
#7455 =( GEOMETRIC_REPRESENTATION_CONTEXT ( 3 ) GLOBAL_UNCERTAINTY_ASSIGNED_CONTEXT ( ( #3859 ) ) GLOBAL_UNIT_ASSIGNED_CONTEXT ( ( #2367, #3514, #4270 ) ) REPRESENTATION_CONTEXT ( 'NONE', 'WORKASPACE' ) );
#7457 = VECTOR ( 'NONE', #1014, 1000.000000000000000 ) ;
#7458 = DIRECTION ( 'NONE',  ( -0.000000000000000000, -1.000000000000000000, -0.000000000000000000 ) ) ;
#7459 = CARTESIAN_POINT ( 'NONE',  ( 0.6999999999999996225, 3.109037641557771181, 1.274999999999999689 ) ) ;
#7460 = ORIENTED_EDGE ( 'NONE', *, *, #7237, .T. ) ;
#7461 = ADVANCED_FACE ( 'NONE', ( #5300 ), #3280, .T. ) ;
#7462 = DIRECTION ( 'NONE',  ( 0.000000000000000000, 0.000000000000000000, 1.000000000000000000 ) ) ;
#7463 = DIRECTION ( 'NONE',  ( 0.000000000000000000, 0.000000000000000000, -1.000000000000000000 ) ) ;
#7464 = LINE ( 'NONE', #2707, #7617 ) ;
#7465 = EDGE_CURVE ( 'NONE', #3172, #2455, #290, .T. ) ;
#7466 = ORIENTED_EDGE ( 'NONE', *, *, #6572, .F. ) ;
#7467 = DIRECTION ( 'NONE',  ( 0.000000000000000000, 0.000000000000000000, 1.000000000000000000 ) ) ;
#7468 = FACE_OUTER_BOUND ( 'NONE', #2323, .T. ) ;
#7469 = CARTESIAN_POINT ( 'NONE',  ( -1.149999999999999911, 0.000000000000000000, 1.175000000000000044 ) ) ;
#7470 = PRESENTATION_LAYER_ASSIGNMENT (  '', '', ( #3496 ) ) ;
#7471 = VERTEX_POINT ( 'NONE', #7446 ) ;
#7472 = DIRECTION ( 'NONE',  ( 0.000000000000000000, -1.000000000000000000, 0.000000000000000000 ) ) ;
#7473 = CARTESIAN_POINT ( 'NONE',  ( 1.350000000000000311, 0.2000000000000000111, -0.6749999999999998224 ) ) ;
#7474 = FACE_OUTER_BOUND ( 'NONE', #6423, .T. ) ;
#7475 = ADVANCED_FACE ( 'NONE', ( #41 ), #51, .T. ) ;
#7476 = DIRECTION ( 'NONE',  ( 0.000000000000000000, -1.000000000000000000, 0.000000000000000000 ) ) ;
#7477 = CIRCLE ( 'NONE', #2462, 0.1250000000000003331 ) ;
#7478 = EDGE_LOOP ( 'NONE', ( #4512, #5443, #5709, #5828 ) ) ;
#7479 = CARTESIAN_POINT ( 'NONE',  ( -1.149999999999999911, 0.1999999999999999833, 0.1750000000000000167 ) ) ;
#7480 = FACE_OUTER_BOUND ( 'NONE', #4336, .T. ) ;
#7481 = EDGE_CURVE ( 'NONE', #7105, #3991, #2709, .T. ) ;
#7482 = EDGE_LOOP ( 'NONE', ( #5896, #4792, #7585, #2118 ) ) ;
#7483 = AXIS2_PLACEMENT_3D ( 'NONE', #5777, #1094, #4736 ) ;
#7484 = DIRECTION ( 'NONE',  ( 1.000000000000000000, 0.000000000000000000, -0.000000000000000000 ) ) ;
#7485 = LINE ( 'NONE', #2221, #7347 ) ;
#7486 = CARTESIAN_POINT ( 'NONE',  ( 1.350000000000000089, 0.000000000000000000, -1.124999999999999778 ) ) ;
#7487 = CARTESIAN_POINT ( 'NONE',  ( 1.400000000000000355, 0.5905124837953331651, 1.324999999999999734 ) ) ;
#7488 = FACE_OUTER_BOUND ( 'NONE', #556, .T. ) ;
#7489 = ORIENTED_EDGE ( 'NONE', *, *, #2113, .T. ) ;
#7490 = DIRECTION ( 'NONE',  ( 0.000000000000000000, -1.000000000000000000, 0.000000000000000000 ) ) ;
#7491 = VECTOR ( 'NONE', #820, 1000.000000000000000 ) ;
#7492 = VERTEX_POINT ( 'NONE', #2745 ) ;
#7493 = EDGE_CURVE ( 'NONE', #5408, #577, #114, .T. ) ;
#7494 = DIRECTION ( 'NONE',  ( -1.000000000000000000, 0.000000000000000000, 1.445602896647343847E-15 ) ) ;
#7495 = VECTOR ( 'NONE', #6923, 1000.000000000000000 ) ;
#7496 = CARTESIAN_POINT ( 'NONE',  ( -1.150000000000000355, 0.1999999999999999833, 0.3750000000000001110 ) ) ;
#7497 = EDGE_CURVE ( 'NONE', #3265, #1294, #5328, .T. ) ;
#7498 = LINE ( 'NONE', #1357, #7566 ) ;
#7499 = EDGE_CURVE ( 'NONE', #4538, #1817, #5562, .T. ) ;
#7500 = EDGE_LOOP ( 'NONE', ( #4313, #1737, #5516, #4453 ) ) ;
#7501 = CARTESIAN_POINT ( 'NONE',  ( -1.100000000000000089, 0.2000000000000000111, -0.1750000000000002387 ) ) ;
#7502 = DIRECTION ( 'NONE',  ( 0.000000000000000000, 0.000000000000000000, 1.000000000000000000 ) ) ;
#7503 = CARTESIAN_POINT ( 'NONE',  ( -1.349999999999999645, 0.1999999999999999833, 0.6250000000000001110 ) ) ;
#7504 = EDGE_LOOP ( 'NONE', ( #2692, #3592, #4204, #2631 ) ) ;
#7505 = CARTESIAN_POINT ( 'NONE',  ( -1.150000000000000355, 0.2000000000000000111, 1.125000000000000222 ) ) ;
#7506 = EDGE_CURVE ( 'NONE', #315, #5145, #398, .T. ) ;
#7507 = FILL_AREA_STYLE ('',( #5285 ) ) ;
#7508 =( NAMED_UNIT ( * ) SI_UNIT ( $, .STERADIAN. ) SOLID_ANGLE_UNIT ( ) );
#7509 = SURFACE_STYLE_FILL_AREA ( #1631 ) ;
#7510 = ORIENTED_EDGE ( 'NONE', *, *, #3670, .F. ) ;
#7511 = DIRECTION ( 'NONE',  ( 0.000000000000000000, 0.000000000000000000, -1.000000000000000000 ) ) ;
#7512 = CYLINDRICAL_SURFACE ( 'NONE', #5500, 0.04999999999999991257 ) ;
#7513 = EDGE_CURVE ( 'NONE', #7034, #5546, #467, .T. ) ;
#7514 = CARTESIAN_POINT ( 'NONE',  ( -1.150000000000000355, 0.2000000000000000111, -0.3749999999999998890 ) ) ;
#7515 = ORIENTED_EDGE ( 'NONE', *, *, #3640, .T. ) ;
#7517 = ADVANCED_FACE ( 'NONE', ( #314 ), #5498, .T. ) ;
#7516 = AXIS2_PLACEMENT_3D ( 'NONE', #4425, #6720, #3297 ) ;
#7518 = AXIS2_PLACEMENT_3D ( 'NONE', #4273, #1339, #5492 ) ;
#7519 = CARTESIAN_POINT ( 'NONE',  ( -1.400000000000000133, 0.2000000000000000111, -1.175000000000000266 ) ) ;
#7520 = ADVANCED_FACE ( 'NONE', ( #2937 ), #4018, .T. ) ;
#7521 = LINE ( 'NONE', #7447, #7643 ) ;
#7522 = ORIENTED_EDGE ( 'NONE', *, *, #598, .T. ) ;
#7523 = CARTESIAN_POINT ( 'NONE',  ( 1.350000000000000311, 0.5905124837953331651, -0.6749999999999998224 ) ) ;
#7524 = EDGE_CURVE ( 'NONE', #6330, #70, #5618, .T. ) ;
#7525 = EDGE_LOOP ( 'NONE', ( #6276, #6724, #3985, #6642 ) ) ;
#7526 =( LENGTH_UNIT ( ) NAMED_UNIT ( * ) SI_UNIT ( .MILLI., .METRE. ) );
#7527 = AXIS2_PLACEMENT_3D ( 'NONE', #7580, #4159, #4793 ) ;
#7528 = ADVANCED_FACE ( 'NONE', ( #3034 ), #327, .T. ) ;
#7529 = CARTESIAN_POINT ( 'NONE',  ( -1.400000000000001910, 0.05000000000000000278, 0.9999999999999978906 ) ) ;
#7530 = FACE_OUTER_BOUND ( 'NONE', #744, .T. ) ;
#7531 = ORIENTED_EDGE ( 'NONE', *, *, #2540, .T. ) ;
#7532 = CARTESIAN_POINT ( 'NONE',  ( 1.100000000000000089, 0.2000000000000000111, 0.3249999999999997891 ) ) ;
#7533 = CYLINDRICAL_SURFACE ( 'NONE', #132, 0.04999999999999991257 ) ;
#7534 = MANIFOLD_SOLID_BREP ( 'LPattern2[1]', #6242 ) ;
#7535 = ORIENTED_EDGE ( 'NONE', *, *, #5656, .T. ) ;
#7536 = EDGE_CURVE ( 'NONE', #7067, #5215, #511, .T. ) ;
#7537 = DIRECTION ( 'NONE',  ( -0.000000000000000000, -1.000000000000000000, -0.000000000000000000 ) ) ;
#7538 = DIRECTION ( 'NONE',  ( 0.000000000000000000, 0.000000000000000000, -1.000000000000000000 ) ) ;
#7539 = AXIS2_PLACEMENT_3D ( 'NONE', #902, #2718, #7511 ) ;
#7540 = DIRECTION ( 'NONE',  ( 0.000000000000000000, -1.000000000000000000, 0.000000000000000000 ) ) ;
#7541 = FACE_OUTER_BOUND ( 'NONE', #4915, .T. ) ;
#7542 = VERTEX_POINT ( 'NONE', #4841 ) ;
#7543 = DIRECTION ( 'NONE',  ( 1.000000000000000000, 0.000000000000000000, 0.000000000000000000 ) ) ;
#7544 = FACE_OUTER_BOUND ( 'NONE', #1284, .T. ) ;
#7545 = ORIENTED_EDGE ( 'NONE', *, *, #5316, .F. ) ;
#7546 = CARTESIAN_POINT ( 'NONE',  ( -1.150000000000000355, 0.2000000000000000111, 0.8750000000000001110 ) ) ;
#7547 = ORIENTED_EDGE ( 'NONE', *, *, #5521, .T. ) ;
#7548 = DIRECTION ( 'NONE',  ( 0.000000000000000000, -1.000000000000000000, 0.000000000000000000 ) ) ;
#7549 = EDGE_CURVE ( 'NONE', #6488, #5788, #458, .T. ) ;
#7550 = CYLINDRICAL_SURFACE ( 'NONE', #3862, 0.04999999999999991257 ) ;
#7551 = DIRECTION ( 'NONE',  ( 0.000000000000000000, 1.000000000000000000, 0.000000000000000000 ) ) ;
#7552 = AXIS2_PLACEMENT_3D ( 'NONE', #5792, #1699, #4067 ) ;
#7553 = DIRECTION ( 'NONE',  ( 0.000000000000000000, 0.000000000000000000, 1.000000000000000000 ) ) ;
#7554 = DIRECTION ( 'NONE',  ( 0.000000000000000000, 1.000000000000000000, 0.000000000000000000 ) ) ;
#7555 = ORIENTED_EDGE ( 'NONE', *, *, #591, .T. ) ;
#7556 = DIRECTION ( 'NONE',  ( 0.000000000000000000, -1.000000000000000000, 0.000000000000000000 ) ) ;
#7557 = LINE ( 'NONE', #2352, #5105 ) ;
#7558 = ORIENTED_EDGE ( 'NONE', *, *, #6507, .T. ) ;
#7559 = DIRECTION ( 'NONE',  ( 0.000000000000000000, 0.000000000000000000, -1.000000000000000000 ) ) ;
#7560 = CARTESIAN_POINT ( 'NONE',  ( 1.100000000000000089, 0.2000000000000000111, 1.175000000000000488 ) ) ;
#7561 = ORIENTED_EDGE ( 'NONE', *, *, #7270, .F. ) ;
#7562 = CARTESIAN_POINT ( 'NONE',  ( -0.7000000000000001776, 0.2000000000000000944, 1.274999999999999689 ) ) ;
#7563 = LINE ( 'NONE', #5206, #2499 ) ;
#7564 = EDGE_CURVE ( 'NONE', #5528, #3535, #3015, .T. ) ;
#7565 = CARTESIAN_POINT ( 'NONE',  ( -1.100000000000000089, 0.2000000000000000111, 0.1750000000000004607 ) ) ;
#7566 = VECTOR ( 'NONE', #6266, 1000.000000000000000 ) ;
#7567 = AXIS2_PLACEMENT_3D ( 'NONE', #7388, #6150, #1443 ) ;
#7568 = ORIENTED_EDGE ( 'NONE', *, *, #610, .T. ) ;
#7569 = PLANE ( 'NONE',  #6846 ) ;
#7570 = VECTOR ( 'NONE', #6716, 1000.000000000000000 ) ;
#7571 = ORIENTED_EDGE ( 'NONE', *, *, #7217, .F. ) ;
#7572 = ORIENTED_EDGE ( 'NONE', *, *, #5974, .F. ) ;
#7573 = ADVANCED_FACE ( 'NONE', ( #384 ), #4738, .F. ) ;
#7574 = VECTOR ( 'NONE', #4004, 1000.000000000000000 ) ;
#7575 = CARTESIAN_POINT ( 'NONE',  ( -1.349999999999999645, 0.2000000000000000111, 0.1250000000000001110 ) ) ;
#7576 = ADVANCED_FACE ( 'NONE', ( #5710 ), #1853, .F. ) ;
#7577 = CARTESIAN_POINT ( 'NONE',  ( 1.400000000000000355, 0.04999999999999999584, 1.324999999999999734 ) ) ;
#7578 = ORIENTED_EDGE ( 'NONE', *, *, #1799, .F. ) ;
#7579 = DIRECTION ( 'NONE',  ( -0.000000000000000000, -1.000000000000000000, 0.000000000000000000 ) ) ;
#7580 = CARTESIAN_POINT ( 'NONE',  ( 1.149999999999999911, 0.000000000000000000, -0.3250000000000000111 ) ) ;
#7581 = EDGE_CURVE ( 'NONE', #7204, #7147, #3074, .T. ) ;
#7582 = LINE ( 'NONE', #2209, #2454 ) ;
#7583 = ORIENTED_EDGE ( 'NONE', *, *, #7679, .T. ) ;
#7584 = CARTESIAN_POINT ( 'NONE',  ( 1.150000000000000355, 0.2000000000000000111, 0.3750000000000001110 ) ) ;
#7585 = ORIENTED_EDGE ( 'NONE', *, *, #5431, .T. ) ;
#7586 = DIRECTION ( 'NONE',  ( 0.000000000000000000, 1.000000000000000000, 0.000000000000000000 ) ) ;
#7587 = EDGE_CURVE ( 'NONE', #2011, #1457, #2963, .T. ) ;
#7588 = CARTESIAN_POINT ( 'NONE',  ( -1.350000000000000311, 0.2000000000000000111, -0.1749999999999998224 ) ) ;
#7589 = CYLINDRICAL_SURFACE ( 'NONE', #7518, 0.04999999999999991257 ) ;
#7590 = ADVANCED_FACE ( 'NONE', ( #5574 ), #5835, .F. ) ;
#7591 = EDGE_CURVE ( 'NONE', #2228, #356, #5631, .T. ) ;
#7592 = LINE ( 'NONE', #6962, #5075 ) ;
#7593 = VERTEX_POINT ( 'NONE', #2407 ) ;
#7594 = DIRECTION ( 'NONE',  ( 0.000000000000000000, 1.000000000000000000, 0.000000000000000000 ) ) ;
#7595 = VECTOR ( 'NONE', #2849, 1000.000000000000000 ) ;
#7596 = VERTEX_POINT ( 'NONE', #1038 ) ;
#7597 = DIRECTION ( 'NONE',  ( 0.000000000000000000, 1.000000000000000000, 0.000000000000000000 ) ) ;
#7598 = DIRECTION ( 'NONE',  ( -0.000000000000000000, -1.000000000000000000, 0.000000000000000000 ) ) ;
#7599 = ORIENTED_EDGE ( 'NONE', *, *, #2926, .T. ) ;
#7600 = DIRECTION ( 'NONE',  ( -0.000000000000000000, -1.000000000000000000, -0.000000000000000000 ) ) ;
#7601 = EDGE_CURVE ( 'NONE', #3710, #1901, #5538, .T. ) ;
#7602 = LINE ( 'NONE', #2101, #7574 ) ;
#7603 = EDGE_CURVE ( 'NONE', #3197, #3498, #3064, .T. ) ;
#7604 = DIRECTION ( 'NONE',  ( 0.000000000000000000, 1.000000000000000000, 0.000000000000000000 ) ) ;
#7605 = DIRECTION ( 'NONE',  ( -0.000000000000000000, -1.000000000000000000, 0.000000000000000000 ) ) ;
#7606 = CIRCLE ( 'NONE', #7527, 0.04999999999999991257 ) ;
#7607 = AXIS2_PLACEMENT_3D ( 'NONE', #5280, #2320, #1500 ) ;
#7608 = ORIENTED_EDGE ( 'NONE', *, *, #174, .F. ) ;
#7609 = DIRECTION ( 'NONE',  ( 0.000000000000000000, 0.000000000000000000, 1.000000000000000000 ) ) ;
#7610 = VERTEX_POINT ( 'NONE', #622 ) ;
#7611 = CARTESIAN_POINT ( 'NONE',  ( -1.149999999999999911, 0.04999999999999999584, -0.6749999999999998224 ) ) ;
#7612 = ORIENTED_EDGE ( 'NONE', *, *, #7587, .T. ) ;
#7613 = DIRECTION ( 'NONE',  ( -1.000000000000000000, 0.000000000000000000, 0.000000000000000000 ) ) ;
#7614 = LINE ( 'NONE', #4140, #5045 ) ;
#7615 = PLANE ( 'NONE',  #2170 ) ;
#7616 = EDGE_CURVE ( 'NONE', #120, #5591, #5548, .T. ) ;
#7617 = VECTOR ( 'NONE', #3613, 1000.000000000000000 ) ;
#7618 = ORIENTED_EDGE ( 'NONE', *, *, #1421, .F. ) ;
#7619 = CARTESIAN_POINT ( 'NONE',  ( -1.350000000000000089, 0.5905124837953331651, 0.8750000000000001110 ) ) ;
#7620 = AXIS2_PLACEMENT_3D ( 'NONE', #2326, #1940, #6517 ) ;
#7621 = LINE ( 'NONE', #5469, #178 ) ;
#7622 = EDGE_LOOP ( 'NONE', ( #7681, #6146, #2578, #1134 ) ) ;
#7623 = ORIENTED_EDGE ( 'NONE', *, *, #7549, .F. ) ;
#7624 = CARTESIAN_POINT ( 'NONE',  ( -1.149999999999999911, 0.1999999999999999833, -1.324999999999999956 ) ) ;
#7625 = CIRCLE ( 'NONE', #2336, 0.04999999999999991257 ) ;
#7626 = CARTESIAN_POINT ( 'NONE',  ( -1.350000000000000311, 0.000000000000000000, 0.8250000000000001776 ) ) ;
#7627 = EDGE_CURVE ( 'NONE', #6970, #232, #5596, .T. ) ;
#7628 = ORIENTED_EDGE ( 'NONE', *, *, #6375, .F. ) ;
#7629 = SURFACE_SIDE_STYLE ('',( #3097 ) ) ;
#7630 = DIRECTION ( 'NONE',  ( 0.000000000000000000, 1.000000000000000000, 0.000000000000000000 ) ) ;
#7631 = CIRCLE ( 'NONE', #3815, 0.05000000000000002359 ) ;
#7632 = ORIENTED_EDGE ( 'NONE', *, *, #842, .F. ) ;
#7633 = DIRECTION ( 'NONE',  ( 0.000000000000000000, 0.000000000000000000, 1.000000000000000000 ) ) ;
#7634 = AXIS2_PLACEMENT_3D ( 'NONE', #242, #3138, #6774 ) ;
#7635 = EDGE_LOOP ( 'NONE', ( #2043, #3463, #7122, #2204 ) ) ;
#7636 = ADVANCED_FACE ( 'NONE', ( #431 ), #5217, .F. ) ;
#7637 = DIRECTION ( 'NONE',  ( 0.000000000000000000, 0.000000000000000000, 1.000000000000000000 ) ) ;
#7638 = DIRECTION ( 'NONE',  ( 0.000000000000000000, 0.000000000000000000, 1.000000000000000000 ) ) ;
#7639 = LINE ( 'NONE', #6582, #234 ) ;
#7640 = CARTESIAN_POINT ( 'NONE',  ( -1.100000000000000089, 0.04999999999999999584, 0.3249999999999997891 ) ) ;
#7641 = ADVANCED_FACE ( 'NONE', ( #5640 ), #5526, .F. ) ;
#7642 = CARTESIAN_POINT ( 'NONE',  ( -1.400000000000000133, 0.000000000000000000, -0.6750000000000002665 ) ) ;
#7643 = VECTOR ( 'NONE', #3876, 1000.000000000000000 ) ;
#7644 = ORIENTED_EDGE ( 'NONE', *, *, #7344, .F. ) ;
#7645 = DIRECTION ( 'NONE',  ( -0.000000000000000000, 0.000000000000000000, 1.000000000000000000 ) ) ;
#7646 = EDGE_CURVE ( 'NONE', #7421, #6620, #3130, .T. ) ;
#7647 = ORIENTED_EDGE ( 'NONE', *, *, #3065, .F. ) ;
#7648 = ORIENTED_EDGE ( 'NONE', *, *, #1855, .F. ) ;
#7649 = ADVANCED_FACE ( 'NONE', ( #5670 ), #4932, .T. ) ;
#7650 = AXIS2_PLACEMENT_3D ( 'NONE', #566, #3009, #3610 ) ;
#7651 = CIRCLE ( 'NONE', #1410, 0.04999999999999991257 ) ;
#7652 = ADVANCED_FACE ( 'NONE', ( #2920 ), #5512, .F. ) ;
#7653 = CARTESIAN_POINT ( 'NONE',  ( 1.350000000000000089, 0.2000000000000000111, -0.1249999999999996808 ) ) ;
#7654 = DIRECTION ( 'NONE',  ( 0.000000000000000000, -0.000000000000000000, 1.000000000000000000 ) ) ;
#7655 = CIRCLE ( 'NONE', #3480, 0.04999999999999991257 ) ;
#7656 = VERTEX_POINT ( 'NONE', #2508 ) ;
#7657 = CARTESIAN_POINT ( 'NONE',  ( 1.150000000000000355, 0.1999999999999999833, 0.3750000000000001110 ) ) ;
#7658 = VERTEX_POINT ( 'NONE', #6773 ) ;
#7659 = CARTESIAN_POINT ( 'NONE',  ( -1.400000000000000133, 0.5905124837953331651, 0.3249999999999997891 ) ) ;
#7660 = CARTESIAN_POINT ( 'NONE',  ( 1.400000000000000355, 0.000000000000000000, 1.324999999999999734 ) ) ;
#7661 = EDGE_CURVE ( 'NONE', #3162, #3145, #361, .T. ) ;
#7662 = ORIENTED_EDGE ( 'NONE', *, *, #4900, .F. ) ;
#7663 = AXIS2_PLACEMENT_3D ( 'NONE', #4053, #4673, #5824 ) ;
#7664 = DIRECTION ( 'NONE',  ( 0.000000000000000000, 1.000000000000000000, 0.000000000000000000 ) ) ;
#7665 = FACE_OUTER_BOUND ( 'NONE', #1096, .T. ) ;
#7666 = DIRECTION ( 'NONE',  ( -0.000000000000000000, -1.000000000000000000, -0.000000000000000000 ) ) ;
#7667 = DIRECTION ( 'NONE',  ( 0.000000000000000000, 1.000000000000000000, 0.000000000000000000 ) ) ;
#7668 = CARTESIAN_POINT ( 'NONE',  ( -1.350000000000000089, 0.2000000000000000111, 1.175000000000000044 ) ) ;
#7669 = ORIENTED_EDGE ( 'NONE', *, *, #5087, .F. ) ;
#7670 = DIRECTION ( 'NONE',  ( -0.000000000000000000, -1.000000000000000000, -0.000000000000000000 ) ) ;
#7671 = FACE_OUTER_BOUND ( 'NONE', #4473, .T. ) ;
#7672 = DIRECTION ( 'NONE',  ( 1.445602896647346214E-15, -0.000000000000000000, -1.000000000000000000 ) ) ;
#7673 = ORIENTED_EDGE ( 'NONE', *, *, #2128, .T. ) ;
#7674 = ORIENTED_EDGE ( 'NONE', *, *, #2886, .T. ) ;
#7675 = CARTESIAN_POINT ( 'NONE',  ( 1.100000000000000089, 0.1999999999999999833, 0.3249999999999997891 ) ) ;
#7676 = FACE_OUTER_BOUND ( 'NONE', #1511, .T. ) ;
#7677 = EDGE_CURVE ( 'NONE', #2207, #6000, #5853, .T. ) ;
#7678 = CARTESIAN_POINT ( 'NONE',  ( 1.350000000000000089, 0.5905124837953331651, 1.175000000000000044 ) ) ;
#7679 = EDGE_CURVE ( 'NONE', #4936, #7593, #5956, .T. ) ;
#7680 = VECTOR ( 'NONE', #4428, 1000.000000000000000 ) ;
#7681 = ORIENTED_EDGE ( 'NONE', *, *, #4456, .F. ) ;
#7682 = DIRECTION ( 'NONE',  ( 1.000000000000000000, -0.000000000000000000, 0.000000000000000000 ) ) ;
#7683 = DIRECTION ( 'NONE',  ( 0.000000000000000000, 0.000000000000000000, 1.000000000000000000 ) ) ;
#7684 = CIRCLE ( 'NONE', #6628, 0.04999999999999991257 ) ;
#7685 = EDGE_CURVE ( 'NONE', #5795, #6622, #555, .T. ) ;
#7686 = ORIENTED_EDGE ( 'NONE', *, *, #516, .F. ) ;
#7687 = DIRECTION ( 'NONE',  ( 0.000000000000000000, 0.000000000000000000, 1.000000000000000000 ) ) ;
#7688 = PLANE ( 'NONE',  #2583 ) ;
#7689 = PRODUCT_DEFINITION_SHAPE ( 'NONE', 'NONE',  #5327 ) ;
#7690 = VERTEX_POINT ( 'NONE', #5525 ) ;
#7691 = UNCERTAINTY_MEASURE_WITH_UNIT (LENGTH_MEASURE( 1.000000000000000082E-05 ), #4238, 'distance_accuracy_value', 'NONE');
#7692 = AXIS2_PLACEMENT_3D ( 'NONE', #2024, #4315, #5092 ) ;
#7693 = DIRECTION ( 'NONE',  ( 1.000000000000000000, 0.000000000000000000, 0.000000000000000000 ) ) ;
#7694 = AXIS2_PLACEMENT_3D ( 'NONE', #7084, #5893, #5366 ) ;
#7695 = PLANE ( 'NONE',  #636 ) ;
#7696 = VECTOR ( 'NONE', #2199, 1000.000000000000000 ) ;
#7697 = CARTESIAN_POINT ( 'NONE',  ( -1.400000000000000133, 0.5905124837953331651, -0.1750000000000002387 ) ) ;
#7698 = DIRECTION ( 'NONE',  ( 0.000000000000000000, -1.000000000000000000, 0.000000000000000000 ) ) ;
#7699 = VECTOR ( 'NONE', #4162, 1000.000000000000000 ) ;
#7700 = ORIENTED_EDGE ( 'NONE', *, *, #6831, .T. ) ;
#7701 = DIRECTION ( 'NONE',  ( 1.000000000000000000, 0.000000000000000000, 0.000000000000000000 ) ) ;
#7702 = VECTOR ( 'NONE', #4417, 1000.000000000000000 ) ;
#7703 = ORIENTED_EDGE ( 'NONE', *, *, #5002, .T. ) ;
#7704 = EDGE_CURVE ( 'NONE', #2765, #5810, #3160, .T. ) ;
#7705 = EDGE_LOOP ( 'NONE', ( #2885, #215 ) ) ;
#7706 = ADVANCED_FACE ( 'NONE', ( #773 ), #3137, .T. ) ;
#7707 = DIRECTION ( 'NONE',  ( -0.000000000000000000, -1.000000000000000000, -0.000000000000000000 ) ) ;
#7708 = AXIS2_PLACEMENT_3D ( 'NONE', #5923, #4038, #2327 ) ;
#7709 = LINE ( 'NONE', #5543, #2551 ) ;
#7710 = DIRECTION ( 'NONE',  ( 0.000000000000000000, 0.000000000000000000, -1.000000000000000000 ) ) ;
#7711 = ADVANCED_FACE ( 'NONE', ( #5746 ), #3199, .T. ) ;
#7712 = CARTESIAN_POINT ( 'NONE',  ( 1.150000000000000355, 0.000000000000000000, 0.6250000000000001110 ) ) ;
#7713 = FACE_OUTER_BOUND ( 'NONE', #1024, .T. ) ;
#7714 = VERTEX_POINT ( 'NONE', #5573 ) ;
#7715 = DIRECTION ( 'NONE',  ( 0.000000000000000000, 1.000000000000000000, 0.000000000000000000 ) ) ;
#7716 = CIRCLE ( 'NONE', #2868, 0.04999999999999991257 ) ;
#7717 = ORIENTED_EDGE ( 'NONE', *, *, #4028, .F. ) ;
#7718 =( LENGTH_UNIT ( ) NAMED_UNIT ( * ) SI_UNIT ( .MILLI., .METRE. ) );
#7719 = CARTESIAN_POINT ( 'NONE',  ( 1.100000000000000089, 0.1999999999999999833, 1.324999999999999734 ) ) ;
#7720 = DIRECTION ( 'NONE',  ( 1.301042606982602008E-14, 0.000000000000000000, 1.000000000000000000 ) ) ;
#7721 = EDGE_LOOP ( 'NONE', ( #528, #3688, #2995, #696 ) ) ;
#7722 = EDGE_CURVE ( 'NONE', #2972, #3869, #5787, .T. ) ;
#7723 = CARTESIAN_POINT ( 'NONE',  ( 1.349999999999999645, 0.1999999999999999833, -0.3749999999999998890 ) ) ;
#7724 = ADVANCED_FACE ( 'NONE', ( #5871 ), #2562, .T. ) ;
#7725 = AXIS2_PLACEMENT_3D ( 'NONE', #4230, #5860, #1341 ) ;
#7726 = CARTESIAN_POINT ( 'NONE',  ( 1.149999999999999911, 0.04999999999999999584, -0.3250000000000000111 ) ) ;
#7727 = CARTESIAN_POINT ( 'NONE',  ( 0.000000000000000000, 0.05000000000000000278, 1.125000000000000222 ) ) ;
#7728 = VECTOR ( 'NONE', #6643, 1000.000000000000000 ) ;
#7729 = VERTEX_POINT ( 'NONE', #6524 ) ;
#7730 = CARTESIAN_POINT ( 'NONE',  ( -1.150000000000000355, 0.000000000000000000, 0.3750000000000001110 ) ) ;
#7731 = LINE ( 'NONE', #3324, #5063 ) ;
#7732 = VERTEX_POINT ( 'NONE', #1136 ) ;
#7733 = DIRECTION ( 'NONE',  ( 1.445602896647344044E-15, 0.000000000000000000, 1.000000000000000000 ) ) ;
#7734 = EDGE_LOOP ( 'NONE', ( #6681, #4101, #3370, #5942 ) ) ;
#7735 = DIRECTION ( 'NONE',  ( 0.000000000000000000, -1.000000000000000000, 0.000000000000000000 ) ) ;
#7736 = EDGE_CURVE ( 'NONE', #1239, #3719, #785, .T. ) ;
#7737 = LINE ( 'NONE', #2836, #7696 ) ;
#7739 = DIRECTION ( 'NONE',  ( -0.000000000000000000, -1.000000000000000000, -0.000000000000000000 ) ) ;
#7738 = PRESENTATION_LAYER_ASSIGNMENT (  '', '', ( #2572 ) ) ;
#7740 = PLANE ( 'NONE',  #3119 ) ;
#7741 = FACE_OUTER_BOUND ( 'NONE', #2721, .T. ) ;
#7742 = VERTEX_POINT ( 'NONE', #4771 ) ;
#7743 =( NAMED_UNIT ( * ) PLANE_ANGLE_UNIT ( ) SI_UNIT ( $, .RADIAN. ) );
#7744 = VECTOR ( 'NONE', #3008, 1000.000000000000000 ) ;
#7745 = VERTEX_POINT ( 'NONE', #1075 ) ;
#7746 = DIRECTION ( 'NONE',  ( 1.000000000000000000, 0.000000000000000000, -0.000000000000000000 ) ) ;
#7747 = ORIENTED_EDGE ( 'NONE', *, *, #4032, .T. ) ;
#7748 = DIRECTION ( 'NONE',  ( 0.000000000000000000, 0.000000000000000000, 1.000000000000000000 ) ) ;
#7749 = VECTOR ( 'NONE', #5821, 1000.000000000000000 ) ;
#7750 = EDGE_CURVE ( 'NONE', #6778, #5723, #3340, .T. ) ;
#7751 = CARTESIAN_POINT ( 'NONE',  ( -1.400000000000001910, 0.05000000000000000278, 2.499999999999997780 ) ) ;
#7752 = CARTESIAN_POINT ( 'NONE',  ( 1.150000000000000355, 0.5905124837953331651, -0.6249999999999998890 ) ) ;
#7753 = VECTOR ( 'NONE', #1324, 1000.000000000000000 ) ;
#7754 = AXIS2_PLACEMENT_3D ( 'NONE', #4042, #1554, #5242 ) ;
#7755 = ORIENTED_EDGE ( 'NONE', *, *, #4061, .F. ) ;
#7756 = CARTESIAN_POINT ( 'NONE',  ( 1.149999999999999911, 0.2000000000000000111, -0.6749999999999998224 ) ) ;
#7757 = PLANE ( 'NONE',  #320 ) ;
#7758 = FACE_OUTER_BOUND ( 'NONE', #1705, .T. ) ;
#7759 = ORIENTED_EDGE ( 'NONE', *, *, #4348, .F. ) ;
#7760 = PLANE ( 'NONE',  #6143 ) ;
#7761 = CARTESIAN_POINT ( 'NONE',  ( 1.149999999999999911, 0.04999999999999999584, -1.324999999999999956 ) ) ;
#7762 = ORIENTED_EDGE ( 'NONE', *, *, #3656, .F. ) ;
#7763 = CARTESIAN_POINT ( 'NONE',  ( -1.149999999999999911, 0.2000000000000000111, -1.324999999999999956 ) ) ;
#7764 = FACE_OUTER_BOUND ( 'NONE', #5440, .T. ) ;
#7765 = CARTESIAN_POINT ( 'NONE',  ( 1.350000000000000311, 0.2000000000000000111, -0.1749999999999998224 ) ) ;
#7766 = CARTESIAN_POINT ( 'NONE',  ( 1.350000000000000089, 0.04999999999999999584, -1.324999999999999956 ) ) ;
#7767 = CIRCLE ( 'NONE', #6758, 0.04999999999999991257 ) ;
#7768 = ORIENTED_EDGE ( 'NONE', *, *, #6870, .F. ) ;
#7769 = CARTESIAN_POINT ( 'NONE',  ( -1.350000000000000089, 0.2000000000000000111, 0.6750000000000000444 ) ) ;
#7770 = STYLED_ITEM ( 'NONE', ( #4870 ), #961 ) ;
#7771 = CIRCLE ( 'NONE', #2033, 0.04999999999999991257 ) ;
#7772 = ORIENTED_EDGE ( 'NONE', *, *, #4971, .T. ) ;
#7773 = SURFACE_STYLE_USAGE ( .BOTH. , #1012 ) ;
#7774 = EDGE_CURVE ( 'NONE', #1878, #7034, #3315, .T. ) ;
#7775 = ORIENTED_EDGE ( 'NONE', *, *, #2801, .T. ) ;
#7776 = CARTESIAN_POINT ( 'NONE',  ( -1.150000000000000355, 0.1999999999999999833, -1.375000000000000000 ) ) ;
#7777 = DIRECTION ( 'NONE',  ( 0.000000000000000000, 1.000000000000000000, 0.000000000000000000 ) ) ;
#7778 = DIRECTION ( 'NONE',  ( 2.602085213965215059E-14, 0.000000000000000000, 1.000000000000000000 ) ) ;
#7779 = CARTESIAN_POINT ( 'NONE',  ( 1.150000000000000355, 0.1999999999999999833, 0.6250000000000001110 ) ) ;
#7780 = VECTOR ( 'NONE', #38, 1000.000000000000000 ) ;
#7781 = ORIENTED_EDGE ( 'NONE', *, *, #6379, .T. ) ;
#7782 = CARTESIAN_POINT ( 'NONE',  ( -1.400000000000000133, 0.1999999999999999833, 0.8249999999999997335 ) ) ;
#7783 = EDGE_CURVE ( 'NONE', #6600, #2566, #5816, .T. ) ;
#7784 = ORIENTED_EDGE ( 'NONE', *, *, #2486, .T. ) ;
#7785 = CARTESIAN_POINT ( 'NONE',  ( -1.350000000000000089, 0.2000000000000000111, 0.6750000000000000444 ) ) ;
#7786 = EDGE_CURVE ( 'NONE', #3017, #5104, #5886, .T. ) ;
#7787 = DIRECTION ( 'NONE',  ( 0.000000000000000000, 1.000000000000000000, 0.000000000000000000 ) ) ;
#7788 = FACE_OUTER_BOUND ( 'NONE', #4050, .T. ) ;
#7789 = AXIS2_PLACEMENT_3D ( 'NONE', #5219, #6443, #115 ) ;
#7790 = ORIENTED_EDGE ( 'NONE', *, *, #5235, .T. ) ;
#7791 = PLANE ( 'NONE',  #1349 ) ;
#7792 = FACE_OUTER_BOUND ( 'NONE', #4466, .T. ) ;
#7793 = AXIS2_PLACEMENT_3D ( 'NONE', #3821, #3226, #280 ) ;
#7794 = DIRECTION ( 'NONE',  ( -0.000000000000000000, -1.000000000000000000, -0.000000000000000000 ) ) ;
#7795 = ORIENTED_EDGE ( 'NONE', *, *, #2191, .T. ) ;
#7796 = CARTESIAN_POINT ( 'NONE',  ( 1.499999999999999556, 5.442640687119285836, -1.500000000000000222 ) ) ;
#7797 = DIRECTION ( 'NONE',  ( 0.000000000000000000, -0.000000000000000000, -1.000000000000000000 ) ) ;
#7798 = FACE_OUTER_BOUND ( 'NONE', #2171, .T. ) ;
#7799 = DIRECTION ( 'NONE',  ( 0.000000000000000000, -1.000000000000000000, 0.000000000000000000 ) ) ;
#7800 = EDGE_CURVE ( 'NONE', #1803, #4060, #3247, .T. ) ;
#7801 = DIRECTION ( 'NONE',  ( 0.000000000000000000, -1.000000000000000000, 0.000000000000000000 ) ) ;
#7802 = VERTEX_POINT ( 'NONE', #446 ) ;
ENDSEC;
END-ISO-10303-21;
